data;hora;natureza_acidente;bairro;endereco;sentido_via;tipo;auto;moto;ciclista;pedestre;onibus;caminhao;viatura;outros;vitimas;vitimasfatais;tempo_clima;situacao_semaforo;sinalizacao;condicao_via;conservacao_via;ponto_controle;situacao_placa;velocidade_max_via;ano
10/01/2019;00:35:00;SEM VÍTIMA;ARRUDA;RUA PROFESSOR JERONIMO GUEIROS;CIDADE;ABALROAMENTO TRANSVERSAL;2;;;;;;;;0;;Bom;Sem defeito;Incompleta;Seca;Mal conservada;Não existe;Não há placas;;2019
10/01/2019;07:40:00;SEM VÍTIMA;ILHA DO LEITE;RUA DR JOAO ASFORA;CIDADE;ABALROAMENTO LONGITUDINAL;2;;;;;;;;0;;Bom;Não existe;Perfeito estado;Seca;Perfeito estado;Não existe;Não há placas;30 km/h;2019
10/01/2019;08:22:00;SEM VÍTIMA;JARDIM SÃO PAULO;RUA SENADOR ALBERTO PASQUALINI;SUBURBIO;ABALROAMENTO LONGITUDINAL;2;;;;;;;;0;;Bom;Não existe;Perfeito estado;Seca;Perfeito estado;Outros;Outras;;2019
10/01/2019;08:43:00;SEM VÍTIMA;GRAÇAS;RUA ALBERTO PAIVA;CIDADE;ABALROAMENTO LONGITUDINAL;2;;;;;;;;0;;Bom;Não existe;Perfeito estado;Seca;Perfeito estado;Não existe;R-6a;;2019
10/01/2019;09:07:00;SEM VÍTIMA;IMBIRIBEIRA;AV MARECHAL MASCARENHAS DE MORAES;AEROPORTO;COLISÃO;;2;;;;;;;0;;;;;;;;;;2019
10/01/2019;09:22:00;SEM VÍTIMA;BOA VISTA;RUA DA AURORA;CIDADE;ABALROAMENTO TRANSVERSAL;1;;;;1;;;;0;;Bom;Sem defeito;Perfeito estado;Seca;Perfeito estado;Faixa de pedestre;Não há placas;;2019
10/01/2019;09:24:00;SEM VÍTIMA;JAQUEIRA;AV RUI BARBOSA;;COLISÃO TRASEIRA;2;;;;;;;;0;;Bom;Sem defeito;Perfeito estado;Seca;Perfeito estado;Faixa de pedestre;;;2019
10/01/2019;10:11:00;SEM VÍTIMA;BOA VIAGEM;RUA AGENOR LOPES;;ABALROAMENTO LONGITUDINAL;2;;;;;;;;0;;Bom;Não existe;Perfeito estado;Seca;Perfeito estado;Outros;R-6a;;2019
10/01/2019;11:05:00;SEM VÍTIMA;PINA;RUA MANOEL DE BRITO;CIDADE;COLISÃO TRASEIRA;2;;;;;;;;0;;Bom;Sem defeito;Perfeito estado;Seca;Perfeito estado;Agente;Outras;;2019
10/01/2019;11:14:00;SEM VÍTIMA;SANTO AMARO;AV GOVERNADOR AGAMENON MAGALHAES;SUBURBIO;COLISÃO TRASEIRA;1;;;;1;;;;0;;Bom;Não existe;Perfeito estado;Seca;Perfeito estado;Não existe;Outras;60 km/h;2019
10/01/2019;11:22:00;SEM VÍTIMA;SANTO AMARO;AV CRUZ CABUGA;CIDADE;ABALROAMENTO LONGITUDINAL;1;;;;1;;;;0;;Bom;Sem defeito;Ilegível;Seca;Mal conservada;Não existe;Não há placas;;2019
10/01/2019;11:41:00;SEM VÍTIMA;CASA AMARELA;AV DR EURICO CHAVES;SUBURBIO;ABALROAMENTO LONGITUDINAL;1;;;;1;;;;0;;Bom;Não existe;;Seca;;;R-6a;;2019
10/01/2019;12:50:00;SEM VÍTIMA;ESPINHEIRO;RUA VIGARIO BARRETO;SUBURBIO;ABALROAMENTO LONGITUDINAL;1;1;;;;;;;0;;Bom;Não existe;Perfeito estado;Seca;Perfeito estado;Não existe;R-6a;;2019
10/01/2019;13:13:00;SEM VÍTIMA;TORRE;RUA REAL DA TORRE;CIDADE;ABALROAMENTO LONGITUDINAL;2;;;;;;;;0;;Bom;Não existe;Incompleta;Seca;Perfeito estado;Faixa de pedestre;Outras;;2019
10/01/2019;13:20:00;COM VÍTIMA;IMBIRIBEIRA;RUA DEAO FARIA;SUBURBIO;ABALROAMENTO LONGITUDINAL;1;1;;;;;;;1;;Bom;Sem defeito;Perfeito estado;Seca;Perfeito estado;Faixa de pedestre;R-6a;;2019
10/01/2019;13:28:00;SEM VÍTIMA;TORRE;RUA REAL DA TORRE;;COLISÃO;2;;;;;;;;0;;;;;;;;;;2019
10/01/2019;13:47:00;SEM VÍTIMA;CASA FORTE;AV DEZESSETE DE AGOSTO;CIDADE;COLISÃO TRASEIRA;2;;;;;;;;0;;Bom;Sem defeito;Perfeito estado;Seca;Perfeito estado;Faixa de retenção;R-6a;60 km/h;2019
10/01/2019;13:57:00;SEM VÍTIMA;IPUTINGA;AV CAXANGA;;COLISÃO;2;;;;;;;;0;;;;;;;;;;2019
10/01/2019;14:01:00;SEM VÍTIMA;SANTO AMARO;AV CRUZ CABUGA;CIDADE;ABALROAMENTO LONGITUDINAL;1;;;;1;;;;0;;Bom;Não existe;Perfeito estado;Seca;Perfeito estado;Não existe;Outras;60 km/h;2019
10/01/2019;14:55:00;SEM VÍTIMA;ESPINHEIRO;AV CONS ROSA E SILVA;SUBURBIO;ABALROAMENTO LONGITUDINAL;2;;;;;;;;0;;Bom;Não existe;Perfeito estado;Seca;Perfeito estado;Não existe;R-6c;;2019
10/01/2019;15:12:00;SEM VÍTIMA;TEJIPIÓ;RUA QUEIRA DEUS;;COLISÃO;1;;;;;1;;;0;;;;;;;;;;2019
10/01/2019;15:33:00;SEM VÍTIMA;SANTO ANTÔNIO;AV MARTINS DE BARROS;CIDADE;COLISÃO TRASEIRA;2;;;;;;;;0;;Bom;Sem defeito;Perfeito estado;Seca;Perfeito estado;Faixa de pedestre;Outras;;2019
10/01/2019;16:19:00;SEM VÍTIMA;SÃO JOSÉ;RUA IMPERIAL;;COLISÃO;2;;;;;;;;0;;;;;;;;;;2019
10/01/2019;16:24:00;SEM VÍTIMA;HIPÓDROMO;RUA MARQUES DE BAIPENDI;CIDADE;ABALROAMENTO TRANSVERSAL;2;;;;;;;;0;;Bom;Não existe;Perfeito estado;Seca;Perfeito estado;Não existe;Outras;;2019
10/01/2019;16:30:00;COM VÍTIMA;ESPINHEIRO;RUA QUARENTA E OITO;;ABALROAMENTO LONGITUDINAL;1;1;;;;;;;1;;Bom;Sem defeito;Perfeito estado;Seca;Perfeito estado;Faixa de pedestre;R-6a;;2019
10/01/2019;16:30:00;SEM VÍTIMA;BOA VISTA;AV GOVERNADOR AGAMENON MAGALHAES;OLINDA;COLISÃO;1;;;;1;;;;0;;;;;;;;;;2019
10/01/2019;16:34:00;SEM VÍTIMA;MADALENA;RUA JOSE BONIFACIO;CIDADE;ABALROAMENTO LONGITUDINAL;1;1;;;;;;;0;;Bom;Sem defeito;Perfeito estado;Seca;Perfeito estado;Outros;Outras;;2019
10/01/2019;16:44:00;SEM VÍTIMA;BOA VIAGEM;;;ABALROAMENTO LONGITUDINAL;2;;;;;;;;0;;Bom;Não existe;Perfeito estado;Seca;Perfeito estado;Não existe;Não há placas;;2019
10/01/2019;16:47:00;SEM VÍTIMA;BOA VIAGEM;AV ENGENHEIRO DOMINGOS FERREIRA;SUBURBIO;ABALROAMENTO LONGITUDINAL;1;;;;1;;;;0;;Bom;Não existe;Perfeito estado;Seca;Perfeito estado;Não existe;Outras;50 km/h;2019
10/01/2019;16:55:00;SEM VÍTIMA;ILHA DO RETIRO;EST DOS REMEDIOS;SUBURBIO;ABALROAMENTO TRANSVERSAL;2;;;;;;;;0;;Bom;Sem defeito;Perfeito estado;Seca;Perfeito estado;Não existe;Placas Pare;40 km/h;2019
10/01/2019;16:56:00;SEM VÍTIMA;IPSEP;AV RECIFE;;COLISÃO TRASEIRA;4;;;;;;;;0;;Bom;Não existe;Não existente;Seca;Perfeito estado;Não existe;Não há placas;;2019
10/01/2019;17:06:00;COM VÍTIMA;MADALENA;RUA BENFICA;CIDADE;ABALROAMENTO TRANSVERSAL;1;1;;;;;;;1;;Bom;Sem defeito;Perfeito estado;Seca;Perfeito estado;Faixa de pedestre;Outras;60 km/h;2019
10/01/2019;17:52:00;SEM VÍTIMA;ENCRUZILHADA;AV BEBERIBE;SUBURBIO;ABALROAMENTO LONGITUDINAL;1;;;;1;;;;0;;Bom;Sem defeito;Perfeito estado;Seca;Perfeito estado;Faixa de pedestre;R-6a;;2019
10/01/2019;18:14:00;SEM VÍTIMA;ARRUDA;RUA SAO BENTO;;COLISÃO;1;1;;;;;;;0;;;;;;;;;;2019
10/01/2019;19:13:00;SEM VÍTIMA;BOA VIAGEM;AV BOA VIAGEM;CIDADE;CHOQUE VEÍCULO PARADO;3;;;;;;;1;0;;Bom;Não existe;Perfeito estado;Seca;Perfeito estado;Não existe;Outras;;2019
10/01/2019;19:18:00;SEM VÍTIMA;;RUA BENFICA;CIDADE;COLISÃO TRASEIRA;2;;;;;;;;0;;Bom;Não existe;Perfeito estado;Seca;Perfeito estado;Faixa de pedestre;Não há placas;;2019
10/01/2019;19:31:00;;BOMBA DO HEMETÉRIO;;CIDADE;CHOQUE OBJETO FIXO;1;;;;;;;;;;Bom;Não existe;Perfeito estado;Seca;Perfeito estado;Faixa de pedestre;Não há placas;;2019
10/01/2019;20:50:00;SEM VÍTIMA;IMBIRIBEIRA;AV MARECHAL MASCARENHAS DE MORAES;CIDADE;ABALROAMENTO LONGITUDINAL;2;;;;;;;;0;;Chuvoso;Sem defeito;Perfeito estado;Molhada;Perfeito estado;Faixa de pedestre;Não há placas;;2019
10/01/2019;21:06:00;COM VÍTIMA;IPUTINGA;AV CAXANGA;SUBURBIO;COLISÃO TRASEIRA;1;1;;;;;;;1;;Chuvoso;Não existe;Perfeito estado;Molhada;Perfeito estado;Não existe;Não há placas;;2019
10/01/2019;21:30:00;SEM VÍTIMA;IMBIRIBEIRA;AV MARECHAL MASCARENHAS DE MORAES;CIDADE;COLISÃO;2;;;;;;;;0;;;;;;;;;;2019
10/01/2019;21:53:00;SEM VÍTIMA;TORRE;AV BEIRA RIO;SUBURBIO;COLISÃO TRASEIRA;2;;;;;;;;0;;Chuvoso;Não existe;Perfeito estado;Molhada;Perfeito estado;Não existe;Não há placas;;2019
10/01/2019;23:26:00;SEM VÍTIMA;IPSEP;AV RECIFE;;COLISÃO TRASEIRA;2;;;;;;;;0;;Chuvoso;Não existe;Perfeito estado;Molhada;Perfeito estado;Não existe;Não há placas;;2019
11/01/2019;00:37:00;SEM VÍTIMA;PINA;AV HERCULANO BANDEIRA;SUBURBIO;ABALROAMENTO LONGITUDINAL;2;;;;;;;;0;;Chuvoso;Intermitente;Perfeito estado;Molhada;Perfeito estado;Faixa de pedestre;Não há placas;;2019
11/01/2019;03:01:00;SEM VÍTIMA;PAISSANDU;AV GOVERNADOR AGAMENON MAGALHAES;CIDADE;ABALROAMENTO TRANSVERSAL;2;;;;;;;;0;;Chuvoso;Sem defeito;Perfeito estado;Molhada;Perfeito estado;Faixa de pedestre;Outras;;2019
11/01/2019;07:48:00;SEM VÍTIMA;BONGI;AV ENGENHEIRO ABDIAS DE CARVALHO;CIDADE;COLISÃO TRASEIRA;2;;;;;;;;0;;Bom;Sem defeito;Perfeito estado;Seca;Perfeito estado;Faixa de pedestre;R-6a;;2019
11/01/2019;09:14:00;SEM VÍTIMA;BOA VIAGEM;AV BOA VIAGEM;SUBURBIO;ABALROAMENTO LONGITUDINAL;2;;;;;;;;0;;Bom;Sem defeito;Perfeito estado;Seca;Perfeito estado;Outros;Outras;60 km/h;2019
11/01/2019;09:23:00;SEM VÍTIMA;BOA VIAGEM;RUA RIBEIRO DE BRITO;SUBURBIO;COLISÃO TRASEIRA;2;;;;;;;;0;;Bom;Sem defeito;Perfeito estado;Seca;Perfeito estado;Agente;Não há placas;60 km/h;2019
11/01/2019;10:10:00;COM VÍTIMA;BOA VIAGEM;AVENIDA CELSO FURTADO (VIA MANGUE);SUBURBIO;CHOQUE OBJETO FIXO;1;;;;;;;;1;;Bom;Não existe;Perfeito estado;Seca;Perfeito estado;Não existe;Não há placas;60 km/h;2019
11/01/2019;10:16:00;SEM VÍTIMA;BOA VIAGEM;AV ENGENHEIRO DOMINGOS FERREIRA;SUBURBIO;ABALROAMENTO LONGITUDINAL;2;;;;;;;;0;;Bom;Sem defeito;Perfeito estado;Seca;Perfeito estado;Faixa de pedestre;Não há placas;60 km/h;2019
11/01/2019;11:29:00;SEM VÍTIMA;BOA VIAGEM;AV CONSELHEIRO AGUIAR;CIDADE;ABALROAMENTO LONGITUDINAL;2;;;;;;;;0;;Bom;Não existe;Perfeito estado;Seca;Perfeito estado;Faixa de retenção;Não há placas;60 km/h;2019
11/01/2019;;SEM VÍTIMA;BOA VIAGEM;AV BOA VIAGEM;SUBURBIO;ABALROAMENTO LONGITUDINAL;2;;;;;;;;0;;Bom;Sem defeito;Perfeito estado;Seca;Perfeito estado;Faixa de pedestre;Não há placas;60 km/h;2019
11/01/2019;11:40:00;SEM VÍTIMA;BAIRRO DO RECIFE;CAIS DA ALFANDEGA;CIDADE;ABALROAMENTO LONGITUDINAL;2;;;;;;;;0;;Bom;Sem defeito;Perfeito estado;Seca;Perfeito estado;;Não há placas;40 km/h;2019
11/01/2019;11:49:00;SEM VÍTIMA;MADALENA;AV BEIRA RIO;CIDADE;ABALROAMENTO LONGITUDINAL;2;;;;;;;;0;;Bom;Não existe;Perfeito estado;Seca;Perfeito estado;Não existe;R-4b;;2019
11/01/2019;12:18:00;SEM VÍTIMA;ESPINHEIRO;RUA MARQUES DO PARANA;SUBURBIO;ABALROAMENTO TRANSVERSAL;2;;;;;;;;0;;Bom;Não existe;Perfeito estado;Seca;Perfeito estado;Não existe;Placas Pare;;2019
11/01/2019;12:30:00;SEM VÍTIMA;ESPINHEIRO;RUA DO ESPINHEIRO;;ABALROAMENTO TRANSVERSAL;2;;;;;;;;0;;Bom;Não existe;Perfeito estado;Seca;Perfeito estado;Faixa de pedestre;Placas Pare;;2019
11/01/2019;13:01:00;SEM VÍTIMA;VÁRZEA;AV PROFESSOR ARTUR DE SA;CIDADE;COLISÃO FRONTAL;1;1;;;;;;;0;;Bom;Não existe;Perfeito estado;Seca;Perfeito estado;Agente;Não há placas;40 km/h;2019
11/01/2019;13:50:00;SEM VÍTIMA;BOA VIAGEM;RUA JOSE MARIA DE MIRANDA;CIDADE;ABALROAMENTO TRANSVERSAL;1;1;;;;;;;0;;Bom;Não existe;Perfeito estado;Seca;Perfeito estado;Não existe;Não há placas;;2019
11/01/2019;14:19:00;SEM VÍTIMA;BOA VIAGEM;AV FERNANDO SIMOES BARBOSA;SUBURBIO;ABALROAMENTO LONGITUDINAL;2;;;;;;;;0;;Bom;Sem defeito;Perfeito estado;Seca;Perfeito estado;Faixa de pedestre;;;2019
11/01/2019;14:45:00;SEM VÍTIMA;BOA VIAGEM;RUA DO SA LEITAO;;COLISÃO;1;;;;;1;;;0;;;;;;;;;;2019
11/01/2019;14:51:00;SEM VÍTIMA;IPSEP;AV RECIFE;;COLISÃO TRASEIRA;2;;;;;;;;0;;Bom;Sem defeito;Perfeito estado;Seca;Perfeito estado;Agente;Não há placas;;2019
11/01/2019;15:33:00;SEM VÍTIMA;IPUTINGA;RUA BOM PASTOR;CIDADE;ABALROAMENTO LONGITUDINAL;1;;;;;1;;;0;;Bom;Sem defeito;Perfeito estado;Seca;Perfeito estado;Faixa de pedestre;R-6a;;2019
11/01/2019;15:33:00;SEM VÍTIMA;IMBIRIBEIRA;AV MARECHAL MASCARENHAS DE MORAES;CIDADE;COLISÃO TRASEIRA;2;;;;;;;;0;;Bom;Sem defeito;Perfeito estado;Seca;Perfeito estado;Faixa de pedestre;Outras;;2019
11/01/2019;15:50:00;SEM VÍTIMA;IMBIRIBEIRA;AV MARECHAL MASCARENHAS DE MORAES;;COLISÃO;2;;;;;;;;0;;;;;;;;;;2019
11/01/2019;16:17:00;COM VÍTIMA;ALTO JOSÉ DO PINHO;COR DO BARTOLOMEU;SUBURBIO;ABALROAMENTO LONGITUDINAL;1;1;;;;;;;2;;Bom;Não existe;Perfeito estado;Seca;Perfeito estado;Não existe;Placas Pare;;2019
11/01/2019;16:42:00;COM VÍTIMA;JAQUEIRA;RUA DO FUTURO;CIDADE;COLISÃO TRASEIRA;2;;;;;;;;1;;Bom;Não existe;Perfeito estado;Seca;Perfeito estado;Não existe;Outras;30 km/h;2019
11/01/2019;16:53:00;SEM VÍTIMA;;RUA EXP FRANCISCO VITORIANO;SUBURBIO;COLISÃO TRASEIRA;1;;;;1;;;;0;;Bom;Não existe;Incompleta;Seca;Perfeito estado;Não existe;Não há placas;;2019
11/01/2019;17:06:00;SEM VÍTIMA;IMBIRIBEIRA;AV RECIFE;SUBURBIO;COLISÃO TRASEIRA;2;;;;;;;;0;;Bom;Não existe;Perfeito estado;Seca;Perfeito estado;;Não há placas;;2019
11/01/2019;17:16:00;ENTRADA E SAÍDA;JAQUEIRA;RUA HOEL SETTE;;SUBURBIO;1;;;;;;;;;;;;;;;;;;2019
11/01/2019;18:07:00;SEM VÍTIMA;ESPINHEIRO;AV GOVERNADOR AGAMENON MAGALHAES;SUBURBIO;COLISÃO TRASEIRA;3;;;;;;;;0;;Bom;Sem defeito;Perfeito estado;Seca;Perfeito estado;Faixa de pedestre;Não há placas;60 km/h;2019
11/01/2019;18:10:00;SEM VÍTIMA;IBURA;AV DOIS RIOS;;COLISÃO;1;;;;;1;;;0;;;;;;;;;;2019
11/01/2019;18:23:00;SEM VÍTIMA;BEBERIBE;AV BEBERIBE;;COLISÃO;1;;;;;1;;;0;;;;;;;;;;2019
11/01/2019;18:55:00;SEM VÍTIMA;JIQUIÁ;AV RECIFE;SUBURBIO;ABALROAMENTO LONGITUDINAL;1;;;;;1;;;0;;Bom;Sem defeito;;Seca;;Faixa de pedestre;Outras;;2019
11/01/2019;20:24:00;COM VÍTIMA;AREIAS;AV DR JOSE RUFINO;SUBURBIO;COLISÃO FRONTAL;1;1;;;;;;;1;;Bom;Sem defeito;Perfeito estado;Seca;Perfeito estado;Faixa de pedestre;Não há placas;60 km/h;2019
12/01/2019;00:58:00;COM VÍTIMA;CAMPO GRANDE;AV GOVERNADOR AGAMENON MAGALHAES;SUBURBIO;ABALROAMENTO TRANSVERSAL;2;;;;;;;;2;;Bom;Sem defeito;Perfeito estado;Seca;Perfeito estado;;R-19;60 km/h;2019
12/01/2019;01:37:00;SEM VÍTIMA;MADALENA;AV VISCONDE DE ALBUQUERQUE;CIDADE;CHOQUE VEÍCULO PARADO;1;1;;;;;;;0;;Bom;Não existe;Perfeito estado;Seca;Perfeito estado;;Outras;60 km/h;2019
12/01/2019;06:48:00;SEM VÍTIMA;AREIAS;AV RECIFE;CIDADE;COLISÃO TRASEIRA;2;;;;;;;;0;;Chuvoso;Sem defeito;Perfeito estado;Molhada;Perfeito estado;Faixa de pedestre;Não há placas;;2019
12/01/2019;06:58:00;SEM VÍTIMA;IMBIRIBEIRA;AV MARECHAL MASCARENHAS DE MORAES;CIDADE;ABALROAMENTO LONGITUDINAL;1;;;;1;;;;0;;Chuvoso;Não existe;Perfeito estado;Molhada;Perfeito estado;Outros;Não há placas;;2019
12/01/2019;08:03:00;COM VÍTIMA;JIQUIÁ;AV RECIFE;CAXANGÁ;COLISÃO TRASEIRA;2;;;;;;;;2;;Chuvoso;Não existe;Perfeito estado;Molhada;Perfeito estado;Não existe;Não há placas;;2019
12/01/2019;09:25:00;SEM VÍTIMA;TORRE;RUA JOSE BONIFACIO;SUBURBIO;ABALROAMENTO LONGITUDINAL;1;;;;;1;;;0;;;;Perfeito estado;Seca;Perfeito estado;Não existe;Outras;;2019
12/01/2019;09:53:00;COM VÍTIMA;IMBIRIBEIRA;AV MARECHAL MASCARENHAS DE MORAES;CIDADE;ABALROAMENTO LONGITUDINAL;;2;;;;;;;2;;Chuvoso;Não existe;;Molhada;Perfeito estado;Não existe;R-6c;;2019
12/01/2019;;SEM VÍTIMA;SAN MARTIN;RUA COMENDADOR FRANCO FERREIRA;;COLISÃO;1;;;;;1;;;0;;;;;;;;;;2019
12/01/2019;10:34:00;SEM VÍTIMA;;RUA BENFICA;CIDADE;COLISÃO TRASEIRA;2;;;;;;;;0;;Chuvoso;Sem defeito;Perfeito estado;Molhada;Perfeito estado;Faixa de pedestre;Outras;;2019
12/01/2019;11:26:00;SEM VÍTIMA;AREIAS;AV RECIFE;CAXANGA;COLISÃO;3;;;;;;;;0;;;;;;;;;;2019
12/01/2019;11:43:00;COM VÍTIMA;ESTÂNCIA;AV RECIFE;SUBURBIO;ABALROAMENTO LONGITUDINAL;1;1;;;;;;;2;;Chuvoso;;Perfeito estado;Molhada;Perfeito estado;Não existe;R-6a;60 km/h;2019
12/01/2019;11:45:00;SEM VÍTIMA;VÁRZEA;AV PROFESSOR MORAES REGO;;COLISÃO;2;;;;;;;;0;;;;;;;;;;2019
12/01/2019;13:08:00;SEM VÍTIMA;VÁRZEA;RUA MARECHAL MANOEL LUIS OSORIO;;ABALROAMENTO TRANSVERSAL;2;;;;;;;;0;;Chuvoso;Não existe;Não existente;Molhada;Perfeito estado;Faixa de pedestre;Não há placas;40 km/h;2019
12/01/2019;13:33:00;SEM VÍTIMA;BOA VIAGEM;AV CONSELHEIRO AGUIAR;CIDADE;ABALROAMENTO LONGITUDINAL;2;;;;;;;;0;;Chuvoso;Não existe;Perfeito estado;Molhada;Perfeito estado;;R-6a;60 km/h;2019
12/01/2019;14:08:00;SEM VÍTIMA;CAXANGÁ;AV CAXANGA;;COLISÃO;1;;;;1;;;;0;;;;;;;;;;2019
12/01/2019;14:11:00;SEM VÍTIMA;SÃO JOSÉ;AV SUL;CIDADE;COLISÃO TRASEIRA;2;;;;;;;1;0;;Chuvoso;Com defeito;Perfeito estado;Molhada;Perfeito estado;Faixa de retenção;;;2019
12/01/2019;14:33:00;COM VÍTIMA;IMBIRIBEIRA;AV MARECHAL MASCARENHAS DE MORAES;CIDADE;ABALROAMENTO LONGITUDINAL;1;1;;;;;;;1;;Chuvoso;Sem defeito;Perfeito estado;Molhada;Perfeito estado;Faixa de pedestre;Não há placas;;2019
12/01/2019;15:03:00;SEM VÍTIMA;IMBIRIBEIRA;RUA BARAO DE AGUA BRANCA;;ABALROAMENTO TRANSVERSAL;2;;;;;;;;0;;Bom;Não existe;Não existente;Molhada;Perfeito estado;Não existe;Não há placas;;2019
12/01/2019;15:20:00;SEM VÍTIMA;;AV BARAO DE BONITO;CIDADE;ABALROAMENTO TRANSVERSAL;1;;;;;1;;1;0;;Chuvoso;Não existe;Não existente;Molhada;Perfeito estado;Não existe;Não há placas;;2019
12/01/2019;15:20:00;SEM VÍTIMA;CORDEIRO;RUA CLAUDIO BROTHERHOOD;SUBURBIO;ABALROAMENTO TRANSVERSAL;2;;;;;;;;0;;Chuvoso;Não existe;Não existente;Molhada;Perfeito estado;Não existe;Não há placas;40 km/h;2019
12/01/2019;15:35:00;COM VÍTIMA;CASA AMARELA;RUA CORREGO DO EUCLIDES;SUBURBIO;COLISÃO COM CICLISTA;;1;1;;;;;;1;;Chuvoso;Não existe;Incompleta;Molhada;Perfeito estado;Outros;Outras;;2019
12/01/2019;15:49:00;COM VÍTIMA;MADALENA;RUA ERNANI BRAGA;;ABALROAMENTO LONGITUDINAL;1;1;;;;;;;1;;Chuvoso;Não existe;Perfeito estado;Molhada;;;R-6a;;2019
12/01/2019;15:58:00;SEM VÍTIMA;IBURA;AV RECIFE;SUBURBIO;ABALROAMENTO LONGITUDINAL;2;;;;;;;;0;;Chuvoso;Com defeito;Perfeito estado;Molhada;Perfeito estado;Faixa de pedestre;Outras;60 km/h;2019
12/01/2019;16:00:00;SEM VÍTIMA;VÁRZEA;AV BARAO DE BONITO;;COLISÃO;1;;;;;1;;;0;;;;;;;;;;2019
12/01/2019;17:37:00;SEM VÍTIMA;AFOGADOS;RUA SERTAOZINHO;;CHOQUE VEÍCULO PARADO;2;;;;;;;;0;;Chuvoso;Não existe;Perfeito estado;Molhada;Perfeito estado;Não existe;Não há placas;;2019
12/01/2019;17:51:00;COM VÍTIMA;SÃO JOSÉ;AV SUL;CIDADE;COLISÃO COM CICLISTA;1;;1;;;;;;1;;Chuvoso;Não existe;Perfeito estado;Molhada;Mal iluminada;Outros;Outras;;2019
12/01/2019;18:30:00;COM VÍTIMA;PINA;AV HERCULANO BANDEIRA;SUBURBIO;ABALROAMENTO LONGITUDINAL;1;1;;;;;;;1;;Chuvoso;Não existe;Perfeito estado;Molhada;Perfeito estado;Não existe;R-6a;;2019
12/01/2019;18:57:00;SEM VÍTIMA;ROSARINHO;AV NORTE;CIDADE;CHOQUE OBJETO FIXO;1;;;;;;;;0;;Chuvoso;Sem defeito;Perfeito estado;Molhada;Perfeito estado;Faixa de pedestre;Não há placas;;2019
12/01/2019;19:02:00;SEM VÍTIMA;BOA VISTA;RUA DOM BOSCO;;COLISÃO;2;;;;;;;;0;;;;;;;;;;2019
13/01/2019;02:55:00;SEM VÍTIMA;DERBY;AV GOVERNADOR AGAMENON MAGALHAES;;ABALROAMENTO TRANSVERSAL;2;;;;;;;;0;;Chuvoso;Sem defeito;Perfeito estado;Molhada;;Faixa de pedestre;Outras;;2019
13/01/2019;05:36:00;COM VÍTIMA;IBURA;AV DOIS RIOS;SUBURBIO;ABALROAMENTO LONGITUDINAL;1;1;;;;;;;1;;Chuvoso;Não existe;Perfeito estado;Molhada;Perfeito estado;Não existe;Não há placas;;2019
13/01/2019;07:21:00;SEM VÍTIMA;BOA VIAGEM;AV BOA VIAGEM;;ABALROAMENTO LONGITUDINAL;2;;;;;;;;0;;Bom;Sem defeito;Perfeito estado;Seca;Perfeito estado;Faixa de pedestre;R-6a;60 km/h;2019
13/01/2019;09:43:00;SEM VÍTIMA;SANTO ANTÔNIO;RUA IMPERADOR PEDRO SEGUNDO;CIDADE;ABALROAMENTO LONGITUDINAL;2;;;;;;;;0;;Bom;Sem defeito;Perfeito estado;Seca;Perfeito estado;Faixa de pedestre;Não há placas;;2019
13/01/2019;13:10:00;SEM VÍTIMA;IPUTINGA;AV CAXANGA;SUBURBIO;ABALROAMENTO LONGITUDINAL;2;;;;;;;;0;;Bom;Sem defeito;Perfeito estado;Seca;Perfeito estado;Faixa de pedestre;R-6a;60 km/h;2019
13/01/2019;14:12:00;SEM VÍTIMA;AREIAS;AV RECIFE;SUBURBIO;COLISÃO TRASEIRA;2;;;;;;;;0;;Bom;Não existe;Perfeito estado;Seca;Perfeito estado;Não existe;Outras;60 km/h;2019
13/01/2019;17:18:00;SEM VÍTIMA;TORREÃO;RUA AUGUSTO RODRIGUES;CIDADE;ABALROAMENTO TRANSVERSAL;2;;;;;;;;0;;;;;;;;;;2019
13/01/2019;18:53:00;SEM VÍTIMA;VÁRZEA;AV PROFESSOR LUIZ FREIRE;;COLISÃO TRASEIRA;2;;;;;;;;0;;Bom;Não existe;Incompleta;Seca;Mal iluminada;Não existe;Outras;;2019
13/01/2019;19:25:00;COM VÍTIMA;DERBY;RUA PAISSANDU;CIDADE;CHOQUE OBJETO FIXO;1;1;;;;;;;1;;Bom;Sem defeito;Perfeito estado;Seca;Perfeito estado;Faixa de pedestre;R-4a;30 km/h;2019
13/01/2019;20:10:00;COM VÍTIMA;IMBIRIBEIRA;AV MARECHAL MASCARENHAS DE MORAES;SUBURBIO;COLISÃO COM CICLISTA;1;;1;;;;;;2;;Bom;Sem defeito;Perfeito estado;Seca;Perfeito estado;Faixa de pedestre;R-6a;;2019
13/01/2019;21:09:00;SEM VÍTIMA;BOA VIAGEM;RUA VISCONDE DE JEQUITINHONHA;SUBURBIO;COLISÃO;2;;;;;;;;0;;;;;;;;;;2019
13/01/2019;21:25:00;COM VÍTIMA;BOA VIAGEM;AV BOA VIAGEM;CIDADE;COLISÃO TRASEIRA;1;1;;;;;;;1;;Chuvoso;Sem defeito;Perfeito estado;Molhada;Perfeito estado;Faixa de pedestre;Outras;;2019