data;hora;natureza_acidente;bairro;endereco;sentido_via;tipo;auto;moto;ciclista;pedestre;onibus;caminhao;viatura;outros;vitimas;vitimasfatais;tempo_clima;situacao_semaforo;sinalizacao;condicao_via;conservacao_via;ponto_controle;situacao_placa;velocidade_max_via;ano
14/01/2019;05:43:00;SEM VÍTIMA;BOA VIAGEM;RUA JOSE MARIA DE MIRANDA;;COLISÃO;2;;;;;;;;0;;;;;;;;;;2019
14/01/2019;07:00:00;SEM VÍTIMA;SAN MARTIN;RUA VINTE E UM DE ABRIL;SUBURBIO;COLISÃO;2;;;;;;;;0;;;;;;;;;;2019
14/01/2019;08:06:00;SEM VÍTIMA;DERBY;RUA JENER DE SOUZA;;ABALROAMENTO LONGITUDINAL;1;;;;1;;;;0;;Bom;Não existe;Perfeito estado;Seca;Perfeito estado;Não existe;Placas Pare;;2019
14/01/2019;08:09:00;SEM VÍTIMA;IPSEP;AV RECIFE;SUBURBIO;COLISÃO TRASEIRA;2;;;;;;;;0;;Bom;Sem defeito;Perfeito estado;Seca;Perfeito estado;Não existe;Não há placas;;2019
14/01/2019;08:19:00;COM VÍTIMA;BOA VISTA;RUA GERVASIO PIRES;;COLISÃO TRASEIRA;1;1;;;;;;;1;;Bom;Não existe;;Seca;Perfeito estado;Não existe;;;2019
14/01/2019;08:37:00;COM VÍTIMA;PINA;AV ANTONIO DE GOES;;COLISÃO TRASEIRA;1;1;;;;;;;1;;Bom;Não existe;Perfeito estado;Seca;Perfeito estado;Não existe;Não há placas;60 km/h;2019
14/01/2019;08:58:00;SEM VÍTIMA;BAIRRO DO RECIFE;AV ALFREDO LISBOA;SUBURBIO;COLISÃO TRASEIRA;2;;;;;;;;0;;Bom;Não existe;Perfeito estado;Seca;Perfeito estado;Faixa de pedestre;Não há placas;40 km/h;2019
14/01/2019;09:00:00;SEM VÍTIMA;IPSEP;AV DOM HELDER CAMARA;CIDADE;COLISÃO TRASEIRA;2;;;;;;;;0;;Bom;Sem defeito;Perfeito estado;Seca;Perfeito estado;Faixa de pedestre;Outras;;2019
14/01/2019;09:03:00;SEM VÍTIMA;BOA VIAGEM;RUA COSMORAMA;;ABALROAMENTO LONGITUDINAL;;1;;;1;;;;0;;Bom;Não existe;Perfeito estado;Seca;Perfeito estado;Não existe;Não há placas;;2019
14/01/2019;09:20:00;SEM VÍTIMA;BOA VISTA;AV CONDE DA BOA VISTA;SUBURBIO;ABALROAMENTO LONGITUDINAL;;;;;2;;;;0;;Bom;Não existe;Perfeito estado;Seca;Perfeito estado;Não existe;Não há placas;60 km/h;2019
14/01/2019;10:05:00;SEM VÍTIMA;MADALENA;RUA JOSE OSORIO;SUBURBIO;ABALROAMENTO TRANSVERSAL;2;;;;;;;;0;;Bom;Não existe;;Seca;Perfeito estado;Não existe;R-6a;;2019
14/01/2019;10:49:00;SEM VÍTIMA;MADALENA;AV VISCONDE DE ALBUQUERQUE;;ABALROAMENTO TRANSVERSAL;1;;;;;1;;;0;;Bom;Não existe;Perfeito estado;Seca;Perfeito estado;Não existe;Não há placas;;2019
14/01/2019;10:54:00;COM VÍTIMA;CASA AMARELA;AV NORTE;SUBURBIO;ABALROAMENTO LONGITUDINAL;1;1;;;;;;;1;;Bom;Não existe;Perfeito estado;Seca;Perfeito estado;Não existe;Não há placas;60 km/h;2019
14/01/2019;11:06:00;SEM VÍTIMA;ARRUDA;RUA DO MACHADO;CIDADE;ABALROAMENTO TRANSVERSAL;2;;;;;;;;0;;Bom;Não existe;Perfeito estado;Seca;Perfeito estado;Faixa de retenção;Placas Pare;;2019
14/01/2019;11:10:00;SEM VÍTIMA;SANTO AMARO;RUA ALVARES DE AZEVEDO;SUBURBIO;ABALROAMENTO LONGITUDINAL;2;;;;;;;;0;;Bom;Sem defeito;Perfeito estado;Seca;Perfeito estado;Outros;Outras;;2019
14/01/2019;11:41:00;SEM VÍTIMA;TAMARINEIRA;AV NORTE;SUBURBIO;COLISÃO TRASEIRA;2;;;;;;;;0;;Bom;Sem defeito;Perfeito estado;Seca;Perfeito estado;Faixa de pedestre;R-4b;;2019
14/01/2019;12:31:00;SEM VÍTIMA;BOA VISTA;AV MANOEL BORBA;SUBURBIO;ABALROAMENTO LONGITUDINAL;1;;;;;1;;;0;;Bom;Sem defeito;Perfeito estado;Seca;Perfeito estado;Não existe;R-6a;;2019
14/01/2019;14:12:00;SEM VÍTIMA;CASA FORTE;AV DEZESSETE DE AGOSTO;;ABALROAMENTO LONGITUDINAL;1;1;;;;;;;0;;Bom;Sem defeito;Perfeito estado;Seca;Perfeito estado;Faixa de pedestre;R-6a;;2019
14/01/2019;13:47:00;SEM VÍTIMA;IPSEP;RUA PROFESSOR JOSE VICENTE;;COLISÃO FRONTAL;2;;;;;;;;0;;Bom;Não existe;Incompleta;Seca;Perfeito estado;Não existe;Placas Pare;;2019
14/01/2019;15:01:00;SEM VÍTIMA;DERBY;AV GOVERNADOR AGAMENON MAGALHAES;;COLISÃO TRASEIRA;1;;;;1;;;;0;;Bom;Sem defeito;Perfeito estado;Seca;Perfeito estado;;;60 km/h;2019
14/01/2019;15:39:00;SEM VÍTIMA;SANTO AMARO;AV DR JAYME DA FONTE;CIDADE;COLISÃO TRASEIRA;3;;;;;;;;0;;Bom;Sem defeito;Perfeito estado;Seca;Perfeito estado;Faixa de pedestre;;;2019
14/01/2019;15:27:00;SEM VÍTIMA;BOA VIAGEM;RUA ANTONIO FALCAO;;COLISÃO TRASEIRA;2;;;;;;;;0;;Bom;Não existe;Perfeito estado;Seca;Perfeito estado;Não existe;Placas Pare;;2019
14/01/2019;16:07:00;SEM VÍTIMA;IPSEP;RUA JEAN EMILE FAVRE;;ABALROAMENTO TRANSVERSAL;2;;;;;;;;0;;Bom;Não existe;Perfeito estado;Seca;Perfeito estado;Não existe;Placas Pare;;2019
14/01/2019;16:18:00;SEM VÍTIMA;AREIAS;AV DR JOSE RUFINO;CIDADE;ABALROAMENTO TRANSVERSAL;2;;;;;;;;0;;Bom;Não existe;Perfeito estado;Seca;Perfeito estado;Não existe;Não há placas;;2019
14/01/2019;17:56:00;SEM VÍTIMA;BAIRRO DO RECIFE;CAIS DO APOLO;SUBURBIO;ABALROAMENTO LONGITUDINAL;2;;;;;;;;0;;Bom;Não existe;Perfeito estado;Seca;Perfeito estado;Não existe;Outras;40 km/h;2019
14/01/2019;18:50:00;SEM VÍTIMA;MADALENA;AV VISCONDE DE ALBUQUERQUE;SUBURBIO;ABALROAMENTO LONGITUDINAL;2;;;;;;;;0;;Bom;Não existe;Perfeito estado;Seca;Perfeito estado;Não existe;R-6a;;2019
14/01/2019;19:08:00;SEM VÍTIMA;AFOGADOS;EST DOS REMEDIOS;SUBURBIO;ABALROAMENTO LONGITUDINAL;1;;;;1;;;;0;;Bom;Sem defeito;Perfeito estado;Seca;Perfeito estado;Faixa de pedestre;Outras;;2019
14/01/2019;19:10:00;COM VÍTIMA;AREIAS;AV DR JOSE RUFINO;;COLISÃO FRONTAL;1;1;;;;;;;1;;Bom;Não existe;Perfeito estado;Seca;Perfeito estado;Não existe;Não há placas;;2019
14/01/2019;20:37:00;SEM VÍTIMA;IPSEP;RUA JEAN EMILE FAVRE;SUBURBIO;COLISÃO TRASEIRA;3;;;;;;;;0;;Bom;Não existe;Perfeito estado;Seca;Perfeito estado;Não existe;Não há placas;;2019
14/01/2019;21:45:00;SEM VÍTIMA;CORDEIRO;RUA CAMBUCI;CIDADE;CHOQUE VEÍCULO PARADO;;1;;;1;;;;0;;Bom;Não existe;Perfeito estado;Seca;Perfeito estado;Não existe;Não há placas;;2019
14/01/2019;21:49:00;SEM VÍTIMA;CASA AMARELA;RUA SANTA IZABEL;CIDADE;ABALROAMENTO TRANSVERSAL;1;1;;;;;;;0;;Bom;Não existe;Perfeito estado;Seca;Perfeito estado;Não existe;Outras;;2019
14/01/2019;23:44:00;SEM VÍTIMA;TORRE;RUA ANAJANOPOLIS;;COLISÃO;1;1;;;;;;;0;;;;;;;;;;2019
15/01/2019;04:05:00;SEM VÍTIMA;BOA VIAGEM;AV ENGENHEIRO DOMINGOS FERREIRA;SUBURBIO;ABALROAMENTO LONGITUDINAL;2;;;;;;;;0;;Bom;Sem defeito;Perfeito estado;Seca;Perfeito estado;Faixa de pedestre;Não há placas;;2019
15/01/2019;06:28:00;SEM VÍTIMA;IPSEP;RUA DR RAPOSO PINTO;;COLISÃO;1;;;;1;;;;0;;;;;;;;;;2019
15/01/2019;07:32:00;SEM VÍTIMA;BOA VIAGEM;AV BOA VIAGEM;SUBURBIO;COLISÃO TRASEIRA;2;;;;;;;;0;;Bom;Sem defeito;Perfeito estado;Seca;Perfeito estado;Faixa de pedestre;Outras;;2019
15/01/2019;07:46:00;SEM VÍTIMA;PONTO DE PARADA;RUA PROFESSOR JERONIMO GUEIROS;;COLISÃO TRASEIRA;2;;;;;;;;0;;Bom;Sem defeito;Perfeito estado;Seca;Perfeito estado;;Não há placas;;2019
15/01/2019;08:14:00;SEM VÍTIMA;IMBIRIBEIRA;AV MARECHAL MASCARENHAS DE MORAES;CIDADE;ABALROAMENTO TRANSVERSAL;1;1;;;;;;;0;;Nublado;Não existe;Perfeito estado;Seca;Perfeito estado;Não existe;Não há placas;60 km/h;2019
15/01/2019;08:31:00;COM VÍTIMA;CAXANGÁ;AV CAXANGA;CIDADE;ABALROAMENTO LONGITUDINAL;1;1;;;;;;;2;;Bom;Não existe;Perfeito estado;Seca;Perfeito estado;Não existe;R-6a;;2019
15/01/2019;09:11:00;SEM VÍTIMA;AFOGADOS;RUA DA PAZ;;COLISÃO TRASEIRA;2;;;;;;;;0;;Bom;Sem defeito;Perfeito estado;Seca;Perfeito estado;;Outras;;2019
15/01/2019;09:53:00;SEM VÍTIMA;MACAXEIRA;AV JOSE AMERICO DE ALMEIDA;;COLISÃO;1;;;;1;;;;0;;;;;;;;;;2019
15/01/2019;10:01:00;SEM VÍTIMA;ESPINHEIRO;RUA BARAO DE ITAMARACA;;ABALROAMENTO TRANSVERSAL;2;;;;;;;;0;;Bom;Não existe;Não existente;Seca;Perfeito estado;Não existe;Não há placas;;2019
15/01/2019;10:15:00;SEM VÍTIMA;MONTEIRO;AV DEZESSETE DE AGOSTO;;COLISÃO TRASEIRA;2;;;;;;;;0;;Bom;Sem defeito;Perfeito estado;Seca;Perfeito estado;Faixa de pedestre;Outras;;2019
15/01/2019;10:27:00;SEM VÍTIMA;IPSEP;AV DOM HELDER CAMARA;CIDADE;ABALROAMENTO TRANSVERSAL;2;;;;;;;;0;;Bom;Sem defeito;Incompleta;Seca;Perfeito estado;Faixa de pedestre;Não há placas;60 km/h;2019
15/01/2019;10:49:00;SEM VÍTIMA;PINA;AV ANTONIO DE GOES;CIDADE;COLISÃO TRASEIRA;2;;;;;;;;0;;Bom;Não existe;Perfeito estado;Seca;Perfeito estado;Não existe;Não há placas;60 km/h;2019
15/01/2019;11:30:00;SEM VÍTIMA;GRAÇAS;AV RUI BARBOSA;CIDADE;ABALROAMENTO LONGITUDINAL;1;;;;1;;;;0;;Bom;Não existe;Perfeito estado;Seca;Perfeito estado;Não existe;Outras;;2019
15/01/2019;12:32:00;SEM VÍTIMA;SAN MARTIN;AV GENERAL SAN MARTIN;SUBURBIO;COLISÃO TRASEIRA;2;;;;;;;;0;;Bom;Sem defeito;Perfeito estado;Seca;Perfeito estado;;Outras;;2019
15/01/2019;13:11:00;SEM VÍTIMA;MADALENA;RUA BENFICA;;COLISÃO;2;;;;;;;;0;;;;;;;;;;2019
15/01/2019;13:20:00;SEM VÍTIMA;MACAXEIRA;AV NORTE;SUBURBIO;COLISÃO TRASEIRA;2;;;;;;;;0;;Bom;Sem defeito;Perfeito estado;Seca;Perfeito estado;Faixa de pedestre;Não há placas;60 km/h;2019
15/01/2019;13:22:00;SEM VÍTIMA;CASA AMARELA;AV NORTE;SUBURBIO;COLISÃO FRONTAL;2;;;;;;;;0;;Bom;Sem defeito;Perfeito estado;Seca;Perfeito estado;Faixa de retenção;;60 km/h;2019
15/01/2019;15:29:00;SEM VÍTIMA;IPSEP;AV RECIFE;;COLISÃO TRASEIRA;1;;;;1;;;;0;;Bom;Não existe;Perfeito estado;Seca;Perfeito estado;Não existe;R-6a;;2019
15/01/2019;16:17:00;SEM VÍTIMA;DERBY;AV GOVERNADOR AGAMENON MAGALHAES;;COLISÃO TRASEIRA;2;;;;;;;;0;;Bom;Não existe;;Seca;Perfeito estado;;Não há placas;60 km/h;2019
15/01/2019;16:34:00;SEM VÍTIMA;MACAXEIRA;AV NORTE;;COLISÃO TRASEIRA;2;;;;;;;;0;;Bom;Não existe;Perfeito estado;Seca;Perfeito estado;Não existe;Outras;60 km/h;2019
15/01/2019;16:50:00;SEM VÍTIMA;CASA AMARELA;AV NORTE;CIDADE;COLISÃO TRASEIRA;3;;;;;;;;0;;Bom;Não existe;Perfeito estado;Seca;Perfeito estado;Não existe;Outras;;2019
15/01/2019;16:57:00;SEM VÍTIMA;BOA VIAGEM;AV DOM JOAO VI;SUBURBIO;CHOQUE OBJETO FIXO;1;;;;;;;;0;;Bom;Não existe;Perfeito estado;Seca;Perfeito estado;Não existe;Não há placas;;2019
15/01/2019;17:06:00;SEM VÍTIMA;IPUTINGA;RUA SAO MATEUS;CIDADE;ABALROAMENTO LONGITUDINAL;2;;;;;;;;0;;Bom;Não existe;Perfeito estado;Seca;Perfeito estado;Agente;;40 km/h;2019
15/01/2019;18:51:00;SEM VÍTIMA;ENCRUZILHADA;RUA FERNANDO CESAR;SUBURBIO;ABALROAMENTO TRANSVERSAL;2;;;;;;;;0;;Bom;Não existe;Incompleta;Seca;Perfeito estado;Não existe;Placas Pare;30 km/h;2019
15/01/2019;22:43:00;SEM VÍTIMA;TEJIPIÓ;AV PADRE IBIAPINA;CIDADE;COLISÃO FRONTAL;2;;;;;;;;0;;Bom;Não existe;Não existente;Seca;Mal iluminada;;Não há placas;40 km/h;2019
16/01/2019;07:16:00;SEM VÍTIMA;ENCRUZILHADA;AV JOAO DE BARROS;SUBURBIO;COLISÃO TRASEIRA;2;;;;;;;;0;;Bom;Sem defeito;Perfeito estado;Seca;Perfeito estado;Agente;Não há placas;40 km/h;2019
16/01/2019;08:18:00;SEM VÍTIMA;AREIAS;;SUBURBIO;ABALROAMENTO LONGITUDINAL;1;;;;;1;;;0;;Bom;Não existe;Incompleta;Seca;Mal conservada;Não existe;Não há placas;;2019
16/01/2019;08:25:00;SEM VÍTIMA;TORRE;RUA VITORIANO PALHARES;;CHOQUE VEÍCULO PARADO;2;;;;;;;;0;;Bom;Não existe;Não existente;Seca;Perfeito estado;Não existe;Não há placas;;2019
16/01/2019;08:58:00;COM VÍTIMA;ROSARINHO;AV NORTE;CIDADE;ABALROAMENTO LONGITUDINAL;1;1;;;;;;;1;;Bom;Sem defeito;Perfeito estado;Seca;Perfeito estado;Faixa de pedestre;Outras;;2019
16/01/2019;09:07:00;SEM VÍTIMA;TORRE;RUA JOSE BONIFACIO;SUBURBIO;ABALROAMENTO LONGITUDINAL;1;;;;;1;;;0;;Bom;Sem defeito;Perfeito estado;Seca;;Agente;R-5a;60 km/h;2019
16/01/2019;09:54:00;SEM VÍTIMA;TORRE;RUA DOM MANOEL DA COSTA;CIDADE;ABALROAMENTO TRANSVERSAL;1;;;;;1;;;0;;Bom;Não existe;Perfeito estado;Seca;Perfeito estado;Outros;Outras;;2019
16/01/2019;11:18:00;SEM VÍTIMA;PARNAMIRIM;RUA TITO ROSAS;SUBURBIO;COLISÃO TRASEIRA;2;;;;;;;;0;;Bom;Não existe;Perfeito estado;Seca;Perfeito estado;Não existe;R-6a;;2019
16/01/2019;11:46:00;SEM VÍTIMA;BOA VIAGEM;AV BOA VIAGEM;CIDADE;COLISÃO TRASEIRA;2;;;;;;;;0;;Bom;Sem defeito;Perfeito estado;Seca;Perfeito estado;Não existe;Não há placas;60 km/h;2019
16/01/2019;12:11:00;SEM VÍTIMA;BOA VIAGEM;RUA ERNESTO DE PAULA SANTOS;CIDADE;ABALROAMENTO LONGITUDINAL;1;;;;1;;;;0;;Bom;Sem defeito;Perfeito estado;Seca;Perfeito estado;Faixa de pedestre;Outras;;2019
16/01/2019;14:05:00;SEM VÍTIMA;BOA VIAGEM;AV BOA VIAGEM;CIDADE;ABALROAMENTO LONGITUDINAL;1;;;;;1;;;0;;Bom;Sem defeito;Perfeito estado;Seca;Perfeito estado;;;;2019
16/01/2019;14:49:00;SEM VÍTIMA;BOMBA DO HEMETÉRIO;RUA BOMBA DO HEMETERIO;CIDADE;ABALROAMENTO LONGITUDINAL;1;;;;1;;;;0;;Bom;Não existe;Perfeito estado;Seca;Perfeito estado;Não existe;R-6c;;2019
16/01/2019;14:59:00;SEM VÍTIMA;PINA;AV CONSUL JOSEPH NOUJAIM;;COLISÃO;1;;;;;1;;;0;;;;;;;;;;2019
16/01/2019;15:43:00;COM VÍTIMA;CASA AMARELA;RUA PADRE LEMOS;SUBURBIO;COLISÃO FRONTAL;1;1;;;;;;;1;;Bom;Não existe;Perfeito estado;Seca;Perfeito estado;Outros;R-6a;;2019
16/01/2019;16:11:00;SEM VÍTIMA;BOA VIAGEM;RUA DES JOAO PAES;SUBURBIO;ABALROAMENTO LONGITUDINAL;2;;;;;;;;0;;Bom;Não existe;Perfeito estado;Seca;Perfeito estado;Faixa de pedestre;R-6a;;2019
16/01/2019;16:15:00;SEM VÍTIMA;IPSEP;AV RECIFE;;COLISÃO TRASEIRA;2;;;;;;;;0;;Bom;Não existe;Perfeito estado;Seca;Perfeito estado;Outros;Outras;60 km/h;2019
16/01/2019;17:52:00;SEM VÍTIMA;TORREÃO;AV GOVERNADOR AGAMENON MAGALHAES;SUBURBIO;ABALROAMENTO LONGITUDINAL;2;;;;;;;;0;;Bom;Sem defeito;Perfeito estado;Seca;Perfeito estado;Não existe;Outras;60 km/h;2019
16/01/2019;19:20:00;SEM VÍTIMA;PASSARINHO;EST DE PASSARINHO;CIDADE;COLISÃO TRASEIRA;2;;;;;;;;0;;Bom;Não existe;;Seca;Perfeito estado;Não existe;Não há placas;;2019
16/01/2019;21:04:00;SEM VÍTIMA;ARRUDA;AV PROFESSOR JOSE DOS ANJOS;SUBURBIO;COLISÃO TRASEIRA;2;;;;;;;;0;;Bom;Não existe;Perfeito estado;Seca;Perfeito estado;Não existe;Placas Pare;;2019
16/01/2019;22:20:00;COM VÍTIMA;ESTÂNCIA;AV RECIFE;;ACID. DE PERCURSO;;1;;;;;;;2;;;;;;;;;;2019
16/01/2019;22:42:00;SEM VÍTIMA;CAMPO GRANDE;RUA LUIZ CORREA;CIDADE;ABALROAMENTO LONGITUDINAL;1;;;;1;;;;0;;Bom;Não existe;Perfeito estado;Seca;Perfeito estado;;;;2019
16/01/2019;22:53:00;COM VÍTIMA;ENCRUZILHADA;RUA INACIO GALVAO DOS SANTOS;SUBURBIO;ABALROAMENTO TRANSVERSAL;1;1;;;;;;;1;;Bom;Não existe;Ilegível;Seca;Mal iluminada;Não existe;Placas Pare;30 km/h;2019
16/01/2019;23:01:00;SEM VÍTIMA;IMBIRIBEIRA;AV MARECHAL MASCARENHAS DE MORAES;CIDADE;ABALROAMENTO LONGITUDINAL;;;;;2;;;;0;;Bom;Sem defeito;Perfeito estado;Seca;Perfeito estado;Faixa de pedestre;Placas Pare;;2019
17/01/2019;07:46:00;COM VÍTIMA;PAISSANDU;RUA PAISSANDU;SUBURBIO;ATROPELAMENTO;1;;;1;;;;;1;;Bom;Sem defeito;Perfeito estado;Seca;Perfeito estado;Faixa de pedestre;R-6a;;2019
17/01/2019;08:42:00;COM VÍTIMA;CASA FORTE;AV DEZESSETE DE AGOSTO;SUBURBIO;COLISÃO FRONTAL;;1;;;1;;;;1;;Bom;Sem defeito;Perfeito estado;Seca;Perfeito estado;Não existe;;;2019
17/01/2019;09:10:00;SEM VÍTIMA;IMBIRIBEIRA;AV MARECHAL MASCARENHAS DE MORAES;CIDADE;COLISÃO TRASEIRA;1;;;;;1;;;0;;Bom;Não existe;Não existente;Seca;Perfeito estado;Não existe;Não há placas;60 km/h;2019
17/01/2019;09:13:00;SEM VÍTIMA;BAIRRO DO RECIFE;CAIS DO APOLO;SUBURBIO;ABALROAMENTO LONGITUDINAL;;;;;;2;;;0;;Bom;Sem defeito;Perfeito estado;Seca;Perfeito estado;Faixa de retenção;Outras;30 km/h;2019
17/01/2019;09:37:00;SEM VÍTIMA;BOA VIAGEM;RUA CAPITAO ZUZINHA;SUBURBIO;ABALROAMENTO LONGITUDINAL;1;1;;;;;;;0;;Bom;Não existe;Perfeito estado;Seca;Perfeito estado;Outros;Outras;;2019
17/01/2019;09:37:00;SEM VÍTIMA;PARNAMIRIM;RUA LEONARDO BEZERRA CAVALCANTE;CIDADE;COLISÃO TRASEIRA;2;;;;;;;;0;;Bom;Não existe;Perfeito estado;Seca;Perfeito estado;Não existe;Não há placas;;2019
17/01/2019;09:48:00;SEM VÍTIMA;ENCRUZILHADA;RUA QUARENTA E OITO;CIDADE;ABALROAMENTO LONGITUDINAL;2;;;;;;;;0;;Bom;Não existe;Incompleta;Seca;Perfeito estado;Não existe;;;2019
17/01/2019;09:59:00;SEM VÍTIMA;PINA;AVENIDA CELSO FURTADO (VIA MANGUE);SUBURBIO;COLISÃO TRASEIRA;2;;;;;;;;0;;Bom;Não existe;Perfeito estado;Seca;Perfeito estado;Não existe;Placas Pare;60 km/h;2019
17/01/2019;10:56:00;SEM VÍTIMA;MADALENA;RUA JOSE HIGINO;SUBURBIO;COLISÃO TRASEIRA;1;1;;;;;;;0;;Bom;Não existe;Perfeito estado;Seca;Perfeito estado;Não existe;Placas Pare;;2019
17/01/2019;11:42:00;SEM VÍTIMA;IMBIRIBEIRA;AV MARECHAL MASCARENHAS DE MORAES;SUBURBIO;COLISÃO TRASEIRA;3;;;;;;;;0;;Bom;Sem defeito;Perfeito estado;Seca;Perfeito estado;Outros;Outras;60 km/h;2019
17/01/2019;12:32:00;SEM VÍTIMA;SANTO AMARO;AV GOVERNADOR AGAMENON MAGALHAES;;COLISÃO;2;;;;;;;;0;;;;;;;;;;2019
17/01/2019;12:49:00;SEM VÍTIMA;ENCRUZILHADA;AV BEBERIBE;SUBURBIO;COLISÃO TRASEIRA;3;;;;;;;;0;;Bom;Sem defeito;Perfeito estado;Seca;Perfeito estado;;Outras;;2019
17/01/2019;14:01:00;SEM VÍTIMA;CASA FORTE;AV DEZESSETE DE AGOSTO;CIDADE;ABALROAMENTO LONGITUDINAL;1;1;;;;;;;0;;Bom;Sem defeito;Perfeito estado;Seca;Perfeito estado;Não existe;R-6a;60 km/h;2019
17/01/2019;14:03:00;SEM VÍTIMA;BOA VIAGEM;AV ENGENHEIRO DOMINGOS FERREIRA;;COLISÃO TRASEIRA;2;;;;;;;;0;;Bom;Sem defeito;Perfeito estado;Seca;Perfeito estado;Não existe;Não há placas;;2019
17/01/2019;15:05:00;SEM VÍTIMA;IMBIRIBEIRA;AV MARECHAL MASCARENHAS DE MORAES;SUBURBIO;COLISÃO TRASEIRA;1;1;;;;;;;0;;Bom;Não existe;Perfeito estado;Seca;Perfeito estado;Não existe;Não há placas;;2019
17/01/2019;15:06:00;SEM VÍTIMA;SANTO ANTÔNIO;RUA PRINCESA IZABEL;SUBURBIO;COLISÃO TRASEIRA;4;;;;;;;;0;;Bom;Sem defeito;Perfeito estado;Seca;Perfeito estado;Não existe;Não há placas;;2019
17/01/2019;15:14:00;SEM VÍTIMA;ARRUDA;AV PROFESSOR JOSE DOS ANJOS;SUBURBIO;ABALROAMENTO LONGITUDINAL;2;;;;;;;;0;;Bom;Sem defeito;Perfeito estado;Seca;Perfeito estado;Faixa de pedestre;R-4a;;2019
17/01/2019;16:05:00;SEM VÍTIMA;BOA VIAGEM;AV CONSELHEIRO AGUIAR;SUBURBIO;ABALROAMENTO LONGITUDINAL;2;;;;;;;;0;;Bom;Não existe;Perfeito estado;Seca;Perfeito estado;Não existe;Não há placas;;2019
17/01/2019;16:48:00;SEM VÍTIMA;VASCO DA GAMA;RUA ROSALIA CISNEIROS;SUBURBIO;CHOQUE VEÍCULO PARADO;;;;;1;1;;;0;;Bom;Não existe;Não existente;Seca;Perfeito estado;Não existe;Não há placas;;2019
17/01/2019;16:58:00;SEM VÍTIMA;AFOGADOS;RUA VINTE E UM DE ABRIL;CIDADE;ABALROAMENTO LONGITUDINAL;1;;;;1;;;;0;;Bom;Não existe;Ilegível;Seca;Perfeito estado;Agente;Não há placas;40 km/h;2019
17/01/2019;18:55:00;SEM VÍTIMA;ESPINHEIRO;RUA SANTO ELIAS;SUBURBIO;ABALROAMENTO TRANSVERSAL;2;;;;;;;;0;;Chuvoso;Não existe;Perfeito estado;Molhada;Perfeito estado;Não existe;Não há placas;;2019
17/01/2019;19:24:00;COM VÍTIMA;IBURA;AV DOIS RIOS;SUBURBIO;COLISÃO FRONTAL;;1;;;;1;;;1;;Bom;Não existe;Incompleta;Seca;Perfeito estado;Não existe;Não há placas;;2019
17/01/2019;19:34:00;SEM VÍTIMA;CASA FORTE;AV DEZESSETE DE AGOSTO;SUBURBIO;ABALROAMENTO LONGITUDINAL;1;;;;;1;;;0;;Bom;Sem defeito;Perfeito estado;Seca;Perfeito estado;Faixa de retenção;R-6a;;2019
17/01/2019;19:55:00;SEM VÍTIMA;PINA;AV HERCULANO BANDEIRA;;COLISÃO TRASEIRA;1;;;;1;;;;0;;Bom;Sem defeito;Perfeito estado;Seca;Perfeito estado;Faixa de pedestre;Outras;;2019
17/01/2019;20:45:00;COM VÍTIMA;CASA AMARELA;AV NORTE;CIDADE;COLISÃO;;2;;;;;;;2;;;;;;;;;;2019
17/01/2019;20:55:00;SEM VÍTIMA;CASA FORTE;AV DEZESSETE DE AGOSTO;;ABALROAMENTO LONGITUDINAL;1;;;;1;;;;0;;Bom;Sem defeito;Perfeito estado;Seca;Perfeito estado;Faixa de pedestre;;;2019
17/01/2019;21:54:00;SEM VÍTIMA;BOA VIAGEM;AV BOA VIAGEM;;COLISÃO TRASEIRA;2;;;;;;;;0;;Bom;Com defeito;Perfeito estado;Seca;Perfeito estado;Faixa de pedestre;Outras;;2019
18/01/2019;00:04:00;SEM VÍTIMA;TAMARINEIRA;AV PROFESSOR JOSE DOS ANJOS;SUBURBIO;ABALROAMENTO LONGITUDINAL;2;;;;;;;;0;;Bom;Não existe;Perfeito estado;Seca;Perfeito estado;Não existe;Não há placas;50 km/h;2019
18/01/2019;07:25:00;SEM VÍTIMA;BOA VIAGEM;AV BOA VIAGEM;SUBURBIO;ABALROAMENTO LONGITUDINAL;2;;;;;;;;0;;Bom;Não existe;Perfeito estado;Seca;Perfeito estado;Não existe;Outras;60 km/h;2019
18/01/2019;07:49:00;SEM VÍTIMA;BAIRRO DO RECIFE;CAIS DO APOLO;SUBURBIO;ABALROAMENTO LONGITUDINAL;;;;;2;;;;0;;Bom;Não existe;Perfeito estado;Seca;Perfeito estado;Não existe;Outras;40 km/h;2019
18/01/2019;09:12:00;COM VÍTIMA;TEJIPIÓ;AV DR JOSE RUFINO;SUBURBIO;ABALROAMENTO TRANSVERSAL;2;;;;;;;;1;;Bom;Sem defeito;Perfeito estado;Seca;Perfeito estado;;Não há placas;;2019