data;hora;natureza_acidente;bairro;endereco;sentido_via;tipo;auto;moto;ciclista;pedestre;onibus;caminhao;viatura;outros;vitimas;vitimasfatais;tempo_clima;situacao_semaforo;sinalizacao;condicao_via;conservacao_via;ponto_controle;situacao_placa;velocidade_max_via;ano
18/01/2019;09:44:00;SEM VÍTIMA;SÃO JOSÉ;CAIS DA DETENCAO;SUBURBIO;COLISÃO TRASEIRA;1;1;;;;;;;0;;Bom;Não existe;Ilegível;Seca;Perfeito estado;Não existe;R-6a;;2019
18/01/2019;10:00:00;SEM VÍTIMA;BOA VISTA;RUA DA AURORA;;ABALROAMENTO LONGITUDINAL;1;;;;;1;;;0;;Bom;Sem defeito;Perfeito estado;Seca;Perfeito estado;Outros;Outras;;2019
18/01/2019;10:10:00;SEM VÍTIMA;BOA VISTA;RUA DR BANDEIRA FILHO;SUBURBIO;COLISÃO TRASEIRA;1;;;;;1;;;0;;Bom;Não existe;Perfeito estado;Seca;Perfeito estado;Não existe;Outras;;2019
18/01/2019;10:43:00;SEM VÍTIMA;IPSEP;AV RECIFE;;COLISÃO;1;;;;;;1;;0;;;;;;;;;;2019
18/01/2019;10:57:00;SEM VÍTIMA;BOA VISTA;RUA HENRIQUE DIAS;CIDADE;ABALROAMENTO LONGITUDINAL;1;;;;1;;;;0;;Bom;Não existe;Ilegível;Seca;Mal conservada;Não existe;Não há placas;;2019
18/01/2019;11:04:00;SEM VÍTIMA;TAMARINEIRA;AV ENGENHEIRO AGAMENON DE MAGALHAES MELO;;ABALROAMENTO LONGITUDINAL;2;;;;;;;;0;;Bom;Não existe;Perfeito estado;Seca;Perfeito estado;Não existe;R-19;20 km/h;2019
18/01/2019;11:14:00;SEM VÍTIMA;MADALENA;RUA JOAO IVO DA SILVA;CIDADE;ABALROAMENTO LONGITUDINAL;1;;;;1;;;;0;;Bom;Não existe;Perfeito estado;Seca;Perfeito estado;Não existe;Não há placas;;2019
18/01/2019;11:59:00;SEM VÍTIMA;CORDEIRO;AV MARIO ALVARES PEREIRA DE LYRA;;COLISÃO;2;;;;;;;;0;;;;;;;;;;2019
18/01/2019;14:15:00;SEM VÍTIMA;MADALENA;RUA PROFESSOR JOSE TORRES PIRES;;COLISÃO;1;1;;;;;;;0;;;;;;;;;;2019
15/01/2019;09:10:00;COM VÍTIMA;DERBY;AV GOVERNADOR AGAMENON MAGALHAES;SUBURBIO;ABALROAMENTO TRANSVERSAL;;1;;;;1;;;1;;Bom;Sem defeito;Perfeito estado;Seca;Perfeito estado;;;;2019
18/01/2019;14:54:00;SEM VÍTIMA;SAN MARTIN;AV GENERAL SAN MARTIN;;COLISÃO;;;;;;;;;0;;;;;;;;;;2019
18/01/2019;15:03:00;COM VÍTIMA;CASA AMARELA;EST DO ARRAIAL;SUBURBIO;COLISÃO COM CICLISTA;1;;1;;;;;;1;;Bom;Sem defeito;Perfeito estado;Seca;Perfeito estado;Não existe;Não há placas;;2019
18/01/2019;15:04:00;SEM VÍTIMA;BONGI;RUA MARIA AUGUSTA;;COLISÃO;2;;;;;;;;0;;;;;;;;;;2019
18/01/2019;15:07:00;SEM VÍTIMA;JARDIM SÃO PAULO;AV SAO PAULO;SUBURBIO;ABALROAMENTO TRANSVERSAL;1;;;;1;;;;0;;Bom;Sem defeito;Perfeito estado;Seca;Perfeito estado;Outros;Outras;30 km/h;2019
18/01/2019;15:08:00;SEM VÍTIMA;ESPINHEIRO;RUA ALFREDO DE CARVALHO;;ABALROAMENTO TRANSVERSAL;2;;;;;;;;0;;Bom;Não existe;Perfeito estado;Seca;Perfeito estado;Não existe;Placas Pare;;2019
18/01/2019;16:59:00;SEM VÍTIMA;ROSARINHO;RUA CAIO PEREIRA;SUBURBIO;COLISÃO TRASEIRA;2;;;;;;;;0;;Bom;Não existe;Perfeito estado;Seca;Perfeito estado;Não existe;Placas Pare;;2019
18/01/2019;17:19:00;SEM VÍTIMA;SÃO JOSÉ;PTE GIRATORIA;;COLISÃO;1;;;;;1;;;0;;;;;;;;;;2019
18/01/2019;19:01:00;COM VÍTIMA;SANTO AMARO;AV CRUZ CABUGA;CIDADE;COLISÃO TRASEIRA;;1;;;1;;;;1;;Bom;Sem defeito;Perfeito estado;Seca;Perfeito estado;Não existe;Outras;;2019
18/01/2019;19:29:00;SEM VÍTIMA;IMBIRIBEIRA;AV MARECHAL MASCARENHAS DE MORAES;;COLISÃO;2;;;;;;;;0;;;;;;;;;;2019
18/01/2019;19:29:00;SEM VÍTIMA;ESPINHEIRO;AV CONS ROSA E SILVA;SUBURBIO;ABALROAMENTO LONGITUDINAL;2;;;;;;;;0;;Bom;Não existe;Perfeito estado;Seca;Perfeito estado;Não existe;Não há placas;;2019
18/01/2019;23:17:00;COM VÍTIMA;SANTO AMARO;AV CRUZ CABUGA;CIDADE;CHOQUE VEÍCULO PARADO;;1;;;;1;;;1;;Bom;Sem defeito;Perfeito estado;Seca;Perfeito estado;Não existe;Não há placas;;2019
19/01/2019;09:28:00;COM VÍTIMA;BOA VIAGEM;AV CONSELHEIRO AGUIAR;;COLISÃO;1;1;;;;;;;1;;;;;;;;;;2019
19/01/2019;09:42:00;SEM VÍTIMA;IPUTINGA;RUA BOM PASTOR;;COLISÃO;2;;;;;;;;0;;;;;;;;;;2019
19/01/2019;10:09:00;COM VÍTIMA;PRADO;EST DOS REMEDIOS;SUBURBIO;ABALROAMENTO TRANSVERSAL;1;1;;;;;;;2;;Bom;Sem defeito;Perfeito estado;Seca;Perfeito estado;Faixa de pedestre;Outras;;2019
19/01/2019;11:16:00;SEM VÍTIMA;AFOGADOS;RUA GARDENIA;;COLISÃO;1;;;;;1;;;0;;;;;;;;;;2019
19/01/2019;11:46:00;SEM VÍTIMA;MADALENA;RUA SPORT CLUBE DO RECIFE;SUBURBIO;ABALROAMENTO LONGITUDINAL;2;;;;;;;;0;;Bom;Sem defeito;Perfeito estado;Seca;Perfeito estado;Outros;R-6a;40 km/h;2019
19/01/2019;12:14:00;SEM VÍTIMA;CORDEIRO;RUA FIDELIS MOLITERNO;;COLISÃO;2;;;;;;;;0;;;;;;;;;;2019
19/01/2019;12:36:00;SEM VÍTIMA;SAN MARTIN;RUA COMENDADOR FRANCO FERREIRA;SUBURBIO;ABALROAMENTO TRANSVERSAL;2;;;;;;;;0;;Bom;Não existe;Incompleta;Seca;Perfeito estado;Não existe;Placas Pare;30 km/h;2019
19/01/2019;16:11:00;SEM VÍTIMA;JORDÃO;RUA GARIBALDINA;;COLISÃO;2;;;;;1;;;0;;;;;;;;;;2019
19/01/2019;16:14:00;COM VÍTIMA;ROSARINHO;AV SANTOS DUMONT;ARRUDA;CHOQUE VEÍCULO PARADO;4;;;;;;;;1;;Bom;Sem defeito;Perfeito estado;Seca;Perfeito estado;Faixa de pedestre;Não há placas;;2019
19/01/2019;16:32:00;SEM VÍTIMA;CABANGA;AV SATURNINO DE BRITO;SUBURBIO;COLISÃO TRASEIRA;1;1;;;;;;;0;;Bom;Sem defeito;Perfeito estado;Seca;Perfeito estado;Faixa de pedestre;Não há placas;;2019
19/01/2019;17:38:00;SEM VÍTIMA;PORTO DA MADEIRA;AV BEBERIBE;CIDADE;COLISÃO TRASEIRA;3;;;;;;;;0;;Bom;Sem defeito;Perfeito estado;Seca;Perfeito estado;Faixa de pedestre;Outras;;2019
19/01/2019;18:21:00;SEM VÍTIMA;PARNAMIRIM;RUA GOMES COUTINHO;SUBURBIO;COLISÃO TRASEIRA;2;;;;;;;;0;;Bom;Não existe;Perfeito estado;Seca;Perfeito estado;;Placas Pare;;2019
19/01/2019;18:47:00;COM VÍTIMA;ÁGUA FRIA;AV BEBERIBE;CIDADE;COLISÃO FRONTAL;;2;;;;;;;1;;Bom;Sem defeito;Perfeito estado;Seca;Perfeito estado;Faixa de pedestre;Não há placas;;2019
19/01/2019;19:27:00;SEM VÍTIMA;PARNAMIRIM;AV NORTE;CIDADE;COLISÃO TRASEIRA;3;;;;;;;;0;;Bom;Não existe;Incompleta;Seca;Mal iluminada;Faixa de pedestre;Não há placas;60 km/h;2019
20/01/2019;00:21:00;COM VÍTIMA;CORDEIRO;AV GENERAL SAN MARTIN;;ABALROAMENTO LONGITUDINAL;1;1;;;;;;;1;;Bom;Sem defeito;Perfeito estado;Seca;Perfeito estado;Faixa de pedestre;Outras;;2019
20/01/2019;02:08:00;SEM VÍTIMA;MACAXEIRA;AV NORTE;CIDADE;ABALROAMENTO LONGITUDINAL;2;;;;;;;;0;;Bom;Sem defeito;Perfeito estado;Seca;Mal iluminada;Faixa de pedestre;Não há placas;60 km/h;2019
20/01/2019;04:19:00;SEM VÍTIMA;BOA VIAGEM;AV ENGENHEIRO DOMINGOS FERREIRA;SUBURBIO;ABALROAMENTO TRANSVERSAL;2;;;;;;;;0;;Bom;Sem defeito;Perfeito estado;Seca;Perfeito estado;Faixa de pedestre;Outras;;2019
20/01/2019;06:56:00;SEM VÍTIMA;ESPINHEIRO;RUA CONS PORTELA;SUBURBIO;ABALROAMENTO LONGITUDINAL;2;;;;;;;;0;;Bom;Sem defeito;Perfeito estado;Seca;Perfeito estado;Faixa de pedestre;R-6a;40 km/h;2019
20/01/2019;07:26:00;SEM VÍTIMA;ENGENHO DO MEIO;RUA OSVALDO GUIMARAES;SUBURBIO;ABALROAMENTO LONGITUDINAL;1;;;;1;;;;0;;Bom;Não existe;Perfeito estado;Seca;Perfeito estado;Não existe;Outras;;2019
20/01/2019;08:05:00;SEM VÍTIMA;CAMPO GRANDE;RUA JERONIMO VILELA;SUBURBIO;ABALROAMENTO LONGITUDINAL;2;;;;;;;;0;;Chuvoso;Sem defeito;Perfeito estado;Molhada;Perfeito estado;Faixa de pedestre;Placas Pare;;2019
20/01/2019;08:21:00;COM VÍTIMA;CABANGA;PTE GOVERNADOR PAULO GUERRA;JOANA BEZERRA;COLISÃO TRASEIRA;1;1;;;;;;;2;;Bom;Não existe;Perfeito estado;Seca;Perfeito estado;Outros;Outras;40 km/h;2019
20/01/2019;12:23:00;SEM VÍTIMA;BARRO;AV JORNALISTA COSTA PORTO;;COLISÃO;1;1;;;;;;;0;;;;;;;;;;2019
20/01/2019;13:35:00;SEM VÍTIMA;MADALENA;AV CAXANGA;CIDADE;ABALROAMENTO LONGITUDINAL;2;;;;;;;;0;;Bom;Não existe;Perfeito estado;Seca;Perfeito estado;Não existe;;;2019
20/01/2019;14:12:00;COM VÍTIMA;ARRUDA;AV BEBERIBE;CIDADE;ABALROAMENTO LONGITUDINAL;1;1;;;;;;;1;;Bom;Não existe;Perfeito estado;Seca;Perfeito estado;Não existe;R-6a;;2019
20/01/2019;15:07:00;COM VÍTIMA;ENCRUZILHADA;AV NORTE;SUBURBIO;ABALROAMENTO TRANSVERSAL;1;1;;;;;;;1;;Bom;Sem defeito;Perfeito estado;Seca;Perfeito estado;Faixa de pedestre;;60 km/h;2019
20/01/2019;16:43:00;SEM VÍTIMA;CAXANGÁ;RUA RIBEIRO PESSOA;;COLISÃO;;;;;;;;;0;;;;;;;;;;2019
20/01/2019;17:06:00;SEM VÍTIMA;AFOGADOS;RUA COSME VIANA;CIDADE;ABALROAMENTO LONGITUDINAL;2;;;;;;;;0;;Bom;Com defeito;Perfeito estado;Seca;Perfeito estado;Não existe;Outras;;2019
20/01/2019;22:35:00;SEM VÍTIMA;BOA VIAGEM;RUA BALTAZAR PASSOS;CIDADE;CHOQUE OBJETO FIXO;1;;;;;;;;0;;Bom;Não existe;Perfeito estado;Seca;Perfeito estado;Faixa de pedestre;;;2019
21/01/2019;06:39:00;SEM VÍTIMA;BOA VIAGEM;AV BOA VIAGEM;;COLISÃO;1;1;;;;;;;0;;;;;;;;;;2019
21/01/2019;06:47:00;SEM VÍTIMA;AREIAS;AV RECIFE;SUBURBIO;ABALROAMENTO LONGITUDINAL;1;;1;;;;;;0;;Bom;Sem defeito;Perfeito estado;Seca;Perfeito estado;Faixa de pedestre;R-6a;;2019
21/01/2019;07:04:00;COM VÍTIMA;SANTO ANTÔNIO;PTE SEIS DE MARCO;CIDADE;ABALROAMENTO TRANSVERSAL;1;1;;;;;;;1;;Bom;Não existe;Perfeito estado;Seca;Perfeito estado;Não existe;Outras;;2019
21/01/2019;08:31:00;SEM VÍTIMA;SÃO JOSÉ;AV SUL;CIDADE;COLISÃO TRASEIRA;2;;;;;;;;0;;Bom;Sem defeito;Perfeito estado;Seca;Perfeito estado;Faixa de pedestre;Não há placas;;2019
21/01/2019;08:34:00;SEM VÍTIMA;BOA VIAGEM;AV DES JOSE NEVES;CIDADE;COLISÃO TRASEIRA;3;;;;;;;;0;;Bom;Não existe;Perfeito estado;Seca;Perfeito estado;Não existe;Não há placas;;2019
21/01/2019;08:39:00;SEM VÍTIMA;DERBY;RUA JENER DE SOUZA;CIDADE;COLISÃO TRASEIRA;2;;;;;;;;0;;Bom;Sem defeito;Perfeito estado;Seca;Perfeito estado;Faixa de pedestre;Não há placas;40 km/h;2019
21/01/2019;08:42:00;COM VÍTIMA;APIPUCOS;AV DEZESSETE DE AGOSTO;SUBURBIO;ABALROAMENTO LONGITUDINAL;1;1;;;;;;;1;;Bom;Não existe;Perfeito estado;Seca;Perfeito estado;Não existe;R-6a;;2019
21/01/2019;08:44:00;SEM VÍTIMA;BOA VIAGEM;RUA AMAZONAS;CIDADE;ABALROAMENTO LONGITUDINAL;2;;;;;;;;0;;Bom;Não existe;Perfeito estado;Seca;Perfeito estado;Não existe;Placas Pare;;2019
21/01/2019;09:26:00;COM VÍTIMA;SANTO ANTÔNIO;AV MARTINS DE BARROS;SUBURBIO;COLISÃO TRASEIRA;2;;;;1;;;;1;;Bom;Sem defeito;Perfeito estado;Seca;Perfeito estado;Faixa de pedestre;;;2019
21/01/2019;09:37:00;SEM VÍTIMA;PINA;AV CONSELHEIRO AGUIAR;CIDADE;ABALROAMENTO LONGITUDINAL;2;;;;;;;;0;;Bom;Sem defeito;Perfeito estado;Seca;Perfeito estado;Agente;Não há placas;60 km/h;2019
21/01/2019;09:37:00;SEM VÍTIMA;DOIS IRMÃOS;RUA MANUEL DE MEDEIROS;SUBURBIO;COLISÃO TRASEIRA;2;;;;;;;;0;;Bom;Não existe;Perfeito estado;Seca;Perfeito estado;Não existe;Não há placas;60 km/h;2019
21/01/2019;10:08:00;SEM VÍTIMA;SÃO JOSÉ;AV SUL;CIDADE;COLISÃO;1;;;;;1;;;0;;;;;;;;;;2019
21/01/2019;10:25:00;COM VÍTIMA;PRADO;RUA PADRE TEOFILO TWORZ;CIDADE;ABALROAMENTO TRANSVERSAL;2;1;;;;;;;1;;Bom;Não existe;Incompleta;Seca;Perfeito estado;Não existe;Não há placas;;2019
21/01/2019;10:31:00;COM VÍTIMA;APIPUCOS;RUA DE APIPUCOS;CIDADE;COLISÃO TRASEIRA;1;1;;;;;;;1;;Bom;Não existe;Perfeito estado;Seca;Perfeito estado;Não existe;Outras;60 km/h;2019
21/01/2019;10:53:00;SEM VÍTIMA;CASA AMARELA;RUA PADRE LEMOS;SUBURBIO;COLISÃO TRASEIRA;2;;;;;;;;0;;Bom;Não existe;Perfeito estado;Seca;Perfeito estado;Não existe;Outras;;2019
21/01/2019;11:05:00;COM VÍTIMA;SANTO AMARO;AV DR JAYME DA FONTE;SUBURBIO;COLISÃO COM CICLISTA;1;;1;;;;;;1;;Bom;Sem defeito;Perfeito estado;Seca;Perfeito estado;Não existe;Não há placas;60 km/h;2019
21/01/2019;11:06:00;SEM VÍTIMA;TEJIPIÓ;RUA GENERAL MANUEL RABELO;SUBURBIO;COLISÃO TRASEIRA;2;;;;;;;;0;;Bom;Não existe;Perfeito estado;Seca;Perfeito estado;Não existe;;;2019
21/01/2019;11:12:00;SEM VÍTIMA;BOA VISTA;AV GOVERNADOR AGAMENON MAGALHAES;;ABALROAMENTO LONGITUDINAL;1;;;;1;;;;0;;Bom;Sem defeito;Perfeito estado;Seca;Perfeito estado;Outros;Outras;60 km/h;2019
21/01/2019;11:40:00;SEM VÍTIMA;BOA VIAGEM;AV ENGENHEIRO DOMINGOS FERREIRA;SUBURBIO;COLISÃO TRASEIRA;4;;;;;;;;0;;Bom;Sem defeito;Perfeito estado;Seca;Perfeito estado;Não existe;Não há placas;60 km/h;2019
21/01/2019;11:52:00;SEM VÍTIMA;CASA FORTE;AV DEZESSETE DE AGOSTO;;COLISÃO;2;;;;;;;;0;;;;;;;;;;2019
21/01/2019;12:12:00;SEM VÍTIMA;IMBIRIBEIRA;VIADUTO TANCREDO NEVES;;ABALROAMENTO LONGITUDINAL;1;;;;;1;;;0;;Bom;Não existe;Não existente;Seca;Perfeito estado;Não existe;Não há placas;;2019
21/01/2019;12:20:00;SEM VÍTIMA;BOA VIAGEM;RUA MARIA CAROLINA;CIDADE;ABALROAMENTO LONGITUDINAL;2;;;;;;;;0;;Bom;Não existe;Perfeito estado;Seca;Perfeito estado;Não existe;Não há placas;30 km/h;2019
21/01/2019;13:17:00;SEM VÍTIMA;AFOGADOS;RUA DA PAZ;SUBURBIO;ABALROAMENTO LONGITUDINAL;1;;;;1;;;;0;;Bom;Sem defeito;Perfeito estado;Seca;Perfeito estado;Faixa de pedestre;Outras;;2019
21/01/2019;14:14:00;COM VÍTIMA;MANGUEIRA;RUA VINTE E UM DE ABRIL;;COLISÃO;1;1;;;;;;;1;;;;;;;;;;2019
21/01/2019;14:22:00;SEM VÍTIMA;ESPINHEIRO;RUA BARAO DE ITAMARACA;SUBURBIO;ABALROAMENTO LONGITUDINAL;2;;;;;;;;0;;Bom;Sem defeito;Perfeito estado;Seca;Perfeito estado;Faixa de pedestre;Outras;;2019
21/01/2019;14:23:00;SEM VÍTIMA;SÃO JOSÉ;RUA FLORIANO PEIXOTO;SUBURBIO;ABALROAMENTO LONGITUDINAL;;1;;;1;;;;0;;Bom;Não existe;Incompleta;Seca;Perfeito estado;Não existe;Não há placas;;2019
21/01/2019;14:44:00;SEM VÍTIMA;PINA;AV CONSELHEIRO AGUIAR;CIDADE;ABALROAMENTO LONGITUDINAL;1;1;;;;;;;0;;Bom;Não existe;Perfeito estado;Seca;Perfeito estado;Outros;Outras;60 km/h;2019
21/01/2019;15:07:00;SEM VÍTIMA;PINA;AV CONSELHEIRO AGUIAR;;COLISÃO TRASEIRA;2;;;;;;;;0;;Bom;Não existe;Perfeito estado;Seca;Perfeito estado;Não existe;R-6b;;2019
21/01/2019;15:31:00;SEM VÍTIMA;CASA AMARELA;RUA PAULA BATISTA;SUBURBIO;COLISÃO TRASEIRA;2;;;;;;;;0;;Bom;Não existe;Incompleta;Seca;Perfeito estado;Não existe;Outras;;2019
21/01/2019;16:50:00;VÍTIMA FATAL;TORRE;RUA COMPOSITOR JOAO SANTIAGO;;ATROPELAMENTO;1;;;2;;;;;1;1;Bom;Não existe;Perfeito estado;Seca;Perfeito estado;Não existe;Não há placas;;2019
21/01/2019;17:08:00;SEM VÍTIMA;BAIRRO DO RECIFE;;SUBURBIO;ABALROAMENTO LONGITUDINAL;1;;;;1;;;;0;;Bom;Não existe;Perfeito estado;Seca;Perfeito estado;Não existe;Não há placas;;2019
21/01/2019;17:28:00;SEM VÍTIMA;CAMPO GRANDE;EST DE BELEM;;COLISÃO;3;;;;;;;;0;;;;;;;;;;2019
21/01/2019;17:39:00;SEM VÍTIMA;BOA VIAGEM;AV CONSELHEIRO AGUIAR;;COLISÃO;1;;;;1;;;;0;;;;;;;;;;2019
21/01/2019;17:47:00;COM VÍTIMA;ÁGUA FRIA;AV BEBERIBE;;ABALROAMENTO LONGITUDINAL;1;1;;;;;;;1;;Bom;Não existe;Perfeito estado;Seca;Perfeito estado;Não existe;Outras;;2019
21/01/2019;17:55:00;SEM VÍTIMA;MANGUEIRA;AV DR JOSE RUFINO;CIDADE;ABALROAMENTO LONGITUDINAL;2;;;;;;;;0;;Bom;Sem defeito;Perfeito estado;Seca;Perfeito estado;Faixa de pedestre;Não há placas;;2019
21/01/2019;18:25:00;SEM VÍTIMA;DERBY;AV GOVERNADOR AGAMENON MAGALHAES;;COLISÃO;2;;;;;;;;0;;;;;;;;;;2019
21/01/2019;20:40:00;SEM VÍTIMA;CASA AMARELA;RUA DA HARMONIA;SUBURBIO;ABALROAMENTO TRANSVERSAL;2;;;;;;;;0;;Bom;Não existe;Perfeito estado;Seca;Perfeito estado;Faixa de pedestre;;;2019
21/01/2019;19:25:00;SEM VÍTIMA;CAXANGÁ;AV CAXANGA;;COLISÃO;1;;;;1;;;;0;;;;;;;;;;2019
31/01/2019;18:15:00;COM VÍTIMA;CORDEIRO;AV INACIO MONTEIRO;SUBURBIO;COLISÃO FRONTAL;1;1;;;;;;;1;;Bom;Sem defeito;Perfeito estado;Seca;;Faixa de pedestre;;40 km/h;2019
21/01/2019;20:07:00;SEM VÍTIMA;TORRÕES;RUA ILEXUINA;;COLISÃO;2;;;;;;;;0;;;;;;;;;;2019
22/01/2019;07:09:00;SEM VÍTIMA;IBURA;AV DOIS RIOS;;COLISÃO;2;;;;;;;;0;;;;;;;;;;2019
22/01/2019;08:26:00;SEM VÍTIMA;ESPINHEIRO;RUA SAO SALVADOR;;ABALROAMENTO LONGITUDINAL;3;;;;;;;;0;;Chuvoso;Não existe;Perfeito estado;Molhada;Perfeito estado;Não existe;Não há placas;;2019
22/01/2019;08:42:00;SEM VÍTIMA;DERBY;AV GOVERNADOR AGAMENON MAGALHAES;CIDADE;COLISÃO TRASEIRA;2;1;;;;;;;0;;Chuvoso;Sem defeito;Perfeito estado;Molhada;Perfeito estado;Faixa de pedestre;Outras;60 km/h;2019
22/01/2019;08:43:00;SEM VÍTIMA;IPSEP;AV RECIFE;;COLISÃO TRASEIRA;3;;;;;;;;0;;Chuvoso;Sem defeito;Incompleta;Molhada;Perfeito estado;Agente;Não há placas;50 km/h;2019
22/01/2019;08:55:00;SEM VÍTIMA;SANTO AMARO;AV CRUZ CABUGA;CIDADE;ABALROAMENTO LONGITUDINAL;2;;;;;;;;0;;Chuvoso;Sem defeito;Perfeito estado;Molhada;Perfeito estado;;R-6a;;2019
22/01/2019;09:08:00;SEM VÍTIMA;JARDIM SÃO PAULO;AV RECIFE;SUBURBIO;ABALROAMENTO LONGITUDINAL;1;1;;;;;;;0;;Chuvoso;Sem defeito;Perfeito estado;Molhada;Perfeito estado;Faixa de pedestre;Outras;60 km/h;2019
22/01/2019;09:10:00;SEM VÍTIMA;MONTEIRO;AV DR EURICO CHAVES;;CHOQUE VEÍCULO PARADO;2;;;;;;;;0;;Chuvoso;Não existe;Não existente;Molhada;Perfeito estado;Não existe;R-6a;30 km/h;2019
22/01/2019;09:13:00;SEM VÍTIMA;TORRE;RUA FLORIANO FRANCISCO DE OLIVEIRA;SUBURBIO;ABALROAMENTO TRANSVERSAL;2;;;;;;;;0;;Chuvoso;Não existe;Ilegível;Molhada;Perfeito estado;Não existe;Não há placas;;2019
22/01/2019;09:27:00;SEM VÍTIMA;BAIRRO DO RECIFE;CAIS DO APOLO;CIDADE;COLISÃO TRASEIRA;2;;;;;;;;0;;Chuvoso;Sem defeito;Perfeito estado;Molhada;Perfeito estado;Faixa de pedestre;Outras;;2019
22/01/2019;09:39:00;SEM VÍTIMA;ILHA JOANA BEZERRA;AV GOVERNADOR AGAMENON MAGALHAES;CIDADE;COLISÃO TRASEIRA;2;1;;;;;;;0;;Chuvoso;Não existe;Não existente;Molhada;Perfeito estado;Não existe;Outras;60 km/h;2019
22/01/2019;09:48:00;SEM VÍTIMA;IMBIRIBEIRA;RUA ITACARI;SUBURBIO;ABALROAMENTO TRANSVERSAL;2;;;;;;;;0;;Chuvoso;Sem defeito;Perfeito estado;Molhada;Perfeito estado;Faixa de pedestre;Placas Pare;;2019
22/01/2019;10:00:00;SEM VÍTIMA;ESPINHEIRO;AV JOAO DE BARROS;SUBURBIO;ABALROAMENTO LONGITUDINAL;2;;;;;;;;0;;Chuvoso;Sem defeito;Perfeito estado;Molhada;Perfeito estado;Não existe;Não há placas;;2019
22/01/2019;10:11:00;COM VÍTIMA;SANTO AMARO;RUA DO POMBAL;indefinido;ABALROAMENTO TRANSVERSAL;2;;;;;;;;1;;Chuvoso;Não existe;Perfeito estado;Molhada;Perfeito estado;Não existe;Não há placas;30 km/h;2019
22/01/2019;10:26:00;SEM VÍTIMA;CASA AMARELA;AV NORTE;CIDADE;COLISÃO TRASEIRA;2;1;;;;;;;0;;Chuvoso;Não existe;Perfeito estado;Molhada;Perfeito estado;Não existe;Não há placas;;2019
22/01/2019;10:59:00;SEM VÍTIMA;BOA VIAGEM;AV BOA VIAGEM;;COLISÃO;2;;;;;;;;0;;;;;;;;;;2019
22/01/2019;11:01:00;SEM VÍTIMA;BOA VIAGEM;AV BOA VIAGEM;CIDADE;ABALROAMENTO LONGITUDINAL;2;;;;;;;;0;;Chuvoso;Não existe;Perfeito estado;Molhada;Perfeito estado;Não existe;Não há placas;;2019
22/01/2019;11:04:00;SEM VÍTIMA;BOA VIAGEM;AVENIDA CELSO FURTADO (VIA MANGUE);;COLISÃO TRASEIRA;2;;;;;;;;0;;Chuvoso;Não existe;Perfeito estado;Molhada;Perfeito estado;Outros;Não há placas;;2019
22/01/2019;11:36:00;SEM VÍTIMA;CASA FORTE;EST DO ENCANAMENTO;CIDADE;ABALROAMENTO LONGITUDINAL;1;;;;;1;;;0;;Chuvoso;Sem defeito;Perfeito estado;Molhada;Perfeito estado;Não existe;Placas Pare;;2019
22/01/2019;12:26:00;SEM VÍTIMA;BOA VIAGEM;RUA VISCONDE DE JEQUITINHONHA;;COLISÃO;2;;;;;;;;0;;;;;;;;;;2019
22/01/2019;12:26:00;SEM VÍTIMA;MANGUEIRA;RUA SAO MIGUEL;SUBURBIO;ABALROAMENTO TRANSVERSAL;2;;;;;;;;0;;Chuvoso;Sem defeito;Perfeito estado;Molhada;Perfeito estado;Faixa de pedestre;Outras;60 km/h;2019
22/01/2019;12:35:00;SEM VÍTIMA;IMBIRIBEIRA;RUA SARGENTO SILVIO DELMAR HOLLEMBACH;;COLISÃO;2;;;;;;;;0;;;;;;;;;;2019
22/01/2019;13:50:00;COM VÍTIMA;CORDEIRO;AV CAXANGA;SUBURBIO;ABALROAMENTO LONGITUDINAL;1;1;;;;;;;1;;Chuvoso;Sem defeito;Perfeito estado;Molhada;Perfeito estado;Não existe;;;2019
22/01/2019;14:09:00;SEM VÍTIMA;TORRE;RUA PADRE ANCHIETA;;COLISÃO;3;;;;;;;;0;;;;;;;;;;2019
22/01/2019;14:17:00;SEM VÍTIMA;IMBIRIBEIRA;AV MARECHAL MASCARENHAS DE MORAES;CIDADE;COLISÃO TRASEIRA;1;1;;;;;;;0;;Bom;Sem defeito;Perfeito estado;Seca;Perfeito estado;Faixa de pedestre;Outras;60 km/h;2019
22/01/2019;14:26:00;SEM VÍTIMA;CAMPO GRANDE;RUA PROFESSOR FRANCISCO DA TRINDADE;;COLISÃO;1;;;;1;;;;0;;;;;;;;;;2019
22/01/2019;14:35:00;SEM VÍTIMA;SANTO AMARO;RUA DOS PALMARES;CIDADE;COLISÃO;2;;;;;;;;0;;;;;;;;;;2019
22/01/2019;14:58:00;SEM VÍTIMA;DERBY;AV GOVERNADOR AGAMENON MAGALHAES;;COLISÃO TRASEIRA;2;;;;;;;;0;;Bom;Sem defeito;Perfeito estado;Seca;Perfeito estado;Não existe;R-6a;60 km/h;2019
22/01/2019;14:58:00;SEM VÍTIMA;BOA VIAGEM;RUA DOS NAVEGANTES;SUBURBIO;COLISÃO TRASEIRA;1;;;;;1;;;0;;Bom;Sem defeito;Perfeito estado;Seca;Perfeito estado;Faixa de pedestre;Outras;;2019
22/01/2019;15:09:00;SEM VÍTIMA;AFOGADOS;EST DO BONGI;;COLISÃO;2;1;;;;;;;0;;;;;;;;;;2019