data;hora;natureza_acidente;bairro;endereco;sentido_via;tipo;auto;moto;ciclista;pedestre;onibus;caminhao;viatura;outros;vitimas;vitimasfatais;tempo_clima;situacao_semaforo;sinalizacao;condicao_via;conservacao_via;ponto_controle;situacao_placa;velocidade_max_via;ano
22/01/2019;15:15:00;COM VÍTIMA;IPUTINGA;RUA GASPAR PEREZ;CIDADE;COLISÃO TRASEIRA;1;1;;;;;;;1;;Bom;Não existe;Incompleta;Seca;Perfeito estado;Não existe;Não há placas;;2019
22/01/2019;15:18:00;SEM VÍTIMA;BOA VIAGEM;RUA DOS NAVEGANTES;;COLISÃO TRASEIRA;2;;;;;;;;0;;Bom;Não existe;Perfeito estado;Seca;Perfeito estado;Não existe;Não há placas;;2019
22/01/2019;16:41:00;SEM VÍTIMA;POÇO DA PANELA;RUA OLIVEIRA GOES;;ABALROAMENTO LONGITUDINAL;2;;;;;;;;0;;Bom;Não existe;;Seca;Perfeito estado;;R-6a;;2019
22/01/2019;16:46:00;SEM VÍTIMA;MADALENA;RUA BENFICA;CIDADE;ABALROAMENTO LONGITUDINAL;2;;;;;;;;0;;Bom;Não existe;Perfeito estado;Seca;Perfeito estado;Outros;Outras;;2019
22/01/2019;17:01:00;SEM VÍTIMA;IBURA;LAD DA COHAB;;ABALROAMENTO LONGITUDINAL;1;1;;;;;;;0;;Chuvoso;Não existe;Incompleta;Seca;Perfeito estado;;Não há placas;;2019
22/01/2019;17:38:00;COM VÍTIMA;ENGENHO DO MEIO;RUA ANTONIO CURADO;SUBURBIO;ABALROAMENTO TRANSVERSAL;;1;;;;1;;;1;;Chuvoso;Sem defeito;Não existente;Molhada;Perfeito estado;Faixa de pedestre;Não há placas;;2019
22/01/2019;18:08:00;COM VÍTIMA;MADALENA;AV ENGENHEIRO ABDIAS DE CARVALHO;SUBURBIO;COLISÃO TRASEIRA;1;1;;;;;;;2;;Bom;Sem defeito;Perfeito estado;Seca;Perfeito estado;Não existe;R-6a;;2019
22/01/2019;18:24:00;SEM VÍTIMA;TORRE;RUA JOSE BONIFACIO;SUBURBIO;ABALROAMENTO LONGITUDINAL;2;;;;;;;;0;;Bom;Não existe;Perfeito estado;Seca;Perfeito estado;Não existe;Não há placas;;2019
22/01/2019;19:05:00;SEM VÍTIMA;TAMARINEIRA;RUA JOSE DE VASCONCELOS;SUBURBIO;CHOQUE VEÍCULO PARADO;2;;;;;;;;0;;Bom;Não existe;Perfeito estado;Seca;Perfeito estado;Não existe;Não há placas;;2019
22/01/2019;21:43:00;SEM VÍTIMA;BOA VIAGEM;RUA PADRE CABRAL;;ACID. DE PERCURSO;;;;;;1;;;0;;;;;;;;;;2019
23/01/2019;05:46:00;SEM VÍTIMA;JARDIM SÃO PAULO;AV PIRACICABA;;COLISÃO;;;;;1;1;;;0;;;;;;;;;;2019
23/01/2019;07:23:00;SEM VÍTIMA;IMBIRIBEIRA;AV MARECHAL MASCARENHAS DE MORAES;CIDADE;COLISÃO TRASEIRA;1;;;;1;;;;0;;Bom;Não existe;Perfeito estado;Seca;Perfeito estado;Não existe;Não há placas;60 km/h;2019
23/01/2019;08:05:00;SEM VÍTIMA;BOA VIAGEM;RUA ERNESTO DE PAULA SANTOS;SUBURBIO;ABALROAMENTO LONGITUDINAL;1;;;;1;;;;0;;Bom;Sem defeito;Perfeito estado;Seca;Perfeito estado;Outros;Outras;60 km/h;2019
23/01/2019;08:08:00;SEM VÍTIMA;ENCRUZILHADA;AV NORTE;SUBURBIO;COLISÃO FRONTAL;2;;;;;1;;;0;;Bom;Sem defeito;Perfeito estado;Seca;Perfeito estado;Não existe;Outras;;2019
23/01/2019;08:33:00;SEM VÍTIMA;VÁRZEA;RUA GASTAO VIDIGAL;CIDADE;COLISÃO TRASEIRA;2;;;;;;;;0;;Bom;Sem defeito;Perfeito estado;Seca;Mal conservada;Não existe;Não há placas;;2019
23/01/2019;09:07:00;SEM VÍTIMA;BOA VIAGEM;RUA JOAO EUGENIO DE LIMA;;COLISÃO;2;;;;;;;;0;;;;;;;;;;2019
23/01/2019;09:25:00;SEM VÍTIMA;PINA;RUA ARQUITETO AUGUSTO REINALDO;SUBURBIO;ABALROAMENTO LONGITUDINAL;1;1;;;1;;;;0;;Bom;Sem defeito;Perfeito estado;Seca;Perfeito estado;Não existe;Não há placas;;2019
23/01/2019;10:04:00;SEM VÍTIMA;BOA VIAGEM;AV FERNANDO SIMOES BARBOSA;SUBURBIO;ABALROAMENTO TRANSVERSAL;1;;;;;1;;;0;;Bom;Sem defeito;Perfeito estado;Seca;Perfeito estado;Faixa de pedestre;Outras;;2019
23/01/2019;08:15:00;SEM VÍTIMA;IBURA;AV DOIS RIOS;CIDADE;ABALROAMENTO LONGITUDINAL;1;;;;;1;;1;0;;Bom;Sem defeito;Ilegível;Seca;Mal conservada;Faixa de pedestre;Não há placas;;2019
23/01/2019;10:20:00;SEM VÍTIMA;BOA VIAGEM;AV ENGENHEIRO DOMINGOS FERREIRA;SUBURBIO;ABALROAMENTO LONGITUDINAL;1;;;;1;;;;0;;Bom;Sem defeito;Perfeito estado;Seca;Perfeito estado;Outros;Outras;;2019
23/01/2019;10:21:00;SEM VÍTIMA;IMBIRIBEIRA;AV MARECHAL MASCARENHAS DE MORAES;SUBURBIO;COLISÃO TRASEIRA;1;1;;;;;;;0;;Bom;Sem defeito;Perfeito estado;Seca;Perfeito estado;Outros;Outras;60 km/h;2019
23/01/2019;10:31:00;SEM VÍTIMA;IMBIRIBEIRA;AV MARECHAL MASCARENHAS DE MORAES;CIDADE;COLISÃO;1;;;;;1;;;0;;;;;;;;;;2019
23/01/2019;11:46:00;SEM VÍTIMA;TORRE;RUA CANTORA CLARA NUNES;;ABALROAMENTO TRANSVERSAL;2;;;;;;;;0;;Bom;Não existe;Ilegível;Seca;Perfeito estado;Outros;Outras;;2019
23/01/2019;13:00:00;SEM VÍTIMA;DERBY;AV GOVERNADOR AGAMENON MAGALHAES;;COLISÃO TRASEIRA;4;;;;;;;;0;;Bom;Não existe;Perfeito estado;Seca;Perfeito estado;;Não há placas;60 km/h;2019
23/01/2019;13:15:00;SEM VÍTIMA;IMBIRIBEIRA;RUA JOAQUIM BANDEIRA;SUBURBIO;CHOQUE VEÍCULO PARADO;1;;;;;1;;;0;;Bom;Não existe;Não existente;Seca;Mal conservada;Não existe;Não há placas;;2019
23/01/2019;13:41:00;COM VÍTIMA;MADALENA;RUA MENEZES DRUMOND;;COLISÃO;1;1;;;;;;;1;;;;;;;;;;2019
23/01/2019;14:12:00;SEM VÍTIMA;ESPINHEIRO;RUA AMELIA;CIDADE;ABALROAMENTO LONGITUDINAL;2;;;;;;;;0;;Bom;Não existe;Perfeito estado;Seca;Perfeito estado;Não existe;Outras;;2019
23/01/2019;14:51:00;SEM VÍTIMA;SANTO AMARO;AV GOVERNADOR AGAMENON MAGALHAES;SUBURBIO;COLISÃO TRASEIRA;3;;;;;;;;0;;Bom;Não existe;Perfeito estado;Seca;Perfeito estado;Não existe;Não há placas;;2019
23/01/2019;15:09:00;SEM VÍTIMA;BOA VISTA;RUA JOAO FERNANDES VIEIRA;;ABALROAMENTO LONGITUDINAL;1;;;;1;;;;0;;Bom;Não existe;;Seca;Perfeito estado;Não existe;Não há placas;;2019
23/01/2019;16:04:00;SEM VÍTIMA;BOA VIAGEM;AV ENGENHEIRO DOMINGOS FERREIRA;;ABALROAMENTO LONGITUDINAL;2;1;;;;;;;0;;Bom;Sem defeito;Perfeito estado;Seca;Perfeito estado;Outros;Outras;60 km/h;2019
23/01/2019;16:05:00;COM VÍTIMA;SÃO JOSÉ;RUA SAO JOAO;SUBURBIO;ATROPELAMENTO;1;;;2;;;;;2;;Bom;Sem defeito;Perfeito estado;Seca;Perfeito estado;Faixa de pedestre;Não há placas;40 km/h;2019
23/01/2019;16:34:00;SEM VÍTIMA;PINA;AV REPUBLICA ARABE UNIDA;;COLISÃO;1;;;;1;;;;0;;;;;;;;;;2019
23/01/2019;16:35:00;SEM VÍTIMA;IMBIRIBEIRA;AV MARECHAL MASCARENHAS DE MORAES;CIDADE;ABALROAMENTO LONGITUDINAL;2;;;;;;;;0;;Bom;Não existe;Perfeito estado;Seca;Perfeito estado;Não existe;Não há placas;;2019
23/01/2019;18:09:00;SEM VÍTIMA;ALTO JOSÉ BONIFÁCIO;RUA CORREGO DO EUCLIDES;SUBURBIO;ABALROAMENTO LONGITUDINAL;1;;;;1;;;;0;;Bom;Não existe;Perfeito estado;Seca;Perfeito estado;Não existe;Não há placas;40 km/h;2019
23/01/2019;18:25:00;COM VÍTIMA;BOA VIAGEM;RUA PEDRO PAES MENDONCA;;COLISÃO;;;;;;;1;;1;;;;;;;;;;2019
23/01/2019;20:35:00;SEM VÍTIMA;JORDÃO;RUA RIO XINGU;CIDADE;COLISÃO FRONTAL;1;;;;1;;;;0;;Bom;Não existe;Não existente;Seca;Mal iluminada;Não existe;Não há placas;;2019
23/01/2019;21:17:00;SEM VÍTIMA;BOA VIAGEM;AV CONSELHEIRO AGUIAR;CIDADE;COLISÃO FRONTAL;2;;;;;;;;0;;Bom;Sem defeito;Perfeito estado;Seca;Perfeito estado;;Não há placas;40 km/h;2019
24/01/2019;06:38:00;SEM VÍTIMA;CAMPO GRANDE;EST DE BELEM;CIDADE;COLISÃO TRASEIRA;2;;;;;;;;0;;Bom;Sem defeito;Perfeito estado;Seca;Perfeito estado;;Não há placas;;2019
24/01/2019;07:33:00;SEM VÍTIMA;DERBY;RUA FELICIANO GOMES;SUBURBIO;COLISÃO TRASEIRA;2;;;;;;;;0;;Bom;Não existe;Perfeito estado;Seca;Perfeito estado;Não existe;Placas Pare;;2019
24/01/2019;07:38:00;SEM VÍTIMA;DERBY;RUA DOM FELICIANO;;COLISÃO;2;;;;;;;;0;;;;;;;;;;2019
24/01/2019;07:51:00;SEM VÍTIMA;IMBIRIBEIRA;AV MARECHAL MASCARENHAS DE MORAES;SUBURBIO;ABALROAMENTO LONGITUDINAL;1;;;;1;;;;0;;Bom;Sem defeito;Perfeito estado;Seca;Perfeito estado;Não existe;Não há placas;60 km/h;2019
24/01/2019;08:16:00;SEM VÍTIMA;TORRE;RUA REAL DA TORRE;SUB/CID;COLISÃO TRASEIRA;2;;;;;;;;0;;Bom;Sem defeito;Perfeito estado;Seca;;Agente;Outras;60 km/h;2019
24/01/2019;09:06:00;SEM VÍTIMA;BOA VIAGEM;RUA FRANCISCO DA CUNHA;CIDADE;ABALROAMENTO TRANSVERSAL;2;;;;;;;;0;;Bom;Não existe;Perfeito estado;Seca;Perfeito estado;Faixa de retenção;Placas Pare;30 km/h;2019
24/01/2019;09:33:00;SEM VÍTIMA;IMBIRIBEIRA;AV MARECHAL MASCARENHAS DE MORAES;CIDADE;COLISÃO TRASEIRA;1;;;;;1;;;0;;Bom;Não existe;Perfeito estado;Seca;Perfeito estado;Não existe;Não há placas;60 km/h;2019
24/01/2019;10:16:00;SEM VÍTIMA;CORDEIRO;RUA DIANOPOLIS;;ABALROAMENTO TRANSVERSAL;2;;;;;;;;0;;Bom;Sem defeito;Perfeito estado;Seca;Perfeito estado;Outros;R-6a;;2019
24/01/2019;10:34:00;SEM VÍTIMA;JORDÃO;RUA NOVA CANAA;SUBURBIO;ABALROAMENTO LONGITUDINAL;1;;;;;1;;;0;;Bom;Não existe;Incompleta;Seca;Perfeito estado;Não existe;Não há placas;30 km/h;2019
24/01/2019;11:11:00;SEM VÍTIMA;IBURA;AV DOIS RIOS;CIDADE;ABALROAMENTO LONGITUDINAL;1;1;;;;;;;0;;Bom;Não existe;Não existente;Seca;Mal conservada;Não existe;Não há placas;;2019
24/01/2019;11:15:00;SEM VÍTIMA;TEJIPIÓ;AV DR JOSE RUFINO;CIDADE;ABALROAMENTO LONGITUDINAL;1;1;;;;;;;0;;Bom;Sem defeito;Perfeito estado;Seca;Perfeito estado;Faixa de pedestre;Não há placas;;2019
24/01/2019;11:21:00;COM VÍTIMA;SANTO AMARO;RUA TREZE DE MAIO;;ABALROAMENTO TRANSVERSAL;1;1;;;;;;;1;;Bom;Sem defeito;Perfeito estado;Seca;Perfeito estado;Não existe;Outras;;2019
24/01/2019;12:51:00;SEM VÍTIMA;IPSEP;AV RECIFE;SUBURBIO;COLISÃO TRASEIRA;2;;;;;;;;0;;Bom;Sem defeito;Perfeito estado;Seca;Perfeito estado;Não existe;;;2019
24/01/2019;13:08:00;SEM VÍTIMA;CORDEIRO;RUA CLOTILDE DE OLIVEIRA;;COLISÃO;1;1;;;;;;;0;;;;;;;;;;2019
24/01/2019;13:11:00;SEM VÍTIMA;SANTO AMARO;RUA ARNOBIO MARQUES;;ABALROAMENTO TRANSVERSAL;2;;;;;;;;0;;Bom;Não existe;Perfeito estado;Seca;Perfeito estado;Não existe;R-25b;;2019
24/01/2019;13:17:00;SEM VÍTIMA;BOA VIAGEM;AV CONSELHEIRO AGUIAR;;COLISÃO;2;;;;;;;;0;;;;;;;;;;2019
24/01/2019;13:29:00;SEM VÍTIMA;MANGUEIRA;RUA VINTE E UM DE ABRIL;CIDADE;ABALROAMENTO TRANSVERSAL;1;1;;;;;;;0;;Bom;Sem defeito;Perfeito estado;Seca;;;;;2019
24/01/2019;14:13:00;SEM VÍTIMA;PARNAMIRIM;AV DEZESSETE DE AGOSTO;;COLISÃO;1;1;;;;;;;0;;;;;;;;;;2019
24/01/2019;14:21:00;SEM VÍTIMA;BOA VISTA;AV MANOEL BORBA;SUBURBIO;ABALROAMENTO LONGITUDINAL;1;;;;;1;;;0;;Bom;Não existe;Incompleta;Seca;Perfeito estado;;;;2019
24/01/2019;14:31:00;COM VÍTIMA;COELHOS;RUA DR JOSE MARIANO;;ABALROAMENTO LONGITUDINAL;;;;;1;;;;1;;Bom;Não existe;Não existente;Outros;Mal conservada;Não existe;Não há placas;;2019
24/01/2019;14:59:00;SEM VÍTIMA;CASA FORTE;AV DEZESSETE DE AGOSTO;CIDADE;COLISÃO TRASEIRA;2;;;;;;;;0;;Bom;Sem defeito;Perfeito estado;Seca;Perfeito estado;Faixa de pedestre;R-6a;60 km/h;2019
24/01/2019;15:12:00;SEM VÍTIMA;JARDIM SÃO PAULO;PRC DO JARDIM SAO PAULO;SUBURBIO;COLISÃO TRASEIRA;2;;;;;;;;0;;Bom;Não existe;Não existente;Seca;Perfeito estado;Não existe;Não há placas;;2019
24/01/2019;18:18:00;COM VÍTIMA;IMBIRIBEIRA;AV MARECHAL MASCARENHAS DE MORAES;CIDADE;COLISÃO COM CICLISTA;1;;1;;;;;;1;;Bom;Sem defeito;Perfeito estado;Seca;Perfeito estado;Não existe;Não há placas;;2019
24/01/2019;18:26:00;SEM VÍTIMA;CABANGA;PTE GOVERNADOR PAULO GUERRA;SUBURBIO;COLISÃO TRASEIRA;3;;;;;;;;0;;Bom;Não existe;Perfeito estado;Seca;Perfeito estado;Não existe;Não há placas;;2019
24/01/2019;18:56:00;SEM VÍTIMA;MADALENA;AV BEIRA RIO;SUBURBIO;ABALROAMENTO LONGITUDINAL;2;;;;;;;;0;;Bom;Não existe;Perfeito estado;Seca;Perfeito estado;Não existe;R-6a;;2019
24/01/2019;19:51:00;SEM VÍTIMA;IMBIRIBEIRA;AV MARECHAL MASCARENHAS DE MORAES;;COLISÃO;2;;;;;;;;0;;;;;;;;;;2019
24/01/2019;20:38:00;COM VÍTIMA;PINA;RUA MANOEL DE BRITO;SUBURBIO;ABALROAMENTO LONGITUDINAL;1;1;;;;;;;1;;Bom;Sem defeito;Perfeito estado;Seca;Perfeito estado;Faixa de pedestre;Não há placas;;2019
25/01/2019;07:54:00;SEM VÍTIMA;MORRO DA CONCEIÇÃO;COR DO BARTOLOMEU;CIDADE;CHOQUE VEÍCULO PARADO;1;;;;;;;;0;;Bom;Não existe;Perfeito estado;Seca;Perfeito estado;Não existe;R-6a;;2019
25/01/2019;08:48:00;SEM VÍTIMA;BOA VIAGEM;RUA DR RAUL LAFAYETTE;SUBURBIO;ABALROAMENTO LONGITUDINAL;2;;;;;;;;0;;Bom;Não existe;Não existente;Seca;Perfeito estado;Não existe;Não há placas;;2019
25/01/2019;09:28:00;SEM VÍTIMA;AREIAS;AV DR JOSE RUFINO;SUBURBIO;ABALROAMENTO LONGITUDINAL;1;1;;;;;;;0;;Bom;Não existe;Perfeito estado;Seca;Perfeito estado;Não existe;R-6a;;2019
25/01/2019;10:06:00;SEM VÍTIMA;BEBERIBE;AV BEBERIBE;;COLISÃO;2;;;;;;;;0;;;;;;;;;;2019
25/01/2019;11:04:00;SEM VÍTIMA;SANTO AMARO;RUA TREZE DE MAIO;SUBURBIO;ABALROAMENTO LONGITUDINAL;2;;;;;;;;0;;Bom;Sem defeito;Perfeito estado;Seca;Perfeito estado;Faixa de pedestre;Outras;;2019
25/01/2019;12:07:00;SEM VÍTIMA;ESTÂNCIA;AV RECIFE;;ABALROAMENTO LONGITUDINAL;1;;;;;;1;;0;;Bom;Não existe;Perfeito estado;Seca;Perfeito estado;;Outras;;2019
25/01/2019;12:16:00;COM VÍTIMA;BAIRRO DO RECIFE;AV ALFREDO LISBOA;;ABALROAMENTO LONGITUDINAL;;1;;;;;;;1;;Bom;Não existe;Perfeito estado;Seca;Perfeito estado;Não existe;Outras;;2019
25/01/2019;12:27:00;SEM VÍTIMA;DOIS IRMÃOS;RUA DOIS IRMAOS;SUBURBIO;COLISÃO TRASEIRA;1;1;;;;;;;0;;Bom;Não existe;Perfeito estado;Seca;Perfeito estado;Não existe;Não há placas;60 km/h;2019
25/01/2019;12:43:00;SEM VÍTIMA;BOA VIAGEM;AV BOA VIAGEM;;COLISÃO;;;;;;;;;0;;;;;;;;;;2019
25/01/2019;13:52:00;SEM VÍTIMA;BOA VIAGEM;AV ENGENHEIRO DOMINGOS FERREIRA;;COLISÃO;2;;;;;;;;0;;;;;;;;;;2019
25/01/2019;14:52:00;SEM VÍTIMA;ESTÂNCIA;AV RECIFE;;COLISÃO;1;1;;;;;;;0;;;;;;;;;;2019
25/01/2019;15:20:00;SEM VÍTIMA;PINA;AV REPUBLICA ARABE UNIDA;SUBURBIO;COLISÃO TRASEIRA;3;;;;;;;;0;;Bom;Não existe;Perfeito estado;Seca;Perfeito estado;Outros;Outras;60 km/h;2019
25/01/2019;15:22:00;SEM VÍTIMA;PRADO;RUA RODRIGUES DE MENDONCA;SUBURBIO;COLISÃO TRASEIRA;1;;;;1;;;;0;;Bom;Não existe;Perfeito estado;Seca;Perfeito estado;Não existe;R-6c;30 km/h;2019
25/01/2019;15:30:00;SEM VÍTIMA;ARRUDA;RUA DR RAIMUNDO CAVALCANTI UCHOA;SUBURBIO;ABALROAMENTO LONGITUDINAL;1;;;;;1;;;0;;Bom;Não existe;Incompleta;Seca;Perfeito estado;;Não há placas;30 km/h;2019
25/01/2019;16:11:00;SEM VÍTIMA;SANTO AMARO;AV NORTE;CIDADE;ABALROAMENTO LONGITUDINAL;2;;;;;;;;0;;Bom;Sem defeito;Perfeito estado;Seca;Perfeito estado;;;;2019
25/01/2019;16:19:00;SEM VÍTIMA;TORRÕES;AV NORTE;SUBURBIO;COLISÃO TRASEIRA;2;;;;;;;;0;;Bom;Sem defeito;Perfeito estado;Seca;Perfeito estado;Faixa de pedestre;R-6a;;2019
25/01/2019;17:04:00;SEM VÍTIMA;SANTO AMARO;AV NORTE;SUBURBIO;ABALROAMENTO LONGITUDINAL;2;;;;;;;;0;;Bom;Não existe;Perfeito estado;Seca;Perfeito estado;Não existe;Não há placas;;2019
25/01/2019;17:10:00;SEM VÍTIMA;IPSEP;RUA ITAJAI;SUBURBIO;ABALROAMENTO LONGITUDINAL;1;1;;;;;;;0;;Bom;Não existe;;Seca;Perfeito estado;Faixa de pedestre;Placas Pare;;2019
25/01/2019;17:43:00;SEM VÍTIMA;IMBIRIBEIRA;AV MARECHAL MASCARENHAS DE MORAES;SUBURBIO;COLISÃO TRASEIRA;1;2;;;;;;;0;;Bom;Sem defeito;Perfeito estado;Seca;Perfeito estado;Faixa de pedestre;Não há placas;;2019
25/01/2019;17:44:00;COM VÍTIMA;BOA VISTA;AV CONDE DA BOA VISTA;SUBURBIO;ATROPELAMENTO;;;;1;1;;;;1;;Bom;Não existe;Perfeito estado;Seca;Perfeito estado;Não existe;Outras;40 km/h;2019
25/01/2019;17:50:00;SEM VÍTIMA;AFOGADOS;RUA SAO MIGUEL;SUBURBIO;ABALROAMENTO TRANSVERSAL;1;1;;;;;;;0;;Bom;Não existe;Perfeito estado;Seca;Perfeito estado;Não existe;Não há placas;;2019
25/01/2019;18:27:00;SEM VÍTIMA;AFLITOS;RUA EDGAR D'AMORIM;SUBURBIO;ABALROAMENTO TRANSVERSAL;1;;;;1;;;;0;;Bom;Não existe;Perfeito estado;Seca;Perfeito estado;Outros;Outras;;2019
25/01/2019;18:39:00;COM VÍTIMA;APIPUCOS;RUA DE APIPUCOS;;ABALROAMENTO TRANSVERSAL;1;1;;;;;;;1;;Bom;Não existe;Perfeito estado;Seca;Perfeito estado;Não existe;Não há placas;;2019
25/01/2019;18:48:00;COM VÍTIMA;DERBY;AV GOVERNADOR AGAMENON MAGALHAES;CIDADE;COLISÃO TRASEIRA;3;;;;;;;;3;;Bom;Sem defeito;Perfeito estado;Seca;Perfeito estado;Não existe;Outras;;2019
25/01/2019;18:50:00;COM VÍTIMA;BOA VIAGEM;AV ENGENHEIRO DOMINGOS FERREIRA;SUBURBIO;ABALROAMENTO LONGITUDINAL;1;1;;;;;;;1;;Bom;Não existe;Perfeito estado;Seca;Perfeito estado;Não existe;;60 km/h;2019
25/01/2019;18:54:00;COM VÍTIMA;MONTEIRO;AV DEZESSETE DE AGOSTO;;COLISÃO;1;1;;;;;;;1;;;;;;;;;;2019
25/01/2019;20:27:00;SEM VÍTIMA;ESTÂNCIA;AV RECIFE;SUBURBIO;ABALROAMENTO LONGITUDINAL;1;;;;;1;;;0;;Bom;Não existe;Ilegível;Seca;Mal iluminada;Não existe;Não há placas;60 km/h;2019
25/01/2019;22:13:00;COM VÍTIMA;SANTO ANTÔNIO;AV MARTINS DE BARROS;SUBURBIO;COLISÃO COM CICLISTA;;1;1;;;;;;1;;Bom;Sem defeito;Perfeito estado;Seca;Perfeito estado;Outros;Outras;;2019
26/01/2019;02:46:00;SEM VÍTIMA;DERBY;RUA DA BAIXA VERDE;;ABALROAMENTO TRANSVERSAL;2;;;;;;;;0;;Bom;Não existe;Perfeito estado;Seca;Perfeito estado;Faixa de retenção;Placas Pare;30 km/h;2019
26/01/2019;03:12:00;COM VÍTIMA;IMBIRIBEIRA;RUA PAMPULHA;;ABALROAMENTO TRANSVERSAL;2;;;;;;;;1;;Bom;Não existe;Ilegível;Seca;Mal iluminada;;Placas Pare;;2019
26/01/2019;04:18:00;SEM VÍTIMA;BOA VIAGEM;RUA MINISTRO SALGADO FILHO;;CHOQUE;2;;;;;;;;0;;;;;;;;;;2019
26/01/2019;07:08:00;SEM VÍTIMA;ÁGUA FRIA;AV BEBERIBE;;COLISÃO;1;;;;1;;;;0;;;;;;;;;;2019
26/01/2019;07:38:00;COM VÍTIMA;JORDÃO;RUA REMIGIO;CIDADE;ABALROAMENTO LONGITUDINAL;2;;;;;;;;2;;Bom;Não existe;Não existente;Seca;Perfeito estado;Não existe;Não há placas;;2019
26/01/2019;07:38:00;COM VÍTIMA;MACAXEIRA;AV NORTE;CIDADE;COLISÃO TRASEIRA;1;1;;;;1;;;1;;Bom;Não existe;Perfeito estado;Seca;Perfeito estado;Não existe;R-19;60 km/h;2019
26/01/2019;08:09:00;SEM VÍTIMA;CURADO;RUA MINISTRO MARIO ANDREAZZA;;COLISÃO TRASEIRA;2;;;;;;;;0;;Bom;Não existe;Incompleta;Seca;Perfeito estado;Não existe;Placas Pare;;2019
26/01/2019;08:27:00;SEM VÍTIMA;BOA VIAGEM;AV ENGENHEIRO DOMINGOS FERREIRA;SUBURBIO;ABALROAMENTO TRANSVERSAL;1;;;;1;;;;0;;Bom;Sem defeito;Perfeito estado;Seca;Perfeito estado;Faixa de pedestre;Outras;60 km/h;2019
26/01/2019;10:34:00;SEM VÍTIMA;BOA VISTA;AV GOVERNADOR AGAMENON MAGALHAES;;ABALROAMENTO LONGITUDINAL;1;1;;;;;;;0;;Bom;Não existe;Perfeito estado;Seca;Perfeito estado;Outros;Outras;;2019
26/01/2019;10:55:00;COM VÍTIMA;MADALENA;RUA REAL DA TORRE;CIDADE;ABALROAMENTO TRANSVERSAL;1;1;;;;;;;2;;Bom;;Perfeito estado;Seca;Perfeito estado;Não existe;;;2019
26/01/2019;13:06:00;COM VÍTIMA;ESTÂNCIA;AV RECIFE;CIDADE;ABALROAMENTO LONGITUDINAL;2;1;;;;;;;1;;Bom;Sem defeito;Perfeito estado;Seca;Perfeito estado;Faixa de pedestre;Não há placas;;2019
26/01/2019;13:42:00;SEM VÍTIMA;IPSEP;RUA ARISTIDES LOBO;SUBURBIO;ABALROAMENTO LONGITUDINAL;2;;;;;1;;;0;;Bom;Não existe;Perfeito estado;Seca;Perfeito estado;Não existe;Não há placas;;2019
26/01/2019;15:22:00;SEM VÍTIMA;SÃO JOSÉ;RUA IMPERIAL;;COLISÃO;1;1;;;;;;;0;;;;;;;;;;2019
26/01/2019;15:54:00;COM VÍTIMA;PINA;AV BOA VIAGEM;CIDADE;ATROPELAMENTO;;;;1;;1;;;1;;Bom;Sem defeito;Perfeito estado;Seca;Perfeito estado;Não existe;R-6b;60 km/h;2019
26/01/2019;17:26:00;SEM VÍTIMA;ESPINHEIRO;AV GOVERNADOR AGAMENON MAGALHAES;SUBURBIO;COLISÃO TRASEIRA;2;;;;;;;;0;;Bom;Sem defeito;Perfeito estado;Seca;Perfeito estado;Não existe;Outras;60 km/h;2019
26/01/2019;18:24:00;SEM VÍTIMA;BOMBA DO HEMETÉRIO;RUA BOMBA DO HEMETERIO;;COLISÃO;1;;;;1;;;;0;;;;;;;;;;2019
26/01/2019;19:27:00;SEM VÍTIMA;ARRUDA;AV PROFESSOR JOSE DOS ANJOS;;ABALROAMENTO LONGITUDINAL;1;;;;;1;;;0;;Bom;Sem defeito;Perfeito estado;Seca;Mal iluminada;Faixa de pedestre;;;2019
26/01/2019;20:58:00;SEM VÍTIMA;DOIS UNIDOS;AV HILDEBRANDO DE VASCONCELOS;SUBURBIO;ABALROAMENTO TRANSVERSAL;1;1;;;;;;;0;;Bom;Não existe;;Seca;Perfeito estado;Não existe;Não há placas;30 km/h;2019
26/01/2019;22:23:00;SEM VÍTIMA;GRAÇAS;AV RUI BARBOSA;;COLISÃO;2;;;;;;;;0;;;;;;;;;;2019
26/01/2019;21:57:00;SEM VÍTIMA;ILHA DO LEITE;RUA FRANCISCO ALVES;SUBURBIO;ABALROAMENTO LONGITUDINAL;1;;;;1;;;;0;;Bom;Sem defeito;Perfeito estado;Seca;Perfeito estado;Faixa de pedestre;Não há placas;;2019
27/01/2019;03:04:00;SEM VÍTIMA;BOA VIAGEM;AV HELIO FALCAO;;COLISÃO;2;;;;;;;;0;;;;;;;;;;2019
27/01/2019;08:50:00;SEM VÍTIMA;SANTO ANTÔNIO;AV MARTINS DE BARROS;;COLISÃO TRASEIRA;2;;;;;;;;0;;Bom;Sem defeito;Perfeito estado;Seca;Perfeito estado;Faixa de pedestre;;;2019
27/01/2019;09:53:00;SEM VÍTIMA;JORDÃO;AV BEIRA RIO;;COLISÃO;2;;;;;;;;0;;;;;;;;;;2019
27/01/2019;10:36:00;SEM VÍTIMA;DERBY;AV GOVERNADOR AGAMENON MAGALHAES;CIDADE;ABALROAMENTO LONGITUDINAL;2;;;;;;;;0;;Bom;Sem defeito;Perfeito estado;Seca;Perfeito estado;;Outras;;2019