data;hora;natureza_acidente;bairro;endereco;sentido_via;tipo;auto;moto;ciclista;pedestre;onibus;caminhao;viatura;outros;vitimas;vitimasfatais;tempo_clima;situacao_semaforo;sinalizacao;condicao_via;conservacao_via;ponto_controle;situacao_placa;velocidade_max_via;ano
27/01/2019;11:34:00;COM VÍTIMA;ILHA JOANA BEZERRA;VIADUTO CAPITAO TEMUDO;;COLISÃO;;;;;;;;;1;;;;;;;;;;2019
27/01/2019;12:11:00;SEM VÍTIMA;BOA VIAGEM;RUA VISCONDE DE JEQUITINHONHA;;COLISÃO;2;;;;;;;;0;;;;;;;;;;2019
27/01/2019;13:10:00;SEM VÍTIMA;JORDÃO;AV MARIA IRENE;;COLISÃO;1;1;;;;;;;0;;;;;;;;;;2019
27/01/2019;15:39:00;SEM VÍTIMA;VASCO DA GAMA;RUA VASCO DA GAMA;SUBURBIO;ABALROAMENTO LONGITUDINAL;1;1;;;;;;;0;;Bom;Não existe;Perfeito estado;Seca;Perfeito estado;Não existe;R-6a;;2019
27/01/2019;15:52:00;SEM VÍTIMA;BOA VIAGEM;AV ENGENHEIRO DOMINGOS FERREIRA;SUBURBIO;ABALROAMENTO TRANSVERSAL;2;;;;;;;;0;;Bom;Sem defeito;Perfeito estado;Seca;Perfeito estado;Faixa de pedestre;Não há placas;;2019
27/01/2019;16:44:00;COM VÍTIMA;VÁRZEA;RUA VALE DO SIRIJI;SUBURBIO;COLISÃO FRONTAL;1;1;;;;;;;1;;Bom;Não existe;Incompleta;Seca;Perfeito estado;Não existe;R-6a;;2019
27/01/2019;20:05:00;COM VÍTIMA;CASA FORTE;;CIDADE;ATROPELAMENTO;;1;;1;;;;;2;;Bom;Sem defeito;Perfeito estado;Seca;Perfeito estado;Faixa de pedestre;Outras;;2019
27/01/2019;21:22:00;COM VÍTIMA;BOA VIAGEM;RUA RIBEIRO DE BRITO;SUBURBIO;ABALROAMENTO LONGITUDINAL;1;1;;;;;;;1;;Bom;Sem defeito;Perfeito estado;Seca;Perfeito estado;Faixa de pedestre;R-6a;40 km/h;2019
27/01/2019;21:49:00;COM VÍTIMA;CORDEIRO;AV GENERAL SAN MARTIN;;ABALROAMENTO TRANSVERSAL;1;1;;;;;;;1;;Bom;Não existe;Perfeito estado;Seca;Mal iluminada;Não existe;Outras;;2019
27/01/2019;23:14:00;SEM VÍTIMA;JAQUEIRA;AV RUI BARBOSA;CIDADE;ABALROAMENTO LONGITUDINAL;1;;;;1;;;;0;;Chuvoso;Não existe;Ilegível;Molhada;Mal iluminada;Não existe;Não há placas;60 km/h;2019
27/01/2019;23:46:00;SEM VÍTIMA;CORDEIRO;AV GENERAL SAN MARTIN;;ABALROAMENTO LONGITUDINAL;1;;;;;1;;;0;;Bom;Não existe;Perfeito estado;Seca;Perfeito estado;;Não há placas;40 km/h;2019
27/01/2019;23:56:00;SEM VÍTIMA;IPUTINGA;AV CAXANGA;;ABALROAMENTO TRANSVERSAL;2;;;;;;;;0;;Chuvoso;Sem defeito;Ilegível;Molhada;Mal iluminada;Faixa de pedestre;Não há placas;60 km/h;2019
28/01/2019;00:07:00;SEM VÍTIMA;BOA VIAGEM;AV BOA VIAGEM;CIDADE;CHOQUE VEÍCULO PARADO;2;;;;;;;;0;;;;;;;;;;2019
28/01/2019;06:42:00;SEM VÍTIMA;PINA;AV HERCULANO BANDEIRA;SUBURBIO;ABALROAMENTO TRANSVERSAL;1;;;;1;;;;0;;Chuvoso;Sem defeito;Perfeito estado;Molhada;Perfeito estado;Faixa de pedestre;Outras;60 km/h;2019
28/01/2019;07:01:00;COM VÍTIMA;BOA VIAGEM;AV RECIFE;AEROPORTO;CAPOTAMENTO;1;;;;;;;;1;;Chuvoso;Não existe;Perfeito estado;Molhada;Perfeito estado;Não existe;Não há placas;60 km/h;2019
28/01/2019;07:40:00;SEM VÍTIMA;VÁRZEA;AV JOAQUIM RIBEIRO;SUBURBIO;COLISÃO TRASEIRA;3;;;;;;;;0;;Chuvoso;Sem defeito;Perfeito estado;Molhada;Perfeito estado;Faixa de pedestre;Não há placas;;2019
28/01/2019;08:11:00;SEM VÍTIMA;TORRÕES;AV ENGENHEIRO ABDIAS DE CARVALHO;CIDADE;COLISÃO TRASEIRA;;2;;;;;;;0;;Chuvoso;Sem defeito;Perfeito estado;Molhada;Perfeito estado;Agente;Não há placas;;2019
28/01/2019;08:40:00;SEM VÍTIMA;MADALENA;RUA REAL DA TORRE;CIDADE;COLISÃO TRASEIRA;2;;;;;;;;0;;Chuvoso;Sem defeito;Perfeito estado;Molhada;Perfeito estado;Faixa de pedestre;Outras;60 km/h;2019
28/01/2019;10:34:00;SEM VÍTIMA;AFLITOS;AV CONS ROSA E SILVA;;COLISÃO;2;;;;;;;;0;;;;;;;;;;2019
28/01/2019;11:21:00;SEM VÍTIMA;IPSEP;RUA PADRE LIMA E SA;SUBURBIO;ABALROAMENTO TRANSVERSAL;2;;;;;;;;0;;Chuvoso;Não existe;Incompleta;Molhada;Perfeito estado;Não existe;Não há placas;;2019
28/01/2019;11:43:00;COM VÍTIMA;ENCRUZILHADA;RUA ALFREDO DE CASTRO;SUBURBIO;CHOQUE VEÍCULO PARADO;1;1;;;;;;;1;;Chuvoso;Com defeito;Perfeito estado;Molhada;Perfeito estado;;Não há placas;;2019
27/01/2019;11:00:00;COM VÍTIMA;JOANA BEZERRA;VIADUTO CAPITAO TEMUDO;SUBURBIO;COLISÃO TRASEIRA;2;1;;;;;;;1;;Bom;Não existe;Perfeito estado;Seca;Perfeito estado;;Outras;60 km/h;2019
28/01/2019;15:58:00;SEM VÍTIMA;CASA AMARELA;RUA PADRE LEMOS;CIDADE;ABALROAMENTO LONGITUDINAL;1;;;;1;;;;0;;Bom;Não existe;Perfeito estado;Seca;Perfeito estado;Não existe;R-6a;;2019
28/01/2019;16:05:00;SEM VÍTIMA;BOA VIAGEM;RUA FRANCISCO DA CUNHA;CIDADE;ABALROAMENTO TRANSVERSAL;2;;;;;;;;0;;Bom;Não existe;Perfeito estado;Seca;Perfeito estado;Não existe;Não há placas;;2019
28/01/2019;16:10:00;SEM VÍTIMA;BOA VISTA;RUA DO HOSPICIO;CIDADE;ABALROAMENTO TRANSVERSAL;1;;;;1;;;;0;;Bom;Sem defeito;Perfeito estado;Seca;Perfeito estado;Faixa de pedestre;R-6a;;2019
28/01/2019;17:20:00;SEM VÍTIMA;PARNAMIRIM;AV PARNAMIRIM;;COLISÃO;1;;;;;1;;;0;;;;;;;;;;2019
28/01/2019;18:35:00;SEM VÍTIMA;BOA VIAGEM;AV DOM JOAO VI;;COLISÃO;;1;;;;1;;;0;;;;;;;;;;2019
28/01/2019;19:20:00;SEM VÍTIMA;CASA AMARELA;EST MORRO DA CONCEICAO;;COLISÃO;;;;;;;;;0;;;;;;;;;;2019
28/01/2019;19:23:00;SEM VÍTIMA;ÁGUA FRIA;RUA DAS MOCAS;SUBURBIO;ABALROAMENTO LONGITUDINAL;1;1;;;;;;;0;;Bom;Não existe;Perfeito estado;Seca;Perfeito estado;Não existe;Não há placas;;2019
28/01/2019;19:30:00;SEM VÍTIMA;SAN MARTIN;AV ENGENHEIRO ABDIAS DE CARVALHO;SUBURBIO;COLISÃO TRASEIRA;2;;;;;;;;0;;Chuvoso;Sem defeito;Perfeito estado;Molhada;Perfeito estado;Faixa de pedestre;Não há placas;;2019
28/01/2019;21:02:00;SEM VÍTIMA;CASA AMARELA;EST DO ENCANAMENTO;CIDADE;ABALROAMENTO TRANSVERSAL;2;;;;;;;;0;;Chuvoso;Não existe;Perfeito estado;Molhada;Perfeito estado;;Placas Pare;;2019
28/01/2019;21:39:00;SEM VÍTIMA;IMBIRIBEIRA;AV MARECHAL MASCARENHAS DE MORAES;;COLISÃO TRASEIRA;2;;;;;;;;0;;Chuvoso;Intermitente;Incompleta;Molhada;Perfeito estado;Faixa de pedestre;Não há placas;60 km/h;2019
29/01/2019;00:02:00;SEM VÍTIMA;BOA VIAGEM;AV DES JOSE NEVES;SUBURBIO;COLISÃO TRASEIRA;2;;;;;;;;0;;Chuvoso;Não existe;Perfeito estado;Molhada;Perfeito estado;Não existe;Não há placas;;2019
29/01/2019;07:53:00;COM VÍTIMA;IBURA;AV DOIS RIOS;CIDADE;COLISÃO TRASEIRA;;2;;;;;;;1;;Chuvoso;Não existe;Perfeito estado;Molhada;Perfeito estado;Não existe;;40 km/h;2019
29/01/2019;08:13:00;COM VÍTIMA;CAMPO GRANDE;RUA ODORICO MENDES;SUBURBIO;ABALROAMENTO LONGITUDINAL;1;1;;;;;;;1;;Bom;Não existe;Perfeito estado;Seca;Perfeito estado;Não existe;Placas Pare;;2019
29/01/2019;08:28:00;SEM VÍTIMA;MADALENA;AV CAXANGA;;COLISÃO;1;;;;1;;;;0;;;;;;;;;;2019
29/01/2019;09:23:00;SEM VÍTIMA;AFOGADOS;RUA LONDRINA;CIDADE;ABALROAMENTO LONGITUDINAL;2;;;;;;;;0;;Bom;Não existe;Perfeito estado;Seca;Perfeito estado;Não existe;Não há placas;;2019
29/01/2019;09:27:00;SEM VÍTIMA;AFOGADOS;RUA SAO MIGUEL;SUBURBIO;ABALROAMENTO LONGITUDINAL;2;;;;;;;;0;;Bom;Não existe;Perfeito estado;Seca;Perfeito estado;Não existe;Não há placas;50 km/h;2019
29/01/2019;10:11:00;SEM VÍTIMA;BOA VIAGEM;RUA PROFESSOR JOAO MEDEIROS;;COLISÃO;1;;;;;1;;;0;;;;;;;;;;2019
29/01/2019;10:26:00;SEM VÍTIMA;BARRO;AV DR JOSE RUFINO;CIDADE;COLISÃO;1;;;;1;;;;0;;;;;;;;;;2019
29/01/2019;10:48:00;SEM VÍTIMA;BOA VIAGEM;AV CONSELHEIRO AGUIAR;SUBURBIO;ABALROAMENTO LONGITUDINAL;2;;;;;;;;0;;Bom;Sem defeito;Perfeito estado;Seca;Perfeito estado;Faixa de pedestre;Outras;60 km/h;2019
29/01/2019;11:13:00;SEM VÍTIMA;BOA VISTA;AV MANOEL BORBA;;COLISÃO;2;;;;;;;;0;;;;;;;;;;2019
29/01/2019;11:25:00;COM VÍTIMA;IMBIRIBEIRA;AV MARECHAL MASCARENHAS DE MORAES;CIDADE;ABALROAMENTO TRANSVERSAL;1;1;;;;;;;1;;Bom;Não existe;Perfeito estado;Seca;Perfeito estado;;Não há placas;40 km/h;2019
29/01/2019;11:34:00;SEM VÍTIMA;BOA VISTA;AV MANOEL BORBA;;COLISÃO;2;;;;;;;;0;;;;;;;;;;2019
29/01/2019;11:53:00;SEM VÍTIMA;IMBIRIBEIRA;AV ANTONIO TORRES GALVAO;SUBURBIO;COLISÃO TRASEIRA;2;;;;;;;;0;;Bom;Não existe;Incompleta;Seca;Mal conservada;Não existe;Outras;;2019
29/01/2019;12:19:00;SEM VÍTIMA;BOA VIAGEM;AV GOVERNADOR TORRES GALVAO;;COLISÃO;2;;;;;;;;0;;;;;;;;;;2019
29/01/2019;12:19:00;SEM VÍTIMA;BOA VISTA;RUA AURORA;CIDADE;ABALROAMENTO LONGITUDINAL;2;;;;;;;;0;;Bom;Sem defeito;Perfeito estado;Seca;Perfeito estado;;Outras;;2019
29/01/2019;13:56:00;SEM VÍTIMA;IPSEP;AV RECIFE;;COLISÃO;2;;;;;;;;0;;;;;;;;;;2019
29/01/2019;14:00:00;SEM VÍTIMA;CÓRREGO DO JENIPAPO;RUA DA DEMOCRACIA;;ABALROAMENTO LONGITUDINAL;1;;;;1;;;;0;;Bom;Não existe;Perfeito estado;Seca;Perfeito estado;Não existe;Não há placas;40 km/h;2019
29/01/2019;14:22:00;SEM VÍTIMA;SANTO AMARO;RUA ALVARES DE AZEVEDO;CIDADE;ABALROAMENTO LONGITUDINAL;2;;;;;;;;0;;Bom;Não existe;Incompleta;Seca;Perfeito estado;Faixa de pedestre;Não há placas;;2019
31/01/2019;18:15:00;SEM VÍTIMA;ESPINHEIRO;AV GOVERNADOR AGAMENON MAGALHAES;;COLISÃO;2;;;;;;;;0;;;;;;;;;;2019
29/01/2019;14:33:00;SEM VÍTIMA;PINA;PTE GOVERNADOR PAULO GUERRA;SUBURBIO;ABALROAMENTO LONGITUDINAL;1;;;;1;;;;0;;Bom;Não existe;Perfeito estado;Seca;Perfeito estado;Não existe;;60 km/h;2019
29/01/2019;14:56:00;SEM VÍTIMA;BOA VIAGEM;RUA DES JOAO PAES;;ABALROAMENTO TRANSVERSAL;1;;;;1;;;;0;;Bom;Não existe;Incompleta;Seca;Perfeito estado;Faixa de pedestre;Placas Pare;;2019
29/01/2019;15:27:00;SEM VÍTIMA;BOA VIAGEM;AV CONSELHEIRO AGUIAR;;COLISÃO;1;;;;1;;;1;0;;;;;;;;;;2019
29/01/2019;16:06:00;SEM VÍTIMA;IMBIRIBEIRA;AV MARECHAL MASCARENHAS DE MORAES;SUBURBIO;COLISÃO TRASEIRA;2;;;;;;;;0;;Bom;Sem defeito;Perfeito estado;Seca;Perfeito estado;Faixa de pedestre;R-6a;;2019
29/01/2019;19:10:00;COM VÍTIMA;PASSARINHO;EST DO PASSARINHO;SUBURBIO;ABALROAMENTO LONGITUDINAL;1;1;;;;;;;1;;Bom;Não existe;Perfeito estado;Seca;Perfeito estado;Não existe;Não há placas;;2019
29/01/2019;20:07:00;COM VÍTIMA;SANTO AMARO;RUA RAMPA;CIDADE;COLISÃO COM CICLISTA;;1;1;;;;;;1;;Bom;Sem defeito;Perfeito estado;Seca;Perfeito estado;;;;2019
29/01/2019;20:38:00;SEM VÍTIMA;;RUA VALE DO CARIRI;;ABALROAMENTO TRANSVERSAL;1;;;;1;;;;0;;Bom;Não existe;Perfeito estado;Seca;Perfeito estado;;;;2019
30/01/2019;06:35:00;SEM VÍTIMA;IPSEP;AV RECIFE;BOA VIAGEM;COLISÃO;2;;;;;;;;0;;;;;;;;;;2019
30/01/2019;07:41:00;COM VÍTIMA;CASA AMARELA;AV NORTE;CIDADE;ABALROAMENTO TRANSVERSAL;1;1;;;;;;;1;;Bom;Sem defeito;Perfeito estado;Seca;Perfeito estado;Não existe;Não há placas;;2019
30/01/2019;07:44:00;SEM VÍTIMA;PINA;AV ANTONIO DE GOES;CIDADE;COLISÃO TRASEIRA;2;;;;;;;;0;;Chuvoso;Sem defeito;Perfeito estado;Molhada;Perfeito estado;Agente;Outras;60 km/h;2019
30/01/2019;08:08:00;SEM VÍTIMA;ILHA DO RETIRO;;CIDADE;ABALROAMENTO LONGITUDINAL;2;;;;;;;;0;;Bom;Não existe;Perfeito estado;Seca;Perfeito estado;Outros;Outras;;2019
30/01/2019;08:52:00;SEM VÍTIMA;SANTO ANTÔNIO;PRC DA REPUBLICA;CIDADE;ACID. DE PERCURSO;1;;;;;;;;0;;;;;;;;;;2019
30/01/2019;09:33:00;SEM VÍTIMA;BONGI;AV ENGENHEIRO ABDIAS DE CARVALHO;CIDADE;COLISÃO TRASEIRA;1;1;;;;;;;0;;Bom;Sem defeito;Perfeito estado;Seca;Perfeito estado;Não existe;Outras;;2019
30/01/2019;09:37:00;SEM VÍTIMA;SANTO AMARO;RUA DOS PALMARES;SUBURBIO;ABALROAMENTO TRANSVERSAL;2;;;;;;;;0;;Bom;Não existe;Ilegível;Seca;Perfeito estado;Não existe;R-6a;40 km/h;2019
30/01/2019;10:04:00;SEM VÍTIMA;SANTO AMARO;AV CRUZ CABUGA;;COLISÃO TRASEIRA;1;;;;1;;;;0;;Bom;Sem defeito;Perfeito estado;Seca;Perfeito estado;Outros;Outras;;2019
30/01/2019;10:05:00;SEM VÍTIMA;;RUA AVIADOR SEVERIANO LINS;;ABALROAMENTO LONGITUDINAL;2;;;;;;;;0;;Bom;Não existe;Perfeito estado;Seca;Perfeito estado;Não existe;Placas Pare;;2019
30/01/2019;10:32:00;SEM VÍTIMA;TORRÕES;AV ENGENHEIRO ABDIAS DE CARVALHO;;COLISÃO TRASEIRA;2;;;;;1;;;0;;Bom;Sem defeito;Perfeito estado;Seca;Perfeito estado;Faixa de pedestre;R-6a;60 km/h;2019
30/01/2019;11:36:00;SEM VÍTIMA;GRAÇAS;RUA DAS CREOULAS;CIDADE;COLISÃO TRASEIRA;2;;;;;;;;0;;Bom;Não existe;Perfeito estado;Seca;Perfeito estado;Faixa de pedestre;R-6a;;2019
30/01/2019;11:39:00;COM VÍTIMA;AFOGADOS;RUA JOAO IVO DA SILVA;SUBURBIO;ABALROAMENTO TRANSVERSAL;1;1;;;;;;;1;;Bom;Sem defeito;Perfeito estado;Seca;Perfeito estado;Faixa de pedestre;Não há placas;;2019
30/01/2019;11:47:00;COM VÍTIMA;AFOGADOS;RUA COSME VIANA;;COLISÃO;1;1;;;;;;;1;;;;;;;;;;2019
30/01/2019;11:47:00;SEM VÍTIMA;IMBIRIBEIRA;AV MARECHAL MASCARENHAS DE MORAES;SUBURBIO;ABALROAMENTO LONGITUDINAL;1;;;;1;;;;0;;Chuvoso;Sem defeito;Perfeito estado;Molhada;Mal conservada;Faixa de pedestre;Outras;60 km/h;2019
30/01/2019;11:58:00;COM VÍTIMA;SANTO AMARO;AV CRUZ CABUGA;CIDADE;COLISÃO COM CICLISTA;;;1;;1;;;;1;;Bom;Não existe;Perfeito estado;Seca;Perfeito estado;Não existe;Não há placas;60 km/h;2019
30/01/2019;12:03:00;SEM VÍTIMA;IMBIRIBEIRA;AV MARECHAL MASCARENHAS DE MORAES;CIDADE;COLISÃO TRASEIRA;3;;;;;;;;0;;Bom;Sem defeito;Perfeito estado;Seca;Perfeito estado;Faixa de pedestre;Não há placas;60 km/h;2019
30/01/2019;12:08:00;SEM VÍTIMA;TAMARINEIRA;AV NORTE;SUBURBIO;ABALROAMENTO TRANSVERSAL;1;;;;;;1;;0;;Bom;Sem defeito;Perfeito estado;Seca;Perfeito estado;Faixa de pedestre;R-6a;;2019
30/01/2019;12:08:00;SEM VÍTIMA;ESTÂNCIA;AV RECIFE;SUBURBIO;COLISÃO FRONTAL;3;;;;;;;;0;;Bom;Sem defeito;Perfeito estado;Seca;Perfeito estado;Não existe;Outras;;2019
30/01/2019;12:13:00;SEM VÍTIMA;BOA VIAGEM;AVENIDA CELSO FURTADO (VIA MANGUE);SUBURBIO;ABALROAMENTO LONGITUDINAL;2;;;;;;;;0;;Bom;Não existe;Perfeito estado;Seca;Perfeito estado;Não existe;Não há placas;;2019
30/01/2019;12:27:00;SEM VÍTIMA;SANTO AMARO;AV GOVERNADOR AGAMENON MAGALHAES;;COLISÃO TRASEIRA;2;;;;;;;1;0;;Bom;Sem defeito;Perfeito estado;Seca;Perfeito estado;Faixa de pedestre;Não há placas;60 km/h;2019
30/01/2019;12:32:00;SEM VÍTIMA;SANTO AMARO;AV CRUZ CABUGA;SUBURBIO;ABALROAMENTO LONGITUDINAL;1;;;;1;;;;0;;Bom;Não existe;Perfeito estado;Seca;Perfeito estado;Faixa de pedestre;Outras;;2019
30/01/2019;12:44:00;SEM VÍTIMA;BONGI;RUA SANTA EDWIRGES;SUBURBIO;ABALROAMENTO LONGITUDINAL;1;1;;;;;;;0;;Bom;Não existe;;Seca;Perfeito estado;Não existe;Outras;40 km/h;2019
30/01/2019;12:55:00;SEM VÍTIMA;PINA;PTE GOVERNADOR PAULO GUERRA;;COLISÃO;2;;;;;;;;0;;;;;;;;;;2019
30/01/2019;13:40:00;COM VÍTIMA;AFLITOS;AV SANTOS DUMONT;SUBURBIO;ABALROAMENTO TRANSVERSAL;1;1;;;;;;;1;;Bom;Não existe;Perfeito estado;Seca;Perfeito estado;Não existe;R-6a;;2019
30/01/2019;13:47:00;SEM VÍTIMA;SÃO JOSÉ;RUA FLORIANO PEIXOTO;;ABALROAMENTO LONGITUDINAL;1;;;;1;;;;0;;Bom;Não existe;Perfeito estado;Seca;Perfeito estado;Não existe;Outras;40 km/h;2019
30/01/2019;14:29:00;SEM VÍTIMA;VÁRZEA;AV AFONSO OLINDENSE;;COLISÃO;2;;;;;;;;0;;;;;;;;;;2019
30/01/2019;14:51:00;SEM VÍTIMA;CASA AMARELA;RUA BELA VISTA;;ABALROAMENTO TRANSVERSAL;1;1;;;;;;;0;;Bom;Não existe;Perfeito estado;Seca;Perfeito estado;Não existe;R-19;40 km/h;2019
30/01/2019;15:39:00;COM VÍTIMA;BOA VISTA;RUA DAS NINFAS;CIDADE;CHOQUE VEÍCULO PARADO;1;1;;;;;;;2;;Bom;Não existe;Não existente;Seca;Perfeito estado;Não existe;Não há placas;;2019
30/01/2019;15:41:00;SEM VÍTIMA;BOA VIAGEM;RUA DOS NAVEGANTES;SUBURBIO;ABALROAMENTO TRANSVERSAL;2;;;;;;;;0;;Bom;Não existe;Perfeito estado;Seca;Perfeito estado;Não existe;Placas Pare;;2019
30/01/2019;16:21:00;SEM VÍTIMA;BOA VISTA;RUA BARAO DE SAO BORJA;;COLISÃO;2;;;;;;;;0;;;;;;;;;;2019
30/01/2019;17:18:00;SEM VÍTIMA;TORRE;RUA PROFESSOR TRAJANO DE MENDONCA;SUBURBIO;ABALROAMENTO TRANSVERSAL;2;;;;;;;;0;;Bom;Não existe;Não existente;Seca;Perfeito estado;Não existe;R-6a;;2019
30/01/2019;18:05:00;COM VÍTIMA;AREIAS;RUA IPOJUCA;SUBURBIO;ABALROAMENTO TRANSVERSAL;1;1;;;;;;;1;;Bom;Não existe;Não existente;Seca;Perfeito estado;Não existe;Não há placas;;2019
30/01/2019;18:09:00;COM VÍTIMA;MADALENA;AV VISCONDE DE ALBUQUERQUE;BEIRA RIO;ABALROAMENTO TRANSVERSAL;1;1;;;;;;;1;;Bom;Não existe;Perfeito estado;Seca;Perfeito estado;;;;2019
30/01/2019;18:14:00;SEM VÍTIMA;TORREÃO;RUA DJALMA FARIAS;SUBURBIO;ABALROAMENTO TRANSVERSAL;2;;;;;;;;0;;Bom;Sem defeito;Perfeito estado;Seca;Perfeito estado;Não existe;Não há placas;;2019
30/01/2019;18:34:00;SEM VÍTIMA;PINA;PTE GOVERNADOR PAULO GUERRA;SUBURBIO;COLISÃO TRASEIRA;4;;;;;;;;0;;Bom;Não existe;Incompleta;Seca;Perfeito estado;Não existe;Não há placas;;2019
30/01/2019;18:38:00;SEM VÍTIMA;ESPINHEIRO;RUA DO ESPINHEIRO;;COLISÃO;3;;;;;;;;0;;;;;;;;;;2019
30/01/2019;19:01:00;SEM VÍTIMA;IMBIRIBEIRA;AV MARECHAL MASCARENHAS DE MORAES;SUBURBIO;ABALROAMENTO LONGITUDINAL;1;;;;;1;;;0;;Bom;Não existe;Perfeito estado;Seca;Perfeito estado;Não existe;Não há placas;;2019
30/01/2019;19:10:00;COM VÍTIMA;BOA VIAGEM;RUA DR LUIZ INACIO PESSOA DE MELO;CIDADE;COLISÃO COM CICLISTA;1;;1;;;;;;1;;Bom;Não existe;Incompleta;Seca;Perfeito estado;Não existe;Não há placas;30 km/h;2019
30/01/2019;19:39:00;SEM VÍTIMA;BOA VIAGEM;RUA ANTONIO FALCAO;SUBURBIO;ABALROAMENTO TRANSVERSAL;2;;;;;;;;0;;Bom;Sem defeito;Perfeito estado;Seca;Perfeito estado;Faixa de pedestre;R-6a;;2019
30/01/2019;20:41:00;SEM VÍTIMA;BOA VIAGEM;AV FERNANDO SIMOES BARBOSA;;COLISÃO;2;;;;;;;;0;;;;;;;;;;2019
30/01/2019;21:28:00;SEM VÍTIMA;MADALENA;RUA BEIRA RIO;SUBURBIO;ABALROAMENTO LONGITUDINAL;2;;;;;;;;0;;Bom;Sem defeito;Perfeito estado;Seca;Perfeito estado;Agente;R-6c;;2019
30/01/2019;21:33:00;SEM VÍTIMA;IPSEP;RUA ADERBAL DE MELO;;COLISÃO;2;;;;;;;;0;;;;;;;;;;2019
30/01/2019;21:52:00;SEM VÍTIMA;IPSEP;RUA ITAIMBE;;COLISÃO COM CICLISTA;1;;1;;;;;;0;;;;;;;;;;2019
30/01/2019;22:22:00;SEM VÍTIMA;AFOGADOS;RUA SAO MIGUEL;SUBURBIO;ABALROAMENTO LONGITUDINAL;1;;;;1;;;;0;;Bom;Sem defeito;Perfeito estado;Seca;Perfeito estado;Faixa de pedestre;Não há placas;;2019
31/01/2019;00:07:00;COM VÍTIMA;JARDIM SÃO PAULO;AV RECIFE;;ABALROAMENTO TRANSVERSAL;1;1;;;;;;;1;;Bom;Sem defeito;Perfeito estado;Seca;Perfeito estado;Faixa de pedestre;Outras;50 km/h;2019
31/01/2019;03:21:00;SEM VÍTIMA;CABANGA;PTE GOVERNADOR PAULO GUERRA;CIDADE;CHOQUE OBJETO FIXO;1;;;;;;;;0;;Bom;Não existe;Perfeito estado;Seca;Perfeito estado;Não existe;Não há placas;60 km/h;2019
31/01/2019;03:21:00;SEM VÍTIMA;ENCRUZILHADA;AV JOAO DE BARROS;;COLISÃO;2;;;;;;;;0;;;;;;;;;;2019
31/01/2019;05:39:00;SEM VÍTIMA;ESTÂNCIA;AV RECIFE;;COLISÃO TRASEIRA;1;1;;;;;;;0;;Bom;Sem defeito;Perfeito estado;Seca;Perfeito estado;Faixa de pedestre;Não há placas;;2019
31/01/2019;07:46:00;COM VÍTIMA;IMBIRIBEIRA;AV MARECHAL MASCARENHAS DE MORAES;SUBURBIO;COLISÃO TRASEIRA;1;1;;;;;;;1;;Bom;Sem defeito;Perfeito estado;Seca;Perfeito estado;Faixa de pedestre;Não há placas;60 km/h;2019
31/01/2019;08:09:00;SEM VÍTIMA;SANTO AMARO;AV PREFEITO ARTUR LIMA CAVALCANTI;CIDADE;COLISÃO TRASEIRA;2;;;;;;;;0;;Bom;Sem defeito;Perfeito estado;Seca;Perfeito estado;Faixa de pedestre;Não há placas;;2019
31/01/2019;08:15:00;SEM VÍTIMA;AFOGADOS;LARGO DA PAZ;;COLISÃO;1;;;;;1;;;0;;;;;;;;;;2019
31/01/2019;09:10:00;SEM VÍTIMA;CASA AMARELA;RUA GUIMARAES PEIXOTO;SUBURBIO;COLISÃO TRASEIRA;2;;;;;;;;0;;Bom;Sem defeito;Perfeito estado;Seca;Perfeito estado;Faixa de pedestre;Outras;;2019
31/01/2019;09:31:00;COM VÍTIMA;SÃO JOSÉ;AV GUARARAPES;CIDADE;ABALROAMENTO LONGITUDINAL;;1;;;1;;;;1;;Bom;Sem defeito;Perfeito estado;Seca;Perfeito estado;Faixa de pedestre;Outras;;2019
31/01/2019;09:38:00;SEM VÍTIMA;AFOGADOS;AV SUL;SUB/CID;COLISÃO TRASEIRA;2;;;;;;;;0;;Bom;Não existe;Incompleta;Seca;;;Não há placas;;2019
31/01/2019;10:09:00;SEM VÍTIMA;CASA AMARELA;AV NORTE;CIDADE;ABALROAMENTO LONGITUDINAL;2;;;;;;;;0;;Bom;Não existe;Perfeito estado;Seca;Perfeito estado;Não existe;Outras;;2019
31/01/2019;10:47:00;SEM VÍTIMA;SANTO AMARO;AV NORTE;CIDADE;COLISÃO TRASEIRA;2;;;;;;;;0;;Bom;Sem defeito;Perfeito estado;Seca;Perfeito estado;Faixa de pedestre;Placas Pare;;2019
31/01/2019;11:29:00;SEM VÍTIMA;MADALENA;RUA BENFICA;SUBURBIO;COLISÃO TRASEIRA;1;1;;;;;;;0;;Bom;Não existe;Perfeito estado;Seca;Perfeito estado;Faixa de pedestre;Outras;40 km/h;2019
31/01/2019;11:36:00;SEM VÍTIMA;SANTO AMARO;RUA DA AURORA;SUBURBIO;ABALROAMENTO LONGITUDINAL;2;;;;;;;;0;;Bom;Não existe;Perfeito estado;Seca;Perfeito estado;Não existe;R-6a;;2019
31/01/2019;12:30:00;SEM VÍTIMA;BOA VIAGEM;RUA JOSE TRAJANO;;ABALROAMENTO TRANSVERSAL;2;;;;;;;;0;;Bom;Não existe;Perfeito estado;Seca;Perfeito estado;Não existe;Não há placas;;2019