data;hora;natureza_acidente;bairro;endereco;sentido_via;tipo;auto;moto;ciclista;pedestre;onibus;caminhao;viatura;outros;vitimas;vitimasfatais;tempo_clima;situacao_semaforo;sinalizacao;condicao_via;conservacao_via;ponto_controle;situacao_placa;velocidade_max_via;ano
31/01/2019;12:45:00;SEM VÍTIMA;SANTO AMARO;RUA AURORA;SUBURBIO;ABALROAMENTO LONGITUDINAL;2;;;;;;;;0;;Bom;Não existe;Perfeito estado;Seca;Perfeito estado;Não existe;Outras;;2019
31/01/2019;12:49:00;SEM VÍTIMA;BOA VISTA;AV CONDE DA BOA VISTA;SUBURBIO;ABALROAMENTO LONGITUDINAL;1;;;;1;;;;0;;Bom;Sem defeito;Perfeito estado;Seca;Perfeito estado;Não existe;;;2019
31/01/2019;13:38:00;SEM VÍTIMA;GRAÇAS;AV DR MALAQUIAS;CIDADE;ABALROAMENTO TRANSVERSAL;2;;;;;;;;0;;Bom;Não existe;Perfeito estado;Seca;Perfeito estado;Não existe;Outras;;2019
31/01/2019;14:24:00;SEM VÍTIMA;ESPINHEIRO;AV GOVERNADOR AGAMENON MAGALHAES;CIDADE;ABALROAMENTO LONGITUDINAL;2;;;;;;;;0;;Bom;Sem defeito;Perfeito estado;Seca;Perfeito estado;Faixa de pedestre;Outras;60 km/h;2019
31/01/2019;14:42:00;SEM VÍTIMA;PINA;RUA TOME GIBSON;CIDADE;ABALROAMENTO TRANSVERSAL;2;;;;;;;;0;;Bom;Não existe;Ilegível;Seca;Perfeito estado;Não existe;Placas Pare;;2019
31/01/2019;14:43:00;SEM VÍTIMA;DERBY;RUA AMAURI DE MEDEIROS;SUBURBIO;ABALROAMENTO TRANSVERSAL;2;;;;;;;;0;;Bom;Não existe;Perfeito estado;Seca;Perfeito estado;Faixa de retenção;;;2019
31/01/2019;14:47:00;SEM VÍTIMA;CORDEIRO;AV GENERAL SAN MARTIN;;COLISÃO TRASEIRA;2;;;;;;;;0;;Bom;Não existe;Perfeito estado;Seca;Perfeito estado;Não existe;Não há placas;;2019
31/01/2019;14:48:00;SEM VÍTIMA;ESTÂNCIA;RUA SAO MIGUEL;CIDADE;COLISÃO TRASEIRA;;1;;;;1;;;0;;Bom;Não existe;Perfeito estado;Seca;Perfeito estado;Não existe;Não há placas;;2019
31/01/2019;14:56:00;SEM VÍTIMA;ESPINHEIRO;RUA CONS PORTELA;SUBURBIO;ABALROAMENTO LONGITUDINAL;1;;;;1;;;;0;;Bom;Sem defeito;Perfeito estado;Seca;Perfeito estado;Faixa de pedestre;R-6a;;2019
31/01/2019;15:42:00;SEM VÍTIMA;BOA VISTA;RUA DA AURORA;;COLISÃO;1;1;;;;;;;0;;;;;;;;;;2019
31/01/2019;16:13:00;COM VÍTIMA;IPSEP;AV PRESIDENTE DUTRA;CIDADE;COLISÃO TRASEIRA;1;1;;;;;;;1;;Bom;Sem defeito;Perfeito estado;Seca;Perfeito estado;Faixa de pedestre;Não há placas;;2019
31/01/2019;16:43:00;SEM VÍTIMA;SÃO JOSÉ;C SANTA RITA;CIDADE;ABALROAMENTO LONGITUDINAL;1;1;;;;;;;0;;Bom;Não existe;Não existente;Seca;Perfeito estado;Não existe;Não há placas;40 km/h;2019
31/01/2019;17:04:00;SEM VÍTIMA;BARRO;AV DR JOSE RUFINO;SUBURBIO;ABALROAMENTO LONGITUDINAL;1;;;;;1;;;0;;Bom;Não existe;Perfeito estado;Seca;Perfeito estado;Não existe;R-6a;40 km/h;2019
31/01/2019;17:18:00;SEM VÍTIMA;BOMBA DO HEMETÉRIO;RUA BOMBA DO HEMETERIO;SUBURBIO;ABALROAMENTO LONGITUDINAL;1;;;;1;;;;0;;Bom;Sem defeito;Perfeito estado;Seca;Perfeito estado;Não existe;Não há placas;60 km/h;2019
31/01/2019;17:26:00;SEM VÍTIMA;IPUTINGA;EST DO BARBALHO;CIDADE;COLISÃO TRASEIRA;2;;;;;;;;0;;Bom;Sem defeito;Perfeito estado;Seca;Perfeito estado;Faixa de pedestre;R-6a;;2019
31/01/2019;17:31:00;SEM VÍTIMA;CORDEIRO;AV CAXANGA;CIDADE;ABALROAMENTO LONGITUDINAL;1;1;1;;;;;;0;;Bom;Não existe;Perfeito estado;Seca;Perfeito estado;Não existe;R-6a;;2019
31/01/2019;18:34:00;COM VÍTIMA;MADALENA;RUA PROFESSOR BENEDITO MONTEIRO;CIDADE;ABALROAMENTO LONGITUDINAL;1;1;;;;;;;1;;Bom;;Perfeito estado;Seca;Perfeito estado;Faixa de pedestre;Não há placas;;2019
31/01/2019;20:08:00;SEM VÍTIMA;CORDEIRO;AV CAXANGA;CIDADE;ABALROAMENTO LONGITUDINAL;1;1;;;;;;;0;;Bom;Sem defeito;Perfeito estado;Seca;Perfeito estado;Faixa de retenção;R-6a;40 km/h;2019
31/01/2019;20:49:00;SEM VÍTIMA;CAXANGÁ;AV CAXANGA;SUBURBIO;COLISÃO TRASEIRA;2;;;;;;;;0;;Bom;Sem defeito;Perfeito estado;Seca;Perfeito estado;Faixa de pedestre;Não há placas;;2019
31/01/2019;21:03:00;SEM VÍTIMA;CASA AMARELA;RUA ESTRELA DALVA;SUBURBIO;CHOQUE OBJETO FIXO;1;;;;;;;;0;;Bom;Não existe;Não existente;Seca;Perfeito estado;;Não há placas;20 km/h;2019
31/01/2019;21:04:00;SEM VÍTIMA;BOA VIAGEM;AV CONSELHEIRO AGUIAR;;COLISÃO TRASEIRA;2;;;;;;;;0;;Bom;Sem defeito;Perfeito estado;Seca;Perfeito estado;Faixa de pedestre;Outras;;2019
31/01/2019;22:32:00;SEM VÍTIMA;AFLITOS;RUA QUARENTA E OITO;CIDADE;ABALROAMENTO LONGITUDINAL;2;;;;;;;;0;;Bom;Não existe;Não existente;Seca;Perfeito estado;Não existe;Não há placas;;2019
31/01/2019;23:13:00;SEM VÍTIMA;TAMARINEIRA;RUA SEBASTIAO ALVES;;COLISÃO;2;;;;;;;;0;;;;;;;;;;2019
01/02/2019;00:04:00;SEM VÍTIMA;POÇO DA PANELA;RUA LUIZ GUIMARAES;;COLISÃO;2;;;;;;;;0;;;;;;;;;;2019
01/02/2019;00:15:00;SEM VÍTIMA;TORRE;RUA JOSE BONIFACIO;SUBURBIO;ABALROAMENTO LONGITUDINAL;2;;;;;;;;0;;Chuvoso;Sem defeito;Perfeito estado;Molhada;Mal conservada;Faixa de pedestre;R-6a;40 km/h;2019
01/02/2019;06:19:00;SEM VÍTIMA;JOANA BEZERRA;VDO PAPA JOAO PAULO II;SUBURBIO;COLISÃO TRASEIRA;2;;;;;;;;0;;Bom;Não existe;Perfeito estado;Seca;Perfeito estado;Não existe;Não há placas;60 km/h;2019
01/02/2019;08:59:00;SEM VÍTIMA;JORDÃO;RUA GONCALVES DIAS;;COLISÃO;;1;;;;1;;;0;;;;;;;;;;2019
01/02/2019;09:03:00;SEM VÍTIMA;ARRUDA;AV PROFESSOR JOSE DOS ANJOS;;COLISÃO TRASEIRA;1;;;;;1;;;0;;Bom;Sem defeito;Perfeito estado;Seca;Perfeito estado;Faixa de pedestre;Não há placas;;2019
01/02/2019;09:11:00;COM VÍTIMA;IMBIRIBEIRA;AV MARECHAL MASCARENHAS DE MORAES;;COLISÃO;1;1;;;;;;;1;;;;;;;;;;2019
01/02/2019;09:37:00;SEM VÍTIMA;TEJIPIÓ;AV DR JOSE RUFINO;SUBURBIO;ABALROAMENTO TRANSVERSAL;2;;;;;;;;0;;Bom;Não existe;Perfeito estado;Seca;Perfeito estado;Não existe;Outras;;2019
01/02/2019;09:42:00;SEM VÍTIMA;AFOGADOS;AV SUL;CIDADE;ABALROAMENTO LONGITUDINAL;1;;;;;1;;;0;;Bom;Não existe;Perfeito estado;Seca;Perfeito estado;Outros;Outras;;2019
01/02/2019;10:26:00;COM VÍTIMA;CASA AMARELA;EST DO ARRAIAL;SUBURBIO;ABALROAMENTO LONGITUDINAL;1;1;;;;;;;2;;Bom;Sem defeito;Incompleta;Seca;Perfeito estado;Faixa de pedestre;Outras;;2019
01/02/2019;10:51:00;SEM VÍTIMA;IMBIRIBEIRA;AV MARECHAL MASCARENHAS DE MORAES;CIDADE;COLISÃO TRASEIRA;1;1;;;;;;;0;;Bom;Sem defeito;Perfeito estado;Seca;Perfeito estado;Faixa de pedestre;Não há placas;60 km/h;2019
01/02/2019;11:22:00;SEM VÍTIMA;SANTO AMARO;AV GOVERNADOR AGAMENON MAGALHAES;SUBURBIO;COLISÃO TRASEIRA;1;1;;;;;;;0;;Bom;Não existe;Perfeito estado;Seca;Perfeito estado;Outros;Outras;60 km/h;2019
01/02/2019;12:02:00;SEM VÍTIMA;SÃO JOSÉ;C SANTA RITA;CIDADE;COLISÃO;1;;;;;1;;;0;;;;;;;;;;2019
01/02/2019;12:35:00;SEM VÍTIMA;SANTO AMARO;RUA DO PRINCIPE;CIDADE;COLISÃO TRASEIRA;2;;;;;;;;0;;Bom;Com defeito;Perfeito estado;Seca;Perfeito estado;Faixa de pedestre;R-6a;;2019
01/02/2019;12:35:00;SEM VÍTIMA;DERBY;PRC DO DERBY;CIDADE;ABALROAMENTO LONGITUDINAL;2;;;;;;;;0;;Bom;Sem defeito;Perfeito estado;Seca;Perfeito estado;Não existe;;;2019
01/02/2019;12:45:00;SEM VÍTIMA;PINA;AV ANTONIO DE GOES;CIDADE;COLISÃO TRASEIRA;4;;;;;;;;0;;Bom;Sem defeito;Perfeito estado;Seca;Perfeito estado;Não existe;Outras;;2019
01/02/2019;13:29:00;SEM VÍTIMA;TAMARINEIRA;RUA CONEGO BARATA;;COLISÃO TRASEIRA;1;;;;;;;1;0;;Bom;Sem defeito;Perfeito estado;Seca;Perfeito estado;Faixa de pedestre;R-6a;;2019
01/02/2019;14:06:00;SEM VÍTIMA;CASA FORTE;RUA LEONARDO BEZERRA CAVALCANTE;SUBURBIO;ABALROAMENTO LONGITUDINAL;2;;;;;;;;0;;Bom;Não existe;Perfeito estado;Seca;Perfeito estado;Não existe;R-6a;;2019
01/02/2019;14:18:00;SEM VÍTIMA;BOA VIAGEM;AV DES JOSE NEVES;SUBURBIO;COLISÃO TRASEIRA;1;1;;;;;;;0;;Bom;Sem defeito;Perfeito estado;Seca;Perfeito estado;Faixa de pedestre;;;2019
01/02/2019;15:00:00;SEM VÍTIMA;SAN MARTIN;RUA QUINZE DE MARCO;;ABALROAMENTO LONGITUDINAL;2;;;;;;;;0;;Bom;Não existe;Perfeito estado;Seca;Perfeito estado;Não existe;Não há placas;;2019
01/02/2019;15:06:00;SEM VÍTIMA;BOA VIAGEM;AV ENGENHEIRO DOMINGOS FERREIRA;SUBURBIO;COLISÃO TRASEIRA;4;1;;;1;;;1;0;;Bom;Não existe;Perfeito estado;Seca;Perfeito estado;;Não há placas;60 km/h;2019
01/02/2019;15:58:00;SEM VÍTIMA;ENCRUZILHADA;RUA VINTE E QUATRO DE JUNHO;SUBURBIO;ABALROAMENTO TRANSVERSAL;1;;;;;1;;;0;;Bom;Não existe;Perfeito estado;Seca;Perfeito estado;Não existe;R-4b;30 km/h;2019
01/02/2019;16:13:00;SEM VÍTIMA;BOA VIAGEM;RUA DOS NAVEGANTES;;COLISÃO;1;1;;;;;;;0;;;;;;;;;;2019
01/02/2019;16:17:00;SEM VÍTIMA;ARRUDA;AV BEBERIBE;;COLISÃO;1;1;;;;;;;0;;;;;;;;;;2019
01/02/2019;16:35:00;COM VÍTIMA;LINHA DO TIRO;RUA URIEL DE HOLANDA;SUBURBIO;COLISÃO COM CICLISTA;1;;1;;;;;;1;;Bom;Não existe;Não existente;Seca;Perfeito estado;Não existe;Não há placas;;2019
01/02/2019;16:44:00;COM VÍTIMA;ROSARINHO;AV NORTE;CIDADE;COLISÃO TRASEIRA;;1;;;1;;;;1;;Bom;Sem defeito;Perfeito estado;Seca;Perfeito estado;Não existe;R-6a;;2019
01/02/2019;17:21:00;SEM VÍTIMA;SÃO JOSÉ;AV SUL;;COLISÃO TRASEIRA;2;;;;;;;;0;;Bom;Sem defeito;Perfeito estado;Seca;Perfeito estado;Não existe;Não há placas;;2019
01/02/2019;17:29:00;SEM VÍTIMA;SÃO JOSÉ;AV DANTAS BARRETO;SUBURBIO;ABALROAMENTO LONGITUDINAL;1;;;;1;;;;0;;Bom;Sem defeito;Perfeito estado;Seca;Perfeito estado;Faixa de pedestre;Não há placas;;2019
01/02/2019;17:45:00;SEM VÍTIMA;IPUTINGA;RUA SAO MATEUS;SUBURBIO;COLISÃO TRASEIRA;2;;;;;;;;0;;Bom;Não existe;Não existente;Seca;Perfeito estado;Não existe;Não há placas;;2019
01/02/2019;17:52:00;SEM VÍTIMA;IMBIRIBEIRA;AV MARECHAL MASCARENHAS DE MORAES;CIDADE;COLISÃO TRASEIRA;2;;;;;;;;0;;Bom;Não existe;Incompleta;Seca;Perfeito estado;Não existe;Não há placas;;2019
01/02/2019;18:11:00;SEM VÍTIMA;BOA VIAGEM;RUA PADRE CABRAL;SUBURBIO;ABALROAMENTO TRANSVERSAL;2;;;;;;;;0;;Bom;Não existe;Perfeito estado;Seca;Perfeito estado;;Placas Pare;20 km/h;2019
01/02/2019;18:43:00;SEM VÍTIMA;DOIS IRMÃOS;RUA MANUEL DE MEDEIROS;SUBURBIO;COLISÃO TRASEIRA;2;;;;;;;;0;;Bom;Sem defeito;Incompleta;Seca;Perfeito estado;;Não há placas;;2019
01/02/2019;19:07:00;SEM VÍTIMA;BARRO;RUA PADRE DIOGO RODRIGUES;CIDADE;ABALROAMENTO TRANSVERSAL;1;1;;;;;;;0;;Bom;Não existe;Não existente;Seca;Perfeito estado;Não existe;Não há placas;;2019
01/02/2019;19:50:00;SEM VÍTIMA;BONGI;RUA HERCULES FLORENCE;;ACID. DE PERCURSO;;;;;;;;;0;;;;;;;;;;2019
01/02/2019;19:56:00;COM VÍTIMA;BONGI;AV ENGENHEIRO ABDIAS DE CARVALHO;;COLISÃO;1;1;;;;;;;1;;;;;;;;;;2019
01/02/2019;20:00:00;SEM VÍTIMA;DOIS IRMÃOS;RUA MANUEL DE MEDEIROS;SUBURBIO;ABALROAMENTO LONGITUDINAL;2;;;;;;;;0;;Bom;Não existe;Incompleta;Seca;Mal conservada;Não existe;R-6a;;2019
01/02/2019;21:02:00;SEM VÍTIMA;ILHA DO LEITE;AV GOVERNADOR AGAMENON MAGALHAES;SUBURBIO;ABALROAMENTO LONGITUDINAL;1;1;;;;;;;0;;Bom;Não existe;Perfeito estado;Seca;Perfeito estado;Não existe;Não há placas;;2019
01/02/2019;21:04:00;COM VÍTIMA;ESPINHEIRO;RUA CONS PORTELA;;ATROPELAMENTO;1;;;1;;;;;1;;Bom;Sem defeito;Perfeito estado;Seca;Perfeito estado;Faixa de pedestre;;;2019
01/02/2019;23:38:00;COM VÍTIMA;IMBIRIBEIRA;RUA ARQUITETO LUIZ NUNES;CIDADE;ABALROAMENTO TRANSVERSAL;;2;;;;;;;1;;Bom;Não existe;Perfeito estado;Seca;Perfeito estado;Não existe;Outras;;2019
02/02/2019;00:08:00;COM VÍTIMA;BREJO DA GUABIRABA;AV VEREADOR OTACILIO AZEVEDO;CIDADE;ABALROAMENTO LONGITUDINAL;;2;;;;;;;3;;Bom;Não existe;Perfeito estado;Molhada;Perfeito estado;Não existe;Não há placas;;2019
02/02/2019;00:45:00;COM VÍTIMA;CASA FORTE;AV DEZESSETE DE AGOSTO;SUBURBIO;ABALROAMENTO TRANSVERSAL;1;1;;;;;;;1;;Bom;Não existe;Perfeito estado;Seca;Perfeito estado;Faixa de pedestre;Não há placas;;2019
02/02/2019;06:46:00;SEM VÍTIMA;PRADO;AV ENGENHEIRO ABDIAS DE CARVALHO;CIDADE;ABALROAMENTO LONGITUDINAL;2;1;;;;;;;0;;Bom;Sem defeito;Perfeito estado;Seca;Perfeito estado;;Outras;;2019
02/02/2019;07:11:00;SEM VÍTIMA;JARDIM SÃO PAULO;AV RECIFE;BOA VIAGEM;COLISÃO;1;;;;;1;;;0;;;;;;;;;;2019
02/02/2019;07:18:00;COM VÍTIMA;ILHA DO LEITE;AV FREI MATIAS TEVES;SUBURBIO;ABALROAMENTO TRANSVERSAL;3;1;;;;;;;1;;Bom;Não existe;Perfeito estado;Seca;Perfeito estado;Faixa de pedestre;Placas Pare;40 km/h;2019
02/02/2019;07:36:00;SEM VÍTIMA;TAMARINEIRA;AV NORTE;;COLISÃO;;;;;;;;;0;;;;;;;;;;2019
02/02/2019;08:33:00;SEM VÍTIMA;PRADO;RUA SANTA EDWIRGES;CIDADE;ABALROAMENTO TRANSVERSAL;2;;;;;;;;0;;Bom;Não existe;Perfeito estado;Seca;Perfeito estado;Não existe;R-6a;;2019
02/02/2019;08:44:00;SEM VÍTIMA;CASA AMARELA;RUA SANTA IZABEL;;COLISÃO;2;;;;;;;;0;;;;;;;;;;2019
02/02/2019;08:46:00;SEM VÍTIMA;BOA VIAGEM;AV ENGENHEIRO DOMINGOS FERREIRA;SUBURBIO;ABALROAMENTO LONGITUDINAL;1;;;;1;;;;0;;Bom;Não existe;Perfeito estado;Seca;Perfeito estado;Outros;Outras;60 km/h;2019
02/02/2019;09:57:00;SEM VÍTIMA;IMBIRIBEIRA;AV MARECHAL MASCARENHAS DE MORAES;CIDADE;COLISÃO TRASEIRA;2;;;;;;;;0;;Chuvoso;Sem defeito;Perfeito estado;Molhada;Perfeito estado;Não existe;Não há placas;;2019
02/02/2019;10:18:00;SEM VÍTIMA;APIPUCOS;RUA DE APIPUCOS;CIDADE;CHOQUE OBJETO FIXO;;;;;1;;;;0;;Bom;Sem defeito;Perfeito estado;Seca;Perfeito estado;Faixa de pedestre;Outras;;2019
02/02/2019;11:27:00;SEM VÍTIMA;VÁRZEA;RUA VALE DO SIRIJI;;COLISÃO;2;;;;;;;;0;;;;;;;;;;2019
02/02/2019;14:20:00;SEM VÍTIMA;IMBIRIBEIRA;RUA BARAO DE AGUA BRANCA;;ABALROAMENTO TRANSVERSAL;2;;;;;;;;0;;Bom;Não existe;Perfeito estado;Seca;Perfeito estado;Não existe;Placas Pare;;2019
02/02/2019;14:30:00;SEM VÍTIMA;BOA VISTA;RUA DA AURORA;;COLISÃO;1;;;;1;;;;0;;;;;;;;;;2019
02/02/2019;14:44:00;SEM VÍTIMA;ILHA DO RETIRO;RUA TABAIARES;CIDADE;ABALROAMENTO TRANSVERSAL;1;;;;;;1;;0;;Bom;Não existe;Não existente;Seca;Perfeito estado;Não existe;Não há placas;;2019
02/02/2019;15:23:00;SEM VÍTIMA;BOA VIAGEM;AV FERNANDO SIMOES BARBOSA;CIDADE;ABALROAMENTO TRANSVERSAL;2;;;;;;;;0;;Bom;Sem defeito;Perfeito estado;Seca;Perfeito estado;Faixa de pedestre;;;2019
02/02/2019;15:57:00;SEM VÍTIMA;AREIAS;RUA ERNESTO NAZARETH;;COLISÃO;1;1;;;;;;;0;;;;;;;;;;2019
02/02/2019;16:35:00;SEM VÍTIMA;MADALENA;AV BEIRA RIO;;COLISÃO;2;;;;;;;;0;;;;;;;;;;2019
02/02/2019;17:41:00;COM VÍTIMA;DERBY;RUA JENER DE SOUZA;SUBURBIO;COLISÃO;1;;;;;;;;1;;Bom;Não existe;Perfeito estado;Seca;Perfeito estado;Faixa de retenção;Não há placas;;2019
02/02/2019;19:40:00;COM VÍTIMA;BARRO;AV DR JOSE RUFINO;CIDADE;ABALROAMENTO TRANSVERSAL;1;1;;;;;;;1;;Bom;Sem defeito;Perfeito estado;Seca;Perfeito estado;Faixa de pedestre;Não há placas;;2019
02/02/2019;20:13:00;SEM VÍTIMA;TAMARINEIRA;RUA CONEGO BARATA;;COLISÃO;2;;;;;;;;0;;;;;;;;;;2019
02/02/2019;21:35:00;SEM VÍTIMA;ESTÂNCIA;AV DR JOSE RUFINO;SUBURBIO;COLISÃO FRONTAL;2;;;;;;;;0;;Bom;Não existe;Perfeito estado;Seca;Perfeito estado;Não existe;Não há placas;;2019
03/02/2019;02:26:00;SEM VÍTIMA;AFOGADOS;AV MARECHAL MASCARENHAS DE MORAES;CIDADE;CHOQUE OBJETO FIXO;1;;;;;;;;0;;Bom;Sem defeito;Perfeito estado;Seca;Perfeito estado;;;;2019
03/02/2019;10:35:00;SEM VÍTIMA;VÁRZEA;AV AFONSO OLINDENSE;;COLISÃO;2;;;;;;;;0;;;;;;;;;;2019
03/02/2019;12:58:00;SEM VÍTIMA;TEJIPIÓ;AV DR JOSE RUFINO;SUBURBIO;COLISÃO TRASEIRA;2;;;;;;;;0;;Chuvoso;Sem defeito;Perfeito estado;Seca;Perfeito estado;Faixa de pedestre;R-6a;40 km/h;2019
03/02/2019;13:44:00;COM VÍTIMA;IPUTINGA;RUA N S DA SAUDE;;ABALROAMENTO TRANSVERSAL;;2;;;;;;;2;;Bom;Não existe;Perfeito estado;Seca;Perfeito estado;Não existe;Não há placas;;2019
03/02/2019;13:46:00;SEM VÍTIMA;BOA VIAGEM;RUA PADRE BERNADINO PESSOA;SUBURBIO;ABALROAMENTO TRANSVERSAL;2;;;;;;;;0;;Chuvoso;Não existe;Perfeito estado;Molhada;Perfeito estado;Outros;Outras;;2019
03/02/2019;15:01:00;SEM VÍTIMA;GRAÇAS;AV RUI BARBOSA;;COLISÃO;2;;;;;;;;0;;;;;;;;;;2019
03/02/2019;15:53:00;SEM VÍTIMA;ILHA DO RETIRO;RUA TABAIARES;CIDADE;COLISÃO TRASEIRA;2;;;;;;;;0;;Chuvoso;Não existe;Não existente;Molhada;Mal conservada;Não existe;Não há placas;;2019
03/02/2019;16:33:00;SEM VÍTIMA;IMBIRIBEIRA;AV MARECHAL MASCARENHAS DE MORAES;;ABALROAMENTO LONGITUDINAL;2;;;;;;;;0;;Chuvoso;Não existe;Perfeito estado;Molhada;Perfeito estado;Não existe;R-6c;;2019
03/02/2019;17:25:00;COM VÍTIMA;AFOGADOS;RUA VINTE E UM DE ABRIL;;CHOQUE OBJETO FIXO;;1;;;;;;;1;;Chuvoso;Não existe;Perfeito estado;Molhada;Perfeito estado;Faixa de pedestre;R-6a;;2019
03/02/2019;22:11:00;COM VÍTIMA;PARNAMIRIM;EST DO ENCANAMENTO;CIDADE;ABALROAMENTO LONGITUDINAL;1;1;;;;;;;1;;Chuvoso;Sem defeito;Perfeito estado;Molhada;Perfeito estado;Outros;R-6a;;2019
03/02/2019;22:17:00;SEM VÍTIMA;IBURA;AV DOIS RIOS;SUBURBIO;CHOQUE VEÍCULO PARADO;1;1;;;;;;;0;;Chuvoso;Não existe;Incompleta;Molhada;Mal iluminada;;Não há placas;;2019
04/02/2019;06:13:00;COM VÍTIMA;CASA FORTE;EST DO ENCANAMENTO;;COLISÃO;;1;;;1;;;;2;;;;;;;;;;2019
04/02/2019;07:02:00;SEM VÍTIMA;VÁRZEA;AV BARAO DE BONITO;CIDADE;ABALROAMENTO LONGITUDINAL;1;;;;;1;;;0;;Chuvoso;Não existe;Perfeito estado;Molhada;Perfeito estado;Não existe;Não há placas;;2019
04/02/2019;07:15:00;SEM VÍTIMA;;AV BARAO DE BONITO;SUBURBIO;ABALROAMENTO TRANSVERSAL;2;;;;;;;;0;;Chuvoso;Não existe;Não existente;;Perfeito estado;Não existe;Não há placas;;2019
04/02/2019;07:23:00;COM VÍTIMA;SÃO JOSÉ;RUA IMPERIAL;SUBURBIO;ABALROAMENTO TRANSVERSAL;1;1;;;;;;;1;;Chuvoso;Sem defeito;Perfeito estado;Molhada;Perfeito estado;Faixa de pedestre;Outras;60 km/h;2019
04/02/2019;07:42:00;SEM VÍTIMA;BOA VIAGEM;RUA VISCONDE DE JEQUITINHONHA;SUBURBIO;COLISÃO TRASEIRA;2;;;;;;;;0;;Chuvoso;Sem defeito;Perfeito estado;Molhada;Perfeito estado;Faixa de pedestre;Não há placas;;2019
04/02/2019;07:55:00;SEM VÍTIMA;BOA VIAGEM;RUA PROFESSOR JOSE BRANDAO;;COLISÃO;2;;;;;;;;0;;;;;;;;;;2019
04/02/2019;08:15:00;SEM VÍTIMA;IBURA;RUA RIO XINGU;SUB/CID;ABALROAMENTO LONGITUDINAL;1;;;;;1;;;0;;Chuvoso;Não existe;Não existente;Molhada;Mal conservada;Outros;Outras;;2019
04/02/2019;08:36:00;SEM VÍTIMA;VÁRZEA;AV CAXANGA;SUBURBIO;ABALROAMENTO LONGITUDINAL;2;;;;;;;;0;;Chuvoso;Sem defeito;Perfeito estado;Molhada;Perfeito estado;Faixa de pedestre;Não há placas;;2019
04/02/2019;09:13:00;SEM VÍTIMA;IMBIRIBEIRA;RUA MANOEL SERAFIM DO COUTO;SUBURBIO;CHOQUE VEÍCULO PARADO;2;;;;;;;;0;;Chuvoso;Não existe;Não existente;Molhada;Mal iluminada;Não existe;Não há placas;;2019
04/02/2019;10:04:00;SEM VÍTIMA;NOVA DESCOBERTA;RUA ALTO DO RESERVATORIO;;ABALROAMENTO LONGITUDINAL;1;;;;;1;;;0;;Chuvoso;Não existe;Não existente;Seca;Perfeito estado;Não existe;Não há placas;;2019
04/02/2019;10:58:00;SEM VÍTIMA;BOA VIAGEM;RUA FRANCISCO DA CUNHA;;COLISÃO;2;;;;;;;;0;;;;;;;;;;2019
04/02/2019;11:12:00;SEM VÍTIMA;CORDEIRO;AV GENERAL SAN MARTIN;SUBURBIO;ABALROAMENTO LONGITUDINAL;2;;;;;;;;0;;Bom;Sem defeito;Perfeito estado;Seca;Perfeito estado;Faixa de pedestre;R-6a;;2019
04/02/2019;11:35:00;COM VÍTIMA;IMBIRIBEIRA;AV MARECHAL MASCARENHAS DE MORAES;CIDADE;ABALROAMENTO LONGITUDINAL;1;1;;;;;;;1;;Chuvoso;Não existe;Perfeito estado;Molhada;Perfeito estado;;Não há placas;60 km/h;2019
04/02/2019;12:52:00;COM VÍTIMA;BOA VIAGEM;AV VINTE DE JANEIRO;CIDADE;COLISÃO FRONTAL;1;1;;;;;;;1;;Bom;Não existe;Incompleta;Seca;Mal conservada;Não existe;Placas Pare;;2019
04/02/2019;13:31:00;COM VÍTIMA;PINA;AV ANTONIO DE GOES;CIDADE;COLISÃO TRASEIRA;;1;;;;1;;;1;;Bom;Não existe;Perfeito estado;Seca;Perfeito estado;Outros;;60 km/h;2019
04/02/2019;14:41:00;COM VÍTIMA;TOTÓ;RUA ONZE DE AGOSTO;SUBURBIO;ABALROAMENTO LONGITUDINAL;1;1;;;;;;;1;;Bom;Não existe;Não existente;Seca;Perfeito estado;Não existe;Não há placas;;2019
04/02/2019;15:06:00;SEM VÍTIMA;BOA VIAGEM;RUA PROF PEDRO AUGUSTO CARNEIRO LEAO;;COLISÃO;2;;;;;;;;0;;;;;;;;;;2019
04/02/2019;15:12:00;SEM VÍTIMA;IMBIRIBEIRA;RUA ARTUR MOURA;;COLISÃO;1;;;;;1;;;0;;;;;;;;;;2019
04/02/2019;15:12:00;SEM VÍTIMA;AFOGADOS;RUA SAO MIGUEL;CIDADE;ABALROAMENTO TRANSVERSAL;1;;;;1;;;;0;;Bom;Não existe;Perfeito estado;Seca;Perfeito estado;Não existe;Outras;;2019
04/02/2019;15:21:00;SEM VÍTIMA;VÁRZEA;AV AFONSO OLINDENSE;CIDADE;ABALROAMENTO LONGITUDINAL;2;;;;;;;;0;;Bom;Não existe;Perfeito estado;Seca;Perfeito estado;;Outras;;2019
04/02/2019;15:21:00;SEM VÍTIMA;BOA VIAGEM;AV DOM JOAO VI;;COLISÃO;2;;;;;;;;0;;;;;;;;;;2019
04/02/2019;16:03:00;COM VÍTIMA;DERBY;RUA JENER DE SOUZA;;COLISÃO;;2;;;;;;;1;;;;;;;;;;2019