data;hora;natureza_acidente;bairro;endereco;sentido_via;tipo;auto;moto;ciclista;pedestre;onibus;caminhao;viatura;outros;vitimas;vitimasfatais;tempo_clima;situacao_semaforo;sinalizacao;condicao_via;conservacao_via;ponto_controle;situacao_placa;velocidade_max_via;ano
04/02/2019;16:32:00;COM VÍTIMA;CAMPO GRANDE;EST DE BELEM;CIDADE;ABALROAMENTO TRANSVERSAL;1;1;;;;;;;1;;Bom;Não existe;Perfeito estado;Seca;Perfeito estado;Faixa de pedestre;;;2019
04/02/2019;18:09:00;COM VÍTIMA;BOA VIAGEM;AV DOM JOAO VI;SUBURBIO;COLISÃO TRASEIRA;3;;;;;;;;1;;;;;;;;;;2019
04/02/2019;18:28:00;SEM VÍTIMA;IPSEP;RUA SAO NICOLAU;;ABALROAMENTO LONGITUDINAL;1;;;;1;;;;0;;Bom;Sem defeito;Perfeito estado;Seca;Perfeito estado;;Não há placas;;2019
04/02/2019;18:40:00;SEM VÍTIMA;PORTO DA MADEIRA;AV BEBERIBE;;COLISÃO;2;;;;;;;;0;;;;;;;;;;2019
04/02/2019;18:52:00;COM VÍTIMA;CAXANGÁ;AV CAXANGA;;ATROPELAMENTO;;1;;;;;;;2;;;;;;;;;;2019
04/02/2019;18:54:00;SEM VÍTIMA;CORDEIRO;RUA SOUZA BANDEIRA;SUBURBIO;COLISÃO TRASEIRA;3;;;;;;;;0;;Bom;Sem defeito;Perfeito estado;Seca;Perfeito estado;;R-6a;30 km/h;2019
04/02/2019;19:23:00;COM VÍTIMA;AFOGADOS;RUA SAO MIGUEL;;COLISÃO;1;1;;;;;;;1;;;;;;;;;;2019
04/02/2019;19:27:00;SEM VÍTIMA;CASA AMARELA;EST DO ARRAIAL;SUBURBIO;ABALROAMENTO LONGITUDINAL;2;;;;;;;;0;;Bom;Não existe;Perfeito estado;Seca;Perfeito estado;Outros;Outras;;2019
04/02/2019;20:11:00;SEM VÍTIMA;CASA FORTE;RUA LEONARDO BEZERRA CAVALCANTE;SUBURBIO;ABALROAMENTO LONGITUDINAL;1;;;;1;;;;0;;Bom;Sem defeito;Perfeito estado;Seca;Perfeito estado;Faixa de pedestre;Outras;;2019
04/02/2019;20:39:00;SEM VÍTIMA;BOA VIAGEM;AV ENGENHEIRO DOMINGOS FERREIRA;SUBURBIO;CHOQUE VEÍCULO PARADO;1;;;;1;;;;0;;Bom;Sem defeito;Perfeito estado;Seca;Perfeito estado;;Não há placas;;2019
05/02/2019;00:12:00;SEM VÍTIMA;ARRUDA;RUA SAO BENTO;SUBURBIO;CHOQUE VEÍCULO PARADO;2;;;;;;;;0;;Bom;Sem defeito;Perfeito estado;Seca;Perfeito estado;Não existe;Não há placas;;2019
05/02/2019;05:33:00;VÍTIMA FATAL;TEJIPIÓ;AV DR JOSE RUFINO;CIDADE;COLISÃO COM CICLISTA;1;;1;;;;;;;1;Chuvoso;Não existe;;Molhada;;Não existe;Outras;;2019
05/02/2019;07:00:00;SEM VÍTIMA;IMBIRIBEIRA;RUA JOAQUIM BANDEIRA;;COLISÃO;2;;;;;;;;0;;;;;;;;;;2019
05/02/2019;08:10:00;SEM VÍTIMA;IBURA;AV DOM HELDER CAMARA;CIDADE;ABALROAMENTO LONGITUDINAL;2;;;;;;;;0;;Chuvoso;Não existe;Perfeito estado;Seca;Perfeito estado;Não existe;Não há placas;60 km/h;2019
05/02/2019;08:17:00;VÍTIMA FATAL;BEBERIBE;AV BEBERIBE;CIDADE;ABALROAMENTO LONGITUDINAL;;;;;1;;;;;1;Bom;Sem defeito;Perfeito estado;Seca;Perfeito estado;Faixa de pedestre;R-6a;;2019
05/02/2019;08:18:00;COM VÍTIMA;CABANGA;VIADUTO CAPITAO TEMUDO;CIDADE;ABALROAMENTO LONGITUDINAL;1;1;;;;;;;1;;Bom;Não existe;Perfeito estado;Seca;Perfeito estado;Não existe;Não há placas;;2019
05/02/2019;08:31:00;COM VÍTIMA;CORDEIRO;AV CAXANGA;CIDADE;ABALROAMENTO LONGITUDINAL;1;1;;;;;;;1;;Bom;Não existe;Perfeito estado;Seca;Perfeito estado;;Outras;;2019
05/02/2019;08:49:00;SEM VÍTIMA;PAISSANDU;AV ENGENHEIRO AGAMENON DE MAGALHAES MELO;SUBURBIO;COLISÃO TRASEIRA;1;1;;;;;;;0;;Bom;Sem defeito;Perfeito estado;;;Faixa de pedestre;;60 km/h;2019
05/02/2019;08:57:00;SEM VÍTIMA;CASA FORTE;RUA MARECHAL RONDON;SUBURBIO;CHOQUE VEÍCULO PARADO;2;;;;;;;;0;;Bom;Não existe;Perfeito estado;Seca;Perfeito estado;Não existe;Placas Pare;;2019
05/02/2019;09:16:00;SEM VÍTIMA;CASA AMARELA;EST DO ENCANAMENTO;;COLISÃO;2;;;;;;;;0;;;;;;;;;;2019
05/02/2019;09:33:00;COM VÍTIMA;AREIAS;RUA AIRES BELO;SUBURBIO;COLISÃO FRONTAL;1;1;;;;;;;1;;Bom;Não existe;Incompleta;Seca;Perfeito estado;Não existe;Não há placas;;2019
05/02/2019;09:36:00;COM VÍTIMA;IMBIRIBEIRA;AV MARECHAL MASCARENHAS DE MORAES;CIDADE;ABALROAMENTO LONGITUDINAL;1;1;;;;;;;1;;Bom;Sem defeito;Perfeito estado;Seca;Perfeito estado;Faixa de pedestre;Outras;60 km/h;2019
05/02/2019;09:58:00;SEM VÍTIMA;DERBY;PRC DO DERBY;SUBURBIO;ABALROAMENTO LONGITUDINAL;2;;;;;;;;0;;Bom;Sem defeito;Perfeito estado;Seca;Perfeito estado;Outros;Outras;60 km/h;2019
05/02/2019;10:11:00;SEM VÍTIMA;IBURA;AV DOIS RIOS;SUBURBIO;ABALROAMENTO TRANSVERSAL;1;1;;;;;;;0;;Bom;Sem defeito;Perfeito estado;Seca;Perfeito estado;Não existe;Outras;;2019
05/02/2019;10:11:00;SEM VÍTIMA;IPSEP;AV RECIFE;SUBURBIO;ABALROAMENTO LONGITUDINAL;1;;;;;1;;;0;;Bom;Sem defeito;Perfeito estado;Seca;Perfeito estado;Faixa de pedestre;Não há placas;;2019
05/02/2019;10:12:00;SEM VÍTIMA;PARNAMIRIM;PRC PROFESSOR FLEMING;;ABALROAMENTO LONGITUDINAL;2;;;;;;;;0;;Bom;Não existe;Perfeito estado;Seca;Perfeito estado;Não existe;R-6c;;2019
05/02/2019;10:43:00;SEM VÍTIMA;AFOGADOS;AV SUL;CIDADE;ABALROAMENTO LONGITUDINAL;1;;;;;1;;;0;;Bom;Sem defeito;Perfeito estado;Seca;Perfeito estado;Não existe;Não há placas;;2019
05/02/2019;11:05:00;SEM VÍTIMA;GRAÇAS;RUA JOAQUIM NABUCO;SUBURBIO;ABALROAMENTO LONGITUDINAL;2;;;;;;;;0;;Bom;Sem defeito;Perfeito estado;Seca;Perfeito estado;Faixa de pedestre;Outras;;2019
05/02/2019;11:17:00;SEM VÍTIMA;ENCRUZILHADA;RUA VINTE E QUATRO DE JUNHO;;CHOQUE VEÍCULO PARADO;3;;;;;;;;0;;Bom;Não existe;Perfeito estado;Seca;Perfeito estado;Não existe;R-6a;30 km/h;2019
05/02/2019;12:33:00;SEM VÍTIMA;PINA;RUA BARAO DE SANTO ANGELO;SUBURBIO;COLISÃO TRASEIRA;3;;;;;;;;0;;Bom;Não existe;Incompleta;Seca;Perfeito estado;Não existe;R-6a;;2019
05/02/2019;12:45:00;SEM VÍTIMA;BOA VISTA;AV MANOEL BORBA;SUBURBIO;COLISÃO TRASEIRA;2;;;;;;;;0;;Bom;Sem defeito;Perfeito estado;Seca;Perfeito estado;Faixa de pedestre;Não há placas;;2019
05/02/2019;14:19:00;SEM VÍTIMA;PINA;AVENIDA CELSO FURTADO (VIA MANGUE);CIDADE;ABALROAMENTO LONGITUDINAL;2;;;;;;;;0;;Bom;Não existe;Incompleta;Seca;Perfeito estado;Não existe;Não há placas;;2019
05/02/2019;14:34:00;SEM VÍTIMA;JIQUIÁ;RUA BOM JARDIM;;COLISÃO;2;;;;;;;;0;;;;;;;;;;2019
05/02/2019;14:59:00;SEM VÍTIMA;IMBIRIBEIRA;AV MARECHAL MASCARENHAS DE MORAES;CIDADE;COLISÃO TRASEIRA;1;;;;;1;;;0;;Bom;Sem defeito;Perfeito estado;Seca;Perfeito estado;Faixa de pedestre;;;2019
05/02/2019;15:09:00;SEM VÍTIMA;BOA VIAGEM;AV ENGENHEIRO DOMINGOS FERREIRA;;COLISÃO;2;;;;;;;;0;;;;;;;;;;2019
05/02/2019;15:41:00;SEM VÍTIMA;AFOGADOS;LARGO DA PAZ;SUBURBIO;COLISÃO;1;;;;;1;;;0;;;;;;;;;;2019
05/02/2019;15:57:00;COM VÍTIMA;PARNAMIRIM;RUA ANDRE CAVALCANTE;SUBURBIO;ABALROAMENTO LONGITUDINAL;1;1;;;;;;;1;;Chuvoso;Não existe;Perfeito estado;Molhada;Perfeito estado;Outros;Outras;;2019
05/02/2019;16:01:00;SEM VÍTIMA;CIDADE UNIVERSITÁRIA;RUA MARECHAL MANOEL LUIS OSORIO;;ABALROAMENTO TRANSVERSAL;1;1;;;;;;;0;;Bom;Não existe;Não existente;Seca;Perfeito estado;Não existe;Não há placas;;2019
05/02/2019;16:05:00;SEM VÍTIMA;BOA VISTA;AV MANOEL BORBA;;COLISÃO TRASEIRA;2;;;;;;;;0;;Bom;Sem defeito;Perfeito estado;Seca;Perfeito estado;Faixa de pedestre;;;2019
05/02/2019;16:32:00;SEM VÍTIMA;CORDEIRO;AV CAXANGA;SUBURBIO;COLISÃO TRASEIRA;3;;;;;;;;0;;Bom;Sem defeito;Perfeito estado;Seca;Perfeito estado;Faixa de pedestre;Outras;60 km/h;2019
05/02/2019;16:49:00;SEM VÍTIMA;JORDÃO;AV MARIA IRENE;SUBURBIO;CHOQUE OBJETO FIXO;1;;;;;;;;0;;Bom;Não existe;Perfeito estado;Seca;Perfeito estado;Não existe;Não há placas;;2019
05/02/2019;16:42:00;SEM VÍTIMA;BOA VIAGEM;RUA FRANCISCO DA CUNHA;;ABALROAMENTO TRANSVERSAL;2;;;;;;;;0;;Chuvoso;Não existe;Perfeito estado;Molhada;Perfeito estado;Faixa de retenção;Placas Pare;;2019
05/02/2019;16:49:00;SEM VÍTIMA;SANTO AMARO;AV JOAO DE BARROS;SUBURBIO;ABALROAMENTO LONGITUDINAL;1;;;;1;;;;0;;Bom;Não existe;Perfeito estado;Seca;Perfeito estado;Não existe;R-6a;;2019
05/02/2019;16:54:00;SEM VÍTIMA;CAMPINA DO BARRETO;RUA DR ELIAS GOMES;;COLISÃO;1;;;;1;;;;0;;;;;;;;;;2019
05/02/2019;17:36:00;SEM VÍTIMA;BOA VIAGEM;RUA RIBEIRO DE BRITO;SUBURBIO;ABALROAMENTO LONGITUDINAL;2;;;;;;;;0;;Bom;Sem defeito;Perfeito estado;Seca;Perfeito estado;Não existe;Não há placas;;2019
05/02/2019;17:50:00;SEM VÍTIMA;ILHA DO RETIRO;RUA SPORT CLUBE DO RECIFE;SUBURBIO;ABALROAMENTO LONGITUDINAL;1;;;;;1;;;0;;Bom;Não existe;Perfeito estado;Seca;Perfeito estado;Não existe;Não há placas;;2019
05/02/2019;18:14:00;COM VÍTIMA;CASA AMARELA;RUA DA HARMONIA;CIDADE;ABALROAMENTO TRANSVERSAL;1;1;;;;;;;1;;Chuvoso;Não existe;Incompleta;Molhada;Perfeito estado;Não existe;Placas Pare;;2019
05/02/2019;18:42:00;SEM VÍTIMA;AREIAS;RUA AURORA CACOTE;CIDADE;COLISÃO TRASEIRA;1;;;;1;;;;0;;Bom;Sem defeito;Perfeito estado;Seca;Perfeito estado;Não existe;Outras;30 km/h;2019
05/02/2019;18:49:00;COM VÍTIMA;CORDEIRO;RUA ODETE MONTEIRO;SUBURBIO;ABALROAMENTO TRANSVERSAL;1;1;;;;;;;1;;Bom;Sem defeito;Perfeito estado;Seca;Perfeito estado;Não existe;Não há placas;;2019
05/02/2019;19:02:00;SEM VÍTIMA;AREIAS;AV DR JOSE RUFINO;SUBURBIO;ABALROAMENTO LONGITUDINAL;1;;;;;1;;;0;;Chuvoso;Sem defeito;Perfeito estado;Molhada;Perfeito estado;Faixa de pedestre;Não há placas;;2019
05/02/2019;21:05:00;SEM VÍTIMA;CORDEIRO;RUA CLAUDIO BROTHERHOOD;SUBURBIO;ABALROAMENTO LONGITUDINAL;3;;;;;;;;0;;Bom;Não existe;Não existente;Seca;Perfeito estado;Não existe;Não há placas;30 km/h;2019
05/02/2019;20:20:00;COM VÍTIMA;BOA VIAGEM;RUA JOAO CARDOSO AIRES;SUBURBIO;ABALROAMENTO TRANSVERSAL;1;1;;;;;;;2;;Bom;Não existe;Perfeito estado;Seca;Perfeito estado;Não existe;Outras;40 km/h;2019
06/02/2019;06:14:00;SEM VÍTIMA;MACAXEIRA;AV NORTE;SUBURBIO;COLISÃO TRASEIRA;1;;;;1;;;;0;;Chuvoso;Sem defeito;Perfeito estado;Molhada;Perfeito estado;Faixa de pedestre;R-6a;;2019
06/02/2019;06:40:00;SEM VÍTIMA;IMBIRIBEIRA;AV MARECHAL MASCARENHAS DE MORAES;CIDADE;COLISÃO TRASEIRA;2;;;;;;;;0;;Chuvoso;Sem defeito;Perfeito estado;Molhada;Perfeito estado;;Outras;;2019
06/02/2019;06:52:00;COM VÍTIMA;CASA AMARELA;RUA CONS PERETTI;;ATROPELAMENTO;1;;;1;;;;;1;;Chuvoso;Não existe;Incompleta;Molhada;Perfeito estado;Não existe;Outras;;2019
06/02/2019;07:03:00;SEM VÍTIMA;MADALENA;RUA JOSE BONIFACIO;CID/SUB;ABALROAMENTO LONGITUDINAL;2;;;;;;;;0;;Chuvoso;Sem defeito;Perfeito estado;Molhada;Perfeito estado;;Outras;;2019
06/02/2019;07:33:00;SEM VÍTIMA;GRAÇAS;;CIDADE;ABALROAMENTO LONGITUDINAL;2;;;;;;;;0;;Chuvoso;Sem defeito;Perfeito estado;Molhada;Perfeito estado;Faixa de retenção;;;2019
06/02/2019;07:49:00;SEM VÍTIMA;CASA AMARELA;AV NORTE;CIDADE;ABALROAMENTO TRANSVERSAL;2;;;;;;;;0;;Chuvoso;Sem defeito;Perfeito estado;Seca;;Faixa de pedestre;R-6a;;2019
06/02/2019;08:13:00;SEM VÍTIMA;TAMARINEIRA;RUA CONEGO BARATA;;ABALROAMENTO TRANSVERSAL;1;;;;1;;;;0;;Chuvoso;Sem defeito;Perfeito estado;Molhada;Perfeito estado;Faixa de pedestre;R-6a;;2019
06/02/2019;08:25:00;SEM VÍTIMA;JORDÃO;RUA DR ALVARO FERRAZ;;COLISÃO;2;1;;;;;;;0;;;;;;;;;;2019
06/02/2019;08:29:00;SEM VÍTIMA;PINA;AV CONSELHEIRO AGUIAR;SUBURBIO;ABALROAMENTO LONGITUDINAL;1;;;;1;;;;0;;Chuvoso;Não existe;Perfeito estado;Molhada;Perfeito estado;Outros;Outras;60 km/h;2019
06/02/2019;08:46:00;SEM VÍTIMA;IPSEP;AV RECIFE;CIDADE;COLISÃO TRASEIRA;2;;;;;;;;0;;Chuvoso;Sem defeito;Perfeito estado;Molhada;Perfeito estado;Faixa de pedestre;Não há placas;;2019
06/02/2019;08:47:00;SEM VÍTIMA;PINA;RUA MANOEL DE BRITO;CIDADE;COLISÃO TRASEIRA;2;;;;;;;;0;;Chuvoso;Sem defeito;Perfeito estado;Molhada;Perfeito estado;Agente;Não há placas;;2019
06/02/2019;09:33:00;SEM VÍTIMA;PINA;AV HERCULANO BANDEIRA;SUBURBIO;COLISÃO TRASEIRA;2;;;;;;;;0;;Chuvoso;Não existe;Perfeito estado;Molhada;Mal conservada;Outros;Outras;60 km/h;2019
06/02/2019;09:39:00;COM VÍTIMA;IPUTINGA;EST DO BARBALHO;CIDADE;COLISÃO COM CICLISTA;1;;1;;;;;;1;;Chuvoso;Não existe;Não existente;Molhada;Perfeito estado;Não existe;Não há placas;;2019
06/02/2019;09:45:00;SEM VÍTIMA;SANTO AMARO;RUA TREZE DE MAIO;SUBURBIO;ABALROAMENTO LONGITUDINAL;2;;;;;;;;0;;Chuvoso;Não existe;Ilegível;Molhada;Mal conservada;Não existe;Não há placas;;2019
06/02/2019;09:52:00;SEM VÍTIMA;AREIAS;AV RECIFE;CIDADE;COLISÃO TRASEIRA;1;;;;;;1;;0;;Chuvoso;Sem defeito;Perfeito estado;Molhada;Perfeito estado;Faixa de pedestre;;50 km/h;2019
06/02/2019;10:06:00;SEM VÍTIMA;BOA VIAGEM;RUA BARAO DE SOUZA LEAO;;COLISÃO;2;;;;;;;;0;;;;;;;;;;2019
06/02/2019;10:35:00;SEM VÍTIMA;IMBIRIBEIRA;AV MARECHAL MASCARENHAS DE MORAES;SUBURBIO;COLISÃO TRASEIRA;2;;;;;;;;0;;Chuvoso;Sem defeito;Perfeito estado;Molhada;Perfeito estado;Faixa de retenção;Não há placas;60 km/h;2019
06/02/2019;10:59:00;SEM VÍTIMA;DERBY;AV GOVERNADOR AGAMENON MAGALHAES;BOA VIAGEM;COLISÃO;2;;;;;;;;0;;;;;;;;;;2019
06/02/2019;12:33:00;SEM VÍTIMA;PINA;AV ANTONIO DE GOES;;COLISÃO TRASEIRA;2;;;;;;;;0;;Nublado;Sem defeito;Perfeito estado;Seca;Perfeito estado;Agente;Outras;60 km/h;2019
06/02/2019;13:14:00;SEM VÍTIMA;CASA AMARELA;AV NORTE;;COLISÃO;2;;;;;;;;0;;;;;;;;;;2019
06/02/2019;14:44:00;SEM VÍTIMA;JORDÃO;AV MARIA IRENE;;COLISÃO;2;;;;;;;;0;;;;;;;;;;2019
06/02/2019;15:35:00;COM VÍTIMA;JORDÃO;AV MARIA IRENE;SUBURBIO;ABALROAMENTO LONGITUDINAL;1;1;;;;;;;1;;Chuvoso;Não existe;Incompleta;Molhada;Mal conservada;Não existe;Não há placas;60 km/h;2019
06/02/2019;15:39:00;SEM VÍTIMA;CASA FORTE;RUA EDSON ALVARES;;ABALROAMENTO LONGITUDINAL;1;;;;;1;;;0;;Chuvoso;Não existe;Incompleta;Molhada;Perfeito estado;Não existe;Outras;;2019
06/02/2019;15:41:00;SEM VÍTIMA;TAMARINEIRA;EST VELHA DE AGUA FRIA;SUBURBIO;ABALROAMENTO TRANSVERSAL;1;1;;;;;;;0;;Bom;Sem defeito;Perfeito estado;Seca;Perfeito estado;;Outras;;2019
06/02/2019;16:34:00;SEM VÍTIMA;IMBIRIBEIRA;RUA JALISCO;;ABALROAMENTO LONGITUDINAL;1;;;;;1;;;0;;Bom;Não existe;Perfeito estado;Seca;Perfeito estado;Não existe;Não há placas;;2019
06/02/2019;17:05:00;SEM VÍTIMA;ZUMBI;RUA GOMES TABORDA;SUBURBIO;COLISÃO TRASEIRA;2;;;;;;;;0;;Bom;Não existe;Perfeito estado;Seca;Perfeito estado;Não existe;Outras;;2019
06/02/2019;17:14:00;COM VÍTIMA;BAIRRO DO RECIFE;CAIS DO APOLO;SUBURBIO;ATROPELAMENTO;;;;1;1;;;;1;;Chuvoso;Sem defeito;Perfeito estado;Molhada;Perfeito estado;Outros;R-6c;30 km/h;2019
06/02/2019;17:34:00;SEM VÍTIMA;CASA AMARELA;EST DO ARRAIAL;;COLISÃO TRASEIRA;2;;;;;;;;0;;Bom;Não existe;Perfeito estado;Seca;Perfeito estado;Não existe;Outras;;2019
06/02/2019;17:58:00;SEM VÍTIMA;MADALENA;RUA BENFICA;CIDADE;ABALROAMENTO LONGITUDINAL;1;;;;1;;;;0;;Bom;Não existe;Perfeito estado;Seca;Perfeito estado;Não existe;Não há placas;40 km/h;2019
06/02/2019;18:21:00;SEM VÍTIMA;BOA VIAGEM;AV BOA VIAGEM;;COLISÃO;1;;;;1;;;;0;;;;;;;;;;2019
06/02/2019;18:38:00;COM VÍTIMA;BOA VIAGEM;AV CONSELHEIRO AGUIAR;CIDADE;ABALROAMENTO TRANSVERSAL;;1;;;;1;;;1;;Bom;Não existe;Perfeito estado;Seca;Perfeito estado;Não existe;Outras;;2019
06/02/2019;18:44:00;COM VÍTIMA;BOA VISTA;RUA JOSE DE ALENCAR;SUBURBIO;ABALROAMENTO TRANSVERSAL;2;;;;;;;;1;;Bom;Não existe;Perfeito estado;Seca;Perfeito estado;Faixa de retenção;Placas Pare;;2019
06/02/2019;19:02:00;COM VÍTIMA;BOA VIAGEM;AV CONSELHEIRO AGUIAR;;COLISÃO;;1;;;;1;;;1;;;;;;;;;;2019
06/02/2019;19:55:00;COM VÍTIMA;GRAÇAS;RUA JOAQUIM NABUCO;SUBURBIO;ABALROAMENTO LONGITUDINAL;2;;;;;;;;1;;Bom;Sem defeito;Perfeito estado;Seca;;Não existe;Não há placas;;2019
06/02/2019;23:35:00;SEM VÍTIMA;CAXANGÁ;AV CAXANGA;CIDADE;ABALROAMENTO LONGITUDINAL;2;;;;1;;;;0;;Bom;Sem defeito;Perfeito estado;Seca;Perfeito estado;Faixa de pedestre;Não há placas;60 km/h;2019
07/02/2019;02:59:00;SEM VÍTIMA;JOANA BEZERRA;AV GOVERNADOR AGAMENON MAGALHAES;;CHOQUE OBJETO FIXO;1;;;;;;;;0;;;;;;;;;;2019
07/02/2019;07:15:00;SEM VÍTIMA;CAÇOTE;AV RECIFE;CIDADE;COLISÃO TRASEIRA;2;;;;;;;;0;;Bom;Sem defeito;Perfeito estado;Seca;Perfeito estado;Faixa de pedestre;Outras;60 km/h;2019
07/02/2019;07:36:00;SEM VÍTIMA;JORDÃO;RUA DR ALVARO FERRAZ;;COLISÃO TRASEIRA;2;;;;;;;;0;;Bom;Não existe;Não existente;Seca;;Não existe;Não há placas;;2019
07/02/2019;08:21:00;SEM VÍTIMA;BOA VISTA;RUA JOAO LIRA;SUBURBIO;ABALROAMENTO LONGITUDINAL;2;;;;;;;;0;;Bom;Não existe;Perfeito estado;Seca;Perfeito estado;Faixa de pedestre;Não há placas;;2019
07/02/2019;08:47:00;SEM VÍTIMA;SÃO JOSÉ;VDO DAS CINCO PONTAS;SUBURBIO;ABALROAMENTO LONGITUDINAL;2;;;;;;;;0;;Bom;Sem defeito;Perfeito estado;Seca;Perfeito estado;Faixa de pedestre;Outras;;2019
07/02/2019;08:59:00;SEM VÍTIMA;SÃO JOSÉ;RUA SAO JOAO;;COLISÃO;2;;;;;;;;0;;;;;;;;;;2019
07/02/2019;10:14:00;SEM VÍTIMA;CORDEIRO;AV CAXANGA;CIDADE;ABALROAMENTO LONGITUDINAL;2;;;;;;;;0;;Bom;Não existe;Perfeito estado;Seca;Perfeito estado;Não existe;R-6a;;2019
07/02/2019;10:26:00;SEM VÍTIMA;ÁGUA FRIA;AV BEBERIBE;SUBURBIO;ABALROAMENTO LONGITUDINAL;1;;;;;1;;;0;;Bom;Sem defeito;Perfeito estado;Seca;Perfeito estado;Outros;Outras;;2019
07/02/2019;10:48:00;SEM VÍTIMA;CAÇOTE;AV RECIFE;CIDADE;ABALROAMENTO LONGITUDINAL;1;1;;;;;;;0;;Bom;Sem defeito;Perfeito estado;Seca;Perfeito estado;Faixa de pedestre;Outras;60 km/h;2019
07/02/2019;11:15:00;SEM VÍTIMA;ENCRUZILHADA;AV BEBERIBE;SUBURBIO;COLISÃO TRASEIRA;2;;;;;;;;0;;Bom;Sem defeito;Perfeito estado;Seca;Perfeito estado;Faixa de pedestre;R-6a;;2019
07/02/2019;11:16:00;SEM VÍTIMA;ENCRUZILHADA;AV BEBERIBE;;COLISÃO;2;;;;;;;;0;;;;;;;;;;2019
07/02/2019;11:22:00;SEM VÍTIMA;IMBIRIBEIRA;AV MARECHAL MASCARENHAS DE MORAES;SUBURBIO;ABALROAMENTO LONGITUDINAL;2;;;;;;;;0;;Bom;Não existe;Perfeito estado;Seca;Perfeito estado;Não existe;R-6a;;2019
07/02/2019;11:31:00;SEM VÍTIMA;TEJIPIÓ;RUA FALCAO DE LACERDA;SUBURBIO;CHOQUE VEÍCULO PARADO;2;;;;;;;;0;;Bom;Não existe;Perfeito estado;Seca;Perfeito estado;Não existe;Não há placas;;2019
07/02/2019;11:33:00;SEM VÍTIMA;BONGI;EST DO BONGI;CIDADE;COLISÃO TRASEIRA;3;;;;;;;;0;;Bom;;Perfeito estado;Seca;Perfeito estado;Outros;Outras;60 km/h;2019
07/02/2019;11:51:00;SEM VÍTIMA;BONGI;EST DO BONGI;;COLISÃO;3;;;;;;;;0;;;;;;;;;;2019
07/02/2019;12:15:00;SEM VÍTIMA;SANTO AMARO;AV GOVERNADOR AGAMENON MAGALHAES;;COLISÃO TRASEIRA;3;;;;;;;;0;;Bom;;Perfeito estado;Seca;Perfeito estado;Não existe;Outras;60 km/h;2019
07/02/2019;12:37:00;SEM VÍTIMA;CASA AMARELA;RUA PADRE LEMOS;SUBURBIO;ABALROAMENTO LONGITUDINAL;1;;;;;1;;;0;;Bom;Sem defeito;Perfeito estado;Seca;Perfeito estado;Faixa de pedestre;R-6a;60 km/h;2019
07/02/2019;13:05:00;SEM VÍTIMA;AREIAS;AV RECIFE;;COLISÃO FRONTAL;3;;;;;;;;0;;Bom;Sem defeito;Perfeito estado;Seca;Perfeito estado;Faixa de pedestre;Não há placas;60 km/h;2019
07/02/2019;13:19:00;SEM VÍTIMA;ARRUDA;AV BEBERIBE;SUBURBIO;ABALROAMENTO LONGITUDINAL;1;;;;1;;;;0;;Bom;Sem defeito;Perfeito estado;Seca;Perfeito estado;Outros;R-6a;;2019
07/02/2019;13:36:00;SEM VÍTIMA;TORRE;RUA JOSE BONIFACIO;SUBURBIO;ABALROAMENTO LONGITUDINAL;2;;;;;;;;0;;Bom;Sem defeito;Incompleta;Seca;Perfeito estado;Não existe;Não há placas;;2019
07/02/2019;13:58:00;SEM VÍTIMA;ENCRUZILHADA;RUA JOSE DE SA CARNEIRO;SUBURBIO;COLISÃO TRASEIRA;1;1;;;;;;;0;;Bom;Sem defeito;Perfeito estado;Seca;Perfeito estado;Agente;R-6a;30 km/h;2019
07/02/2019;14:09:00;SEM VÍTIMA;ESTÂNCIA;AV RECIFE;SUBURBIO;COLISÃO TRASEIRA;2;;;;;;;;0;;Bom;Não existe;Perfeito estado;Seca;Perfeito estado;Não existe;Não há placas;;2019
07/02/2019;15:00:00;SEM VÍTIMA;SÃO JOSÉ;AV SUL;CIDADE;COLISÃO TRASEIRA;2;;;;;;;;0;;Bom;Sem defeito;Perfeito estado;Seca;Perfeito estado;Não existe;Outras;;2019
07/02/2019;15:41:00;SEM VÍTIMA;BOA VIAGEM;RUA PROFESSOR AUGUSTO LINS E SILVA;;ABALROAMENTO TRANSVERSAL;2;;;;;;;;0;;Bom;Não existe;Perfeito estado;Seca;Perfeito estado;;;40 km/h;2019
07/02/2019;16:00:00;COM VÍTIMA;SANTO AMARO;RUA CAPITAO LIMA;CIDADE;CHOQUE VEÍCULO PARADO;1;1;;;;;;;1;;Bom;Não existe;Perfeito estado;Seca;Perfeito estado;Não existe;Não há placas;;2019
07/02/2019;16:22:00;SEM VÍTIMA;CASA AMARELA;RUA CASA AMARELA;;COLISÃO;2;1;;;;;;;0;;;;;;;;;;2019
07/02/2019;16:31:00;SEM VÍTIMA;IBURA;AV DOIS RIOS;;COLISÃO;2;;;;;;;;0;;;;;;;;;;2019
07/02/2019;16:34:00;SEM VÍTIMA;ENCRUZILHADA;AV NORTE;SUBURBIO;ABALROAMENTO LONGITUDINAL;1;;;;;1;;;0;;Bom;Sem defeito;Perfeito estado;Seca;Perfeito estado;Faixa de pedestre;R-6a;60 km/h;2019
07/02/2019;17:03:00;SEM VÍTIMA;CORDEIRO;RUA MAURICIO DE NASSAU;CIDADE;COLISÃO TRASEIRA;2;;;;;;;;0;;Bom;Sem defeito;Perfeito estado;Seca;Perfeito estado;Não existe;;;2019