data;hora;natureza_acidente;bairro;endereco;sentido_via;tipo;auto;moto;ciclista;pedestre;onibus;caminhao;viatura;outros;vitimas;vitimasfatais;tempo_clima;situacao_semaforo;sinalizacao;condicao_via;conservacao_via;ponto_controle;situacao_placa;velocidade_max_via;ano
07/02/2019;17:14:00;SEM VÍTIMA;ILHA DO RETIRO;RUA SPORT CLUBE DO RECIFE;;COLISÃO;2;;;;;;;;0;;;;;;;;;;2019
07/02/2019;17:18:00;SEM VÍTIMA;SANTO AMARO;AV NORTE;SUBURBIO;ABALROAMENTO LONGITUDINAL;1;;;;1;;;;0;;Bom;Sem defeito;Perfeito estado;Seca;Perfeito estado;Faixa de pedestre;Não há placas;;2019
07/02/2019;17:39:00;COM VÍTIMA;MADALENA;RUA PADRE ANCHIETA;SUBURBIO;ATROPELAMENTO;;1;;1;;;;;1;;Bom;Sem defeito;Perfeito estado;Seca;Perfeito estado;Não existe;Não há placas;;2019
07/02/2019;17:57:00;SEM VÍTIMA;IPSEP;RUA JEAN EMILE FAVRE;;COLISÃO;2;;;;;;;;0;;;;;;;;;;2019
07/02/2019;18:00:00;SEM VÍTIMA;IMBIRIBEIRA;AV MARECHAL MASCARENHAS DE MORAES;CID/SUB;ABALROAMENTO LONGITUDINAL;1;;;;1;;;;0;;Bom;Não existe;Perfeito estado;Seca;Perfeito estado;Agente;;20 km/h;2019
07/02/2019;18:06:00;SEM VÍTIMA;BOA VISTA;RUA DO HOSPICIO;;COLISÃO;2;;;;;;;;0;;;;;;;;;;2019
07/02/2019;18:15:00;SEM VÍTIMA;IMBIRIBEIRA;AV MARECHAL MASCARENHAS DE MORAES;CIDADE;COLISÃO TRASEIRA;1;1;;;;;;;0;;Bom;Não existe;Perfeito estado;Seca;Perfeito estado;Não existe;Não há placas;60 km/h;2019
07/02/2019;18:24:00;SEM VÍTIMA;COELHOS;RUA DOS COELHOS;CIDADE;ABALROAMENTO LONGITUDINAL;1;;;;1;;;;0;;Bom;Sem defeito;Perfeito estado;Seca;Perfeito estado;Faixa de pedestre;Outras;30 km/h;2019
07/02/2019;18:28:00;SEM VÍTIMA;TORRE;RUA MARCOS ANDRE;;COLISÃO;1;;;;;1;;;0;;;;;;;;;;2019
07/02/2019;18:37:00;COM VÍTIMA;BOA VISTA;RUA JOAO FERNANDES VIEIRA;;ATROPELAMENTO;1;;;1;;;;;1;;Bom;Sem defeito;Perfeito estado;Seca;Perfeito estado;Faixa de pedestre;Outras;40 km/h;2019
07/02/2019;19:03:00;COM VÍTIMA;SANTO AMARO;AV DR JAYME DA FONTE;;COLISÃO;1;1;;;;;;;1;;;;;;;;;;2019
07/02/2019;19:20:00;COM VÍTIMA;ESPINHEIRO;AV GOVERNADOR AGAMENON MAGALHAES;;COLISÃO;1;1;;;;;;;1;;;;;;;;;;2019
07/02/2019;19:24:00;SEM VÍTIMA;DERBY;AV GOVERNADOR AGAMENON MAGALHAES;SUBURBIO;ABALROAMENTO LONGITUDINAL;2;;;;;;;;0;;Bom;Sem defeito;Perfeito estado;Seca;Perfeito estado;Faixa de pedestre;Não há placas;;2019
07/02/2019;19:24:00;SEM VÍTIMA;DOIS UNIDOS;AV HILDEBRANDO DE VASCONCELOS;CIDADE;CHOQUE VEÍCULO PARADO;2;;;;;;;;0;;Bom;Não existe;Perfeito estado;Seca;Perfeito estado;;Não há placas;;2019
07/02/2019;19:30:00;SEM VÍTIMA;AFOGADOS;RUA COSME VIANA;CIDADE;COLISÃO TRASEIRA;1;1;;;;;;;0;;Bom;Sem defeito;Perfeito estado;Seca;Perfeito estado;Faixa de pedestre;Outras;;2019
07/02/2019;20:16:00;COM VÍTIMA;MADALENA;RUA REAL DA TORRE;SUBURBIO;COLISÃO COM CICLISTA;1;;1;;;;;;1;;Bom;Não existe;Incompleta;Seca;Perfeito estado;Não existe;Não há placas;30 km/h;2019
07/02/2019;21:31:00;COM VÍTIMA;IMBIRIBEIRA;AV SUL;;COLISÃO;2;;;;;;;;1;;;;;;;;;;2019
07/02/2019;22:18:00;SEM VÍTIMA;IBURA;AV DOIS RIOS;SUBURBIO;COLISÃO TRASEIRA;3;;;;;;;;0;;Bom;Não existe;Perfeito estado;Seca;Perfeito estado;Não existe;;40 km/h;2019
07/02/2019;22:24:00;SEM VÍTIMA;BOA VIAGEM;AV ENGENHEIRO DOMINGOS FERREIRA;SUBURBIO;ABALROAMENTO LONGITUDINAL;1;2;;;;;;;0;;Bom;Sem defeito;Ilegível;Seca;Perfeito estado;Faixa de pedestre;Outras;;2019
08/02/2019;07:14:00;SEM VÍTIMA;BOA VIAGEM;RUA DOS NAVEGANTES;;COLISÃO;2;;;;;;;;0;;;;;;;;;;2019
08/02/2019;07:37:00;SEM VÍTIMA;TORRE;RUA REAL DA TORRE;CIDADE;ABALROAMENTO LONGITUDINAL;1;1;;;;;;;0;;Bom;Sem defeito;Perfeito estado;Seca;;Agente;Não há placas;;2019
08/02/2019;08:18:00;SEM VÍTIMA;BOA VIAGEM;AV DOM JOAO VI;CIDADE;ABALROAMENTO LONGITUDINAL;2;;;;;;;;0;;Bom;Não existe;Perfeito estado;Seca;Perfeito estado;Outros;Não há placas;;2019
08/02/2019;09:00:00;SEM VÍTIMA;ILHA DO LEITE;PRC MIGUEL DE CERVANTES;SUBURBIO;ABALROAMENTO TRANSVERSAL;2;;;;;;;;0;;Bom;Não existe;Perfeito estado;Seca;Perfeito estado;Outros;Placas Pare;;2019
08/02/2019;09:11:00;SEM VÍTIMA;ENCRUZILHADA;AV NORTE;;COLISÃO;2;;;;;;;;0;;;;;;;;;;2019
08/02/2019;09:12:00;COM VÍTIMA;CASA AMARELA;RUA BELA VISTA;CIDADE;ABALROAMENTO LONGITUDINAL;2;1;;;;;;;1;;Bom;Não existe;Perfeito estado;Seca;Perfeito estado;;Placas Pare;40 km/h;2019
08/02/2019;09:57:00;SEM VÍTIMA;SANCHO;AV LIBERDADE;;COLISÃO TRASEIRA;2;;;;;;;;0;;Bom;Não existe;Perfeito estado;Seca;Perfeito estado;Agente;Não há placas;40 km/h;2019
08/02/2019;10:13:00;SEM VÍTIMA;BAIRRO DO RECIFE;;SUBURBIO;ABALROAMENTO LONGITUDINAL;2;;;;;;;;0;;Bom;Não existe;Perfeito estado;Seca;Perfeito estado;Não existe;Não há placas;60 km/h;2019
08/02/2019;10:22:00;SEM VÍTIMA;BOA VISTA;RUA GONCALVES MAIA;CIDADE;ABALROAMENTO LONGITUDINAL;2;;;;;;;;0;;Bom;Não existe;Ilegível;Seca;Perfeito estado;Não existe;;;2019
08/02/2019;10:40:00;SEM VÍTIMA;AREIAS;AV DR JOSE RUFINO;SUB/CID;COLISÃO TRASEIRA;2;;;;;;;;0;;Bom;Sem defeito;Perfeito estado;Seca;;;R-6a;;2019
08/02/2019;10:41:00;SEM VÍTIMA;JARDIM SÃO PAULO;AV RECIFE;;ABALROAMENTO LONGITUDINAL;1;;;;;1;;;0;;Bom;Não existe;Perfeito estado;Seca;Perfeito estado;Não existe;;;2019
08/02/2019;11:14:00;SEM VÍTIMA;IMBIRIBEIRA;AV SUL;SUBURBIO;COLISÃO TRASEIRA;2;;;;;;;;0;;Bom;Não existe;Ilegível;Seca;Mal conservada;Não existe;Não há placas;;2019
08/02/2019;11:19:00;COM VÍTIMA;IBURA;AV DOIS RIOS;;COLISÃO;1;1;;;;;;;1;;;;;;;;;;2019
08/02/2019;11:42:00;COM VÍTIMA;CORDEIRO;AV CAXANGA;CIDADE;COLISÃO COM CICLISTA;;;1;;1;;;;1;;Bom;Não existe;Perfeito estado;Seca;Perfeito estado;Agente;Não há placas;60 km/h;2019
08/02/2019;12:03:00;SEM VÍTIMA;PORTO DA MADEIRA;AV BEBERIBE;SUBURBIO;ABALROAMENTO TRANSVERSAL;;2;;;;;;;0;;Bom;Sem defeito;Perfeito estado;Seca;Perfeito estado;Faixa de pedestre;Outras;;2019
08/02/2019;12:09:00;SEM VÍTIMA;ALTO JOSÉ BONIFÁCIO;RUA ALTO JOSE BONIFACIO;CIDADE;ABALROAMENTO LONGITUDINAL;1;;;;1;;;;0;;Bom;Não existe;Perfeito estado;Seca;Perfeito estado;Não existe;Não há placas;;2019
08/02/2019;12:22:00;COM VÍTIMA;IMBIRIBEIRA;RUA SARGENTO SILVINO DE MACEDO;SUBURBIO;ATROPELAMENTO;1;;;1;;;;;1;;Bom;Não existe;Não existente;Seca;Perfeito estado;Não existe;Não há placas;;2019
08/02/2019;12:29:00;SEM VÍTIMA;CAXANGÁ;AV CAXANGA;CIDADE;COLISÃO TRASEIRA;2;;;;;;;;0;;Bom;Sem defeito;Perfeito estado;Seca;Perfeito estado;Faixa de retenção;;;2019
08/02/2019;12:30:00;SEM VÍTIMA;SÃO JOSÉ;RUA IMPERIAL;SUBURBIO;COLISÃO TRASEIRA;2;;;;;;;;0;;Bom;Não existe;Perfeito estado;Seca;Perfeito estado;Não existe;Outras;60 km/h;2019
08/02/2019;14:19:00;SEM VÍTIMA;TORRÕES;AV BICENTENARIO DA REVOLUCAO FRANCESA;;COLISÃO;1;;;;1;;;;0;;;;;;;;;;2019
08/02/2019;15:38:00;SEM VÍTIMA;BOA VIAGEM;RUA FRANCISCO DE BARROS BARRETO;;ABALROAMENTO TRANSVERSAL;2;;;;;;;;0;;Bom;Não existe;Incompleta;Seca;Outros;Não existe;Não há placas;;2019
08/02/2019;16:08:00;SEM VÍTIMA;CASA FORTE;RUA LEONARDO BEZERRA CAVALCANTE;SUBURBIO;COLISÃO TRASEIRA;3;;;;;;;;0;;Bom;Sem defeito;Perfeito estado;Seca;Perfeito estado;Faixa de pedestre;Outras;;2019
08/02/2019;16:25:00;COM VÍTIMA;TAMARINEIRA;EST VELHA DE AGUA FRIA;SUBURBIO;ABALROAMENTO LONGITUDINAL;1;1;;;;;;;1;;Bom;Não existe;Perfeito estado;Seca;Perfeito estado;;Não há placas;;2019
08/02/2019;16:32:00;COM VÍTIMA;IBURA;AV DOM HELDER CAMARA;SUBURBIO;COLISÃO TRASEIRA;1;;;;;;;;1;;Bom;Não existe;Perfeito estado;Seca;Perfeito estado;Não existe;Não há placas;;2019
08/02/2019;16:33:00;COM VÍTIMA;TOTÓ;AV LIBERDADE;CIDADE;ABALROAMENTO LONGITUDINAL;1;1;;;;;;;2;;Bom;Não existe;Perfeito estado;Seca;Perfeito estado;Não existe;Não há placas;;2019
08/02/2019;16:35:00;SEM VÍTIMA;JAQUEIRA;RUA DO FUTURO;SUBURBIO;ABALROAMENTO LONGITUDINAL;2;;;;;;;;0;;Bom;Não existe;Perfeito estado;Seca;Perfeito estado;Faixa de pedestre;Placas Pare;;2019
08/02/2019;16:38:00;SEM VÍTIMA;ILHA DO LEITE;RUA ANTONIO GOMES DE FREITAS;CIDADE;ABALROAMENTO LONGITUDINAL;1;;;;;1;;;0;;Bom;Não existe;Perfeito estado;Seca;Perfeito estado;Não existe;Outras;;2019
08/02/2019;16:43:00;SEM VÍTIMA;BOA VISTA;AV LINS PETIT;SUBURBIO;COLISÃO TRASEIRA;2;;;;;;;;0;;Bom;Não existe;Perfeito estado;Seca;Perfeito estado;Outros;Outras;;2019
08/02/2019;16:44:00;SEM VÍTIMA;VÁRZEA;RUA PROFESSOR ANTONIO COELHO;CIDADE;ABALROAMENTO TRANSVERSAL;1;1;;;;;;;0;;Bom;Não existe;Perfeito estado;Seca;Perfeito estado;Não existe;Placas Pare;;2019
08/02/2019;16:49:00;COM VÍTIMA;SAN MARTIN;AV JOAO CABRAL DE MELO NETO;CIDADE;ABALROAMENTO LONGITUDINAL;1;1;;;;;;;1;;Bom;Não existe;Perfeito estado;Seca;Perfeito estado;Não existe;Outras;;2019
08/02/2019;17:02:00;SEM VÍTIMA;MADALENA;RUA REAL DA TORRE;CIDADE;ABALROAMENTO LONGITUDINAL;2;;;;;;;;0;;Bom;Não existe;Perfeito estado;Seca;Perfeito estado;;Outras;;2019
08/02/2019;17:06:00;SEM VÍTIMA;JOANA BEZERRA;RUA AGUA DOCE;;ABALROAMENTO LONGITUDINAL;1;;;;1;;;;0;;Bom;Não existe;Não existente;Seca;Perfeito estado;Não existe;Não há placas;;2019
08/02/2019;17:06:00;COM VÍTIMA;CAJUEIRO;AV CIDADE DE MONTEIRO;;COLISÃO;1;1;;;;;;;1;;;;;;;;;;2019
08/02/2019;18:31:00;SEM VÍTIMA;IMBIRIBEIRA;RUA SARGENTO SILVINO DE MACEDO;;COLISÃO;1;;;;;1;;;0;;;;;;;;;;2019
08/02/2019;18:38:00;SEM VÍTIMA;JORDÃO;AV MARIA IRENE;SUBURBIO;COLISÃO TRASEIRA;3;;;;;;;;0;;Bom;Não existe;Perfeito estado;Seca;Perfeito estado;Não existe;Não há placas;;2019
08/02/2019;18:39:00;SEM VÍTIMA;BOA VIAGEM;RUA BARAO DE SOUZA LEAO;SUBURBIO;ABALROAMENTO LONGITUDINAL;1;;;;1;;;;0;;Bom;Sem defeito;Perfeito estado;Seca;Perfeito estado;Faixa de pedestre;Outras;;2019
08/02/2019;18:45:00;SEM VÍTIMA;SANTO AMARO;AV GOVERNADOR AGAMENON MAGALHAES;SUBURBIO;COLISÃO TRASEIRA;1;1;;;;;;;0;;Bom;Não existe;Perfeito estado;Seca;Perfeito estado;Não existe;Outras;60 km/h;2019
08/02/2019;19:29:00;SEM VÍTIMA;SAN MARTIN;RUA QUINZE DE MARCO;;COLISÃO;2;;;;;;;;0;;;;;;;;;;2019
08/02/2019;19:35:00;SEM VÍTIMA;AREIAS;AV DR JOSE RUFINO;;COLISÃO;2;;;;;;;;0;;;;;;;;;;2019
08/02/2019;20:00:00;SEM VÍTIMA;MADALENA;AV CAXANGA;CIDADE;ABALROAMENTO LONGITUDINAL;1;;;;1;;;;0;;Bom;Sem defeito;Incompleta;Seca;Perfeito estado;Faixa de retenção;Não há placas;;2019
08/02/2019;20:14:00;SEM VÍTIMA;AFLITOS;RUA DO FUTURO;SUBURBIO;ABALROAMENTO LONGITUDINAL;2;;;;;;;;0;;Bom;Sem defeito;Perfeito estado;Seca;Perfeito estado;Faixa de pedestre;;30 km/h;2019
08/02/2019;20:25:00;COM VÍTIMA;BOA VIAGEM;AV BOA VIAGEM;CIDADE;COLISÃO TRASEIRA;2;1;;;;;;;2;;Bom;Não existe;Perfeito estado;Seca;Perfeito estado;Não existe;Não há placas;;2019
08/02/2019;20:49:00;SEM VÍTIMA;SAN MARTIN;RUA APULCRO DE ASSUNCAO;;ABALROAMENTO LONGITUDINAL;2;;;;;;;;0;;Bom;Não existe;Incompleta;Seca;Perfeito estado;Não existe;Não há placas;;2019
08/02/2019;22:24:00;SEM VÍTIMA;MANGABEIRA;AV NORTE;CIDADE;COLISÃO TRASEIRA;1;;;;1;;;;0;;Bom;Sem defeito;Perfeito estado;Seca;Perfeito estado;Faixa de pedestre;Outras;;2019
09/02/2019;01:39:00;SEM VÍTIMA;IMBIRIBEIRA;AV MARECHAL MASCARENHAS DE MORAES;CIDADE;COLISÃO TRASEIRA;2;;;;;;;;0;;Bom;Sem defeito;Perfeito estado;Seca;Perfeito estado;;;;2019
09/02/2019;09:51:00;SEM VÍTIMA;TORRÕES;AV GENERAL SAN MARTIN;CIDADE;COLISÃO TRASEIRA;1;1;;;;;;;0;;Bom;Não existe;Perfeito estado;Seca;Perfeito estado;Não existe;R-6a;;2019
09/02/2019;09:59:00;SEM VÍTIMA;AFOGADOS;EST DOS REMEDIOS;;COLISÃO;1;1;;;;;;;0;;;;;;;;;;2019
09/02/2019;10:15:00;SEM VÍTIMA;AFOGADOS;RUA COSME VIANA;SUBURBIO;ABALROAMENTO LONGITUDINAL;2;;;;;;;;0;;Bom;Não existe;Perfeito estado;Seca;Perfeito estado;Outros;R-6a;;2019
09/02/2019;10:23:00;SEM VÍTIMA;BOA VIAGEM;RUA DOS NAVEGANTES;;COLISÃO;2;;;;;;;;0;;;;;;;;;;2019
09/02/2019;10:44:00;SEM VÍTIMA;COQUEIRAL;RUA ALCANTARA;;ABALROAMENTO LONGITUDINAL;1;1;;;;;;;0;;Bom;Não existe;Perfeito estado;Seca;Perfeito estado;Não existe;Não há placas;;2019
09/02/2019;11:31:00;SEM VÍTIMA;COQUEIRAL;RUA SARGENTO WILSON VIANA;SUBURBIO;CHOQUE VEÍCULO PARADO;1;;;;;1;;;0;;Bom;;Perfeito estado;Seca;Perfeito estado;Não existe;Não há placas;;2019
09/02/2019;11:32:00;SEM VÍTIMA;CORDEIRO;AV PROFESSOR ESTEVAO FRANCISCO DA COSTA;;COLISÃO;2;;;;;;;;0;;;;;;;;;;2019
09/02/2019;12:49:00;SEM VÍTIMA;SÍTIO DOS PINTOS;EST DOS PINTOS;SUBURBIO;COLISÃO FRONTAL;;1;;;;;1;;0;;Bom;Não existe;Perfeito estado;Seca;Perfeito estado;Não existe;R-6c;;2019
09/02/2019;15:00:00;SEM VÍTIMA;JORDÃO;AV MARIA IRENE;SUBURBIO;ABALROAMENTO TRANSVERSAL;2;;;;;;;;0;;Bom;Não existe;Perfeito estado;Seca;Perfeito estado;Outros;Outras;60 km/h;2019
09/02/2019;15:25:00;SEM VÍTIMA;BEBERIBE;AV BEBERIBE;;ABALROAMENTO LONGITUDINAL;1;;;;1;;;;0;;Bom;Sem defeito;Perfeito estado;Seca;Perfeito estado;Faixa de pedestre;Não há placas;;2019
09/02/2019;17:50:00;COM VÍTIMA;ESPINHEIRO;AV JOAO DE BARROS;;COLISÃO;1;1;;;;;;;1;;;;;;;;;;2019
09/02/2019;18:24:00;COM VÍTIMA;ESPINHEIRO;AV JOAO DE BARROS;SUBURBIO;COLISÃO TRASEIRA;1;1;;;;;;;1;;Bom;Não existe;Perfeito estado;Seca;Perfeito estado;Não existe;Não há placas;;2019
09/02/2019;18:33:00;SEM VÍTIMA;CAXANGÁ;RUA DEPUTADO JOSE FRANCISCO DE MELO CAVALCANTI;;COLISÃO;2;;;;;;;;0;;;;;;;;;;2019
09/02/2019;19:30:00;SEM VÍTIMA;AREIAS;AV RECIFE;SUBURBIO;ABALROAMENTO LONGITUDINAL;1;;;;1;;;;0;;Bom;Sem defeito;Perfeito estado;Seca;Perfeito estado;Faixa de pedestre;Outras;;2019
09/02/2019;23:13:00;SEM VÍTIMA;TORRÕES;RUA DELMIRO GOUVEIA;CIDADE;COLISÃO TRASEIRA;2;;;;;;;;0;;Bom;Não existe;Perfeito estado;Seca;Perfeito estado;Não existe;Não há placas;;2019
09/02/2019;23:33:00;COM VÍTIMA;JOANA BEZERRA;VIADUTO CAPITAO TEMUDO;CIDADE;COLISÃO TRASEIRA;2;;;;;;;;1;;Bom;Não existe;Perfeito estado;Seca;Perfeito estado;Não existe;Outras;60 km/h;2019
09/02/2019;23:55:00;COM VÍTIMA;CORDEIRO;AV ENGENHEIRO ABDIAS DE CARVALHO;SUBURBIO;COLISÃO TRASEIRA;1;1;;;;;;;1;;Bom;Sem defeito;Perfeito estado;Seca;Perfeito estado;Faixa de pedestre;Outras;60 km/h;2019
09/02/2019;23:58:00;SEM VÍTIMA;BEBERIBE;RUA MAJOR DAVINO;;COLISÃO;1;1;;;;;;;0;;;;;;;;;;2019
10/02/2019;00:19:00;SEM VÍTIMA;CORDEIRO;RUA MAURICIO DE NASSAU;SUBURBIO;COLISÃO TRASEIRA;2;;;;;;;;0;;Chuvoso;Sem defeito;Perfeito estado;Molhada;Mal iluminada;Faixa de pedestre;Não há placas;;2019
10/02/2019;01:56:00;SEM VÍTIMA;BOA VIAGEM;AV ENGENHEIRO DOMINGOS FERREIRA;SUBURBIO;ABALROAMENTO TRANSVERSAL;2;;;;;;;;0;;Bom;Sem defeito;Perfeito estado;Seca;Perfeito estado;;;;2019
10/02/2019;03:32:00;COM VÍTIMA;ESPINHEIRO;RUA DR FERNANDO ALLAIN;;ABALROAMENTO TRANSVERSAL;2;;;;;;;;1;;Bom;Não existe;Perfeito estado;Seca;Perfeito estado;Não existe;Outras;;2019
10/02/2019;05:28:00;COM VÍTIMA;CASA AMARELA;RUA CONEGO BARATA;SUBURBIO;ABALROAMENTO TRANSVERSAL;1;1;;;;;;;1;;Bom;Sem defeito;Perfeito estado;Seca;Perfeito estado;Faixa de pedestre;Outras;;2019
10/02/2019;10:51:00;COM VÍTIMA;ÁGUA FRIA;AV BEBERIBE;;COLISÃO;;1;;;;;1;;1;;;;;;;;;;2019
10/02/2019;11:05:00;SEM VÍTIMA;CASA AMARELA;RUA VASCO DA GAMA;;COLISÃO;1;;;;;1;;;0;;;;;;;;;;2019
10/02/2019;11:26:00;COM VÍTIMA;SAN MARTIN;RUA OUREM;SUBURBIO;ABALROAMENTO TRANSVERSAL;1;1;;;;;;;2;;Bom;Não existe;Não existente;Seca;Perfeito estado;Não existe;Não há placas;20 km/h;2019
10/02/2019;11:44:00;SEM VÍTIMA;IMBIRIBEIRA;AV MARECHAL MASCARENHAS DE MORAES;SUBURBIO;ABALROAMENTO LONGITUDINAL;2;;;;;;;;0;;Bom;Sem defeito;Perfeito estado;Seca;Perfeito estado;Faixa de pedestre;R-6a;;2019
10/02/2019;12:27:00;SEM VÍTIMA;BOA VISTA;AV MARTINS DE BARROS;CIDADE;ABALROAMENTO LONGITUDINAL;1;;;;1;;;;0;;Bom;Sem defeito;Perfeito estado;Seca;Perfeito estado;Faixa de pedestre;;;2019
10/02/2019;13:00:00;COM VÍTIMA;IPUTINGA;RUA EMILIANO BRAGA;SUBURBIO;ABALROAMENTO LONGITUDINAL;1;1;;;;;;;1;;Bom;Não existe;Perfeito estado;Seca;Perfeito estado;Agente;Placas Pare;30 km/h;2019
10/02/2019;14:16:00;SEM VÍTIMA;;AV NORTE;SUBURBIO;ABALROAMENTO TRANSVERSAL;1;1;;;;;;;0;;Bom;Sem defeito;Perfeito estado;Seca;Perfeito estado;Faixa de pedestre;;;2019
10/02/2019;15:18:00;SEM VÍTIMA;TEJIPIÓ;RUA FALCAO DE LACERDA;CIDADE;ABALROAMENTO TRANSVERSAL;1;1;;;;;;;0;;Bom;Não existe;Perfeito estado;Seca;Perfeito estado;Não existe;Outras;;2019
10/02/2019;15:52:00;SEM VÍTIMA;VASCO DA GAMA;AV NORTE;SUBURBIO;COLISÃO TRASEIRA;1;;;;1;;;;0;;Bom;Sem defeito;Perfeito estado;Seca;Perfeito estado;Faixa de pedestre;;;2019
10/02/2019;16:07:00;SEM VÍTIMA;IMBIRIBEIRA;AV MARECHAL MASCARENHAS DE MORAES;CIDADE;COLISÃO TRASEIRA;2;;;;;;;;0;;Bom;Sem defeito;Perfeito estado;Seca;Perfeito estado;Faixa de pedestre;Outras;;2019
10/02/2019;16:31:00;SEM VÍTIMA;BOA VIAGEM;AV CONSELHEIRO AGUIAR;CIDADE;ABALROAMENTO LONGITUDINAL;2;;;;;;;;0;;Bom;Não existe;Perfeito estado;Seca;Perfeito estado;Não existe;R-6a;;2019
10/02/2019;18:03:00;SEM VÍTIMA;PAISSANDU;AV GOVERNADOR AGAMENON MAGALHAES;;COLISÃO TRASEIRA;1;1;;;;;;;0;;Bom;Sem defeito;Perfeito estado;Seca;Perfeito estado;Faixa de pedestre;R-6a;;2019
10/02/2019;18:32:00;SEM VÍTIMA;BOA VIAGEM;RUA JOSE TRAJANO;;COLISÃO;2;;;;;;;;0;;;;;;;;;;2019
10/02/2019;19:09:00;COM VÍTIMA;BOA VIAGEM;RUA COSMORAMA;SUBURBIO;ABALROAMENTO TRANSVERSAL;1;1;;;;;;;1;;Bom;Sem defeito;Perfeito estado;Seca;Perfeito estado;Faixa de pedestre;R-4a;;2019
10/02/2019;19:28:00;COM VÍTIMA;PARNAMIRIM;RUA SEBASTIAO ALVES;CIDADE;ABALROAMENTO LONGITUDINAL;1;1;;;;;;;2;;Bom;Não existe;Incompleta;Seca;Mal iluminada;Não existe;R-19;20 km/h;2019
10/02/2019;20:12:00;SEM VÍTIMA;TORRÕES;AV ENGENHEIRO ABDIAS DE CARVALHO;SUBURBIO;COLISÃO TRASEIRA;3;;;;;;;;0;;Bom;Sem defeito;Perfeito estado;Seca;Mal iluminada;Faixa de pedestre;;60 km/h;2019
10/02/2019;21:34:00;SEM VÍTIMA;ESPINHEIRO;AV JOAO DE BARROS;SUBURBIO;COLISÃO TRASEIRA;2;;;;;;;;0;;Bom;Sem defeito;Perfeito estado;Seca;Perfeito estado;;;;2019
10/02/2019;22:20:00;SEM VÍTIMA;DERBY;AV GOVERNADOR AGAMENON MAGALHAES;SUBURBIO;ABALROAMENTO LONGITUDINAL;1;;;;;1;;;0;;Bom;Sem defeito;Perfeito estado;Seca;Perfeito estado;Faixa de pedestre;Outras;60 km/h;2019
11/02/2019;07:17:00;SEM VÍTIMA;BOA VISTA;AV GOVERNADOR AGAMENON MAGALHAES;SUBURBIO;ABALROAMENTO LONGITUDINAL;1;;;;1;;;;0;;Bom;Sem defeito;Perfeito estado;Seca;Perfeito estado;;;60 km/h;2019
11/02/2019;07:38:00;SEM VÍTIMA;PORTO DA MADEIRA;AV BEBERIBE;SUBURBIO;COLISÃO TRASEIRA;1;;;;;1;;;0;;Bom;Não existe;Perfeito estado;Seca;Perfeito estado;Outros;R-6a;;2019
11/02/2019;07:59:00;COM VÍTIMA;CAMPO GRANDE;RUA GUAIANAZES;CIDADE;ABALROAMENTO LONGITUDINAL;1;1;;;;;;;1;;Bom;Não existe;Incompleta;Seca;Perfeito estado;Não existe;Não há placas;;2019
11/02/2019;08:07:00;SEM VÍTIMA;SÃO JOSÉ;C SANTA RITA;CIDADE;ABALROAMENTO LONGITUDINAL;1;;;;1;;;;0;;Bom;Sem defeito;Perfeito estado;Seca;Perfeito estado;;;;2019
11/02/2019;08:11:00;COM VÍTIMA;TEJIPIÓ;RUA DO SANCHO;SUBURBIO;COLISÃO COM CICLISTA;1;;1;;;;;;1;;Bom;Não existe;Perfeito estado;Seca;Perfeito estado;Não existe;Outras;;2019
11/02/2019;08:12:00;SEM VÍTIMA;SÃO JOSÉ;RUA SIQUEIRA CAMPOS;;COLISÃO;1;;;;1;;;;0;;;;;;;;;;2019
11/02/2019;09:12:00;SEM VÍTIMA;DERBY;RUA DR SEVERINO PINHEIRO;CIDADE;ABALROAMENTO LONGITUDINAL;2;;;;;;;;0;;Bom;Não existe;Perfeito estado;Seca;Perfeito estado;Não existe;Não há placas;40 km/h;2019
11/02/2019;09:32:00;SEM VÍTIMA;IMBIRIBEIRA;RUA NESTOR MOREIRA;;COLISÃO;2;;;;;;;;0;;;;;;;;;;2019
11/02/2019;09:32:00;SEM VÍTIMA;BOA VIAGEM;RUA BARAO DE MONTE ALTO;;ABALROAMENTO LONGITUDINAL;1;;;;;1;;1;0;;Bom;Não existe;Não existente;Seca;Mal conservada;Não existe;Não há placas;;2019
11/02/2019;09:57:00;SEM VÍTIMA;TAMARINEIRA;RUA JOSE CARVALHEIRA;SUBURBIO;ABALROAMENTO LONGITUDINAL;1;;;;;1;;;0;;Bom;Não existe;Perfeito estado;Seca;Perfeito estado;Não existe;Outras;;2019
11/02/2019;10:10:00;COM VÍTIMA;PARNAMIRIM;EST DO ARRAIAL;SUBURBIO;ABALROAMENTO TRANSVERSAL;1;1;;;;;;;1;;Bom;Não existe;Perfeito estado;Seca;Perfeito estado;Não existe;R-4a;40 km/h;2019
11/02/2019;10:35:00;SEM VÍTIMA;SANTO ANTÔNIO;RUA SIQUEIRA CAMPOS;CIDADE;ABALROAMENTO LONGITUDINAL;1;;;;;1;;;0;;Bom;Não existe;Perfeito estado;Seca;Perfeito estado;Não existe;R-6a;;2019
11/02/2019;10:52:00;SEM VÍTIMA;IMBIRIBEIRA;RUA ANTONIO PAES BARRETO;SUBURBIO;ABALROAMENTO LONGITUDINAL;1;;;;1;;;1;0;;Bom;Não existe;Não existente;Seca;Mal conservada;Não existe;Não há placas;;2019