data;hora;natureza_acidente;bairro;endereco;sentido_via;tipo;auto;moto;ciclista;pedestre;onibus;caminhao;viatura;outros;vitimas;vitimasfatais;tempo_clima;situacao_semaforo;sinalizacao;condicao_via;conservacao_via;ponto_controle;situacao_placa;velocidade_max_via;ano
11/02/2019;11:15:00;COM VÍTIMA;TEJIPIÓ;AV DR JOSE RUFINO;CIDADE;COLISÃO TRASEIRA;1;1;;;;;;;1;;Bom;Sem defeito;Perfeito estado;Seca;Perfeito estado;Faixa de pedestre;;;2019
11/02/2019;11:23:00;SEM VÍTIMA;JIQUIÁ;RUA SAO MIGUEL;;COLISÃO;2;;;;;;;;0;;;;;;;;;;2019
11/02/2019;11:31:00;COM VÍTIMA;IMBIRIBEIRA;AV MARECHAL MASCARENHAS DE MORAES;SUBURBIO;ABALROAMENTO LONGITUDINAL;1;1;;;;;;;1;;Bom;Sem defeito;Perfeito estado;Seca;Perfeito estado;;Não há placas;60 km/h;2019
11/02/2019;11:37:00;SEM VÍTIMA;AFOGADOS;RUA SAO MIGUEL;;COLISÃO;1;;;;;1;;;0;;;;;;;;;;2019
11/02/2019;12:16:00;SEM VÍTIMA;BOA VISTA;RUA JOSE DE ALENCAR;;ABALROAMENTO TRANSVERSAL;1;1;;;;;;;0;;Bom;Não existe;Perfeito estado;Seca;Perfeito estado;Faixa de retenção;Placas Pare;;2019
11/02/2019;12:25:00;SEM VÍTIMA;ENCRUZILHADA;RUA FERNANDO CESAR;CIDADE;ABALROAMENTO LONGITUDINAL;1;;;;;1;;;0;;Bom;Não existe;Perfeito estado;Seca;Perfeito estado;;Placas Pare;30 km/h;2019
11/02/2019;12:31:00;COM VÍTIMA;AFOGADOS;RUA COSME VIANA;CIDADE;COLISÃO TRASEIRA;1;1;;;;;;;1;;Bom;Sem defeito;Perfeito estado;Seca;;Faixa de pedestre;Não há placas;;2019
11/02/2019;13:21:00;SEM VÍTIMA;GRAÇAS;RUA DR BANDEIRA FILHO;;COLISÃO;2;;;;;;;;0;;;;;;;;;;2019
11/02/2019;13:51:00;SEM VÍTIMA;SAN MARTIN;AV ENGENHEIRO ABDIAS DE CARVALHO;;COLISÃO;3;;;;;;;;0;;;;;;;;;;2019
11/02/2019;14:25:00;SEM VÍTIMA;TORRE;AV BEIRA RIO;;COLISÃO;1;;;;;1;;;0;;;;;;;;;;2019
11/02/2019;14:34:00;SEM VÍTIMA;MADALENA;RUA REAL DA TORRE;;COLISÃO;2;;;;;;;;0;;;;;;;;;;2019
11/02/2019;14:41:00;SEM VÍTIMA;;AV ANIBAL BENEVOLO;SUBURBIO;COLISÃO TRASEIRA;1;;;;1;;;;0;;Bom;Não existe;Perfeito estado;Seca;Perfeito estado;Não existe;Não há placas;;2019
11/02/2019;14:56:00;SEM VÍTIMA;GRAÇAS;RUA DOZE DE OUTUBRO;SUBURBIO;ABALROAMENTO LONGITUDINAL;1;1;;;;;;;0;;Bom;Não existe;Não existente;Seca;Perfeito estado;Não existe;Não há placas;;2019
11/02/2019;15:08:00;SEM VÍTIMA;BOA VIAGEM;AV FERNANDO SIMOES BARBOSA;SUBURBIO;ABALROAMENTO LONGITUDINAL;1;;;;;1;;;0;;Bom;Sem defeito;Perfeito estado;Seca;Perfeito estado;Faixa de pedestre;Não há placas;;2019
11/02/2019;15:13:00;COM VÍTIMA;SÃO JOSÉ;RUA IMPERIAL;SUBURBIO;ABALROAMENTO TRANSVERSAL;1;1;;;;;;;2;;Bom;Não existe;Incompleta;Seca;Perfeito estado;Não existe;R-6a;;2019
11/02/2019;15:19:00;COM VÍTIMA;ENCRUZILHADA;RUA CASTRO ALVES;;ATROPELAMENTO;1;;;2;;;;;2;;Bom;;Perfeito estado;Seca;Perfeito estado;Não existe;R-6a;;2019
11/02/2019;15:20:00;SEM VÍTIMA;SAN MARTIN;AV ENGENHEIRO ABDIAS DE CARVALHO;CIDADE;COLISÃO TRASEIRA;3;;;;;;;;0;;Bom;Não existe;Perfeito estado;Seca;Perfeito estado;Outros;R-6a;;2019
11/02/2019;15:26:00;SEM VÍTIMA;BOA VIAGEM;AV ENGENHEIRO DOMINGOS FERREIRA;SUBURBIO;COLISÃO TRASEIRA;1;1;;;;;;;0;;Bom;Sem defeito;Perfeito estado;Seca;Perfeito estado;Faixa de pedestre;R-6a;60 km/h;2019
11/02/2019;15:46:00;SEM VÍTIMA;SANTO AMARO;AV GOVERNADOR AGAMENON MAGALHAES;;COLISÃO;;2;;;;;;;0;;;;;;;;;;2019
11/02/2019;16:22:00;SEM VÍTIMA;SANTO ANTÔNIO;RUA DO SOL;SUBURBIO;COLISÃO TRASEIRA;2;;;;;;;;0;;Bom;Sem defeito;Perfeito estado;Seca;Perfeito estado;Não existe;R-6a;;2019
11/02/2019;16:24:00;SEM VÍTIMA;BOA VIAGEM;RUA SA E SOUZA;SUBURBIO;ABALROAMENTO TRANSVERSAL;1;1;;;;;;;0;;Bom;Não existe;Perfeito estado;Seca;Perfeito estado;;Placas Pare;;2019
11/02/2019;16:43:00;SEM VÍTIMA;IMBIRIBEIRA;AV MARECHAL MASCARENHAS DE MORAES;SUBURBIO;ABALROAMENTO TRANSVERSAL;1;;;;1;;;;0;;Bom;Sem defeito;Perfeito estado;Seca;Perfeito estado;Outros;Outras;60 km/h;2019
11/02/2019;17:18:00;SEM VÍTIMA;JOANA BEZERRA;PTE JOSE DE BARROS LIMA;SUBURBIO;ABALROAMENTO LONGITUDINAL;2;;;;;;;;0;;Bom;Não existe;Perfeito estado;Seca;Perfeito estado;Não existe;Outras;60 km/h;2019
11/02/2019;17:46:00;COM VÍTIMA;JOANA BEZERRA;VDO PAPA JOAO PAULO II;SUBURBIO;COLISÃO TRASEIRA;1;1;;;;;;;1;;Bom;Não existe;Perfeito estado;Seca;Perfeito estado;Não existe;Não há placas;60 km/h;2019
11/02/2019;18:28:00;SEM VÍTIMA;JORDÃO;AV MARIA IRENE;SUBURBIO;ABALROAMENTO LONGITUDINAL;1;;;;1;;;;0;;Bom;Não existe;Incompleta;Seca;Perfeito estado;Não existe;Não há placas;;2019
11/02/2019;18:35:00;SEM VÍTIMA;MADALENA;RUA BENFICA;CIDADE;ABALROAMENTO TRANSVERSAL;1;;;;1;;;;0;;Bom;Sem defeito;Perfeito estado;Seca;Perfeito estado;Faixa de pedestre;Placas Pare;60 km/h;2019
11/02/2019;18:59:00;SEM VÍTIMA;MADALENA;RUA BENFICA;CIDADE;ABALROAMENTO LONGITUDINAL;1;;;;;;;1;0;;Bom;Não existe;Incompleta;Seca;Perfeito estado;Não existe;Outras;40 km/h;2019
11/02/2019;19:04:00;SEM VÍTIMA;BOA VIAGEM;AV ENGENHEIRO DOMINGOS FERREIRA;;COLISÃO;2;;;;;;;;0;;;;;;;;;;2019
11/02/2019;19:32:00;SEM VÍTIMA;DOIS IRMÃOS;RUA MANUEL DE MEDEIROS;SUBURBIO;ABALROAMENTO TRANSVERSAL;1;1;;;;;;;0;;Bom;Não existe;Perfeito estado;Seca;Perfeito estado;Não existe;Outras;;2019
11/02/2019;19:45:00;SEM VÍTIMA;TAMARINEIRA;RUA PADRE ROMA;SUBURBIO;COLISÃO TRASEIRA;2;;;;;;;;0;;Bom;Sem defeito;Perfeito estado;Seca;Perfeito estado;Faixa de pedestre;Outras;40 km/h;2019
11/02/2019;20:28:00;SEM VÍTIMA;BOA VISTA;AV GOVERNADOR AGAMENON MAGALHAES;;COLISÃO;2;;;;;;;;0;;;;;;;;;;2019
11/02/2019;22:13:00;SEM VÍTIMA;JARDIM SÃO PAULO;AV LIBERDADE;CIDADE;ABALROAMENTO LONGITUDINAL;2;;;;;;;;0;;Bom;Não existe;Perfeito estado;Seca;Perfeito estado;Não existe;R-6a;30 km/h;2019
11/02/2019;22:39:00;SEM VÍTIMA;BOA VIAGEM;RUA JOSE MARIA DE MIRANDA;CIDADE;ABALROAMENTO TRANSVERSAL;2;;;;;;;;0;;Bom;Não existe;Perfeito estado;Seca;Perfeito estado;Não existe;Outras;;2019
11/02/2019;23:16:00;SEM VÍTIMA;DERBY;PRC DO DERBY;CIDADE;COLISÃO TRASEIRA;1;;;;1;;;;0;;Bom;Sem defeito;Perfeito estado;Seca;Perfeito estado;Não existe;Não há placas;;2019
12/02/2019;06:21:00;SEM VÍTIMA;GRAÇAS;RUA DAS PERNAMBUCANAS;SUBURBIO;ABALROAMENTO TRANSVERSAL;1;;;;;1;;;0;;Bom;Sem defeito;Perfeito estado;Seca;Perfeito estado;Faixa de pedestre;Outras;;2019
12/02/2019;06:46:00;SEM VÍTIMA;IPUTINGA;AV CAXANGA;CIDADE;COLISÃO TRASEIRA;3;;;;;;;;0;;Bom;Não existe;Perfeito estado;Seca;Perfeito estado;Não existe;R-6a;;2019
12/02/2019;07:03:00;SEM VÍTIMA;CURADO;RUA DR GEORGE WILLIAM BUTLER;;COLISÃO;;1;;;1;;;;0;;;;;;;;;;2019
12/02/2019;07:22:00;COM VÍTIMA;ILHA DO LEITE;AV GOVERNADOR AGAMENON MAGALHAES;SUBURBIO;ABALROAMENTO TRANSVERSAL;;2;;;;;;;1;;Bom;Sem defeito;Perfeito estado;Seca;Perfeito estado;Agente;Não há placas;60 km/h;2019
12/02/2019;07:40:00;SEM VÍTIMA;CASA FORTE;AV DEZESSETE DE AGOSTO;CIDADE;ABALROAMENTO TRANSVERSAL;1;;;;1;;;;0;;Bom;Não existe;Perfeito estado;Seca;Perfeito estado;Faixa de pedestre;Placas Pare;;2019
12/02/2019;07:51:00;SEM VÍTIMA;CASA AMARELA;RUA DA HARMONIA;CIDADE;COLISÃO TRASEIRA;2;;;;;;;;0;;Bom;Sem defeito;Perfeito estado;Seca;Perfeito estado;Faixa de pedestre;Outras;;2019
12/02/2019;07:53:00;SEM VÍTIMA;GRAÇAS;RUA CARDEAL ARCOVERDE;;COLISÃO;;;;;;;;;0;;;;;;;;;;2019
12/02/2019;09:04:00;SEM VÍTIMA;CORDEIRO;AV CAXANGA;SUBURBIO;COLISÃO TRASEIRA;1;;;;1;;;;0;;Bom;Não existe;Perfeito estado;Seca;Perfeito estado;Não existe;Não há placas;60 km/h;2019
12/02/2019;09:10:00;SEM VÍTIMA;BOA VISTA;AV JOAO DE BARROS;CIDADE;ABALROAMENTO LONGITUDINAL;2;;;;;;;;0;;Bom;Não existe;Perfeito estado;Seca;Perfeito estado;Faixa de pedestre;Outras;;2019
12/02/2019;09:24:00;SEM VÍTIMA;MADALENA;RUA BENFICA;CIDADE;ABALROAMENTO LONGITUDINAL;3;;;;;;;;0;;Bom;Sem defeito;Perfeito estado;Seca;Perfeito estado;Não existe;R-6a;;2019
12/02/2019;09:41:00;COM VÍTIMA;BONGI;AV MANOEL GONCALVES DA LUZ;;ATROPELAMENTO;;;;1;1;;;;1;;Bom;Não existe;Perfeito estado;Seca;Perfeito estado;Não existe;R-6a;;2019
12/02/2019;09:57:00;SEM VÍTIMA;IPSEP;AV PROFESSOR JOSE DOS ANJOS;;COLISÃO;1;1;;;;;;;0;;;;;;;;;;2019
12/02/2019;10:00:00;SEM VÍTIMA;ENCRUZILHADA;AV JOAO DE BARROS;SUBURBIO;ABALROAMENTO LONGITUDINAL;2;;;;;;;;0;;Bom;Sem defeito;Perfeito estado;Seca;Perfeito estado;Agente;Outras;40 km/h;2019
12/02/2019;10:17:00;COM VÍTIMA;AFOGADOS;RUA COSME VIANA;SUBURBIO;COLISÃO COM CICLISTA;1;;1;;;;;;1;;Bom;Sem defeito;Perfeito estado;Seca;Perfeito estado;Faixa de pedestre;R-6a;;2019
12/02/2019;11:35:00;SEM VÍTIMA;ARRUDA;AV PROFESSOR JOSE DOS ANJOS;;COLISÃO;1;1;;;;;;;0;;;;;;;;;;2019
12/02/2019;11:44:00;SEM VÍTIMA;AFOGADOS;RUA SAO MIGUEL;;COLISÃO;1;1;;;;;;;0;;;;;;;;;;2019
12/02/2019;11:53:00;SEM VÍTIMA;TORRE;RUA CONDE DE IRAJA;SUBURBIO;COLISÃO TRASEIRA;2;;;;;;;;0;;Bom;Não existe;Não existente;Seca;Perfeito estado;Não existe;Não há placas;40 km/h;2019
12/02/2019;12:25:00;SEM VÍTIMA;MADALENA;RUA PADRE ANCHIETA;;COLISÃO;2;;;;;;;;0;;;;;;;;;;2019
12/02/2019;12:39:00;COM VÍTIMA;CASA AMARELA;RUA PADRE LEMOS;SUBURBIO;COLISÃO TRASEIRA;1;1;;;;;;;1;;Bom;Sem defeito;Perfeito estado;Seca;Perfeito estado;Não existe;Outras;;2019
12/02/2019;12:42:00;COM VÍTIMA;GRAÇAS;RUA DAS CREOULAS;;ABALROAMENTO LONGITUDINAL;1;1;;;;;;;1;;Bom;Sem defeito;Perfeito estado;Seca;Perfeito estado;Faixa de pedestre;Outras;;2019
12/02/2019;12:47:00;SEM VÍTIMA;IPSEP;RUA PINTOR ANTONIO ALBUQUERQUE;;ABALROAMENTO LONGITUDINAL;1;1;;;;;;;0;;Bom;Não existe;Ilegível;Seca;Mal conservada;Não existe;Outras;40 km/h;2019
12/02/2019;13:12:00;COM VÍTIMA;ARRUDA;AV BEBERIBE;SUBURBIO;ABALROAMENTO TRANSVERSAL;1;1;;;;;;;1;;Bom;Não existe;Perfeito estado;Seca;Perfeito estado;Não existe;Não há placas;60 km/h;2019
12/02/2019;14:22:00;SEM VÍTIMA;BOA VIAGEM;RUA SETUBAL;CIDADE;ABALROAMENTO LONGITUDINAL;;;;;1;1;;;0;;Bom;Sem defeito;Perfeito estado;Seca;Perfeito estado;;Outras;;2019
12/02/2019;14:24:00;SEM VÍTIMA;BOA VIAGEM;RUA ERNESTO DE PAULA SANTOS;;COLISÃO;1;1;;;;;;;0;;;;;;;;;;2019
12/02/2019;15:11:00;SEM VÍTIMA;AFOGADOS;AV SUL;CIDADE;COLISÃO TRASEIRA;2;;;;;;;;0;;Bom;Não existe;Não existente;Seca;Perfeito estado;Não existe;Não há placas;;2019
12/02/2019;15:37:00;SEM VÍTIMA;MADALENA;RUA JOSE OSORIO;SUBURBIO;CHOQUE OBJETO FIXO;;;;;;1;;;0;;Bom;Não existe;Perfeito estado;Seca;Perfeito estado;Não existe;R-6a;;2019
12/02/2019;16:32:00;SEM VÍTIMA;JOANA BEZERRA;AV BEIRA RIO;;COLISÃO;2;;;;;;;;0;;;;;;;;;;2019
12/02/2019;16:44:00;SEM VÍTIMA;PINA;RUA CARNEIRO PESSOA;;ABALROAMENTO LONGITUDINAL;1;;;;;;1;;0;;Bom;Não existe;Perfeito estado;Seca;Perfeito estado;;;40 km/h;2019
12/02/2019;17:07:00;SEM VÍTIMA;IPSEP;RUA JAMAICA;CIDADE;ABALROAMENTO TRANSVERSAL;2;;;;;;;;0;;Bom;Não existe;Perfeito estado;Seca;Perfeito estado;Faixa de pedestre;R-6a;;2019
12/02/2019;17:13:00;SEM VÍTIMA;DERBY;RUA SPORT CLUBE DO RECIFE;SUBURBIO;ABALROAMENTO LONGITUDINAL;1;;;;1;;;;0;;Bom;Não existe;Perfeito estado;Seca;Perfeito estado;Não existe;R-6a;;2019
12/02/2019;17:17:00;SEM VÍTIMA;TEJIPIÓ;AV DR JOSE RUFINO;CIDADE;COLISÃO TRASEIRA;1;1;;;;;;;0;;Bom;Não existe;Perfeito estado;Seca;Perfeito estado;;Outras;;2019
12/02/2019;17:45:00;SEM VÍTIMA;BOA VIAGEM;RUA ERNESTO DE PAULA SANTOS;SUBURBIO;COLISÃO TRASEIRA;4;;;;;;;;0;;Bom;Sem defeito;Incompleta;Seca;Perfeito estado;Não existe;Não há placas;;2019
12/02/2019;17:55:00;SEM VÍTIMA;SANTO AMARO;AV CRUZ CABUGA;CIDADE;ABALROAMENTO TRANSVERSAL;1;;;;1;;;;0;;Bom;Não existe;Ilegível;Seca;Perfeito estado;Não existe;;;2019
12/02/2019;17:59:00;SEM VÍTIMA;BOA VISTA;RUA BARAO DE SAO BORJA;SUBURBIO;ABALROAMENTO LONGITUDINAL;1;;;;;;;1;0;;Bom;Não existe;Não existente;Seca;Mal iluminada;Não existe;Não há placas;;2019
12/02/2019;18:04:00;SEM VÍTIMA;PINA;AV ENGENHEIRO DOMINGOS FERREIRA;SUBURBIO;ABALROAMENTO LONGITUDINAL;2;;;;;;;;0;;Bom;Não existe;Perfeito estado;Seca;Perfeito estado;Não existe;Outras;60 km/h;2019
12/02/2019;18:07:00;SEM VÍTIMA;SANTO AMARO;AV CRUZ CABUGA;;COLISÃO;2;;;;;;;;0;;;;;;;;;;2019
12/02/2019;18:29:00;SEM VÍTIMA;MADALENA;RUA JOSE OSORIO;SUBURBIO;ABALROAMENTO LONGITUDINAL;1;;;;1;;;;0;;Bom;Não existe;Perfeito estado;Seca;Perfeito estado;Não existe;Não há placas;;2019
12/02/2019;18:47:00;SEM VÍTIMA;TORRÕES;RUA ANTONIO VALDEVINO COSTA;SUBURBIO;CHOQUE VEÍCULO PARADO;1;;;;;;;1;0;;Bom;Não existe;Perfeito estado;Seca;Perfeito estado;Não existe;Não há placas;;2019
12/02/2019;19:29:00;SEM VÍTIMA;MADALENA;AV CAXANGA;CIDADE;ABALROAMENTO LONGITUDINAL;1;1;;;;;;;0;;Bom;Sem defeito;Perfeito estado;Seca;Perfeito estado;Faixa de pedestre;R-6a;;2019
12/02/2019;19:57:00;SEM VÍTIMA;BEBERIBE;RUA DA REGENERACAO;SUBURBIO;ABALROAMENTO LONGITUDINAL;2;;;;;;;;0;;Chuvoso;Sem defeito;Perfeito estado;Molhada;Perfeito estado;;;;2019
12/02/2019;20:12:00;COM VÍTIMA;BOA VIAGEM;RUA DR LUIZ CORREA DE OLIVEIRA;SUBURBIO;ABALROAMENTO LONGITUDINAL;1;1;;;;;;;2;;Bom;Não existe;Perfeito estado;Seca;Perfeito estado;Não existe;Placas Pare;;2019
12/02/2019;20:23:00;COM VÍTIMA;ILHA DO LEITE;AV FREI MATIAS TEVES;SUBURBIO;ABALROAMENTO TRANSVERSAL;1;1;;;;;;;1;;Bom;Não existe;Perfeito estado;Seca;Perfeito estado;;;;2019
12/02/2019;20:34:00;SEM VÍTIMA;JORDÃO;RUA DR ANDRADE LYRA;CIDADE;ABALROAMENTO TRANSVERSAL;2;;;;;;;;0;;Bom;Não existe;Perfeito estado;Seca;Perfeito estado;;Placas Pare;;2019
12/02/2019;21:29:00;COM VÍTIMA;IBURA;AV DOIS RIOS;;ABALROAMENTO TRANSVERSAL;1;1;;;;;;;1;;Chuvoso;Não existe;Perfeito estado;Seca;Perfeito estado;Agente;;;2019
13/02/2019;06:52:00;SEM VÍTIMA;TAMARINEIRA;RUA SILVEIRA LIRA;CIDADE;ABALROAMENTO LONGITUDINAL;2;;;;;;;;0;;Chuvoso;Não existe;Perfeito estado;Seca;Perfeito estado;Não existe;Placas Pare;;2019
13/02/2019;07:06:00;SEM VÍTIMA;AFOGADOS;AV SUL;CIDADE;COLISÃO TRASEIRA;1;1;;;;;;;0;;Bom;Não existe;Perfeito estado;Molhada;Perfeito estado;Não existe;Não há placas;;2019
13/02/2019;07:20:00;SEM VÍTIMA;PINA;AV ANTONIO DE GOES;CIDADE;COLISÃO TRASEIRA;;;;;;;;;0;;Chuvoso;Sem defeito;Perfeito estado;Molhada;Perfeito estado;Agente;Não há placas;60 km/h;2019
13/02/2019;08:23:00;SEM VÍTIMA;PINA;PTE GOVERNADOR PAULO GUERRA;CID/SUB;ABALROAMENTO LONGITUDINAL;1;;;;;1;;;0;;Bom;Não existe;Perfeito estado;Seca;Perfeito estado;Não existe;;60 km/h;2019
13/02/2019;08:28:00;SEM VÍTIMA;AFOGADOS;RUA VINTE E UM DE ABRIL;;COLISÃO;1;1;;;;;;;0;;;;;;;;;;2019
13/02/2019;08:30:00;SEM VÍTIMA;BOA VIAGEM;RUA RIO AZUL;;COLISÃO;2;;;;;;;;0;;;;;;;;;;2019
13/02/2019;09:10:00;SEM VÍTIMA;ILHA DO RETIRO;AV JOSE GONCALVES DE MEDEIROS;SUBURBIO;ABALROAMENTO TRANSVERSAL;2;;;;;;;;0;;Chuvoso;Não existe;Não existente;Molhada;Perfeito estado;Não existe;Não há placas;;2019
13/02/2019;09:22:00;SEM VÍTIMA;BOA VIAGEM;RUA RAUL AZEDO;SUBURBIO;ABALROAMENTO LONGITUDINAL;2;;;;;;;;0;;Chuvoso;Sem defeito;Perfeito estado;Molhada;Perfeito estado;Não existe;Outras;;2019
13/02/2019;09:31:00;SEM VÍTIMA;ILHA DO LEITE;AV LINS PETIT;;COLISÃO;2;;;;;;;;0;;;;;;;;;;2019
13/02/2019;10:00:00;SEM VÍTIMA;PINA;AV CONSELHEIRO AGUIAR;;COLISÃO;2;;;;;;;;0;;;;;;;;;;2019
13/02/2019;10:04:00;COM VÍTIMA;COQUEIRAL;RUA SARGENTO WILSON VIANA;;COLISÃO;1;1;;;;;;;1;;;;;;;;;;2019
13/02/2019;11:34:00;SEM VÍTIMA;TORRE;RUA ANA NERY;SUBURBIO;ABALROAMENTO TRANSVERSAL;3;;;;;;;;0;;Chuvoso;Não existe;Incompleta;Molhada;Perfeito estado;Não existe;Outras;;2019
13/02/2019;12:10:00;SEM VÍTIMA;BOA VIAGEM;AV DOM JOAO VI;;ABALROAMENTO LONGITUDINAL;1;;;;;1;;;0;;Chuvoso;Não existe;Perfeito estado;Molhada;Perfeito estado;Não existe;R-6a;;2019
13/02/2019;12:28:00;SEM VÍTIMA;ILHA JOANA BEZERRA;AV DES GUERRA BARRETO;SUBURBIO;COLISÃO TRASEIRA;4;;;;;;;;0;;Chuvoso;Sem defeito;Perfeito estado;Molhada;Perfeito estado;Faixa de retenção;Não há placas;;2019
13/02/2019;13:15:00;SEM VÍTIMA;BOA VIAGEM;AV FERNANDO SIMOES BARBOSA;SUBURBIO;ABALROAMENTO LONGITUDINAL;1;;;;1;;;;0;;Chuvoso;Sem defeito;Perfeito estado;Molhada;Perfeito estado;Faixa de pedestre;R-6a;;2019
13/02/2019;13:19:00;SEM VÍTIMA;GRAÇAS;AV RUI BARBOSA;CIDADE;COLISÃO TRASEIRA;2;;;;;;;;0;;Chuvoso;Não existe;Perfeito estado;Molhada;Perfeito estado;Faixa de pedestre;Outras;;2019
13/02/2019;13:50:00;SEM VÍTIMA;BOA VIAGEM;AV FERNANDO SIMOES BARBOSA;;COLISÃO;1;;;;1;;;;0;;;;;;;;;;2019
13/02/2019;14:12:00;SEM VÍTIMA;JAQUEIRA;AV RUI BARBOSA;;COLISÃO;2;;;;;;;;0;;;;;;;;;;2019
13/02/2019;15:16:00;SEM VÍTIMA;ESTÂNCIA;AV RECIFE;;COLISÃO;1;;;;;;;1;0;;;;;;;;;;2019
13/02/2019;15:20:00;SEM VÍTIMA;BEBERIBE;AV BEBERIBE;SUBURBIO;ABALROAMENTO LONGITUDINAL;1;;;;;1;;;0;;Bom;Não existe;Não existente;Seca;Perfeito estado;Não existe;R-6a;;2019
13/02/2019;15:32:00;SEM VÍTIMA;BEBERIBE;PRC DA CONVENCAO;;COLISÃO;1;;;;;1;;;0;;;;;;;;;;2019
13/02/2019;15:39:00;SEM VÍTIMA;IMBIRIBEIRA;AV MARECHAL MASCARENHAS DE MORAES;CIDADE;ABALROAMENTO LONGITUDINAL;1;;;;1;;;;0;;Chuvoso;Não existe;Perfeito estado;Molhada;Mal conservada;Não existe;;;2019
13/02/2019;16:55:00;COM VÍTIMA;COELHOS;RUA DOS COELHOS;SUBURBIO;ATROPELAMENTO;1;;;1;;;;;1;;Bom;Sem defeito;Perfeito estado;Seca;Perfeito estado;Faixa de pedestre;Não há placas;;2019
13/02/2019;17:02:00;COM VÍTIMA;PINA;RUA MANOEL DE BRITO;CIDADE;ATROPELAMENTO;1;;;1;;;;;1;;Chuvoso;Não existe;Perfeito estado;Seca;Perfeito estado;Não existe;Não há placas;;2019
13/02/2019;18:20:00;SEM VÍTIMA;TAMARINEIRA;RUA CONEGO BARATA;SUBURBIO;ABALROAMENTO LONGITUDINAL;2;;;;;;;;0;;Chuvoso;Não existe;Perfeito estado;Molhada;Perfeito estado;Não existe;Não há placas;;2019
13/02/2019;18:24:00;SEM VÍTIMA;GRAÇAS;PRC PARQUE AMORIM;;COLISÃO;;;;;1;1;;;0;;;;;;;;;;2019
13/02/2019;20:02:00;SEM VÍTIMA;AFOGADOS;AV SUL;CIDADE;COLISÃO TRASEIRA;2;;;;;;;;0;;Bom;Sem defeito;Perfeito estado;Seca;Perfeito estado;Faixa de pedestre;Não há placas;;2019
13/02/2019;;COM VÍTIMA;ÁGUA FRIA;RUA SAO SEBASTIAO;SUBURBIO;ABALROAMENTO LONGITUDINAL;1;1;;;;;;;1;;Bom;Não existe;Perfeito estado;Seca;Perfeito estado;Não existe;Não há placas;;2019
13/02/2019;21:23:00;COM VÍTIMA;SANTO ANTÔNIO;RUA PRIMEIRO DE MARCO;SUBURBIO;ABALROAMENTO TRANSVERSAL;;1;;;;;1;;1;;Bom;Sem defeito;Ilegível;Seca;Perfeito estado;Faixa de pedestre;Outras;40 km/h;2019
13/02/2019;22:22:00;COM VÍTIMA;IMBIRIBEIRA;AV MARECHAL MASCARENHAS DE MORAES;SUBURBIO;ATROPELAMENTO;1;;;1;;;;;1;;Chuvoso;Sem defeito;Perfeito estado;Molhada;Perfeito estado;Faixa de pedestre;R-6a;60 km/h;2019
13/02/2019;22:27:00;SEM VÍTIMA;IMBIRIBEIRA;RUA GENERAL GOES MONTEIRO;SUBURBIO;ABALROAMENTO TRANSVERSAL;2;;;;;;;;0;;Chuvoso;Não existe;Perfeito estado;Molhada;Perfeito estado;Não existe;Placas Pare;;2019
13/02/2019;23:20:00;SEM VÍTIMA;AFOGADOS;RUA QUITERIO INACIO DE MELLO;SUBURBIO;COLISÃO TRASEIRA;2;;;;;;;;0;;Chuvoso;Sem defeito;Perfeito estado;Molhada;Perfeito estado;Faixa de retenção;R-6a;40 km/h;2019
13/02/2019;23:31:00;SEM VÍTIMA;IMBIRIBEIRA;AV MARECHAL MASCARENHAS DE MORAES;SUBURBIO;ABALROAMENTO LONGITUDINAL;2;;;;;;;;0;;Chuvoso;Sem defeito;Perfeito estado;Molhada;Perfeito estado;Faixa de pedestre;Não há placas;;2019
14/02/2019;07:04:00;COM VÍTIMA;IMBIRIBEIRA;AV MARECHAL MASCARENHAS DE MORAES;;ABALROAMENTO TRANSVERSAL;1;1;;;;;;;1;;Bom;Sem defeito;Perfeito estado;Seca;Perfeito estado;Faixa de retenção;Não há placas;50 km/h;2019
14/02/2019;07:10:00;SEM VÍTIMA;SAN MARTIN;AV GENERAL SAN MARTIN;CIDADE;ABALROAMENTO LONGITUDINAL;1;1;;;;;;;0;;Bom;Sem defeito;Perfeito estado;Seca;Perfeito estado;Faixa de retenção;Não há placas;40 km/h;2019
14/02/2019;07:17:00;COM VÍTIMA;BOA VIAGEM;AV ENGENHEIRO DOMINGOS FERREIRA;SUBURBIO;ATROPELAMENTO;;;;1;1;;;;1;;Bom;Não existe;Perfeito estado;Seca;Perfeito estado;Não existe;Outras;60 km/h;2019
14/02/2019;07:42:00;SEM VÍTIMA;BOA VISTA;RUA GONCALVES MAIA;SUBURBIO;ABALROAMENTO LONGITUDINAL;2;;;;;;;;0;;Bom;Não existe;Perfeito estado;Seca;Perfeito estado;Não existe;Outras;;2019
14/02/2019;08:13:00;SEM VÍTIMA;MUSTARDINHA;AV MANOEL GONCALVES DA LUZ;CIDADE;COLISÃO;1;1;;;;;;;0;;;;;;;;;;2019
14/02/2019;08:18:00;SEM VÍTIMA;BOA VIAGEM;RUA AMALIA BERNARDINO DE SOUZA;;COLISÃO;2;;;;;;;;0;;;;;;;;;;2019