data;hora;natureza_acidente;bairro;endereco;sentido_via;tipo;auto;moto;ciclista;pedestre;onibus;caminhao;viatura;outros;vitimas;vitimasfatais;tempo_clima;situacao_semaforo;sinalizacao;condicao_via;conservacao_via;ponto_controle;situacao_placa;velocidade_max_via;ano
14/02/2019;08:44:00;SEM VÍTIMA;TEJIPIÓ;RUA QUINZE DE NOVEMBRO;CIDADE;ABALROAMENTO LONGITUDINAL;1;;;;;1;;;0;;Bom;Não existe;Incompleta;Seca;Perfeito estado;Não existe;R-6a;;2019
14/02/2019;08:48:00;SEM VÍTIMA;CORDEIRO;RUA GOMES TABORDA;CIDADE;ABALROAMENTO TRANSVERSAL;1;1;;;;;;;0;;Bom;Sem defeito;Perfeito estado;Seca;Perfeito estado;Não existe;R-6a;;2019
14/02/2019;08:52:00;COM VÍTIMA;TORRÕES;AV ENGENHEIRO ABDIAS DE CARVALHO;SUBURBIO;ABALROAMENTO LONGITUDINAL;2;2;;;;;;;2;;Bom;Não existe;Perfeito estado;Seca;Perfeito estado;;Outras;;2019
14/02/2019;09:10:00;SEM VÍTIMA;AREIAS;AV RECIFE;CIDADE;COLISÃO TRASEIRA;1;;;;;1;;;0;;Bom;Sem defeito;Perfeito estado;Seca;Perfeito estado;Faixa de pedestre;R-6a;;2019
14/02/2019;10:29:00;SEM VÍTIMA;GRAÇAS;RUA CONS PORTELA;;ABALROAMENTO LONGITUDINAL;2;;;;;;;;0;;Bom;Sem defeito;Perfeito estado;Seca;Perfeito estado;Faixa de pedestre;R-6a;;2019
14/02/2019;11:29:00;COM VÍTIMA;AFOGADOS;RUA SAO MIGUEL;;ABALROAMENTO LONGITUDINAL;1;1;;;;;;;1;;Bom;Sem defeito;Perfeito estado;Seca;Perfeito estado;Faixa de pedestre;Outras;;2019
14/02/2019;11:30:00;SEM VÍTIMA;VÁRZEA;AV CAXANGA;CIDADE;COLISÃO TRASEIRA;1;;;;1;;;;0;;Bom;Não existe;Perfeito estado;Seca;Perfeito estado;Agente;Não há placas;60 km/h;2019
14/02/2019;11:33:00;SEM VÍTIMA;SÃO JOSÉ;AV SUL;CIDADE;ABALROAMENTO LONGITUDINAL;1;;;;;1;;;0;;Bom;Não existe;Perfeito estado;Seca;Perfeito estado;Não existe;Não há placas;60 km/h;2019
14/02/2019;11:33:00;COM VÍTIMA;SÃO JOSÉ;AV DANTAS BARRETO;SUBURBIO;ATROPELAMENTO;;1;;1;;;;;1;;Bom;Sem defeito;Perfeito estado;Seca;Perfeito estado;Outros;Outras;;2019
14/02/2019;11:40:00;SEM VÍTIMA;BOA VIAGEM;RUA MARIA CAROLINA;;COLISÃO;2;;;;;;;;0;;;;;;;;;;2019
14/02/2019;12:12:00;SEM VÍTIMA;CASA FORTE;RUA SOARES DE AZEVEDO;;COLISÃO;2;;;;;;;;0;;;;;;;;;;2019
14/02/2019;12:23:00;COM VÍTIMA;SANTO ANTÔNIO;RUA DA PALMA;SUBURBIO;CHOQUE VEÍCULO PARADO;4;;;;;;;;4;;Bom;Não existe;Perfeito estado;Seca;Perfeito estado;Agente;Outras;;2019
14/02/2019;12:40:00;SEM VÍTIMA;DERBY;AV GOVERNADOR AGAMENON MAGALHAES;;ABALROAMENTO LONGITUDINAL;1;;;;1;;;;0;;Bom;Sem defeito;Perfeito estado;Seca;Perfeito estado;;;;2019
14/02/2019;13:43:00;SEM VÍTIMA;GRAÇAS;RUA JOAQUIM NABUCO;SUBURBIO;ABALROAMENTO LONGITUDINAL;2;;;;;;;;0;;Bom;Não existe;Perfeito estado;Seca;Perfeito estado;Não existe;R-6a;;2019
14/02/2019;13:56:00;SEM VÍTIMA;ENCRUZILHADA;AV NORTE;SUBURBIO;ABALROAMENTO LONGITUDINAL;2;;;;;1;;;0;;Bom;Sem defeito;Perfeito estado;Seca;Perfeito estado;Agente;Outras;60 km/h;2019
14/02/2019;14:48:00;COM VÍTIMA;ILHA DO LEITE;AV GOVERNADOR AGAMENON MAGALHAES;;COLISÃO COM CICLISTA;1;;1;;;;;;1;;;;;;;;;;2019
14/02/2019;14:56:00;SEM VÍTIMA;TOTÓ;RUA PLANURA;;COLISÃO;1;;;;1;;;;0;;;;;;;;;;2019
14/02/2019;15:37:00;COM VÍTIMA;AFOGADOS;RUA SAO MIGUEL;;COLISÃO;1;1;;;;;;;1;;;;;;;;;;2019
14/02/2019;15:41:00;SEM VÍTIMA;AFOGADOS;RUA MOTOCOLOMBO;SUBURBIO;COLISÃO TRASEIRA;1;;;;1;;;;0;;Bom;Não existe;Perfeito estado;Seca;Perfeito estado;Agente;Não há placas;40 km/h;2019
14/02/2019;15:54:00;SEM VÍTIMA;DERBY;RUA AMARO BEZERRA;;ABALROAMENTO TRANSVERSAL;2;;;;;;;;0;;Bom;Não existe;Perfeito estado;Seca;Perfeito estado;Faixa de retenção;Placas Pare;30 km/h;2019
14/02/2019;15:55:00;SEM VÍTIMA;TORRE;RUA DOS OPERARIOS;;COLISÃO;3;;;;;;;;0;;;;;;;;;;2019
14/02/2019;16:18:00;COM VÍTIMA;BOA VIAGEM;AV BOA VIAGEM;CIDADE;COLISÃO COM CICLISTA;;;1;;1;;;;1;;Bom;Sem defeito;Perfeito estado;Seca;Perfeito estado;Faixa de pedestre;;;2019
14/02/2019;16:07:00;COM VÍTIMA;ILHA DO RETIRO;AV ENGENHEIRO ABDIAS DE CARVALHO;SUBURBIO;ABALROAMENTO LONGITUDINAL;1;2;;;;;;;1;;Bom;Sem defeito;Perfeito estado;Seca;Perfeito estado;Faixa de pedestre;R-6a;;2019
14/02/2019;16:47:00;SEM VÍTIMA;ENCRUZILHADA;AV NORTE;SUBURBIO;COLISÃO TRASEIRA;2;;;;;;;;0;;Bom;Não existe;Perfeito estado;Seca;Perfeito estado;Não existe;R-6a;;2019
14/02/2019;16:59:00;SEM VÍTIMA;IBURA;RUA RIO XINGU;;COLISÃO;2;;;;;;;;0;;;;;;;;;;2019
14/02/2019;17:12:00;SEM VÍTIMA;ESTÂNCIA;AV RECIFE;;COLISÃO TRASEIRA;;;;;;2;;;0;;Bom;Sem defeito;Perfeito estado;Seca;Perfeito estado;Agente;Outras;;2019
14/02/2019;17:24:00;SEM VÍTIMA;CASA FORTE;EST DAS UBAIAS,;CIDADE;ABALROAMENTO TRANSVERSAL;2;;;;;;;;0;;Bom;Não existe;Perfeito estado;Seca;Perfeito estado;Não existe;R-6a;;2019
14/02/2019;18:01:00;SEM VÍTIMA;IBURA;AV DOIS RIOS;;ABALROAMENTO TRANSVERSAL;1;1;;;;;;;0;;Bom;Não existe;Perfeito estado;Seca;Perfeito estado;Não existe;Outras;;2019
14/02/2019;18:14:00;SEM VÍTIMA;BOA VISTA;RUA VELHA;SUBURBIO;ABALROAMENTO LONGITUDINAL;1;;;;;;1;;0;;Bom;Não existe;Perfeito estado;Seca;Perfeito estado;Não existe;Outras;;2019
14/02/2019;18:41:00;SEM VÍTIMA;DERBY;AV GOVERNADOR AGAMENON MAGALHAES;;COLISÃO TRASEIRA;2;;;;;;;;0;;Bom;Não existe;Perfeito estado;Seca;Perfeito estado;;Outras;60 km/h;2019
14/02/2019;18:51:00;SEM VÍTIMA;BOA VISTA;RUA DOM BOSCO;;COLISÃO;2;;;;;;;;0;;;;;;;;;;2019
14/02/2019;19:00:00;COM VÍTIMA;CASA AMARELA;AV NORTE;CIDADE;ATROPELAMENTO;;;;1;1;;;;1;;Bom;Não existe;Perfeito estado;Seca;Perfeito estado;Não existe;R-6a;;2019
14/02/2019;19:02:00;COM VÍTIMA;BOMBA DO HEMETÉRIO;RUA BOMBA DO HEMETERIO;;ATROPELAMENTO;1;;;1;;;;;1;;;;;;;;;;2019
14/02/2019;19:50:00;COM VÍTIMA;AFOGADOS;RUA MOTOCOLOMBO;SUBURBIO;COLISÃO TRASEIRA;1;1;;;;;;;1;;Bom;Não existe;Perfeito estado;Seca;Perfeito estado;;;;2019
14/02/2019;20:06:00;COM VÍTIMA;PINA;AV BOA VIAGEM;CIDADE;COLISÃO;1;1;;;;;;;1;;Bom;Sem defeito;Perfeito estado;Seca;Perfeito estado;;Não há placas;60 km/h;2019
14/02/2019;20:59:00;SEM VÍTIMA;BOMBA DO HEMETÉRIO;RUA PADRE OLIVEIRA;;COLISÃO;1;;;;1;;;;0;;;;;;;;;;2019
14/02/2019;21:00:00;COM VÍTIMA;JAQUEIRA;RUA DO FUTURO;SUBURBIO;CHOQUE VEÍCULO PARADO;3;;;;;;;;1;;Bom;Não existe;Perfeito estado;Seca;Perfeito estado;Não existe;Outras;;2019
14/02/2019;21:22:00;COM VÍTIMA;ILHA DO RETIRO;RUA SPORT CLUBE DO RECIFE;SUBURBIO;COLISÃO COM CICLISTA;;1;1;;;;;;1;;Bom;Sem defeito;Perfeito estado;Seca;Perfeito estado;;R-6a;;2019
15/02/2019;06:07:00;SEM VÍTIMA;IMBIRIBEIRA;RUA OLIVIA MENELAU;;ABALROAMENTO LONGITUDINAL;2;;;;;;;;0;;Bom;Sem defeito;Não existente;Seca;Perfeito estado;Faixa de pedestre;Não há placas;;2019
15/02/2019;07:14:00;SEM VÍTIMA;BOA VIAGEM;RUA VISCONDE DE JEQUITINHONHA;SUBURBIO;COLISÃO TRASEIRA;3;;;;;;;;0;;Bom;Não existe;Perfeito estado;Seca;Perfeito estado;Outros;Placas Pare;;2019
15/02/2019;08:04:00;SEM VÍTIMA;IMBIRIBEIRA;AV MARECHAL MASCARENHAS DE MORAES;;COLISÃO;1;1;;;;;;;0;;;;;;;;;;2019
15/02/2019;08:13:00;COM VÍTIMA;SANTO AMARO;RUA DOS PALMARES;CIDADE;ABALROAMENTO TRANSVERSAL;1;1;;;;;;;1;;Bom;Sem defeito;Ilegível;Seca;Perfeito estado;Não existe;Não há placas;;2019
15/02/2019;08:20:00;SEM VÍTIMA;IMBIRIBEIRA;AV MARECHAL MASCARENHAS DE MORAES;CIDADE;COLISÃO TRASEIRA;1;1;;;;;;;0;;Bom;Sem defeito;Perfeito estado;Seca;Perfeito estado;Não existe;Não há placas;50 km/h;2019
15/02/2019;09:20:00;SEM VÍTIMA;DERBY;RUA AMARO BEZERRA;;COLISÃO;2;;;;;;;;0;;;;;;;;;;2019
15/02/2019;09:36:00;SEM VÍTIMA;IBURA;AV DOIS RIOS;SUBURBIO;ABALROAMENTO LONGITUDINAL;;;;;1;1;;;0;;Bom;Sem defeito;Perfeito estado;Seca;Mal conservada;Outros;Outras;;2019
15/02/2019;10:11:00;SEM VÍTIMA;SANTO AMARO;AV JOAO DE BARROS;CIDADE;COLISÃO TRASEIRA;2;;;;;;;;0;;Bom;Não existe;Perfeito estado;Seca;Perfeito estado;Outros;R-6a;;2019
15/02/2019;10:15:00;COM VÍTIMA;ENCRUZILHADA;AV NORTE;CIDADE;ABALROAMENTO LONGITUDINAL;2;1;;;;;;;1;;Bom;Sem defeito;Perfeito estado;Seca;Perfeito estado;Faixa de pedestre;Não há placas;60 km/h;2019
15/02/2019;10:46:00;SEM VÍTIMA;SÃO JOSÉ;RUA FLORIANO PEIXOTO;CID/SUB;ABALROAMENTO LONGITUDINAL;1;;;;1;;;;0;;Bom;Não existe;Perfeito estado;Seca;Perfeito estado;;Não há placas;;2019
15/02/2019;11:08:00;SEM VÍTIMA;BOA VIAGEM;RUA BARAO DE SOUZA LEAO;SUBURBIO;ABALROAMENTO LONGITUDINAL;2;;;;;;;;0;;Bom;Sem defeito;Perfeito estado;Seca;Perfeito estado;Não existe;R-6a;;2019
15/02/2019;12:16:00;SEM VÍTIMA;DERBY;RUA JENER DE SOUZA;;COLISÃO;2;;;;;;;;0;;;;;;;;;;2019
15/02/2019;12:31:00;SEM VÍTIMA;PINA;;CIDADE;COLISÃO TRASEIRA;2;;;;;;;;0;;Bom;;Perfeito estado;Seca;Perfeito estado;Não existe;;;2019
15/02/2019;12:34:00;SEM VÍTIMA;GRAÇAS;RUA JANUARIO BARBOSA;;COLISÃO;2;;;;;;;;0;;;;;;;;;;2019
15/02/2019;12:47:00;COM VÍTIMA;MANGABEIRA;AV NORTE;CIDADE;COLISÃO COM CICLISTA;;;1;;1;;;;1;;Bom;Sem defeito;Perfeito estado;Seca;Perfeito estado;Faixa de retenção;R-6a;;2019
15/02/2019;12:59:00;SEM VÍTIMA;BOA VIAGEM;AV ENGENHEIRO DOMINGOS FERREIRA;;COLISÃO;2;;;;;;;;0;;;;;;;;;;2019
15/02/2019;14:08:00;SEM VÍTIMA;BOA VIAGEM;RUA MARIA CAROLINA;;ABALROAMENTO TRANSVERSAL;2;;;;;;;;0;;Bom;Não existe;Perfeito estado;Seca;Perfeito estado;;Placas Pare;;2019
15/02/2019;14:10:00;SEM VÍTIMA;AFLITOS;AV CONS ROSA E SILVA;SUBURBIO;ABALROAMENTO TRANSVERSAL;2;;;;;;;;0;;Bom;Não existe;Perfeito estado;Seca;Perfeito estado;Não existe;R-6a;40 km/h;2019
15/02/2019;15:31:00;SEM VÍTIMA;IMBIRIBEIRA;AV MARECHAL MASCARENHAS DE MORAES;;COLISÃO;2;;;;;;;;0;;;;;;;;;;2019
15/02/2019;15:35:00;SEM VÍTIMA;SAN MARTIN;RUA VINTE E UM DE ABRIL;CIDADE;ABALROAMENTO LONGITUDINAL;2;;;;;;;;0;;Bom;Não existe;Incompleta;Seca;Perfeito estado;Não existe;Não há placas;;2019
15/02/2019;16:02:00;SEM VÍTIMA;MANGUEIRA;RUA SAO MIGUEL;SUBURBIO;ABALROAMENTO TRANSVERSAL;1;1;;;;;;;0;;Bom;Não existe;Perfeito estado;Seca;Perfeito estado;Não existe;Não há placas;;2019
14/02/2019;08:00:00;COM VÍTIMA;IBURA;LAD DA COHAB;SUBURBIO;ABALROAMENTO LONGITUDINAL;;2;;;;;;;1;;Bom;Não existe;Não existente;Seca;Mal conservada;Não existe;Não há placas;;2019
15/02/2019;16:37:00;SEM VÍTIMA;IBURA;AV CHAPADA DO ARARIPE;;COLISÃO;1;;;;1;;;;0;;;;;;;;;;2019
15/02/2019;17:06:00;SEM VÍTIMA;DERBY;AV GOVERNADOR AGAMENON MAGALHAES;;COLISÃO;1;2;;;;;;;0;;;;;;;;;;2019
15/02/2019;17:09:00;SEM VÍTIMA;ILHA DO LEITE;AV GOVERNADOR AGAMENON MAGALHAES;;COLISÃO TRASEIRA;1;;;;;;1;;0;;Bom;Sem defeito;Perfeito estado;Seca;Perfeito estado;Faixa de pedestre;;60 km/h;2019
15/02/2019;17:31:00;SEM VÍTIMA;IPSEP;AV RECIFE;;COLISÃO;2;;;;;;;;0;;;;;;;;;;2019
15/02/2019;17:46:00;COM VÍTIMA;SANTO ANTÔNIO;RUA DO LIVRAMENTO;CIDADE;ATROPELAMENTO;;;;1;1;;;;1;;Chuvoso;Sem defeito;Perfeito estado;Seca;Perfeito estado;;Outras;;2019
15/02/2019;17:55:00;SEM VÍTIMA;SANTO AMARO;AV NORTE;CIDADE;COLISÃO TRASEIRA;2;;;;;;;;0;;Bom;Sem defeito;Perfeito estado;Molhada;Perfeito estado;Faixa de pedestre;R-6a;;2019
15/02/2019;17:49:00;COM VÍTIMA;SÃO JOSÉ;C SANTA RITA;SUBURBIO;CAPOTAMENTO;;1;;;;;;;1;;Chuvoso;Sem defeito;Perfeito estado;Molhada;Perfeito estado;;Não há placas;;2019
15/02/2019;18:12:00;SEM VÍTIMA;SANTO AMARO;AV NORTE;;COLISÃO;2;;;;;;;;0;;;;;;;;;;2019
15/02/2019;18:17:00;SEM VÍTIMA;DERBY;PRC DO DERBY;SUBURBIO;ABALROAMENTO LONGITUDINAL;1;;;;1;;;;0;;Bom;Sem defeito;Perfeito estado;Seca;Perfeito estado;Não existe;Não há placas;;2019
15/02/2019;18:46:00;SEM VÍTIMA;SANTO AMARO;AV CRUZ CABUGA;;CHOQUE OBJETO FIXO;1;;;;;;;;0;;;;;;;;;;2019
15/02/2019;19:30:00;SEM VÍTIMA;BOA VIAGEM;RUA VISCONDE DE JEQUITINHONHA;SUBURBIO;ABALROAMENTO LONGITUDINAL;1;;;;1;;;;0;;Bom;Não existe;Perfeito estado;Seca;Perfeito estado;Não existe;Não há placas;;2019
15/02/2019;19:32:00;COM VÍTIMA;DERBY;AV GOVERNADOR AGAMENON MAGALHAES;SUBURBIO;ABALROAMENTO TRANSVERSAL;;2;;;;;;;1;;Bom;Sem defeito;Perfeito estado;Seca;Perfeito estado;Faixa de pedestre;Outras;60 km/h;2019
15/02/2019;19:55:00;COM VÍTIMA;JORDÃO;RUA EMILIO MONTEIRO FONSECA;SUBURBIO;ABALROAMENTO TRANSVERSAL;1;1;;;;;;;1;;Bom;Não existe;Perfeito estado;Seca;Perfeito estado;Não existe;Não há placas;;2019
15/02/2019;20:16:00;COM VÍTIMA;PINA;AV CONSUL JOSEPH NOUJAIM;SUBURBIO;ABALROAMENTO LONGITUDINAL;;1;;;1;;;;1;;Bom;Não existe;Perfeito estado;Seca;Perfeito estado;Não existe;Outras;30 km/h;2019
15/02/2019;20:31:00;COM VÍTIMA;BOA VIAGEM;AV ANTONIO TORRES GALVAO;;COLISÃO;;2;;;;;;;3;;;;;;;;;;2019
15/02/2019;20:46:00;SEM VÍTIMA;CAJUEIRO;RUA VIRGILIO DE MELO FRANCO;SUBURBIO;ABALROAMENTO TRANSVERSAL;2;;;;;;;;0;;Bom;Não existe;Não existente;Seca;Perfeito estado;Não existe;Não há placas;;2019
15/02/2019;21:14:00;COM VÍTIMA;BAIRRO DO RECIFE;AV ALFREDO LISBOA;SUBURBIO;ABALROAMENTO LONGITUDINAL;1;1;;;;;;;1;;Bom;Não existe;Perfeito estado;Seca;Perfeito estado;Não existe;R-6a;;2019
15/02/2019;23:36:00;COM VÍTIMA;GRAÇAS;RUA JOAQUIM NABUCO;SUBURBIO;ABALROAMENTO TRANSVERSAL;1;1;;;;;;;1;;Bom;Sem defeito;Perfeito estado;Seca;Perfeito estado;Faixa de pedestre;Não há placas;30 km/h;2019
16/02/2019;00:48:00;SEM VÍTIMA;CAXANGÁ;AV JOAQUIM RIBEIRO;SUBURBIO;ABALROAMENTO LONGITUDINAL;2;;;;;;;;0;;Bom;Sem defeito;Perfeito estado;Seca;Perfeito estado;Faixa de pedestre;Outras;;2019
16/02/2019;06:59:00;SEM VÍTIMA;SANTO AMARO;RUA JOAO LIRA;;ABALROAMENTO TRANSVERSAL;1;;;;1;;;;0;;Bom;Sem defeito;Perfeito estado;Seca;Perfeito estado;Faixa de pedestre;;;2019
16/02/2019;07:33:00;SEM VÍTIMA;AFOGADOS;AV SUL;CIDADE;COLISÃO TRASEIRA;2;;;;;;;;0;;Bom;Não existe;Perfeito estado;Seca;Perfeito estado;;Outras;60 km/h;2019
16/02/2019;07:50:00;SEM VÍTIMA;BOA VIAGEM;AV ENGENHEIRO DOMINGOS FERREIRA;SUBURBIO;CHOQUE VEÍCULO PARADO;1;;;;;1;;;0;;Bom;Não existe;Perfeito estado;Seca;Perfeito estado;Não existe;R-6a;;2019
16/02/2019;08:24:00;COM VÍTIMA;DERBY;AV GOVERNADOR AGAMENON MAGALHAES;CIDADE;COLISÃO TRASEIRA;1;1;;;;;;;1;;Bom;Sem defeito;Perfeito estado;Seca;Perfeito estado;Faixa de retenção;Outras;60 km/h;2019
16/02/2019;09:21:00;SEM VÍTIMA;ENCRUZILHADA;RUA RODOLFO DE HOLANDA;CIDADE;CHOQUE VEÍCULO PARADO;;1;;;;1;;;0;;Bom;Não existe;Perfeito estado;Seca;Perfeito estado;Não existe;Não há placas;;2019
16/02/2019;11:05:00;COM VÍTIMA;CAXANGÁ;AV CAXANGA;SUBURBIO;COLISÃO;1;1;;;;;;;1;;;;;;;;;;2019
16/02/2019;11:10:00;SEM VÍTIMA;ENGENHO DO MEIO;RUA GOVERNADOR LOPO GARRO;SUBURBIO;ABALROAMENTO TRANSVERSAL;1;1;;;;;;;0;;Bom;Não existe;Não existente;Seca;Perfeito estado;Não existe;Não há placas;30 km/h;2019
16/02/2019;11:37:00;COM VÍTIMA;JARDIM SÃO PAULO;AV SAO PAULO;;ATROPELAMENTO;;;;1;1;;;;1;;Bom;Sem defeito;Perfeito estado;Seca;Perfeito estado;Não existe;R-6a;;2019
16/02/2019;11:55:00;SEM VÍTIMA;MADALENA;RUA CONS THEODORO;SUBURBIO;COLISÃO TRASEIRA;2;;;;;;;;0;;Bom;Sem defeito;Perfeito estado;Seca;Perfeito estado;Não existe;Outras;40 km/h;2019
16/02/2019;12:29:00;SEM VÍTIMA;PRADO;AV ENGENHEIRO ABDIAS DE CARVALHO;CIDADE;COLISÃO TRASEIRA;2;;;;;;;;0;;Bom;Sem defeito;Perfeito estado;Seca;Perfeito estado;Agente;Não há placas;60 km/h;2019
16/02/2019;14:10:00;SEM VÍTIMA;TORRÕES;EST DO FORTE DO ARRAIAL N. DO B. JESUS;CIDADE;COLISÃO TRASEIRA;1;;;;;;;1;0;;Bom;Sem defeito;Perfeito estado;Seca;Perfeito estado;Agente;Não há placas;40 km/h;2019
16/02/2019;14:21:00;SEM VÍTIMA;CAMPO GRANDE;RUA ODORICO MENDES;;COLISÃO;2;;;;;;;;0;;;;;;;;;;2019
16/02/2019;14:44:00;SEM VÍTIMA;BOA VIAGEM;AV BOA VIAGEM;SUBURBIO;ABALROAMENTO LONGITUDINAL;3;;;;;;;;0;;Bom;Sem defeito;Perfeito estado;Seca;Perfeito estado;Faixa de pedestre;Placas Pare;60 km/h;2019
16/02/2019;16:05:00;COM VÍTIMA;COELHOS;RUA DOS COELHOS;SUBURBIO;ABALROAMENTO LONGITUDINAL;2;;;2;;;;;2;;Bom;Sem defeito;Perfeito estado;Seca;Perfeito estado;Faixa de pedestre;Outras;;2019
16/02/2019;16:26:00;SEM VÍTIMA;IMBIRIBEIRA;AV MARECHAL MASCARENHAS DE MORAES;SUBURBIO;COLISÃO TRASEIRA;1;1;;;;;1;;0;;Bom;Sem defeito;Perfeito estado;Seca;Perfeito estado;Faixa de pedestre;R-6a;;2019
16/02/2019;17:27:00;SEM VÍTIMA;IMBIRIBEIRA;PRC MINISTRO SALGADO FILHO;SUBURBIO;COLISÃO TRASEIRA;2;;;;;;;;0;;Bom;Não existe;Perfeito estado;Seca;Perfeito estado;Faixa de pedestre;;60 km/h;2019
16/02/2019;17:59:00;SEM VÍTIMA;JARDIM SÃO PAULO;RUA LEANDRO BARRETO;;COLISÃO;1;1;;;;;;;0;;;;;;;;;;2019
16/02/2019;18:14:00;SEM VÍTIMA;SANTO AMARO;AV GOVERNADOR AGAMENON MAGALHAES;;ABALROAMENTO LONGITUDINAL;2;;;;;;;;0;;Bom;Não existe;Perfeito estado;Seca;Perfeito estado;Não existe;Não há placas;60 km/h;2019
16/02/2019;19:38:00;COM VÍTIMA;CORDEIRO;AV INACIO MONTEIRO;SUBURBIO;ABALROAMENTO TRANSVERSAL;1;1;;;;;;;2;;Bom;Não existe;Perfeito estado;Seca;Perfeito estado;;Não há placas;;2019
16/02/2019;20:09:00;COM VÍTIMA;CABANGA;AV SATURNINO DE BRITO;SUBURBIO;COLISÃO COM CICLISTA;1;;1;;;;;;1;;Bom;Sem defeito;Perfeito estado;Seca;Perfeito estado;Faixa de pedestre;Não há placas;;2019
17/02/2019;00:16:00;SEM VÍTIMA;MANGABEIRA;AV NORTE;SUBURBIO;ABALROAMENTO TRANSVERSAL;2;;;;;;;;0;;Bom;Sem defeito;Perfeito estado;Seca;Perfeito estado;Faixa de pedestre;Não há placas;;2019
17/02/2019;00:50:00;SEM VÍTIMA;MADALENA;AV CAXANGA;CIDADE;ABALROAMENTO LONGITUDINAL;2;;;;;;;;0;;Chuvoso;Não existe;Perfeito estado;Molhada;Perfeito estado;Não existe;Outras;;2019
17/02/2019;03:51:00;SEM VÍTIMA;IPSEP;RUA JEAN EMILE FAVRE;;COLISÃO;2;;;;;;;;0;;;;;;;;;;2019
17/02/2019;04:28:00;SEM VÍTIMA;BOA VIAGEM;AV BOA VIAGEM;CIDADE;CHOQUE VEÍCULO PARADO;2;;;;;;;;0;;Bom;Não existe;Perfeito estado;Seca;Perfeito estado;;Outras;;2019
17/02/2019;09:22:00;SEM VÍTIMA;IBURA;RUA RIO XINGU;;COLISÃO;2;;;;1;;;;0;;;;;;;;;;2019
17/02/2019;10:59:00;SEM VÍTIMA;SANTO AMARO;RUA DOS PALMARES;;ABALROAMENTO TRANSVERSAL;1;;;;;1;;;0;;Bom;Não existe;Perfeito estado;Seca;Perfeito estado;Não existe;R-6a;;2019
17/02/2019;11:59:00;SEM VÍTIMA;BOA VIAGEM;RUA ERNESTO DE PAULA SANTOS;SUBURBIO;ABALROAMENTO TRANSVERSAL;;1;;;;;1;;0;;Bom;Sem defeito;Perfeito estado;Seca;Perfeito estado;Faixa de pedestre;Outras;60 km/h;2019
17/02/2019;12:58:00;COM VÍTIMA;ILHA DO RETIRO;AV BEIRA RIO;SUBURBIO;ABALROAMENTO LONGITUDINAL;1;1;;;;;;;2;;Bom;Não existe;Perfeito estado;Seca;Perfeito estado;Não existe;Não há placas;;2019
17/02/2019;13:03:00;SEM VÍTIMA;IPSEP;RUA VIRGINIA HERACLIO;SUBURBIO;ABALROAMENTO TRANSVERSAL;2;;;;;;;;0;;Bom;Não existe;Não existente;Seca;Perfeito estado;Não existe;Não há placas;;2019
17/02/2019;13:14:00;COM VÍTIMA;DERBY;RUA AMARO BEZERRA;SUBURBIO;ABALROAMENTO LONGITUDINAL;1;1;;;;;;;1;;Bom;Não existe;Perfeito estado;Seca;Perfeito estado;Não existe;R-6a;;2019
17/02/2019;14:48:00;SEM VÍTIMA;PAISSANDU;RUA DR JOAO ASFORA;CIDADE;COLISÃO TRASEIRA;2;;;;;;;;0;;Bom;Sem defeito;Perfeito estado;Seca;Perfeito estado;Agente;R-4a;;2019
17/02/2019;15:15:00;SEM VÍTIMA;NOVA DESCOBERTA;RUA CORREGO DO JOAQUIM;SUBURBIO;ABALROAMENTO LONGITUDINAL;1;;;;1;;;;0;;Bom;Não existe;Perfeito estado;Seca;Perfeito estado;Não existe;Não há placas;;2019
17/02/2019;16:08:00;SEM VÍTIMA;BOA VIAGEM;RUA RIBEIRO DE BRITO;SUBURBIO;ABALROAMENTO TRANSVERSAL;2;;;;;;;;0;;Bom;Sem defeito;Perfeito estado;Seca;Perfeito estado;Faixa de pedestre;Outras;;2019
17/02/2019;16:56:00;SEM VÍTIMA;TORRE;RUA REAL DA TORRE;SUBURBIO;COLISÃO TRASEIRA;2;;;;;;;;0;;Bom;Sem defeito;Perfeito estado;Seca;Perfeito estado;Não existe;R-6a;50 km/h;2019
17/02/2019;19:08:00;SEM VÍTIMA;IBURA;LAD DA COHAB;SUBURBIO;ABALROAMENTO LONGITUDINAL;2;;;;;;;;0;;Bom;Não existe;Perfeito estado;Seca;Perfeito estado;Não existe;Não há placas;30 km/h;2019
17/02/2019;19:32:00;SEM VÍTIMA;CASA AMARELA;EST DO ARRAIAL;;COLISÃO;1;1;;;;;;;0;;;;;;;;;;2019
17/02/2019;19:57:00;SEM VÍTIMA;SANTO AMARO;RUA CAPITAO LIMA;;ABALROAMENTO TRANSVERSAL;2;;;;;;;;0;;Bom;Não existe;Perfeito estado;Seca;Perfeito estado;Não existe;Outras;;2019
17/02/2019;20:14:00;COM VÍTIMA;IPUTINGA;EST DO BARBALHO;SUBURBIO;COLISÃO FRONTAL;1;;;;;;;;2;;Bom;Não existe;Perfeito estado;Seca;Perfeito estado;Não existe;Não há placas;;2019
17/02/2019;21:03:00;SEM VÍTIMA;CURADO;AV PREFEITO ANTONIO PEREIRA;;COLISÃO;1;;;;1;;;;0;;;;;;;;;;2019
18/02/2019;08:49:00;SEM VÍTIMA;BONGI;AV ENGENHEIRO ABDIAS DE CARVALHO;SUBURBIO;ABALROAMENTO LONGITUDINAL;2;;;;;;;;0;;Bom;Sem defeito;Perfeito estado;Seca;Perfeito estado;Agente;;;2019