data;hora;natureza_acidente;bairro;endereco;sentido_via;tipo;auto;moto;ciclista;pedestre;onibus;caminhao;viatura;outros;vitimas;vitimasfatais;tempo_clima;situacao_semaforo;sinalizacao;condicao_via;conservacao_via;ponto_controle;situacao_placa;velocidade_max_via;ano
22/02/2019;08:14:00;SEM VÍTIMA;IMBIRIBEIRA;RUA OLIVIA MENELAU;CIDADE;ABALROAMENTO LONGITUDINAL;2;;;;;1;;;0;;Bom;Sem defeito;Perfeito estado;Seca;Perfeito estado;Não existe;Não há placas;;2019
21/02/2019;08:09:00;SEM VÍTIMA;BOA VIAGEM;AV BOA VIAGEM;CIDADE;COLISÃO TRASEIRA;3;;;;;;;;0;;Bom;Não existe;Perfeito estado;Seca;Perfeito estado;Não existe;Não há placas;;2019
21/02/2019;08:13:00;COM VÍTIMA;IMBIRIBEIRA;AV MARECHAL MASCARENHAS DE MORAES;CIDADE;ABALROAMENTO TRANSVERSAL;;1;;;;1;;;1;;Bom;Não existe;Perfeito estado;Seca;Perfeito estado;Não existe;Não há placas;;2019
21/02/2019;08:41:00;SEM VÍTIMA;CORDEIRO;AV CAXANGA;;ABALROAMENTO LONGITUDINAL;1;;;;;1;;;0;;Bom;Não existe;Perfeito estado;Seca;Perfeito estado;Não existe;Não há placas;;2019
21/02/2019;08:54:00;SEM VÍTIMA;SANTO ANTÔNIO;AV MARTINS DE BARROS;SUBURBIO;ABALROAMENTO LONGITUDINAL;2;;;;;;;;0;;Bom;Sem defeito;Perfeito estado;Seca;Perfeito estado;Faixa de pedestre;;;2019
21/02/2019;09:20:00;SEM VÍTIMA;AFOGADOS;AV SUL;CIDADE;ABALROAMENTO LONGITUDINAL;1;;;;;1;;;0;;Bom;Não existe;Incompleta;Seca;Perfeito estado;Não existe;R-6a;;2019
21/02/2019;09:30:00;SEM VÍTIMA;JARDIM SÃO PAULO;RUA LEOBINA PEREIRA;;ABALROAMENTO LONGITUDINAL;1;;;;;1;;;0;;Bom;Não existe;Perfeito estado;Seca;Perfeito estado;Não existe;Não há placas;;2019
21/02/2019;10:00:00;SEM VÍTIMA;AFOGADOS;AV SUL;;ABALROAMENTO LONGITUDINAL;2;;;;;;;;0;;Bom;Não existe;Incompleta;Seca;Perfeito estado;Não existe;R-6a;;2019
21/02/2019;10:04:00;SEM VÍTIMA;IMBIRIBEIRA;AV MARECHAL MASCARENHAS DE MORAES;AEROPORTO;COLISÃO;1;;;;;;;;0;;;;;;;;;;2019
21/02/2019;10:05:00;SEM VÍTIMA;BOA VIAGEM;RUA ANTONIO FALCAO;;COLISÃO;1;;;;;1;;;0;;;;;;;;;;2019
21/02/2019;10:08:00;SEM VÍTIMA;BOA VISTA;RUA VISCONDE DE GOIANA;;COLISÃO;2;;;;;;;;0;;;;;;;;;;2019
21/02/2019;11:01:00;SEM VÍTIMA;SANTO ANTÔNIO;PRC DA REPUBLICA;SUBURBIO;COLISÃO TRASEIRA;2;;;;;;;;0;;Bom;Sem defeito;Perfeito estado;Seca;Perfeito estado;Faixa de pedestre;Outras;;2019
21/02/2019;11:09:00;SEM VÍTIMA;CASA FORTE;AV DEZESSETE DE AGOSTO;;COLISÃO;1;;;;1;;;;0;;;;;;;;;;2019
21/02/2019;11:45:00;SEM VÍTIMA;SÃO JOSÉ;RUA IMPERIAL;;COLISÃO;;;;;;;;;0;;;;;;;;;;2019
21/02/2019;12:13:00;SEM VÍTIMA;ROSARINHO;RUA COUTO MAGALHAES;;COLISÃO;2;;;;;;;;0;;;;;;;;;;2019
21/02/2019;12:19:00;SEM VÍTIMA;SÃO JOSÉ;RUA IMPERIAL;SUBURBIO;CHOQUE OBJETO FIXO;1;;;;;;;;0;;Bom;Não existe;Perfeito estado;Seca;Perfeito estado;Não existe;Outras;;2019
21/02/2019;12:33:00;COM VÍTIMA;BARRO;AV DR JOSE RUFINO;CIDADE;ABALROAMENTO TRANSVERSAL;1;1;;;;;;;1;;Bom;Não existe;Perfeito estado;Seca;Perfeito estado;Não existe;Não há placas;;2019
21/02/2019;12:56:00;SEM VÍTIMA;BAIRRO DO RECIFE;CAIS DO APOLO;;ABALROAMENTO LONGITUDINAL;1;;;;;1;;;0;;Bom;Sem defeito;Perfeito estado;Seca;Perfeito estado;Faixa de pedestre;Outras;60 km/h;2019
21/02/2019;13:25:00;SEM VÍTIMA;NOVA DESCOBERTA;RUA NOVA DESCOBERTA;SUBURBIO;COLISÃO TRASEIRA;2;;;;;;;;0;;Bom;Não existe;Perfeito estado;Seca;Perfeito estado;Não existe;R-6a;30 km/h;2019
21/02/2019;13:36:00;SEM VÍTIMA;BOA VISTA;RUA DO RIACHUELO;CIDADE;COLISÃO TRASEIRA;1;1;;;;;;;0;;Bom;Não existe;Ilegível;Seca;Perfeito estado;Faixa de pedestre;R-6a;;2019
21/02/2019;13:40:00;COM VÍTIMA;DERBY;RUA AMAURI DE MEDEIROS;SUBURBIO;ABALROAMENTO TRANSVERSAL;1;1;;;;;;;1;;Bom;Não existe;Ilegível;Seca;Perfeito estado;;Não há placas;;2019
21/02/2019;14:39:00;COM VÍTIMA;JIQUIÁ;RUA SAO MIGUEL;CIDADE;ABALROAMENTO LONGITUDINAL;1;1;;;;;;;1;;Bom;Sem defeito;Perfeito estado;Seca;Perfeito estado;Faixa de pedestre;Não há placas;50 km/h;2019
21/02/2019;14:42:00;SEM VÍTIMA;ILHA DO LEITE;PRC CHORA MENINO;;COLISÃO;2;;;;;;;;0;;;;;;;;;;2019
21/02/2019;15:39:00;COM VÍTIMA;BOA VISTA;RUA PRINCESA IZABEL;CIDADE;ABALROAMENTO LONGITUDINAL;;2;;;;;;;1;;Bom;Sem defeito;Perfeito estado;Seca;Perfeito estado;Agente;Outras;;2019
21/02/2019;15:42:00;COM VÍTIMA;CASA AMARELA;AV NORTE;;ABALROAMENTO LONGITUDINAL;1;1;;;;;;;1;;Bom;Sem defeito;Perfeito estado;Seca;Perfeito estado;Faixa de pedestre;R-6a;;2019
21/02/2019;15:47:00;SEM VÍTIMA;AFLITOS;AV CONS ROSA E SILVA;SUBURBIO;ABALROAMENTO LONGITUDINAL;2;;;;;;;;0;;Bom;Não existe;Perfeito estado;Seca;Perfeito estado;;R-6a;60 km/h;2019
21/02/2019;16:33:00;SEM VÍTIMA;JIQUIÁ;AV DR JOSE RUFINO;SUBURBIO;ABALROAMENTO LONGITUDINAL;1;;;;1;;;;0;;Bom;Sem defeito;Perfeito estado;Seca;Perfeito estado;Faixa de pedestre;R-6a;60 km/h;2019
21/02/2019;17:00:00;SEM VÍTIMA;ESPINHEIRO;RUA DO ESPINHEIRO;;COLISÃO TRASEIRA;1;;;;1;;;;0;;Bom;Sem defeito;Perfeito estado;Seca;Perfeito estado;Faixa de pedestre;R-6a;;2019
21/02/2019;17:21:00;SEM VÍTIMA;BARRO;RUA ANDRE DE ALBUQUERQUE;;COLISÃO;1;;;;1;;;;0;;;;;;;;;;2019
21/02/2019;17:21:00;SEM VÍTIMA;BOA VISTA;RUA PRINCESA IZABEL;CIDADE;ABALROAMENTO LONGITUDINAL;1;;;;1;;;;0;;Bom;Sem defeito;Perfeito estado;Seca;Perfeito estado;Faixa de pedestre;Outras;40 km/h;2019
21/02/2019;17:57:00;SEM VÍTIMA;ROSARINHO;AV SANTOS DUMONT;;ABALROAMENTO LONGITUDINAL;2;;;;;;;;0;;Bom;Não existe;Incompleta;Seca;Perfeito estado;Não existe;Não há placas;;2019
21/02/2019;18:11:00;SEM VÍTIMA;BOA VIAGEM;AV ENGENHEIRO DOMINGOS FERREIRA;;COLISÃO;1;;;;1;;;;0;;;;;;;;;;2019
21/02/2019;18:45:00;SEM VÍTIMA;SANTO AMARO;AV GOVERNADOR AGAMENON MAGALHAES;SUBURBIO;ABALROAMENTO LONGITUDINAL;2;;;;;;;;0;;Bom;Sem defeito;Incompleta;Seca;Perfeito estado;Não existe;Não há placas;30 km/h;2019
21/02/2019;19:03:00;SEM VÍTIMA;ILHA DO RETIRO;RUA SPORT CLUBE DO RECIFE;CIDADE;ABALROAMENTO LONGITUDINAL;1;1;;;;;;;0;;Bom;Não existe;Incompleta;Seca;Perfeito estado;Não existe;Não há placas;;2019
21/02/2019;20:16:00;SEM VÍTIMA;ILHA DO LEITE;AV FREI MATIAS TEVES;;COLISÃO;2;;;;;;;;0;;;;;;;;;;2019
21/02/2019;21:42:00;COM VÍTIMA;IPSEP;RUA HELIO BRANDAO;SUBURBIO;ABALROAMENTO LONGITUDINAL;1;1;;;;;;;1;;Bom;Não existe;Perfeito estado;Seca;Perfeito estado;Não existe;Placas Pare;30 km/h;2019
21/02/2019;21:50:00;SEM VÍTIMA;SOLEDADE;AV CONDE DA BOA VISTA;;COLISÃO;2;;;;;;;;0;;;;;;;;;;2019
21/02/2019;23:00:00;SEM VÍTIMA;SANTO AMARO;AV GOVERNADOR AGAMENON MAGALHAES;CIDADE;CHOQUE OBJETO FIXO;;;;;;;1;1;0;;Bom;Sem defeito;Perfeito estado;Seca;Perfeito estado;Faixa de pedestre;R-6a;60 km/h;2019
22/02/2019;01:22:00;SEM VÍTIMA;FUNDÃO;RUA CORONEL URBANO RIBEIRO DE SENA;SUBURBIO;CHOQUE OBJETO FIXO;1;;;;;;;;0;;Bom;Não existe;Perfeito estado;Seca;Perfeito estado;Não existe;Não há placas;30 km/h;2019
22/02/2019;05:10:00;SEM VÍTIMA;AFOGADOS;RUA NICOLAU PEREIRA;SUBURBIO;ABALROAMENTO LONGITUDINAL;1;;;;1;;;;0;;Chuvoso;Sem defeito;Perfeito estado;Molhada;Perfeito estado;Faixa de pedestre;Outras;40 km/h;2019
22/02/2019;05:17:00;VÍTIMA FATAL;TEJIPIÓ;AV LIBERDADE;SUBURBIO;CHOQUE OBJETO FIXO;1;1;;;;;;;1;1;Chuvoso;Não existe;Perfeito estado;Molhada;Perfeito estado;Não existe;R-6a;;2019
22/02/2019;06:16:00;COM VÍTIMA;ARRUDA;RUA DAS MOCAS;;COLISÃO;1;1;;;;;;;1;;;;;;;;;;2019
22/02/2019;07:24:00;SEM VÍTIMA;NOVA DESCOBERTA;RUA NOVA DESCOBERTA;;CHOQUE;;;;;;1;;;0;;;;;;;;;;2019
22/02/2019;07:27:00;SEM VÍTIMA;ARRUDA;AV BEBERIBE;CIDADE;ABALROAMENTO LONGITUDINAL;1;1;;;;;;;0;;Bom;Sem defeito;Perfeito estado;Seca;Perfeito estado;Faixa de pedestre;Outras;;2019
22/02/2019;07:44:00;SEM VÍTIMA;SANTO AMARO;AV NORTE;CIDADE;COLISÃO TRASEIRA;2;;;;;;;;0;;Bom;Sem defeito;Perfeito estado;Seca;Perfeito estado;Agente;;;2019
22/02/2019;08:43:00;SEM VÍTIMA;MADALENA;RUA BENFICA;;COLISÃO;1;1;;;;;;;0;;;;;;;;;;2019
22/02/2019;08:49:00;SEM VÍTIMA;BEBERIBE;AV BEBERIBE;CIDADE;COLISÃO TRASEIRA;2;1;;;;;;;0;;Bom;Sem defeito;Perfeito estado;Seca;Perfeito estado;Faixa de pedestre;R-6a;;2019
22/02/2019;09:06:00;SEM VÍTIMA;IPSEP;AV RECIFE;SUBURBIO;COLISÃO TRASEIRA;2;;;;;;;;0;;Bom;Não existe;Perfeito estado;Seca;Mal conservada;Não existe;Outras;60 km/h;2019
22/02/2019;09:29:00;COM VÍTIMA;AFOGADOS;RUA DA PAZ;SUBURBIO;COLISÃO TRASEIRA;1;1;;;;;;;1;;Bom;Sem defeito;Perfeito estado;Seca;Perfeito estado;Faixa de retenção;Não há placas;;2019
22/02/2019;09:53:00;SEM VÍTIMA;SANTO AMARO;AV JOAO DE BARROS;SUBURBIO;COLISÃO TRASEIRA;2;;;;;;;;0;;Bom;Sem defeito;Perfeito estado;Seca;Perfeito estado;Faixa de pedestre;Outras;;2019
22/02/2019;10:13:00;SEM VÍTIMA;IBURA;AV DOIS RIOS;CIDADE;COLISÃO TRASEIRA;2;;;;;;;;0;;Bom;Não existe;Perfeito estado;Seca;Perfeito estado;Não existe;Não há placas;40 km/h;2019
22/02/2019;10:37:00;COM VÍTIMA;ESTÂNCIA;AV RECIFE;CEASA;ABALROAMENTO LONGITUDINAL;1;;;;;;;;1;;Bom;Não existe;Perfeito estado;Seca;Perfeito estado;Não existe;Outras;;2019
22/02/2019;10:42:00;SEM VÍTIMA;BOA VIAGEM;AV CONSELHEIRO AGUIAR;;COLISÃO;1;;;;1;;;;0;;;;;;;;;;2019
22/02/2019;10:52:00;SEM VÍTIMA;BOA VIAGEM;AV ENGENHEIRO DOMINGOS FERREIRA;SUBURBIO;ABALROAMENTO LONGITUDINAL;2;;;;;;;;0;;Bom;Sem defeito;Perfeito estado;Seca;Perfeito estado;Faixa de pedestre;Outras;60 km/h;2019
22/02/2019;10:53:00;SEM VÍTIMA;IMBIRIBEIRA;RUA GENERAL GOES MONTEIRO;CIDADE;ABALROAMENTO TRANSVERSAL;2;;;;;;;;0;;Bom;Não existe;Não existente;Seca;Perfeito estado;Não existe;Não há placas;30 km/h;2019
22/02/2019;11:37:00;SEM VÍTIMA;BOA VIAGEM;RUA JOSE MARIA DE MIRANDA;SUBURBIO;ABALROAMENTO LONGITUDINAL;1;;;;;1;;;0;;Bom;Sem defeito;Perfeito estado;Seca;Perfeito estado;;Não há placas;30 km/h;2019
22/02/2019;11:47:00;SEM VÍTIMA;BOMBA DO HEMETÉRIO;RUA ARLINDO CISNEIRO;CIDADE;ABALROAMENTO LONGITUDINAL;;;;;1;1;;;0;;Bom;Não existe;Perfeito estado;Seca;Perfeito estado;Não existe;Não há placas;40 km/h;2019
22/02/2019;11:48:00;SEM VÍTIMA;PAISSANDU;AV GOVERNADOR AGAMENON MAGALHAES;;COLISÃO TRASEIRA;2;;;;;;;;0;;Bom;Não existe;Perfeito estado;Seca;Perfeito estado;;Não há placas;60 km/h;2019
22/02/2019;13:17:00;SEM VÍTIMA;BOA VISTA;AV MANOEL BORBA;CIDADE;ABALROAMENTO LONGITUDINAL;2;;;;;;;;0;;Bom;Sem defeito;Perfeito estado;Seca;Perfeito estado;Faixa de pedestre;R-6a;;2019
22/02/2019;13:29:00;SEM VÍTIMA;JIQUIÁ;RUA SAO MIGUEL;;COLISÃO;1;1;;;;;;;0;;;;;;;;;;2019
22/02/2019;14:47:00;COM VÍTIMA;GRAÇAS;RUA DAS CREOULAS;;ATROPELAMENTO;;1;;1;;;;;2;;Bom;Sem defeito;Perfeito estado;Seca;Perfeito estado;Faixa de pedestre;Outras;;2019
22/02/2019;15:30:00;SEM VÍTIMA;SAN MARTIN;RUA ARSENIO CALACA;CIDADE;ABALROAMENTO TRANSVERSAL;1;1;;;;;;;0;;Bom;Não existe;Não existente;Seca;Perfeito estado;;Não há placas;;2019
22/02/2019;15:31:00;SEM VÍTIMA;VÁRZEA;RUA PROFESSOR CHAVES BATISTA;CIDADE;ABALROAMENTO LONGITUDINAL;1;;;;;1;;;0;;Bom;Não existe;Não existente;Seca;Perfeito estado;Não existe;Não há placas;;2019
22/02/2019;15:41:00;SEM VÍTIMA;CORDEIRO;RUA MARIA QUITERIA;SUBURBIO;ABALROAMENTO LONGITUDINAL;2;;;;;;;;0;;Bom;Não existe;Não existente;Seca;Perfeito estado;Não existe;Não há placas;;2019
22/02/2019;15:44:00;SEM VÍTIMA;;RUA VISCONDE DE JEQUITINHONHA;SUBURBIO;COLISÃO TRASEIRA;2;;;;;;;;0;;Bom;Sem defeito;Perfeito estado;Seca;Perfeito estado;Faixa de pedestre;Não há placas;;2019
22/02/2019;15:53:00;SEM VÍTIMA;BOA VIAGEM;AV BOA VIAGEM;CIDADE;ABALROAMENTO LONGITUDINAL;1;1;;;;;;;0;;Bom;Não existe;Perfeito estado;Seca;Perfeito estado;Não existe;Outras;60 km/h;2019
22/02/2019;16:19:00;SEM VÍTIMA;ÁGUA FRIA;RUA SAO SEBASTIAO;;COLISÃO;2;;;;;;;;0;;;;;;;;;;2019
22/02/2019;16:46:00;SEM VÍTIMA;CORDEIRO;RUA GOMES TABORDA;SUBURBIO;COLISÃO TRASEIRA;2;;;;;;;;0;;Bom;Não existe;Perfeito estado;Seca;Perfeito estado;Não existe;R-6a;;2019
22/02/2019;16:52:00;SEM VÍTIMA;ENCRUZILHADA;AV JOAO DE BARROS;SUBURBIO;ABALROAMENTO LONGITUDINAL;1;;;;1;;;;0;;Bom;Não existe;Perfeito estado;Seca;Perfeito estado;Não existe;Outras;;2019
22/02/2019;17:04:00;SEM VÍTIMA;BOA VIAGEM;RUA VISCONDE DE JEQUITINHONHA;;COLISÃO;1;1;;;;;;;0;;;;;;;;;;2019
22/02/2019;17:05:00;SEM VÍTIMA;ESPINHEIRO;AV JOAO DE BARROS;;COLISÃO;1;;;;1;;;;0;;;;;;;;;;2019
22/02/2019;17:10:00;SEM VÍTIMA;BOA VIAGEM;RUA DOS NAVEGANTES;SUBURBIO;COLISÃO TRASEIRA;2;;;;;;;;0;;Bom;Não existe;Ilegível;Seca;Perfeito estado;Não existe;Outras;;2019
22/02/2019;17:58:00;SEM VÍTIMA;GUABIRABA;AV DA RECUPERACAO;;COLISÃO TRASEIRA;1;;;;1;;;;0;;Bom;Não existe;Incompleta;Seca;Perfeito estado;Não existe;Não há placas;;2019
22/02/2019;18:15:00;SEM VÍTIMA;SANTO AMARO;AV NORTE;CIDADE;ABALROAMENTO LONGITUDINAL;1;;;;1;;;;0;;Bom;Sem defeito;Perfeito estado;Seca;Perfeito estado;Faixa de pedestre;R-6a;;2019
22/02/2019;18:31:00;COM VÍTIMA;AFOGADOS;EST DOS REMEDIOS;CIDADE;COLISÃO COM CICLISTA;1;;1;;;;;;1;;Bom;Sem defeito;Perfeito estado;Seca;Perfeito estado;Faixa de pedestre;R-6a;;2019
22/02/2019;18:37:00;SEM VÍTIMA;GRAÇAS;RUA AMELIA;CIDADE;COLISÃO TRASEIRA;2;;;;;;;;0;;Bom;Sem defeito;Perfeito estado;Seca;Perfeito estado;Faixa de pedestre;Outras;;2019
22/02/2019;19:24:00;SEM VÍTIMA;DERBY;AV GOVERNADOR AGAMENON MAGALHAES;;ABALROAMENTO LONGITUDINAL;2;;;;;;;;0;;Bom;Sem defeito;Perfeito estado;Seca;Perfeito estado;Faixa de pedestre;;;2019
22/02/2019;19:44:00;COM VÍTIMA;SÃO JOSÉ;AV DANTAS BARRETO;SUBURBIO;ABALROAMENTO TRANSVERSAL;1;1;;;;;;;1;;Bom;Sem defeito;Perfeito estado;Seca;Perfeito estado;Faixa de pedestre;Não há placas;;2019
22/02/2019;20:07:00;SEM VÍTIMA;AFLITOS;RUA DR JOSE MARIA;SUBURBIO;ABALROAMENTO TRANSVERSAL;2;;;;;;;;0;;Bom;Não existe;Perfeito estado;Seca;Perfeito estado;;;;2019
22/02/2019;20:24:00;SEM VÍTIMA;SANTO AMARO;AV GOVERNADOR AGAMENON MAGALHAES;SUBURBIO;ABALROAMENTO LONGITUDINAL;1;;;;1;;;;0;;Bom;Sem defeito;Perfeito estado;Seca;Perfeito estado;;Outras;60 km/h;2019
22/02/2019;22:06:00;SEM VÍTIMA;GRAÇAS;AV BEIRA RIO;CIDADE;ABALROAMENTO TRANSVERSAL;2;;;;;;;;0;;Bom;Não existe;Perfeito estado;Seca;Perfeito estado;;Placas Pare;;2019
22/02/2019;23:22:00;SEM VÍTIMA;PINA;AV HERCULANO BANDEIRA;;COLISÃO;2;;;;;;;;0;;;;;;;;;;2019
23/02/2019;00:31:00;SEM VÍTIMA;IBURA;AV DOM HELDER CAMARA;SUBURBIO;ABALROAMENTO LONGITUDINAL;2;;;;;;;;0;;Bom;Sem defeito;Perfeito estado;Seca;Perfeito estado;Não existe;Não há placas;;2019
23/02/2019;01:24:00;SEM VÍTIMA;AREIAS;AV TENENTE FELIPE BANDEIRA DE MELO;;COLISÃO;2;;;;;;;;0;;;;;;;;;;2019
23/02/2019;06:35:00;SEM VÍTIMA;MADALENA;RUA BENFICA;;COLISÃO;2;;;;;;;;0;;;;;;;;;;2019
23/02/2019;07:10:00;COM VÍTIMA;IPSEP;AV RECIFE;SUBURBIO;ABALROAMENTO TRANSVERSAL;1;1;;;;;;;1;;Bom;Sem defeito;Perfeito estado;Seca;Perfeito estado;Faixa de pedestre;Outras;60 km/h;2019
23/02/2019;07:45:00;SEM VÍTIMA;AREIAS;AV RECIFE;CIDADE;TOMBAMENTO;;;;;;1;;1;0;;Bom;Sem defeito;Perfeito estado;Seca;Perfeito estado;Faixa de pedestre;;;2019
23/02/2019;08:13:00;SEM VÍTIMA;LINHA DO TIRO;RUA URIEL DE HOLANDA;SUBURBIO;COLISÃO TRASEIRA;2;;;;;;;;0;;Bom;Não existe;Perfeito estado;Seca;Perfeito estado;Não existe;Placas Pare;;2019
23/02/2019;08:15:00;SEM VÍTIMA;SANTO AMARO;AV CRUZ CABUGA;CIDADE;ABALROAMENTO TRANSVERSAL;2;;;;;;;;0;;Bom;Não existe;Perfeito estado;Seca;Perfeito estado;Não existe;Não há placas;;2019
23/02/2019;08:43:00;SEM VÍTIMA;BOA VIAGEM;AV BOA VIAGEM;;COLISÃO;2;;;;;;;;0;;;;;;;;;;2019
23/02/2019;08:47:00;COM VÍTIMA;JORDÃO;AV MARIA IRENE;CIDADE;COLISÃO TRASEIRA;2;1;;;;;;;1;;Bom;Não existe;Não existente;Seca;Perfeito estado;Não existe;Não há placas;;2019
23/02/2019;09:28:00;SEM VÍTIMA;BOA VIAGEM;RUA VISCONDE DE JEQUITINHONHA;;COLISÃO;2;;;;;;;;0;;;;;;;;;;2019
23/02/2019;10:10:00;SEM VÍTIMA;DERBY;AV GOVERNADOR AGAMENON MAGALHAES;;COLISÃO TRASEIRA;3;;;;;;;;0;;Bom;Sem defeito;Perfeito estado;Seca;Perfeito estado;Faixa de pedestre;R-6a;60 km/h;2019
23/02/2019;10:20:00;SEM VÍTIMA;ILHA DO RETIRO;RUA SPORT CLUBE DO RECIFE;CIDADE;COLISÃO TRASEIRA;1;;;;;;2;;0;;Bom;Não existe;Perfeito estado;Seca;Perfeito estado;Não existe;R-6a;;2019
23/02/2019;10:22:00;SEM VÍTIMA;ESPINHEIRO;RUA MARQUES DO PARANA;;COLISÃO;2;;;;;;;;0;;;;;;;;;;2019
23/02/2019;10:33:00;COM VÍTIMA;APIPUCOS;AV DEZESSETE DE AGOSTO;;COLISÃO;1;2;;;;;;;1;;;;;;;;;;2019
23/02/2019;10:50:00;SEM VÍTIMA;CASA FORTE;AV DEZESSETE DE AGOSTO;CIDADE;CHOQUE VEÍCULO PARADO;1;;;;1;;;;0;;Bom;Sem defeito;Perfeito estado;Seca;Perfeito estado;Faixa de pedestre;R-6a;60 km/h;2019
23/02/2019;11:45:00;SEM VÍTIMA;APIPUCOS;AV NORTE;SUBURBIO;ABALROAMENTO LONGITUDINAL;2;;;;;;;;0;;Bom;Não existe;Perfeito estado;Seca;Perfeito estado;Não existe;R-6a;60 km/h;2019
23/02/2019;12:02:00;SEM VÍTIMA;IMBIRIBEIRA;RUA JOAQUIM BANDEIRA;;ABALROAMENTO TRANSVERSAL;1;1;;;;;;;0;;Bom;Não existe;Não existente;Seca;Perfeito estado;Não existe;Não há placas;;2019
23/02/2019;12:12:00;SEM VÍTIMA;NOVA DESCOBERTA;AV VEREADOR OTACILIO AZEVEDO;SUBURBIO;ABALROAMENTO LONGITUDINAL;1;;;;1;;;;0;;Bom;Não existe;Perfeito estado;Seca;Perfeito estado;Não existe;R-6a;;2019
23/02/2019;12:23:00;SEM VÍTIMA;PINA;RUA MANOEL DE BRITO;SUBURBIO;COLISÃO TRASEIRA;3;;;;;;;;0;;Bom;Não existe;Perfeito estado;Seca;Perfeito estado;;R-6a;;2019
23/02/2019;12:47:00;SEM VÍTIMA;SÃO JOSÉ;RUA IMPERIAL;SUBURBIO;ABALROAMENTO TRANSVERSAL;2;;;;;;;;0;;Bom;Não existe;Perfeito estado;Seca;Perfeito estado;Não existe;R-25b;40 km/h;2019
23/02/2019;13:33:00;SEM VÍTIMA;BOA VIAGEM;AV BOA VIAGEM;;COLISÃO;2;;;;;;;;0;;;;;;;;;;2019
23/02/2019;13:38:00;SEM VÍTIMA;SANTO AMARO;AV DA SAUDADE,;SUBURBIO;ABALROAMENTO TRANSVERSAL;1;;;;;;;;0;;Bom;Sem defeito;Perfeito estado;Seca;Perfeito estado;Faixa de pedestre;Não há placas;;2019
23/02/2019;13:39:00;SEM VÍTIMA;TORRE;RUA JOSE BONIFACIO;SUBURBIO;ABALROAMENTO LONGITUDINAL;1;;;;;1;;;0;;Bom;Sem defeito;Perfeito estado;Seca;Perfeito estado;Faixa de pedestre;Outras;;2019
23/02/2019;14:01:00;SEM VÍTIMA;TORRE;RUA JOSE BONIFACIO;SUBURBIO;COLISÃO TRASEIRA;3;;;;;;;;0;;Bom;Sem defeito;Perfeito estado;Seca;Perfeito estado;Faixa de pedestre;Não há placas;;2019
23/02/2019;14:48:00;SEM VÍTIMA;TORRE;RUA JOSE BONIFACIO;191;ENGAVETAMENTO;3;;;;;;;;0;;;;;;;;;;2019
23/02/2019;15:10:00;SEM VÍTIMA;AFOGADOS;AV SUL;CIDADE;ABALROAMENTO TRANSVERSAL;1;;;;;1;;;0;;Bom;Sem defeito;Perfeito estado;Seca;Perfeito estado;Faixa de pedestre;Outras;;2019
23/02/2019;15:36:00;SEM VÍTIMA;MACAXEIRA;RUA CORONEL JOAO BATISTA DO REGO BARROS;CIDADE;CHOQUE VEÍCULO PARADO;2;;;;;;;;0;;Bom;Não existe;Não existente;Seca;Perfeito estado;Não existe;Outras;;2019
23/02/2019;16:25:00;SEM VÍTIMA;ILHA DO LEITE;RUA JOSE DE ALENCAR;;COLISÃO;1;1;;;;;;;0;;;;;;;;;;2019
23/02/2019;16:39:00;SEM VÍTIMA;PINA;AV HERCULANO BANDEIRA;SUBURBIO;COLISÃO TRASEIRA;2;;;;;;;;0;;Bom;Sem defeito;Perfeito estado;Seca;Perfeito estado;Faixa de pedestre;Outras;60 km/h;2019
23/02/2019;16:47:00;SEM VÍTIMA;ILHA DO LEITE;RUA JOSE DE ALENCAR;CIDADE;ABALROAMENTO LONGITUDINAL;1;1;;;;;;;0;;Bom;Não existe;Perfeito estado;Seca;Perfeito estado;Outros;R-6a;;2019
23/02/2019;17:10:00;SEM VÍTIMA;BOA VIAGEM;RUA AMALIA BERNARDINO DE SOUZA;CIDADE;COLISÃO FRONTAL;;1;;;;;;;0;;Bom;Não existe;Não existente;Seca;Perfeito estado;Não existe;Não há placas;;2019
23/02/2019;17:28:00;SEM VÍTIMA;COHAB;RUA DR BENIGNO JORDAO DE VASCONCELOS;SUBURBIO;COLISÃO FRONTAL;1;1;;;;;;;0;;Bom;Não existe;Incompleta;Seca;Perfeito estado;Não existe;Outras;;2019
23/02/2019;17:37:00;SEM VÍTIMA;CORDEIRO;AV CAXANGA;SUBURBIO;COLISÃO TRASEIRA;1;;;;1;;;;0;;Bom;Sem defeito;Perfeito estado;Seca;Perfeito estado;Faixa de pedestre;Outras;;2019
23/02/2019;18:33:00;SEM VÍTIMA;CAXANGÁ;RUA HONORIO CORREIA;CIDADE;COLISÃO TRASEIRA;2;;;;;;;;0;;Bom;;Perfeito estado;Seca;Perfeito estado;Não existe;Não há placas;;2019
23/02/2019;18:38:00;SEM VÍTIMA;JOANA BEZERRA;AV GOVERNADOR AGAMENON MAGALHAES;;COLISÃO;1;;;;;1;;;0;;;;;;;;;;2019
23/02/2019;18:55:00;SEM VÍTIMA;JOANA BEZERRA;VIADUTO CAPITAO TEMUDO;;COLISÃO;2;;;;;;;;0;;;;;;;;;;2019
23/02/2019;19:06:00;SEM VÍTIMA;ESPINHEIRO;AV GOVERNADOR AGAMENON MAGALHAES;SUBURBIO;ABALROAMENTO LONGITUDINAL;2;;;;;;;;0;;Bom;Não existe;Incompleta;Seca;Perfeito estado;Não existe;Não há placas;30 km/h;2019