data;hora;natureza_acidente;bairro;endereco;sentido_via;tipo;auto;moto;ciclista;pedestre;onibus;caminhao;viatura;outros;vitimas;vitimasfatais;tempo_clima;situacao_semaforo;sinalizacao;condicao_via;conservacao_via;ponto_controle;situacao_placa;velocidade_max_via;ano
23/02/2019;20:12:00;COM VÍTIMA;ESTÂNCIA;AV DR JOSE RUFINO;SUBURBIO;ATROPELAMENTO;1;;;1;;;;;1;;Bom;Não existe;Perfeito estado;Seca;;;Outras;;2019
23/02/2019;21:00:00;SEM VÍTIMA;JAQUEIRA;RUA DO FUTURO;CIDADE;ABALROAMENTO TRANSVERSAL;2;;;;;;;;0;;Bom;Não existe;Ilegível;Seca;Perfeito estado;Outros;Placas Pare;40 km/h;2019
23/02/2019;21:27:00;SEM VÍTIMA;CABANGA;VIADUTO CAPITAO TEMUDO;SUBURBIO;COLISÃO TRASEIRA;2;;;;;;;;0;;Bom;Não existe;Perfeito estado;Seca;Perfeito estado;Não existe;Outras;60 km/h;2019
23/02/2019;23:07:00;COM VÍTIMA;MUSTARDINHA;RUA VINTE E UM DE ABRIL;SUBURBIO;ABALROAMENTO TRANSVERSAL;2;;;;;;;;1;;Bom;Não existe;Perfeito estado;Seca;Perfeito estado;Não existe;Não há placas;;2019
23/02/2019;23:40:00;SEM VÍTIMA;SAN MARTIN;AV JOAO CABRAL DE MELO NETO;SUBURBIO;COLISÃO TRASEIRA;2;;;;;;;;0;;Bom;Não existe;Perfeito estado;Seca;Perfeito estado;Não existe;Não há placas;40 km/h;2019
24/02/2019;01:20:00;SEM VÍTIMA;VÁRZEA;RUA EMILIANO BRAGA;;COLISÃO;2;;;;;;;;0;;;;;;;;;;2019
24/02/2019;04:21:00;SEM VÍTIMA;VÁRZEA;RUA EMILIANO BRAGA;SUBURBIO;ABALROAMENTO TRANSVERSAL;2;;;;;;;;0;;Chuvoso;Não existe;Perfeito estado;Molhada;Perfeito estado;;Outras;;2019
24/02/2019;09:53:00;SEM VÍTIMA;BAIRRO DO RECIFE;PTE BUARQUE DE MACEDO;SUBURBIO;ABALROAMENTO LONGITUDINAL;1;;;;;1;;;0;;Bom;Sem defeito;Perfeito estado;Seca;Perfeito estado;;;;2019
24/02/2019;13:41:00;SEM VÍTIMA;PARNAMIRIM;RUA SEBASTIAO ALVES;SUBURBIO;ABALROAMENTO TRANSVERSAL;2;;;;;;;;0;;Bom;Não existe;Perfeito estado;Seca;Perfeito estado;Não existe;Outras;;2019
24/02/2019;15:28:00;SEM VÍTIMA;BAIRRO DO RECIFE;PTE CONDE MAURICIO DE NASSAU;CIDADE;COLISÃO TRASEIRA;2;;;;;;;;0;;Bom;Não existe;Perfeito estado;Seca;Perfeito estado;Não existe;Não há placas;;2019
24/02/2019;15:52:00;SEM VÍTIMA;BOA VIAGEM;RUA BALTAZAR PASSOS;;ABALROAMENTO TRANSVERSAL;2;;;;;;;;0;;Bom;Sem defeito;Perfeito estado;Seca;Perfeito estado;Faixa de pedestre;R-6a;;2019
24/02/2019;17:36:00;SEM VÍTIMA;JARDIM SÃO PAULO;RUA ANIBAL PORTELA;SUBURBIO;COLISÃO TRASEIRA;2;1;;;;;;;0;;Bom;Não existe;;Seca;Perfeito estado;Agente;;30 km/h;2019
24/02/2019;18:48:00;COM VÍTIMA;CASA FORTE;AV DEZESSETE DE AGOSTO;CIDADE;COLISÃO COM CICLISTA;;;1;;;;;;1;;Bom;Sem defeito;Perfeito estado;Seca;Perfeito estado;;R-6a;60 km/h;2019
24/02/2019;19:37:00;SEM VÍTIMA;ESTÂNCIA;RUA SAO MIGUEL;CIDADE;ABALROAMENTO LONGITUDINAL;2;;;;;;;;0;;Bom;Não existe;Perfeito estado;Seca;Perfeito estado;;;;2019
24/02/2019;20:06:00;SEM VÍTIMA;BARRO;AV DR JOSE RUFINO;;COLISÃO;2;;;;;;;;0;;;;;;;;;;2019
24/02/2019;20:55:00;SEM VÍTIMA;SANTO AMARO;AV GOVERNADOR AGAMENON MAGALHAES;;COLISÃO;2;;;;;;;;0;;;;;;;;;;2019
24/02/2019;22:31:00;SEM VÍTIMA;MADALENA;RUA ALBERTO PAIVA;;COLISÃO;1;;;;1;;;;0;;;;;;;;;;2019
24/02/2019;22:57:00;SEM VÍTIMA;ARRUDA;RUA DAS MOCAS;CIDADE;CHOQUE VEÍCULO PARADO;2;;;;;;;;0;;Bom;Não existe;Perfeito estado;Seca;Perfeito estado;;Outras;;2019
24/02/2019;23:05:00;SEM VÍTIMA;IMBIRIBEIRA;RUA ARQUITETO LUIZ NUNES;SUBURBIO;ABALROAMENTO TRANSVERSAL;1;1;;;;;;;0;;Bom;Sem defeito;Perfeito estado;Seca;Perfeito estado;;R-6a;;2019
25/02/2019;00:54:00;COM VÍTIMA;JORDÃO;RUA DR ALVARO FERRAZ;CIDADE;ABALROAMENTO TRANSVERSAL;2;;;;;;;;1;;Bom;Não existe;Perfeito estado;Seca;Perfeito estado;;;;2019
25/02/2019;07:20:00;SEM VÍTIMA;TORRE;RUA URIEL PAES BARRETO;SUBURBIO;ABALROAMENTO TRANSVERSAL;2;;;;;;;;0;;Bom;Não existe;Perfeito estado;Seca;Perfeito estado;Outros;Não há placas;;2019
25/02/2019;07:21:00;COM VÍTIMA;SANTO AMARO;AV GOVERNADOR AGAMENON MAGALHAES;OLINDA;ABALROAMENTO LONGITUDINAL;2;1;;;;;;;1;;Bom;Não existe;Perfeito estado;Seca;Perfeito estado;Não existe;Não há placas;;2019
25/02/2019;07:33:00;SEM VÍTIMA;BOA VIAGEM;AV DES JOSE NEVES;CIDADE;COLISÃO TRASEIRA;2;;;;;1;;;0;;Bom;Sem defeito;Perfeito estado;Seca;Perfeito estado;Não existe;Não há placas;;2019
25/02/2019;07:44:00;SEM VÍTIMA;ESPINHEIRO;RUA AFONSO BATISTA;CIDADE;COLISÃO TRASEIRA;3;;;;;;;;0;;Bom;Não existe;Perfeito estado;Seca;Perfeito estado;Não existe;Não há placas;;2019
25/02/2019;07:44:00;SEM VÍTIMA;IPSEP;AV RECIFE;;ABALROAMENTO LONGITUDINAL;1;1;;;;;;;0;;Bom;Sem defeito;Perfeito estado;Seca;Perfeito estado;Faixa de pedestre;Outras;;2019
25/02/2019;07:49:00;SEM VÍTIMA;IBURA;LAD DA COHAB;SUBURBIO;ABALROAMENTO TRANSVERSAL;2;;;;;;;;0;;Bom;Não existe;Não existente;Seca;Mal conservada;Agente;Não há placas;;2019
25/02/2019;08:17:00;SEM VÍTIMA;TAMARINEIRA;AV CONS ROSA E SILVA;SUBURBIO;ABALROAMENTO LONGITUDINAL;2;;;;;1;;;0;;Bom;Sem defeito;Perfeito estado;Seca;Perfeito estado;Faixa de pedestre;Não há placas;;2019
25/02/2019;08:30:00;SEM VÍTIMA;SANTO AMARO;RUA AFONSO PENA;SUBURBIO;ABALROAMENTO LONGITUDINAL;2;;;;;;;;0;;Bom;Não existe;Ilegível;Seca;Perfeito estado;Não existe;R-6a;;2019
25/02/2019;08:41:00;SEM VÍTIMA;BOA VISTA;RUA DOM BOSCO;SUBURBIO;COLISÃO FRONTAL;3;;;;;;;;0;;Bom;Sem defeito;Perfeito estado;Seca;Perfeito estado;Faixa de pedestre;Não há placas;60 km/h;2019
25/02/2019;08:42:00;SEM VÍTIMA;SANTO AMARO;AV NORTE;CIDADE;ABALROAMENTO LONGITUDINAL;2;;;;;;;;0;;Bom;Sem defeito;Perfeito estado;Seca;Perfeito estado;Agente;R-6a;;2019
25/02/2019;08:49:00;SEM VÍTIMA;IPSEP;RUA SAO NICOLAU;;COLISÃO TRASEIRA;1;;;;1;;;;0;;Bom;Sem defeito;Perfeito estado;Seca;Perfeito estado;Agente;Não há placas;;2019
25/02/2019;09:04:00;COM VÍTIMA;SANTO AMARO;RUA CAPITAO LIMA;CIDADE;ABALROAMENTO LONGITUDINAL;1;1;;;;;;;1;;Bom;Sem defeito;Perfeito estado;Seca;Perfeito estado;Não existe;Placas Pare;;2019
25/02/2019;09:21:00;SEM VÍTIMA;PINA;RUA CACILDA IOLANDA PORCIUNCULA;CIDADE;COLISÃO TRASEIRA;2;;;;;;;;0;;Bom;Não existe;Perfeito estado;Seca;Perfeito estado;Não existe;Placas Pare;;2019
25/02/2019;09:30:00;COM VÍTIMA;MADALENA;AV CAXANGA;CIDADE;ATROPELAMENTO;1;;;1;;;;;1;;Bom;Sem defeito;Perfeito estado;Seca;Perfeito estado;Faixa de pedestre;Outras;;2019
25/02/2019;09:29:00;COM VÍTIMA;SÃO JOSÉ;RUA FLORIANO PEIXOTO;SUBURBIO;COLISÃO TRASEIRA;1;1;;;;;;;1;;Bom;Sem defeito;Perfeito estado;Seca;Perfeito estado;Faixa de pedestre;R-6a;;2019
25/02/2019;10:29:00;SEM VÍTIMA;PARNAMIRIM;AV DEZESSETE DE AGOSTO;CIDADE;COLISÃO TRASEIRA;1;;;;1;;;;0;;Bom;Não existe;Perfeito estado;Seca;Perfeito estado;Não existe;R-6a;;2019
25/02/2019;10:49:00;SEM VÍTIMA;CORDEIRO;AV CAXANGA;CIDADE;COLISÃO TRASEIRA;1;1;;;;;;;0;;Bom;Sem defeito;Perfeito estado;Seca;Perfeito estado;Faixa de pedestre;Não há placas;;2019
25/02/2019;10:50:00;SEM VÍTIMA;BOA VIAGEM;RUA FELIX DE BRITO E MELO;PIEDADE;COLISÃO;1;;;;;1;;;0;;;;;;;;;;2019
25/02/2019;12:01:00;SEM VÍTIMA;AFOGADOS;RUA SAO MIGUEL;SUBURBIO;ABALROAMENTO LONGITUDINAL;1;;;;;1;;;0;;Bom;Sem defeito;Perfeito estado;Seca;Perfeito estado;Faixa de pedestre;;;2019
25/02/2019;12:01:00;SEM VÍTIMA;AFOGADOS;AV SUL;CIDADE;COLISÃO;2;;;;;;;;0;;;;;;;;;;2019
25/02/2019;12:03:00;SEM VÍTIMA;DERBY;AV GOVERNADOR AGAMENON MAGALHAES;;COLISÃO TRASEIRA;2;;;;;;;;0;;Bom;Sem defeito;Perfeito estado;Seca;Perfeito estado;Faixa de pedestre;Não há placas;60 km/h;2019
25/02/2019;12:05:00;SEM VÍTIMA;BOMBA DO HEMETÉRIO;RUA BOMBA DO HEMETERIO;;COLISÃO;;2;;;;;;;0;;;;;;;;;;2019
25/02/2019;12:17:00;COM VÍTIMA;TAMARINEIRA;AV NORTE;SUBURBIO;ATROPELAMENTO;;1;;1;;;;;1;;Bom;Sem defeito;Perfeito estado;Seca;Perfeito estado;Faixa de pedestre;Placas Pare;;2019
25/02/2019;12:18:00;COM VÍTIMA;COELHOS;RUA DOS COELHOS;CIDADE;COLISÃO COM CICLISTA;;1;1;;;;;;1;;Bom;Sem defeito;Perfeito estado;Seca;Perfeito estado;Faixa de pedestre;Não há placas;;2019
25/02/2019;12:47:00;SEM VÍTIMA;BOA VIAGEM;RUA BARAO DE SOUZA LEAO;SUBURBIO;COLISÃO TRASEIRA;1;;;;;1;;;0;;Bom;Sem defeito;Perfeito estado;Seca;Perfeito estado;Faixa de retenção;Não há placas;;2019
25/02/2019;13:08:00;SEM VÍTIMA;MADALENA;RUA BENFICA;;COLISÃO;;;;;;;;;0;;;;;;;;;;2019
25/02/2019;13:47:00;SEM VÍTIMA;IPUTINGA;RUA MAURICIO DE NASSAU;CIDADE;COLISÃO TRASEIRA;1;;;;;;1;;0;;Bom;Sem defeito;Perfeito estado;Seca;Perfeito estado;Faixa de pedestre;Outras;;2019
25/02/2019;13:50:00;SEM VÍTIMA;SANTO AMARO;AV CRUZ CABUGA;;COLISÃO;1;;;;1;;;;0;;;;;;;;;;2019
25/02/2019;14:07:00;SEM VÍTIMA;IPUTINGA;AV CAXANGA;CIDADE;COLISÃO;2;;;;;;;;0;;;;;;;;;;2019
25/02/2019;14:34:00;COM VÍTIMA;ENGENHO DO MEIO;RUA ANTONIO CURADO;;ABALROAMENTO TRANSVERSAL;2;;;;;;;;1;;Bom;Não existe;Não existente;Seca;Perfeito estado;Não existe;Não há placas;;2019
25/02/2019;16:35:00;COM VÍTIMA;IMBIRIBEIRA;AV MARECHAL MASCARENHAS DE MORAES;CIDADE;ABALROAMENTO LONGITUDINAL;1;1;;;;;;;1;;Bom;Não existe;Perfeito estado;Seca;Perfeito estado;Não existe;Não há placas;;2019
25/02/2019;16:48:00;SEM VÍTIMA;MADALENA;RUA DR JOAO COIMBRA;;ABALROAMENTO TRANSVERSAL;2;;;;;;;;0;;Bom;Não existe;Não existente;Seca;Perfeito estado;Não existe;Não há placas;;2019
25/02/2019;17:07:00;SEM VÍTIMA;BOA VIAGEM;RUA AMALIA BERNARDINO DE SOUZA;SUBURBIO;COLISÃO FRONTAL;2;;;;;;;;0;;Bom;Não existe;Não existente;Seca;Mal iluminada;Não existe;Não há placas;;2019
25/02/2019;17:20:00;COM VÍTIMA;AFOGADOS;RUA SAO MIGUEL;SUBURBIO;ABALROAMENTO TRANSVERSAL;1;1;;;;;;;1;;Bom;Não existe;Perfeito estado;Seca;Perfeito estado;Outros;Outras;;2019
25/02/2019;17:29:00;COM VÍTIMA;SANTO AMARO;AV GOVERNADOR AGAMENON MAGALHAES;;ABALROAMENTO LONGITUDINAL;1;1;;;;;;;1;;Bom;Não existe;Perfeito estado;Seca;Perfeito estado;Não existe;;60 km/h;2019
25/02/2019;18:11:00;SEM VÍTIMA;IPUTINGA;AV CAXANGA;;ACID. DE PERCURSO;;2;;;;;;;0;;;;;;;;;;2019
25/02/2019;18:24:00;SEM VÍTIMA;SÃO JOSÉ;C SANTA RITA;CIDADE;ACID. DE PERCURSO;;1;;;;;;;0;;;;;;;;;;2019
25/02/2019;18:24:00;COM VÍTIMA;BOA VISTA;AV CONDE DA BOA VISTA;SUBURBIO;COLISÃO COM CICLISTA;;1;1;;;;;;1;;Bom;Não existe;Perfeito estado;Seca;Perfeito estado;Faixa de pedestre;Não há placas;;2019
25/02/2019;18:25:00;COM VÍTIMA;LINHA DO TIRO;RUA URIEL DE HOLANDA;CIDADE;COLISÃO FRONTAL;1;1;;;;;;;2;;Bom;Não existe;Perfeito estado;Seca;Perfeito estado;Não existe;Outras;30 km/h;2019
25/02/2019;18:29:00;COM VÍTIMA;BOA VISTA;AV CONDE DA BOA VISTA;;ATROPELAMENTO;;1;1;;;;;;1;;;;;;;;;;2019
25/02/2019;18:44:00;SEM VÍTIMA;BOA VIAGEM;RUA PADRE CABRAL;;COLISÃO;2;;;;;;;;0;;;;;;;;;;2019
25/02/2019;19:06:00;SEM VÍTIMA;PARNAMIRIM;AV DEZESSETE DE AGOSTO;;COLISÃO;2;;;;;;;;0;;;;;;;;;;2019
25/02/2019;19:38:00;SEM VÍTIMA;VASCO DA GAMA;RUA ALTO DO EUCALIPTO;;COLISÃO;1;1;;;;;;;0;;;;;;;;;;2019
25/02/2019;20:25:00;COM VÍTIMA;SÃO JOSÉ;RUA FLORIANO PEIXOTO;SUBURBIO;ATROPELAMENTO;;1;;1;;;;;2;;Bom;Não existe;Perfeito estado;Seca;Perfeito estado;Não existe;Não há placas;;2019
25/02/2019;20:52:00;SEM VÍTIMA;BOA VISTA;RUA JOSE DE ALENCAR;CIDADE;ABALROAMENTO TRANSVERSAL;1;;;;;;;1;0;;Bom;Não existe;;Seca;Perfeito estado;Outros;Placas Pare;;2019
25/02/2019;21:02:00;COM VÍTIMA;PRADO;AV ENGENHEIRO ABDIAS DE CARVALHO;CIDADE;ABALROAMENTO LONGITUDINAL;1;1;;;;;;;1;;Bom;Sem defeito;Perfeito estado;Seca;Perfeito estado;Faixa de pedestre;Outras;;2019
25/02/2019;21:18:00;SEM VÍTIMA;VÁRZEA;AV CAXANGA;SUBURBIO;COLISÃO;2;;;;;;;;0;;;;;;;;;;2019
25/02/2019;22:21:00;SEM VÍTIMA;VASCO DA GAMA;RUA ALTO NOVO MUNDO;;COLISÃO;1;1;;;;;;;0;;;;;;;;;;2019
26/02/2019;;SEM VÍTIMA;IPSEP;AV RECIFE;;COLISÃO TRASEIRA;2;;;;;;;;0;;;Não existe;Não existente;Molhada;Perfeito estado;Não existe;Não há placas;60 km/h;2019
26/02/2019;07:45:00;COM VÍTIMA;ESPINHEIRO;RUA DA HORA;;ABALROAMENTO TRANSVERSAL;1;1;;;;;;;1;;Chuvoso;Sem defeito;Perfeito estado;Molhada;Perfeito estado;Faixa de pedestre;Outras;;2019
26/02/2019;08:01:00;COM VÍTIMA;TORREÃO;AV NORTE;CIDADE;COLISÃO TRASEIRA;1;1;;;;;;;1;;Bom;Sem defeito;Perfeito estado;Seca;Perfeito estado;Agente;;;2019
26/02/2019;08:04:00;SEM VÍTIMA;BREJO DE BEBERIBE;RUA ALTO DO REFUGIO;CIDADE;ABALROAMENTO TRANSVERSAL;2;;;;;;;;0;;Bom;Não existe;Não existente;Seca;Perfeito estado;Não existe;Não há placas;;2019
26/02/2019;08:11:00;COM VÍTIMA;ILHA DO RETIRO;RUA JOAO ELISIO RAMOS;CIDADE;ABALROAMENTO TRANSVERSAL;1;1;;;;;;;1;;Bom;Não existe;Perfeito estado;Seca;Perfeito estado;Agente;Não há placas;30 km/h;2019
26/02/2019;08:23:00;SEM VÍTIMA;SÃO JOSÉ;RUA IMPERIAL;SUBURBIO;ABALROAMENTO TRANSVERSAL;1;1;;;;;;;0;;Bom;Não existe;Perfeito estado;Seca;Perfeito estado;Não existe;Outras;60 km/h;2019
26/02/2019;08:59:00;SEM VÍTIMA;MADALENA;RUA JOAQUIM NABUCO;CIDADE;COLISÃO TRASEIRA;2;;;;;;;;0;;Bom;Não existe;Perfeito estado;Seca;Perfeito estado;Não existe;Não há placas;60 km/h;2019
26/02/2019;09:11:00;SEM VÍTIMA;GRAÇAS;AV GOVERNADOR AGAMENON MAGALHAES;;COLISÃO TRASEIRA;2;;;;;;;;0;;Bom;Sem defeito;Perfeito estado;Seca;Perfeito estado;Faixa de pedestre;;60 km/h;2019
26/02/2019;09:39:00;COM VÍTIMA;BOA VIAGEM;RUA JOAO CARDOSO AIRES;CIDADE;ABALROAMENTO LONGITUDINAL;1;1;;;;;;;2;;Bom;Sem defeito;Perfeito estado;Seca;Perfeito estado;Faixa de pedestre;Não há placas;40 km/h;2019
26/02/2019;10:40:00;SEM VÍTIMA;BAIRRO DO RECIFE;RUA PROFESSOR ALOISIO MAGALHAES;;COLISÃO;1;;;;;1;;;0;;;;;;;;;;2019
26/02/2019;11:28:00;SEM VÍTIMA;ÁGUA FRIA;RUA DA REGENERACAO;SUBURBIO;ABALROAMENTO TRANSVERSAL;1;1;;;;;;;0;;Bom;Não existe;Incompleta;Seca;Perfeito estado;Não existe;Outras;;2019
26/02/2019;11:33:00;SEM VÍTIMA;BOA VISTA;RUA PRINCESA IZABEL;CIDADE;ABALROAMENTO LONGITUDINAL;1;;;;1;;;;0;;Bom;Não existe;Perfeito estado;Seca;Perfeito estado;Não existe;Placas Pare;;2019
26/02/2019;12:54:00;SEM VÍTIMA;AREIAS;RUA CAMBUCA;CIDADE;COLISÃO TRASEIRA;;;;;1;;1;;0;;Bom;Não existe;Perfeito estado;Seca;Perfeito estado;Não existe;;;2019
26/02/2019;13:47:00;SEM VÍTIMA;BOA VIAGEM;RUA JOSE MARIA DE MIRANDA;;ABALROAMENTO LONGITUDINAL;2;;;;;;;;0;;Bom;Não existe;Perfeito estado;Seca;Perfeito estado;Outros;Placas Pare;;2019
26/02/2019;14:17:00;SEM VÍTIMA;BOA VISTA;RUA DO HOSPICIO;SUBURBIO;COLISÃO TRASEIRA;2;;;;;;;;0;;Bom;Sem defeito;Perfeito estado;Seca;Perfeito estado;;;;2019
26/02/2019;14:29:00;SEM VÍTIMA;CASA FORTE;AV DEZESSETE DE AGOSTO;SUBURBIO;ABALROAMENTO LONGITUDINAL;2;1;;;;;;;0;;Bom;Não existe;Perfeito estado;Seca;Perfeito estado;Não existe;Não há placas;60 km/h;2019
26/02/2019;14:48:00;SEM VÍTIMA;AREIAS;AV RECIFE;SUBURBIO;COLISÃO TRASEIRA;1;;;;;2;;;0;;Bom;Sem defeito;Perfeito estado;Seca;Perfeito estado;Não existe;Não há placas;60 km/h;2019
26/02/2019;15:05:00;SEM VÍTIMA;SÃO JOSÉ;RUA DO HOSPICIO;CIDADE;ABALROAMENTO LONGITUDINAL;2;;;;;;;;0;;Bom;Não existe;Perfeito estado;Seca;Perfeito estado;Não existe;Não há placas;;2019
26/02/2019;16:36:00;SEM VÍTIMA;DERBY;RUA JOAQUIM NABUCO;;COLISÃO;2;;;;;;;;0;;;;;;;;;;2019
26/02/2019;16:48:00;SEM VÍTIMA;TORRE;RUA ANTONIO VIEIRA;CIDADE;ABALROAMENTO TRANSVERSAL;1;1;;;;;;;0;;Bom;Não existe;Perfeito estado;Seca;Perfeito estado;;Placas Pare;;2019
26/02/2019;17:20:00;COM VÍTIMA;TORRE;RUA JOSE BONIFACIO;CAXANGÁ;ABALROAMENTO TRANSVERSAL;3;;;;;;;;1;;Bom;Sem defeito;Perfeito estado;Seca;Perfeito estado;Faixa de pedestre;R-6a;30 km/h;2019
26/02/2019;17:32:00;SEM VÍTIMA;MADALENA;RUA JOAO IVO DA SILVA;SUBURBIO;ABALROAMENTO LONGITUDINAL;2;;;;;;;;0;;Bom;Sem defeito;Perfeito estado;Seca;Perfeito estado;Faixa de pedestre;;;2019
26/02/2019;18:08:00;SEM VÍTIMA;JOANA BEZERRA;AV GOVERNADOR AGAMENON MAGALHAES;SUBURBIO;COLISÃO TRASEIRA;1;;;;1;;;;0;;Bom;Não existe;Perfeito estado;Seca;Perfeito estado;Não existe;Outras;60 km/h;2019
26/02/2019;18:15:00;SEM VÍTIMA;ILHA DO LEITE;RUA PAISSANDU;SUBURBIO;ABALROAMENTO TRANSVERSAL;2;;;;;;;;0;;Bom;Sem defeito;Perfeito estado;Seca;Perfeito estado;Faixa de pedestre;Não há placas;60 km/h;2019
27/02/2019;09:11:00;SEM VÍTIMA;JARDIM SÃO PAULO;AV RECIFE;CIDADE;ABALROAMENTO LONGITUDINAL;1;;;;;1;;;0;;Bom;Não existe;Incompleta;Seca;Perfeito estado;Não existe;Não há placas;;2019
26/02/2019;19:43:00;SEM VÍTIMA;ZUMBI;AV CAXANGA;CIDADE;ABALROAMENTO LONGITUDINAL;1;;1;;;;;;0;;Bom;Sem defeito;Perfeito estado;Seca;Perfeito estado;Faixa de pedestre;;;2019
26/02/2019;20:48:00;SEM VÍTIMA;BOA VIAGEM;AV DOM JOAO VI;SUBURBIO;COLISÃO TRASEIRA;2;;;;;;;;0;;Bom;Sem defeito;Perfeito estado;Seca;Perfeito estado;Faixa de pedestre;Outras;;2019
26/02/2019;21:41:00;SEM VÍTIMA;PINA;AV ANTONIO DE GOES;CIDADE;ABALROAMENTO LONGITUDINAL;2;;;;;;;;0;;Bom;Sem defeito;Perfeito estado;Seca;Perfeito estado;;;;2019
26/02/2019;22:08:00;SEM VÍTIMA;BOA VIAGEM;AV ENGENHEIRO DOMINGOS FERREIRA;SUBURBIO;ABALROAMENTO TRANSVERSAL;2;;;;;;;;0;;Bom;Sem defeito;Perfeito estado;Seca;Perfeito estado;Outros;R-6a;60 km/h;2019
27/02/2019;02:35:00;COM VÍTIMA;SÃO JOSÉ;RUA DO PEIXOTO;SUBURBIO;ABALROAMENTO TRANSVERSAL;;;;;2;;;;1;;Bom;Sem defeito;Perfeito estado;Seca;Perfeito estado;Não existe;Outras;;2019
27/02/2019;06:56:00;SEM VÍTIMA;ESTÂNCIA;AV RECIFE;SUBURBIO;COLISÃO TRASEIRA;4;;;;;;;;0;;Bom;Não existe;Perfeito estado;Seca;Perfeito estado;Não existe;Não há placas;;2019
27/02/2019;07:06:00;COM VÍTIMA;BOA VISTA;RUA DOM BOSCO;CIDADE;COLISÃO COM CICLISTA;1;;1;;;;;;1;;Bom;Sem defeito;Perfeito estado;Seca;Perfeito estado;Faixa de pedestre;Outras;60 km/h;2019
27/02/2019;07:44:00;SEM VÍTIMA;ILHA DO LEITE;RUA ANTONIO GOMES DE FREITAS;SUBURBIO;ABALROAMENTO LONGITUDINAL;2;;;;;;;;0;;Bom;Sem defeito;Perfeito estado;Seca;Perfeito estado;Faixa de pedestre;Outras;;2019
27/02/2019;08:12:00;SEM VÍTIMA;TAMARINEIRA;AV NORTE;CIDADE;ABALROAMENTO LONGITUDINAL;;;;;;2;;;0;;Bom;Sem defeito;Perfeito estado;Seca;Perfeito estado;Faixa de pedestre;Outras;;2019
27/02/2019;08:28:00;SEM VÍTIMA;PARNAMIRIM;RUA SEBASTIAO MALTA ARCOVERDE;SUBURBIO;COLISÃO TRASEIRA;2;;;;;;;;0;;Bom;Sem defeito;Perfeito estado;Seca;Perfeito estado;Faixa de retenção;Não há placas;;2019
27/02/2019;09:40:00;SEM VÍTIMA;SANTO ANTÔNIO;PTE PRINCESA IZABEL;SUBURBIO;ABALROAMENTO LONGITUDINAL;2;1;;;;;;;0;;Bom;Não existe;Perfeito estado;Seca;Perfeito estado;Outros;Não há placas;;2019
27/02/2019;09:54:00;SEM VÍTIMA;SAN MARTIN;AV GENERAL SAN MARTIN;;ABALROAMENTO TRANSVERSAL;;1;;;;1;;;0;;Bom;Sem defeito;Perfeito estado;Seca;Perfeito estado;Faixa de pedestre;R-6a;;2019
27/02/2019;10:02:00;SEM VÍTIMA;ALTO DO MANDU;AV NORTE;;COLISÃO;2;;;;;1;;;0;;;;;;;;;;2019
27/02/2019;10:52:00;SEM VÍTIMA;PINA;RUA PEREIRA DA COSTA;CIDADE;COLISÃO TRASEIRA;2;;;;;;;;0;;Bom;Sem defeito;Perfeito estado;Seca;Perfeito estado;Faixa de retenção;Outras;;2019
27/02/2019;11:05:00;SEM VÍTIMA;DERBY;RUA JORNALISTA PAULO BITTENCOURT;SUBURBIO;ABALROAMENTO TRANSVERSAL;2;;;;;;;;0;;Bom;Não existe;Perfeito estado;Seca;Perfeito estado;Outros;Outras;;2019
27/02/2019;11:07:00;SEM VÍTIMA;PINA;AV ANTONIO DE GOES;FAIXA DA DIREITA;COLISÃO;2;;;;;;;;0;;;;;;;;;;2019
27/02/2019;11:18:00;SEM VÍTIMA;GRAÇAS;RUA ALBERTO PAIVA;CIDADE;ABALROAMENTO LONGITUDINAL;2;;;;;;;;0;;Bom;Sem defeito;Perfeito estado;Seca;Perfeito estado;Faixa de pedestre;R-6a;;2019
27/02/2019;11:31:00;SEM VÍTIMA;SÃO JOSÉ;AV SUL;CIDADE;ABALROAMENTO LONGITUDINAL;2;;;;;;;;0;;Bom;Não existe;Ilegível;Seca;Mal conservada;Não existe;Não há placas;;2019
27/02/2019;12:11:00;SEM VÍTIMA;BOA VISTA;RUA TREZE DE MAIO;CIDADE;COLISÃO TRASEIRA;1;;;;;;1;;0;;Bom;Não existe;Não existente;Seca;Perfeito estado;Não existe;Não há placas;;2019
27/02/2019;12:19:00;SEM VÍTIMA;MADALENA;AV DR JOSE RUFINO;SUBURBIO;COLISÃO TRASEIRA;2;;;;;;;;0;;Bom;Não existe;Não existente;Seca;Perfeito estado;Não existe;Não há placas;;2019
27/02/2019;12:23:00;SEM VÍTIMA;TORRÕES;AV ENGENHEIRO ABDIAS DE CARVALHO;CIDADE;COLISÃO TRASEIRA;1;;;;1;;;;0;;Bom;Sem defeito;Perfeito estado;Seca;Perfeito estado;Faixa de pedestre;Outras;60 km/h;2019
27/02/2019;12:48:00;COM VÍTIMA;SÃO JOSÉ;C SANTA RITA;CIDADE;COLISÃO FRONTAL;1;1;;;;;;;1;;Bom;Não existe;Perfeito estado;Seca;Perfeito estado;Não existe;Não há placas;;2019