data;hora;natureza_acidente;bairro;endereco;sentido_via;tipo;auto;moto;ciclista;pedestre;onibus;caminhao;viatura;outros;vitimas;vitimasfatais;tempo_clima;situacao_semaforo;sinalizacao;condicao_via;conservacao_via;ponto_controle;situacao_placa;velocidade_max_via;ano
27/02/2019;13:08:00;COM VÍTIMA;MADALENA;AV BEIRA RIO;TORRE;COLISÃO TRASEIRA;3;;;;;;;;1;;Bom;Não existe;Perfeito estado;Seca;Perfeito estado;Outros;R-6a;;2019
27/02/2019;13:31:00;SEM VÍTIMA;AFOGADOS;RUA SAO MIGUEL;SUBURBIO;COLISÃO TRASEIRA;1;;;;1;;;;0;;Bom;Sem defeito;Perfeito estado;Seca;Perfeito estado;Faixa de pedestre;Não há placas;;2019
27/02/2019;13:47:00;SEM VÍTIMA;SÃO JOSÉ;TRV DO FORTE;SUBURBIO;ABALROAMENTO LONGITUDINAL;2;;;;;;;;0;;Bom;Não existe;Perfeito estado;Seca;Perfeito estado;Não existe;Não há placas;;2019
27/02/2019;14:00:00;SEM VÍTIMA;SANTO AMARO;AV GOVERNADOR AGAMENON MAGALHAES;SUBURBIO;COLISÃO TRASEIRA;1;;;;1;;;;0;;Bom;Sem defeito;Perfeito estado;Seca;Perfeito estado;Faixa de pedestre;R-26;60 km/h;2019
27/02/2019;14:01:00;SEM VÍTIMA;SANTO ANTÔNIO;AV MARTINS DE BARROS;CIDADE;ABALROAMENTO LONGITUDINAL;2;;;;;;;;0;;Bom;Sem defeito;Perfeito estado;Seca;Perfeito estado;Não existe;Não há placas;;2019
27/02/2019;14:06:00;SEM VÍTIMA;PINA;RUA BARAO DE SANTO ANGELO;;COLISÃO TRASEIRA;1;;;;;;1;;0;;Bom;Não existe;Perfeito estado;Seca;Perfeito estado;Não existe;R-6a;40 km/h;2019
27/02/2019;14:45:00;SEM VÍTIMA;ENCRUZILHADA;RUA FERNANDO CESAR;CIDADE;ABALROAMENTO TRANSVERSAL;2;;;;;;;;0;;Bom;Não existe;Perfeito estado;Seca;Perfeito estado;Outros;Placas Pare;30 km/h;2019
27/02/2019;14:47:00;SEM VÍTIMA;ARRUDA;AV NORTE;CIDADE;ABALROAMENTO LONGITUDINAL;2;;;;;;;;0;;Bom;Sem defeito;Perfeito estado;Seca;Perfeito estado;Faixa de pedestre;Não há placas;;2019
27/02/2019;15:18:00;SEM VÍTIMA;IPUTINGA;AV CAXANGA;SUBURBIO;ABALROAMENTO LONGITUDINAL;1;;;;;1;;;0;;Bom;Não existe;Perfeito estado;Seca;Perfeito estado;Outros;Outras;60 km/h;2019
27/02/2019;15:31:00;COM VÍTIMA;POÇO DA PANELA;RUA MEDICO MARIO GUIMARAES;;COLISÃO;1;1;;;;;;;1;;;;;;;;;;2019
27/02/2019;15:33:00;COM VÍTIMA;IPSEP;RUA JEAN EMILE FAVRE;SUBURBIO;ABALROAMENTO TRANSVERSAL;;1;;;1;;;;1;;Bom;Sem defeito;Perfeito estado;Seca;Perfeito estado;Faixa de pedestre;R-6a;;2019
27/02/2019;16:17:00;SEM VÍTIMA;BOA VIAGEM;RUA ANTONIO FALCAO;;ABALROAMENTO LONGITUDINAL;1;;;;;1;;;0;;Bom;Sem defeito;Ilegível;Seca;Perfeito estado;Não existe;Não há placas;;2019
27/02/2019;17:06:00;COM VÍTIMA;CASA AMARELA;AV NORTE;SUBURBIO;ABALROAMENTO LONGITUDINAL;1;1;;;;;;;1;;Bom;Não existe;Perfeito estado;Seca;Perfeito estado;Não existe;Outras;;2019
27/02/2019;17:12:00;SEM VÍTIMA;SANCHO;AV LIBERDADE;CIDADE;COLISÃO TRASEIRA;2;;;;;;;;0;;Bom;Não existe;Ilegível;Seca;Perfeito estado;Não existe;Outras;;2019
27/02/2019;17:26:00;SEM VÍTIMA;AFOGADOS;RUA COSME VIANA;;COLISÃO;1;1;;;;;;;0;;;;;;;;;;2019
27/02/2019;17:47:00;SEM VÍTIMA;BOA VISTA;AV MONTEVIDEU;SUBURBIO;ABALROAMENTO TRANSVERSAL;1;;;;;;1;;0;;Bom;Não existe;Perfeito estado;Seca;Perfeito estado;Não existe;Não há placas;;2019
27/02/2019;17:55:00;SEM VÍTIMA;PRADO;AV ENGENHEIRO ABDIAS DE CARVALHO;SUBURBIO;ABALROAMENTO LONGITUDINAL;1;;;;1;;;;0;;Bom;Sem defeito;Perfeito estado;Seca;Perfeito estado;Faixa de retenção;Outras;60 km/h;2019
27/02/2019;18:09:00;SEM VÍTIMA;PRADO;RUA MANOEL DE ARRUDA CAMARA;SUBURBIO;ABALROAMENTO TRANSVERSAL;1;;;;1;;;;0;;Bom;Não existe;Perfeito estado;Seca;Perfeito estado;Outros;Outras;;2019
27/02/2019;18:27:00;SEM VÍTIMA;MADALENA;AV VISCONDE DE ALBUQUERQUE;SUBURBIO;ABALROAMENTO LONGITUDINAL;1;;;;1;;;;0;;Bom;Sem defeito;Perfeito estado;Seca;Perfeito estado;Faixa de pedestre;Não há placas;;2019
27/02/2019;18:28:00;COM VÍTIMA;ILHA DO RETIRO;RUA JOSE MUCIO MONTEIRO;CIDADE;ATROPELAMENTO;;;;1;;;1;;1;;Bom;Não existe;Perfeito estado;Seca;Perfeito estado;Não existe;Placas Pare;;2019
27/02/2019;18:31:00;SEM VÍTIMA;SANTO AMARO;RUA DO HOSPICIO;SUBURBIO;ABALROAMENTO LONGITUDINAL;1;;;;1;;;;0;;Bom;Sem defeito;Perfeito estado;Seca;Perfeito estado;Faixa de pedestre;Não há placas;;2019
27/02/2019;18:41:00;SEM VÍTIMA;BAIRRO DO RECIFE;AV ALFREDO LISBOA;CIDADE;ABALROAMENTO LONGITUDINAL;1;;;;;1;;;0;;Bom;Não existe;Perfeito estado;Seca;Perfeito estado;Faixa de pedestre;Outras;30 km/h;2019
27/02/2019;18:47:00;SEM VÍTIMA;CABANGA;RUA NOVA DA CABANGA;;ENGAVETAMENTO;3;;;;;;;;0;;;;;;;;;;2019
27/02/2019;19:00:00;COM VÍTIMA;PINA;AV HERCULANO BANDEIRA;SUBURBIO;COLISÃO TRASEIRA;2;;1;;;;;;1;;Bom;Não existe;Perfeito estado;Seca;Perfeito estado;Não existe;Não há placas;;2019
27/02/2019;20:14:00;COM VÍTIMA;BOA VISTA;AV CONDE DA BOA VISTA;CIDADE;ATROPELAMENTO;;;;1;1;;;;1;;Bom;Não existe;Perfeito estado;Seca;Perfeito estado;Faixa de pedestre;Não há placas;;2019
27/02/2019;21:19:00;SEM VÍTIMA;TORRE;RUA JOSE BONIFACIO;SUBURBIO;ABALROAMENTO LONGITUDINAL;1;;;;;1;;;0;;Bom;Não existe;Perfeito estado;Seca;Perfeito estado;Não existe;Não há placas;;2019
27/02/2019;21:40:00;SEM VÍTIMA;TORRE;RUA JOSE BONIFACIO;;COLISÃO;1;;;;;1;;;0;;;;;;;;;;2019
27/02/2019;21:57:00;SEM VÍTIMA;SANTO ANTÔNIO;AV N S DO CARMO;SUBURBIO;ABALROAMENTO LONGITUDINAL;1;;;;1;;;;0;;Bom;Sem defeito;Perfeito estado;Seca;Perfeito estado;Faixa de pedestre;Outras;;2019
27/02/2019;22:05:00;SEM VÍTIMA;GUABIRABA;RUA DAS FLORES;SUBURBIO;ABALROAMENTO TRANSVERSAL;1;1;;;;;;;0;;Bom;Não existe;Perfeito estado;Seca;Perfeito estado;Não existe;Não há placas;;2019
28/02/2019;01:31:00;SEM VÍTIMA;BAIRRO DO RECIFE;RUA VIGARIO TENORIO;SUBURBIO;ABALROAMENTO TRANSVERSAL;2;;;;;;;;0;;Bom;Não existe;Perfeito estado;Seca;Perfeito estado;Não existe;Placas Pare;;2019
28/02/2019;04:17:00;SEM VÍTIMA;MADALENA;EST DOS REMEDIOS;CIDADE;CHOQUE VEÍCULO PARADO;2;;;;;;;;0;;Bom;Não existe;Perfeito estado;Seca;Perfeito estado;;Não há placas;;2019
28/02/2019;06:59:00;SEM VÍTIMA;BONGI;AV ENGENHEIRO ABDIAS DE CARVALHO;CIDADE;ABALROAMENTO TRANSVERSAL;2;;;;;;;;0;;Bom;Sem defeito;Perfeito estado;Seca;Perfeito estado;Agente;Não há placas;60 km/h;2019
28/02/2019;07:28:00;SEM VÍTIMA;SÃO JOSÉ;RUA IMPERIAL;SUBURBIO;ABALROAMENTO TRANSVERSAL;2;;;;;;;;0;;Bom;Sem defeito;Perfeito estado;Seca;Perfeito estado;Faixa de pedestre;Outras;;2019
28/02/2019;07:36:00;SEM VÍTIMA;VÁRZEA;AV CAXANGA;CIDADE;ABALROAMENTO LONGITUDINAL;1;1;;;;;;;0;;Bom;Sem defeito;Perfeito estado;Seca;Perfeito estado;Faixa de pedestre;;;2019
28/02/2019;07:51:00;SEM VÍTIMA;DERBY;AV GOVERNADOR AGAMENON MAGALHAES;;ABALROAMENTO LONGITUDINAL;2;;;;;;;;0;;Bom;Sem defeito;Perfeito estado;Seca;Perfeito estado;Não existe;Não há placas;60 km/h;2019
28/02/2019;08:01:00;SEM VÍTIMA;CASA AMARELA;AV NORTE;CIDADE;ABALROAMENTO LONGITUDINAL;1;1;;;;;;;0;;Bom;Não existe;Perfeito estado;Seca;Perfeito estado;Não existe;Outras;;2019
28/02/2019;08:57:00;SEM VÍTIMA;PINA;AVENIDA CELSO FURTADO (VIA MANGUE);CIDADE;ABALROAMENTO LONGITUDINAL;3;;;;;;;;0;;Bom;Não existe;Perfeito estado;Seca;Perfeito estado;Não existe;Não há placas;60 km/h;2019
28/02/2019;09:12:00;SEM VÍTIMA;IMBIRIBEIRA;AV MARECHAL MASCARENHAS DE MORAES;CIDADE;COLISÃO TRASEIRA;2;;;;;;;;0;;Bom;Sem defeito;Perfeito estado;Seca;Perfeito estado;Faixa de pedestre;Outras;60 km/h;2019
28/02/2019;09:40:00;COM VÍTIMA;IPSEP;RUA JEAN EMILE FAVRE;CIDADE;ABALROAMENTO TRANSVERSAL;1;1;;;;;;;1;;Bom;Não existe;Perfeito estado;Seca;Perfeito estado;Faixa de pedestre;Não há placas;30 km/h;2019
28/02/2019;09:53:00;SEM VÍTIMA;SANTO ANTÔNIO;AV MARTINS DE BARROS;SUB/CID;ABALROAMENTO LONGITUDINAL;1;;;;;1;;;0;;Bom;Sem defeito;Perfeito estado;Seca;Perfeito estado;Não existe;R-4a;;2019
28/02/2019;09:54:00;SEM VÍTIMA;BOA VISTA;RUA DO PRINCIPE;;COLISÃO;1;2;;;;;;;0;;;;;;;;;;2019
28/02/2019;10:11:00;SEM VÍTIMA;PINA;AV ANTONIO DE GOES;CIDADE;ABALROAMENTO LONGITUDINAL;1;;;;;1;;;0;;Bom;Sem defeito;Perfeito estado;Seca;Perfeito estado;Agente;;60 km/h;2019
28/02/2019;11:25:00;SEM VÍTIMA;TAMARINEIRA;RUA CONEGO BARATA;CIDADE;ABALROAMENTO LONGITUDINAL;2;;;;;;;;0;;Bom;Não existe;Perfeito estado;Seca;Perfeito estado;Não existe;Outras;;2019
28/02/2019;11:56:00;SEM VÍTIMA;IMBIRIBEIRA;AV MARECHAL MASCARENHAS DE MORAES;CIDADE;ABALROAMENTO LONGITUDINAL;2;;;;;;;;0;;Bom;Sem defeito;Perfeito estado;Seca;Perfeito estado;Faixa de pedestre;Não há placas;60 km/h;2019
28/02/2019;12:03:00;SEM VÍTIMA;CASA FORTE;AV DEZESSETE DE AGOSTO;CIDADE;ABALROAMENTO TRANSVERSAL;2;;;;;;;;0;;Bom;Não existe;Perfeito estado;Seca;Perfeito estado;Não existe;Não há placas;60 km/h;2019
28/02/2019;13:21:00;SEM VÍTIMA;TORRE;AV BEIRA RIO;;COLISÃO;1;;;;;1;;;0;;;;;;;;;;2019
28/02/2019;13:28:00;SEM VÍTIMA;AFOGADOS;RUA DA PAZ;SUBURBIO;ABALROAMENTO LONGITUDINAL;2;;;;;;;;0;;Bom;Não existe;Perfeito estado;Seca;Perfeito estado;Agente;Não há placas;40 km/h;2019
28/02/2019;13:30:00;COM VÍTIMA;BOA VIAGEM;AV ARMINDO MOURA;CIDADE;ABALROAMENTO LONGITUDINAL;1;1;;;;;;;1;;Bom;Não existe;Perfeito estado;Seca;Perfeito estado;;;40 km/h;2019
28/02/2019;13:52:00;SEM VÍTIMA;VASCO DA GAMA;RUA VASCO DA GAMA;CIDADE;ABALROAMENTO LONGITUDINAL;1;;;;;1;;;0;;Bom;Não existe;Perfeito estado;Seca;Perfeito estado;Não existe;Não há placas;;2019
28/02/2019;14:14:00;SEM VÍTIMA;SANTO AMARO;AV GOVERNADOR AGAMENON MAGALHAES;SUBURBIO;COLISÃO;2;;;;;;;;0;;;;;;;;;;2019
28/02/2019;14:48:00;SEM VÍTIMA;BAIRRO DO RECIFE;CAIS DO APOLO;CIDADE;ABALROAMENTO LONGITUDINAL;1;;;;;1;;;0;;Bom;;Perfeito estado;Seca;Perfeito estado;;;;2019
28/02/2019;14:54:00;SEM VÍTIMA;CABANGA;AV ENGENHEIRO JOSE ESTELITA;SUBURBIO;COLISÃO TRASEIRA;2;;;;;1;;;0;;Bom;Não existe;Perfeito estado;Seca;Perfeito estado;Não existe;;60 km/h;2019
28/02/2019;15:14:00;SEM VÍTIMA;SÃO JOSÉ;C SANTA RITA;;COLISÃO;2;;;;;;;;0;;;;;;;;;;2019
28/02/2019;15:39:00;SEM VÍTIMA;ARRUDA;AV PROFESSOR JOSE DOS ANJOS;SUBURBIO;ABALROAMENTO LONGITUDINAL;1;;;;;1;;;0;;Bom;Sem defeito;Perfeito estado;Seca;Perfeito estado;Faixa de pedestre;Outras;;2019
28/02/2019;15:48:00;SEM VÍTIMA;CASA AMARELA;EST DO ARRAIAL;SUBURBIO;ABALROAMENTO TRANSVERSAL;2;;;;;;;;0;;Bom;Não existe;Perfeito estado;Seca;Perfeito estado;Não existe;Outras;40 km/h;2019
28/02/2019;16:02:00;SEM VÍTIMA;SANTO ANTÔNIO;RUA DO SOL;CIDADE;ABALROAMENTO LONGITUDINAL;1;;;;1;;;;0;;Bom;Sem defeito;Perfeito estado;Seca;Perfeito estado;Não existe;Não há placas;;2019
28/02/2019;16:45:00;SEM VÍTIMA;IMBIRIBEIRA;RUA SARGENTO SILVINO DE MACEDO;SUBURBIO;ABALROAMENTO TRANSVERSAL;2;;;;;;;;0;;Bom;Não existe;Não existente;Seca;Mal iluminada;Não existe;Não há placas;;2019
28/02/2019;17:35:00;SEM VÍTIMA;CABANGA;PTE GOVERNADOR PAULO GUERRA;;COLISÃO TRASEIRA;2;;;;;;;;0;;Bom;Não existe;Perfeito estado;Seca;Perfeito estado;Não existe;Não há placas;;2019
28/02/2019;17:47:00;COM VÍTIMA;BOA VIAGEM;AVENIDA CELSO FURTADO (VIA MANGUE);SUBURBIO;ABALROAMENTO LONGITUDINAL;1;1;;;;;;;1;;Bom;Não existe;Perfeito estado;Seca;Perfeito estado;Não existe;;60 km/h;2019
28/02/2019;18:48:00;SEM VÍTIMA;ESTÂNCIA;AV RECIFE;;COLISÃO;2;;;;;;;;0;;;;;;;;;;2019
28/02/2019;19:11:00;SEM VÍTIMA;SÃO JOSÉ;RUA IMPERIAL;SUBURBIO;ABALROAMENTO LONGITUDINAL;2;;;;;;;;0;;Bom;Não existe;Perfeito estado;Seca;Perfeito estado;;;;2019
28/02/2019;19:53:00;SEM VÍTIMA;PINA;AV ANTONIO DE GOES;CIDADE;COLISÃO TRASEIRA;1;;;;;1;;;0;;Bom;Sem defeito;Perfeito estado;Seca;Perfeito estado;Faixa de pedestre;Outras;;2019
28/02/2019;20:40:00;SEM VÍTIMA;BOA VIAGEM;RUA JACK AYRES;SUBURBIO;ABALROAMENTO TRANSVERSAL;1;1;;;;;;;0;;Bom;Não existe;Perfeito estado;Seca;Perfeito estado;Faixa de retenção;Placas Pare;;2019
28/02/2019;20:58:00;SEM VÍTIMA;CAMPO GRANDE;RUA PRUDENTE DE MORAES;;COLISÃO;2;;;;;;;;0;;;;;;;;;;2019
28/02/2019;21:00:00;SEM VÍTIMA;SANTO ANTÔNIO;AV MARTINS DE BARROS;;ABALROAMENTO LONGITUDINAL;1;;;;;1;;;0;;Bom;Sem defeito;Perfeito estado;Seca;Perfeito estado;;Não há placas;;2019
28/02/2019;21:33:00;SEM VÍTIMA;IPSEP;RUA JEAN EMILE FAVRE;;COLISÃO;1;1;;;;;;;0;;;;;;;;;;2019
28/02/2019;22:29:00;SEM VÍTIMA;BOA VISTA;PRC PARQUE AMORIM;;COLISÃO;2;;;;;;;;0;;;;;;;;;;2019
28/02/2019;22:58:00;COM VÍTIMA;TORRE;RUA PADRE LANDIM;;COLISÃO;1;1;;;;;;;1;;;;;;;;;;2019
28/02/2019;23:17:00;SEM VÍTIMA;NOVA DESCOBERTA;RUA ENGENHEIRO PONTES;;CHOQUE OBJETO FIXO;1;;;;;;1;;0;;Bom;Não existe;Não existente;Seca;Perfeito estado;Não existe;Não há placas;;2019
28/02/2019;23:33:00;SEM VÍTIMA;AFOGADOS;RUA SAO MIGUEL;CIDADE;ABALROAMENTO TRANSVERSAL;2;;;;;;;;0;;Bom;Não existe;Perfeito estado;Seca;Perfeito estado;;;;2019
01/03/2019;00:51:00;SEM VÍTIMA;IPSEP;RUA PINTOR ANTONIO ALBUQUERQUE;SUBURBIO;ABALROAMENTO LONGITUDINAL;2;;;;;;;;0;;Bom;Não existe;Incompleta;Seca;Perfeito estado;Não existe;Outras;;2019
01/03/2019;03:57:00;SEM VÍTIMA;JORDÃO;AV MARIA IRENE;SUBURBIO;CHOQUE VEÍCULO PARADO;2;;;;;;;;0;;Bom;Não existe;Perfeito estado;Seca;Perfeito estado;;Outras;;2019
01/03/2019;07:27:00;SEM VÍTIMA;AREIAS;AV RECIFE;SUBURBIO;COLISÃO TRASEIRA;2;;;;;;;;0;;Bom;Sem defeito;Perfeito estado;Seca;Perfeito estado;Não existe;Não há placas;;2019
01/03/2019;07:56:00;SEM VÍTIMA;BONGI;AV MANOEL GONCALVES DA LUZ;SUBURBIO;CHOQUE VEÍCULO PARADO;1;;;;;1;;;0;;Bom;Sem defeito;Perfeito estado;Seca;Perfeito estado;Faixa de pedestre;;;2019
01/03/2019;08:04:00;SEM VÍTIMA;ESPINHEIRO;RUA MARQUES DO PARANA;;ABALROAMENTO LONGITUDINAL;2;;;;;;;;0;;Bom;Não existe;Não existente;Seca;Perfeito estado;Não existe;Não há placas;;2019
01/03/2019;08:36:00;SEM VÍTIMA;ARRUDA;EST VELHA DE AGUA FRIA;SUBURBIO;COLISÃO TRASEIRA;1;1;;;;;;;0;;Bom;Sem defeito;Perfeito estado;Seca;Perfeito estado;Agente;;;2019
01/03/2019;08:50:00;SEM VÍTIMA;CURADO;RUA DR GEORGE WILLIAM BUTLER;FAIXA DA DIREITA;COLISÃO;;;;;1;1;;;0;;;;;;;;;;2019
01/03/2019;09:41:00;SEM VÍTIMA;GRAÇAS;RUA MONSENHOR AMBROZINO LEITE;SUBURBIO;ABALROAMENTO LONGITUDINAL;2;;;;;;;;0;;Bom;Sem defeito;Perfeito estado;Seca;Perfeito estado;Faixa de pedestre;R-6a;;2019
01/03/2019;09:43:00;COM VÍTIMA;BOA VIAGEM;AV ENGENHEIRO DOMINGOS FERREIRA;SUBURBIO;COLISÃO TRASEIRA;1;1;;;;;;;1;;Bom;Sem defeito;Perfeito estado;Seca;Perfeito estado;Faixa de pedestre;R-19;60 km/h;2019
01/03/2019;09:51:00;SEM VÍTIMA;ARRUDA;RUA ZEFERINO AGRA;SUBURBIO;ABALROAMENTO TRANSVERSAL;;;;;;2;;;0;;Bom;Não existe;Perfeito estado;Seca;Perfeito estado;;Não há placas;;2019
01/03/2019;09:56:00;COM VÍTIMA;SÃO JOSÉ;RUA FLORIANO PEIXOTO;SUBURBIO;ATROPELAMENTO;;;;1;1;;;;1;;Nublado;Sem defeito;Perfeito estado;Seca;Perfeito estado;Não existe;R-4a;;2019
01/03/2019;10:23:00;SEM VÍTIMA;AFOGADOS;RUA NICOLAU PEREIRA;SUBURBIO;COLISÃO TRASEIRA;3;;;;;;;;0;;Bom;Não existe;Perfeito estado;Seca;Perfeito estado;Faixa de pedestre;Não há placas;;2019
01/03/2019;10:25:00;COM VÍTIMA;ESPINHEIRO;RUA CONS PORTELA;CIDADE;COLISÃO COM CICLISTA;1;;1;;;;;;1;;Bom;Não existe;Perfeito estado;Seca;Perfeito estado;Não existe;Outras;;2019
01/03/2019;10:52:00;COM VÍTIMA;MADALENA;AV CAXANGA;CIDADE;ATROPELAMENTO;;;;1;;;1;;1;;Bom;Sem defeito;Perfeito estado;Seca;Perfeito estado;Faixa de pedestre;Outras;;2019
01/03/2019;11:14:00;SEM VÍTIMA;VÁRZEA;AV AFONSO OLINDENSE;SUBURBIO;ABALROAMENTO LONGITUDINAL;2;;;;;;;;0;;Bom;Sem defeito;Perfeito estado;Seca;Perfeito estado;Faixa de retenção;R-6a;;2019
01/03/2019;11:34:00;SEM VÍTIMA;VÁRZEA;RUA EMILIANO BRAGA;CIDADE;ABALROAMENTO LONGITUDINAL;1;;;;;2;;;0;;Bom;Não existe;Perfeito estado;Seca;Perfeito estado;Não existe;Não há placas;;2019
01/03/2019;12:38:00;SEM VÍTIMA;ILHA DO RETIRO;EST DOS REMEDIOS;SUBURBIO;ABALROAMENTO TRANSVERSAL;2;;;;;;;;0;;Chuvoso;Não existe;;Molhada;Perfeito estado;;R-25b;50 km/h;2019
01/03/2019;12:52:00;SEM VÍTIMA;BOA VISTA;AV CONDE DA BOA VISTA;SUBURBIO;COLISÃO TRASEIRA;2;;;;;;;;0;;Chuvoso;Não existe;Perfeito estado;Molhada;Perfeito estado;Faixa de pedestre;;;2019
01/03/2019;13:03:00;SEM VÍTIMA;IMBIRIBEIRA;AV MARECHAL MASCARENHAS DE MORAES;SUBURBIO;COLISÃO TRASEIRA;1;1;;;;;;;0;;Bom;Não existe;Perfeito estado;Seca;Perfeito estado;Não existe;Não há placas;60 km/h;2019
01/03/2019;13:13:00;SEM VÍTIMA;SANTO AMARO;AV NORTE;CIDADE;ABALROAMENTO LONGITUDINAL;1;1;;;;;;;0;;Chuvoso;Sem defeito;Perfeito estado;Molhada;Perfeito estado;Faixa de pedestre;R-6a;40 km/h;2019
01/03/2019;13:27:00;SEM VÍTIMA;BOA VISTA;RUA GERVASIO PIRES;;COLISÃO;;2;;;;;;;0;;;;;;;;;;2019
01/03/2019;13:42:00;SEM VÍTIMA;AFOGADOS;EST DOS REMEDIOS;CIDADE;ABALROAMENTO TRANSVERSAL;1;;;;;;;;0;;Bom;Não existe;Perfeito estado;Seca;Perfeito estado;;Outras;;2019
01/03/2019;15:20:00;SEM VÍTIMA;CIDADE UNIVERSITÁRIA;AV PROFESSOR LUIZ FREIRE;SUBURBIO;ABALROAMENTO TRANSVERSAL;2;;;;;;;;0;;Bom;Não existe;Perfeito estado;Seca;Perfeito estado;Outros;Placas Pare;;2019
01/03/2019;15:34:00;SEM VÍTIMA;CIDADE UNIVERSITÁRIA;RUA MARECHAL MANOEL LUIS OSORIO;;ABALROAMENTO TRANSVERSAL;2;;;;;;;;0;;Bom;Não existe;Não existente;Seca;Perfeito estado;Não existe;Não há placas;;2019
01/03/2019;15:42:00;SEM VÍTIMA;VÁRZEA;RUA PROFESSOR CHAVES BATISTA;;COLISÃO;2;;;;;;;;0;;;;;;;;;;2019
01/03/2019;16:14:00;SEM VÍTIMA;BOA VISTA;AV CONDE DA BOA VISTA;SUBURBIO;ABALROAMENTO LONGITUDINAL;1;;;;1;;;;0;;Bom;Não existe;;Seca;Perfeito estado;Faixa de pedestre;Não há placas;40 km/h;2019
01/03/2019;16:26:00;SEM VÍTIMA;ALTO JOSÉ DO PINHO;RUA ACAIACA;SUBURBIO;CHOQUE VEÍCULO PARADO;1;;;;;;;;0;;Bom;Não existe;Não existente;Seca;Mal conservada;Não existe;Não há placas;;2019
01/03/2019;16:37:00;SEM VÍTIMA;AFOGADOS;EST DOS REMEDIOS;;COLISÃO;1;1;;;;;;;0;;;;;;;;;;2019
01/03/2019;17:00:00;COM VÍTIMA;CAJUEIRO;AV CIDADE DE MONTEIRO;AV. BEBERIBE;ABALROAMENTO TRANSVERSAL;1;1;;;;;;;1;;Bom;Não existe;Perfeito estado;Seca;Perfeito estado;Não existe;Outras;;2019
01/03/2019;17:07:00;SEM VÍTIMA;BOA VIAGEM;RUA BARAO DE SOUZA LEAO;;COLISÃO;2;;;;;;;;0;;;;;;;;;;2019
01/03/2019;17:20:00;SEM VÍTIMA;MADALENA;RUA BENFICA;CIDADE;ABALROAMENTO LONGITUDINAL;1;;;;1;;;;0;;Bom;Não existe;Perfeito estado;Seca;Perfeito estado;Não existe;R-6a;;2019
01/03/2019;17:23:00;SEM VÍTIMA;PARNAMIRIM;RUA PADRE ROMA;SUBURBIO;ABALROAMENTO LONGITUDINAL;2;;;;;;;;0;;Bom;Não existe;Perfeito estado;Seca;Perfeito estado;Não existe;R-6a;20 km/h;2019
01/03/2019;17:36:00;COM VÍTIMA;PAISSANDU;RUA PAISSANDU;SUBURBIO;ABALROAMENTO TRANSVERSAL;1;1;;;;;;;1;;Bom;Não existe;Perfeito estado;Seca;Perfeito estado;Outros;Outras;;2019
01/03/2019;17:49:00;SEM VÍTIMA;COELHOS;RUA DOS COELHOS;SUBURBIO;ABALROAMENTO LONGITUDINAL;2;;;;;;;;0;;Bom;Sem defeito;Perfeito estado;Seca;Perfeito estado;Faixa de pedestre;R-6a;30 km/h;2019
01/03/2019;18:21:00;SEM VÍTIMA;SANTO ANTÔNIO;RUA SIQUEIRA CAMPOS;;COLISÃO;1;1;;;;;;;0;;;;;;;;;;2019
01/03/2019;18:32:00;SEM VÍTIMA;BONGI;AV ENGENHEIRO ABDIAS DE CARVALHO;SUBURBIO;COLISÃO;2;;;;;;;;0;;;;;;;;;;2019
01/03/2019;19:00:00;SEM VÍTIMA;BONGI;AV CONSUL VILARES FRAGOSO;SUB/CID;ABALROAMENTO TRANSVERSAL;2;;;;;;;;0;;Bom;Não existe;Perfeito estado;Seca;Perfeito estado;Não existe;Placas Pare;;2019
01/03/2019;19:02:00;SEM VÍTIMA;ENCRUZILHADA;RUA FERNANDO CESAR;;COLISÃO;2;;;;;;;;0;;;;;;;;;;2019
01/03/2019;19:12:00;SEM VÍTIMA;IMBIRIBEIRA;AV MARECHAL MASCARENHAS DE MORAES;;COLISÃO;2;;;;;;;;0;;;;;;;;;;2019
01/03/2019;19:18:00;COM VÍTIMA;SAN MARTIN;AV ENGENHEIRO ABDIAS DE CARVALHO;;COLISÃO;1;1;;;;;;;1;;;;;;;;;;2019
01/03/2019;19:36:00;COM VÍTIMA;PORTO DA MADEIRA;AV BEBERIBE;;COLISÃO;1;1;;;;;;;1;;;;;;;;;;2019
01/03/2019;21:31:00;SEM VÍTIMA;DOIS IRMÃOS;EST DOS PINTOS;;COLISÃO;2;;;;;;;;0;;;;;;;;;;2019
01/03/2019;21:37:00;COM VÍTIMA;SANTO ANTÔNIO;AV DANTAS BARRETO;;COLISÃO;1;1;;;;;;;1;;;;;;;;;;2019
01/03/2019;21:42:00;SEM VÍTIMA;BOA VIAGEM;RUA JOSE DOMINGUES DA SILVA;;ABALROAMENTO TRANSVERSAL;2;;;;;;;;0;;Bom;Não existe;Perfeito estado;Seca;Perfeito estado;;Outras;;2019
01/03/2019;22:10:00;SEM VÍTIMA;JORDÃO;AV BEIRA RIO;CIDADE;CHOQUE VEÍCULO PARADO;2;;;;;;;;0;;Bom;Não existe;Perfeito estado;Seca;Perfeito estado;Não existe;Não há placas;;2019