data;hora;natureza_acidente;bairro;endereco;sentido_via;tipo;auto;moto;ciclista;pedestre;onibus;caminhao;viatura;outros;vitimas;vitimasfatais;tempo_clima;situacao_semaforo;sinalizacao;condicao_via;conservacao_via;ponto_controle;situacao_placa;velocidade_max_via;ano
01/03/2019;22:23:00;COM VÍTIMA;VÁRZEA;RUA ARAPONGAS;SUBURBIO;CHOQUE VEÍCULO PARADO;;;;;1;;;;1;;Bom;Não existe;Perfeito estado;Seca;Perfeito estado;Não existe;Não há placas;;2019
01/03/2019;22:59:00;SEM VÍTIMA;DERBY;RUA DR BANDEIRA FILHO;SUBURBIO;ABALROAMENTO LONGITUDINAL;1;;;;1;;;;0;;Bom;Sem defeito;Perfeito estado;Seca;Perfeito estado;Faixa de pedestre;Não há placas;;2019
02/03/2019;00:22:00;SEM VÍTIMA;IPSEP;AV RECIFE;SUBURBIO;ABALROAMENTO LONGITUDINAL;2;;;;;;;;0;;Chuvoso;Não existe;Perfeito estado;Molhada;Perfeito estado;Não existe;Outras;;2019
02/03/2019;02:04:00;SEM VÍTIMA;IMBIRIBEIRA;RUA JOSE DA SILVA LUCENA;;COLISÃO;1;1;;;;;;;0;;;;;;;;;;2019
02/03/2019;02:14:00;SEM VÍTIMA;MADALENA;AV JOSE GONCALVES DE MEDEIROS;CIDADE;ABALROAMENTO TRANSVERSAL;2;;;;;;;;0;;Chuvoso;;Perfeito estado;Molhada;Perfeito estado;Não existe;Não há placas;;2019
02/03/2019;06:17:00;SEM VÍTIMA;IPUTINGA;RUA MAURICIO DE NASSAU;CIDADE;ABALROAMENTO TRANSVERSAL;2;;;;;;;;0;;Bom;Não existe;Perfeito estado;Seca;Perfeito estado;Não existe;R-6a;;2019
02/03/2019;06:32:00;SEM VÍTIMA;BAIRRO DO RECIFE;AV MARTINS DE BARROS;SUBURBIO;ABALROAMENTO LONGITUDINAL;1;;;;1;;;;0;;Chuvoso;Sem defeito;Perfeito estado;Molhada;Perfeito estado;Agente;Não há placas;30 km/h;2019
02/03/2019;08:20:00;SEM VÍTIMA;CASA AMARELA;AV NORTE;CIDADE;ABALROAMENTO LONGITUDINAL;1;;;;1;;;;0;;Bom;Sem defeito;Perfeito estado;Seca;Perfeito estado;;Não há placas;;2019
02/03/2019;09:09:00;SEM VÍTIMA;ILHA JOANA BEZERRA;RUA DOM PAULO II;SUBURBIO;ABALROAMENTO LONGITUDINAL;2;;;;;;;;0;;Bom;Não existe;Perfeito estado;Seca;Perfeito estado;Agente;Não há placas;;2019
02/03/2019;09:44:00;APOIO;ILHA DO LEITE;VIADUTO CAPITAO TEMUDO;BOA VIAGEM;COLISÃO;2;;;;;;;;0;;;;;;;;;;2019
08/03/2019;05:59:00;SEM VÍTIMA;AFLITOS;AV CONS ROSA E SILVA;SUBURBIO;ABALROAMENTO LONGITUDINAL;1;1;;;;;;;0;;Bom;Não existe;Perfeito estado;Seca;Perfeito estado;Não existe;Outras;;2019
02/03/2019;11:29:00;SEM VÍTIMA;ESPINHEIRO;RUA DO ESPINHEIRO;;COLISÃO;2;;;;;;;;0;;;;;;;;;;2019
02/03/2019;11:33:00;SEM VÍTIMA;VÁRZEA;AV AFONSO OLINDENSE;SUBURBIO;ABALROAMENTO LONGITUDINAL;2;;;;;;;;0;;Bom;Não existe;Não existente;Seca;Perfeito estado;Não existe;Outras;;2019
02/03/2019;12:17:00;SEM VÍTIMA;SANTO AMARO;AV CRUZ CABUGA;CIDADE;COLISÃO TRASEIRA;2;;;;;;;;0;;Bom;Não existe;Incompleta;Seca;Mal conservada;Não existe;R-6a;;2019
02/03/2019;14:33:00;SEM VÍTIMA;BAIRRO DO RECIFE;C SANTA RITA;CIDADE;COLISÃO TRASEIRA;0;;;;;;;;0;;Bom;Sem defeito;Perfeito estado;Seca;Perfeito estado;Faixa de retenção;;;2019
02/03/2019;14:39:00;SEM VÍTIMA;BOA VIAGEM;AV FERNANDO SIMOES BARBOSA;;ABALROAMENTO LONGITUDINAL;2;;;;;;;;0;;Bom;Sem defeito;Perfeito estado;Seca;Perfeito estado;Faixa de pedestre;R-6a;;2019
02/03/2019;15:40:00;SEM VÍTIMA;JOANA BEZERRA;RUA JOAO PAULO II;;COLISÃO TRASEIRA;2;;;;;;;;0;;Bom;Não existe;Perfeito estado;Seca;Perfeito estado;Não existe;Não há placas;;2019
02/03/2019;16:07:00;SEM VÍTIMA;JOANA BEZERRA;VIADUTO CAPITAO TEMUDO;;COLISÃO TRASEIRA;1;;;;;1;;;0;;Bom;Não existe;Perfeito estado;Seca;Perfeito estado;;R-19;40 km/h;2019
02/03/2019;16:31:00;COM VÍTIMA;ENCRUZILHADA;AV NORTE;SUBURBIO;ABALROAMENTO TRANSVERSAL;1;1;;;;;;;1;;Bom;Sem defeito;Perfeito estado;Seca;Perfeito estado;Faixa de pedestre;Outras;;2019
02/03/2019;16:38:00;SEM VÍTIMA;AFOGADOS;RUA QUITERIO INACIO DE MELLO;;COLISÃO;2;;;;;;;;0;;;;;;;;;;2019
02/03/2019;17:03:00;SEM VÍTIMA;BOA VIAGEM;RUA FRANCISCO CORREIA DE MORAES;;COLISÃO;1;1;;;;;;;0;;;;;;;;;;2019
02/03/2019;17:23:00;COM VÍTIMA;SANTO AMARO;AV MARIO MELO;SUBURBIO;ATROPELAMENTO;;;;1;1;;;;1;;Bom;Não existe;;;;Não existe;Não há placas;;2019
02/03/2019;17:49:00;COM VÍTIMA;BOA VISTA;AV CONDE DA BOA VISTA;CIDADE;ATROPELAMENTO;;;;1;1;;;;1;;Bom;Sem defeito;Incompleta;Seca;Perfeito estado;Agente;R-6c;60 km/h;2019
02/03/2019;18:38:00;SEM VÍTIMA;CASA FORTE;AV DEZESSETE DE AGOSTO;SUBURBIO;CHOQUE OBJETO FIXO;1;;;;;;1;;0;;Bom;Não existe;;Seca;Perfeito estado;Não existe;;60 km/h;2019
02/03/2019;18:42:00;SEM VÍTIMA;ESTÂNCIA;AV DR JOSE RUFINO;SUBURBIO;COLISÃO TRASEIRA;1;;;;1;;;;0;;Bom;;Perfeito estado;Seca;Perfeito estado;;R-6a;60 km/h;2019
02/03/2019;19:26:00;COM VÍTIMA;CAMPO GRANDE;AV PROFESSOR JOSE DOS ANJOS;SUBURBIO;ABALROAMENTO LONGITUDINAL;;1;;;;;1;;1;;Bom;Não existe;Não existente;Seca;Perfeito estado;;Não há placas;40 km/h;2019
02/03/2019;19:53:00;COM VÍTIMA;IPUTINGA;RUA ENGENHEIRO MOACYR PARAHYBA;SUBURBIO;COLISÃO FRONTAL;2;;;;;;;;1;;Bom;Não existe;Incompleta;Seca;Mal iluminada;Não existe;Não há placas;;2019
02/03/2019;21:18:00;SEM VÍTIMA;ALTO SANTA TERESINHA;RUA TAMBOARA;CIDADE;CHOQUE VEÍCULO PARADO;1;;;;;;;;0;;Bom;;;Seca;Perfeito estado;;;;2019
03/03/2019;;SEM VÍTIMA;BAIRRO DO RECIFE;TRV TIRADENTES;;COLISÃO;2;;;;;;;;0;;;;;;;;;;2019
03/03/2019;06:52:00;SEM VÍTIMA;IPSEP;RUA DR GONZAGA MARANHAO;SUBURBIO;ABALROAMENTO TRANSVERSAL;1;;;;1;;;;0;;Chuvoso;Não existe;Perfeito estado;Seca;Perfeito estado;Não existe;Não há placas;;2019
03/03/2019;08:15:00;SEM VÍTIMA;BAIRRO DO RECIFE;CAIS DO APOLO;;ABALROAMENTO LONGITUDINAL;2;;;;;;;;0;;Chuvoso;Sem defeito;Perfeito estado;Seca;Perfeito estado;Faixa de pedestre;R-6a;;2019
03/03/2019;13:22:00;SEM VÍTIMA;AFOGADOS;RUA MOTOCOLOMBO;SUBURBIO;COLISÃO TRASEIRA;1;;;;1;;;;0;;Chuvoso;Não existe;Perfeito estado;Molhada;Perfeito estado;Outros;R-6a;;2019
03/03/2019;13:37:00;SEM VÍTIMA;PINA;AV HERCULANO BANDEIRA;SUBURBIO;ABALROAMENTO TRANSVERSAL;2;;;;;;;;0;;Chuvoso;Com defeito;Perfeito estado;Molhada;Perfeito estado;Faixa de pedestre;R-4a;;2019
03/03/2019;13:57:00;SEM VÍTIMA;GUABIRABA;AV VEREADOR OTACILIO AZEVEDO;;COLISÃO;2;;;;;;;;0;;;;;;;;;;2019
03/03/2019;14:30:00;SEM VÍTIMA;CAMPO GRANDE;RUA PRUDENTE DE MORAES;SUBURBIO;ABALROAMENTO TRANSVERSAL;2;;;;;;;;0;;Chuvoso;Não existe;Perfeito estado;Molhada;Perfeito estado;Faixa de retenção;Placas Pare;;2019
03/03/2019;16:58:00;SEM VÍTIMA;BOA VIAGEM;RUA PROFESSOR AUGUSTO LINS E SILVA;;ABALROAMENTO LONGITUDINAL;2;;;;;;;;0;;Bom;Não existe;Perfeito estado;Seca;Perfeito estado;Não existe;Não há placas;;2019
03/03/2019;17:58:00;SEM VÍTIMA;GRAÇAS;RUA AMELIA;CIDADE;COLISÃO TRASEIRA;3;;;;;;;;0;;Bom;Sem defeito;Perfeito estado;Seca;Perfeito estado;;;;2019
03/03/2019;18:20:00;COM VÍTIMA;IMBIRIBEIRA;AV MARECHAL MASCARENHAS DE MORAES;;ATROPELAMENTO;;;;1;1;;;;1;;;;;;;;;;2019
03/03/2019;18:40:00;SEM VÍTIMA;GRAÇAS;RUA AMELIA;;ENGAVETAMENTO;3;;;;;;;;0;;;;;;;;;;2019
03/03/2019;19:26:00;COM VÍTIMA;CAMPO GRANDE;RUA ODORICO MENDES;CIDADE;ATROPELAMENTO;1;;;1;;;;;1;;Bom;Não existe;Perfeito estado;Seca;Perfeito estado;Não existe;Não há placas;;2019
03/03/2019;19:43:00;SEM VÍTIMA;CASA AMARELA;EST DO ARRAIAL;SUBURBIO;ABALROAMENTO LONGITUDINAL;1;;;;1;;;;0;;Bom;Sem defeito;Perfeito estado;Seca;Perfeito estado;Faixa de pedestre;;40 km/h;2019
03/03/2019;21:33:00;COM VÍTIMA;CASA FORTE;EST DO ENCANAMENTO;CIDADE;ABALROAMENTO TRANSVERSAL;1;1;;;;;;;1;;Bom;Não existe;Perfeito estado;Seca;Perfeito estado;Não existe;Placas Pare;;2019
03/03/2019;22:41:00;SEM VÍTIMA;IMBIRIBEIRA;AV MARECHAL MASCARENHAS DE MORAES;SUBURBIO;CHOQUE VEÍCULO PARADO;2;;;;;;;;0;;Chuvoso;Sem defeito;Perfeito estado;Molhada;Perfeito estado;Faixa de pedestre;Outras;;2019
04/03/2019;02:01:00;SEM VÍTIMA;SANTO AMARO;RUA PALMARES;SUBURBIO;COLISÃO TRASEIRA;2;;;;;;;;0;;Chuvoso;Sem defeito;Perfeito estado;Molhada;Perfeito estado;Não existe;Não há placas;;2019
04/03/2019;09:49:00;SEM VÍTIMA;ESPINHEIRO;RUA CONS PORTELA;SUBURBIO;ABALROAMENTO TRANSVERSAL;;2;;;;;;;0;;Bom;Sem defeito;Perfeito estado;Seca;Perfeito estado;Faixa de pedestre;;;2019
04/03/2019;10:11:00;COM VÍTIMA;BOA VIAGEM;AV DES JOSE NEVES;CIDADE;ABALROAMENTO LONGITUDINAL;1;1;;;;;;;2;;Chuvoso;Sem defeito;Perfeito estado;Molhada;Perfeito estado;Faixa de pedestre;Outras;;2019
04/03/2019;12:10:00;COM VÍTIMA;BOA VIAGEM;AV BOA VIAGEM;;COLISÃO;1;1;;;;;;;1;;;;;;;;;;2019
04/03/2019;12:56:00;SEM VÍTIMA;ESPINHEIRO;AV GOVERNADOR AGAMENON MAGALHAES;;ABALROAMENTO TRANSVERSAL;1;1;;;;;;;0;;Chuvoso;Sem defeito;Perfeito estado;Seca;Perfeito estado;Faixa de pedestre;Não há placas;;2019
04/03/2019;14:33:00;COM VÍTIMA;SANTO AMARO;RUA JOAO LIRA;SUBURBIO;COLISÃO COM CICLISTA;1;;1;;;;;;1;;Chuvoso;Sem defeito;Perfeito estado;Molhada;Perfeito estado;Faixa de pedestre;Outras;;2019
04/03/2019;15:07:00;COM VÍTIMA;SANTO AMARO;AV CRUZ CABUGA;CIDADE;ABALROAMENTO TRANSVERSAL;1;1;;;;;;;2;;Chuvoso;Não existe;Perfeito estado;Molhada;Perfeito estado;Não existe;R-25b;;2019
04/03/2019;16:27:00;SEM VÍTIMA;BOA VIAGEM;RUA CORONEL BENEDITO CHAVES;;COLISÃO;2;;;;;;;;0;;;;;;;;;;2019
04/03/2019;18:20:00;COM VÍTIMA;CAMPO GRANDE;RUA ODORICO MENDES;CIDADE;ABALROAMENTO LONGITUDINAL;1;1;;;;;;;2;;Bom;Não existe;Perfeito estado;Seca;Mal iluminada;Faixa de retenção;Outras;;2019
04/03/2019;20:22:00;COM VÍTIMA;IPSEP;RUA ADOLFO FARO;SUBURBIO;ABALROAMENTO TRANSVERSAL;1;1;;;;;;;1;;Bom;Não existe;Não existente;Seca;Perfeito estado;Não existe;Não há placas;30 km/h;2019
04/03/2019;21:05:00;SEM VÍTIMA;TAMARINEIRA;RUA CONEGO BARATA;;COLISÃO;2;;;;;;;;0;;;;;;;;;;2019
05/03/2019;08:57:00;SEM VÍTIMA;CASA AMARELA;EST DO ARRAIAL;SUBURBIO;COLISÃO TRASEIRA;2;;;;;;;;0;;Bom;Sem defeito;Perfeito estado;Seca;Perfeito estado;Faixa de pedestre;R-6a;40 km/h;2019
05/03/2019;10:13:00;SEM VÍTIMA;PARNAMIRIM;RUA DES GOIS CAVALCANTE;SUBURBIO;COLISÃO TRASEIRA;2;;;;;;;;0;;Bom;Sem defeito;Perfeito estado;Seca;Perfeito estado;Faixa de pedestre;Outras;;2019
05/03/2019;11:06:00;SEM VÍTIMA;BOA VIAGEM;RUA DOS NAVEGANTES;;COLISÃO;1;;;;;1;;;0;;;;;;;;;;2019
05/03/2019;13:50:00;SEM VÍTIMA;BOA VIAGEM;AV BOA VIAGEM;CIDADE;ABALROAMENTO LONGITUDINAL;2;;;;;;;;0;;Bom;Sem defeito;Perfeito estado;Seca;Perfeito estado;Faixa de pedestre;Outras;;2019
05/03/2019;14:08:00;SEM VÍTIMA;BOA VIAGEM;RUA VISCONDE DE JEQUITINHONHA;CIDADE;ABALROAMENTO LONGITUDINAL;2;;;;;;;;0;;Bom;Sem defeito;Perfeito estado;Seca;Perfeito estado;Faixa de pedestre;Placas Pare;;2019
05/03/2019;14:50:00;COM VÍTIMA;VÁRZEA;AV AFONSO OLINDENSE;SUBURBIO;ABALROAMENTO LONGITUDINAL;2;1;;;;;;;1;;Bom;Sem defeito;Perfeito estado;Seca;Perfeito estado;Faixa de pedestre;R-6a;;2019
05/03/2019;16:03:00;SEM VÍTIMA;BOA VIAGEM;RUA PROFESSOR JOSE BRANDAO;SUBURBIO;ABALROAMENTO TRANSVERSAL;3;;;;;;;;0;;Bom;Não existe;Perfeito estado;Seca;Perfeito estado;Outros;Placas Pare;;2019
05/03/2019;16:31:00;COM VÍTIMA;FUNDÃO;AV BEBERIBE;;COLISÃO;1;1;;;;;;;1;;;;;;;;;;2019
05/03/2019;19:30:00;SEM VÍTIMA;IBURA;RUA RIACHO DE SANTANA;SUBURBIO;CHOQUE VEÍCULO PARADO;2;;;;;;;;0;;Bom;Não existe;Não existente;Seca;Perfeito estado;Não existe;Não há placas;;2019
05/03/2019;19:51:00;SEM VÍTIMA;BOA VISTA;RUA DA SANTA CRUZ;SUBURBIO;ABALROAMENTO LONGITUDINAL;2;;;;;;;;0;;Bom;Não existe;Perfeito estado;Seca;Perfeito estado;Não existe;Outras;;2019
05/03/2019;19:56:00;COM VÍTIMA;ESPINHEIRO;RUA QUARENTA E OITO;CIDADE;ABALROAMENTO LONGITUDINAL;2;1;;;;;;;1;;Bom;Sem defeito;Perfeito estado;Seca;Perfeito estado;Faixa de pedestre;R-6a;;2019
05/03/2019;20:55:00;SEM VÍTIMA;SANTO AMARO;AV GOVERNADOR AGAMENON MAGALHAES;;COLISÃO;;;;;;;;;0;;;;;;;;;;2019
05/03/2019;22:03:00;SEM VÍTIMA;BOA VISTA;RUA BARAO DE SAO BORJA;SUBURBIO;ABALROAMENTO TRANSVERSAL;2;;;;;;;;0;;Bom;Não existe;Perfeito estado;Seca;Perfeito estado;;Outras;;2019
05/03/2019;22:56:00;SEM VÍTIMA;ARRUDA;AV PROFESSOR JOSE DOS ANJOS;SUBURBIO;ABALROAMENTO TRANSVERSAL;2;;;;;;;;0;;Bom;;Perfeito estado;Seca;Perfeito estado;Faixa de pedestre;;;2019
07/03/2019;13:44:00;SEM VÍTIMA;;AV MARTINS DE BARROS;SUBURBIO;ABALROAMENTO LONGITUDINAL;1;;;;1;;;;0;;Bom;Não existe;Incompleta;Seca;Mal conservada;Não existe;Outras;;2019
06/03/2019;02:05:00;SEM VÍTIMA;BOA VIAGEM;AV ENGENHEIRO DOMINGOS FERREIRA;SUBURBIO;ABALROAMENTO TRANSVERSAL;1;1;;;;;;;0;;Bom;Sem defeito;Perfeito estado;Seca;Perfeito estado;Outros;Outras;;2019
06/03/2019;03:01:00;COM VÍTIMA;COHAB;AV RIO SAO FRANCISCO;SUBURBIO;ABALROAMENTO TRANSVERSAL;1;1;;;;;;;2;;Bom;Não existe;Perfeito estado;Seca;Perfeito estado;;;;2019
06/03/2019;06:38:00;SEM VÍTIMA;CASA AMARELA;AV NORTE;SUBURBIO;COLISÃO;3;;;;;;;;0;;;;;;;;;;2019
06/03/2019;06:52:00;SEM VÍTIMA;IMBIRIBEIRA;AV MARECHAL MASCARENHAS DE MORAES;AFOGADOS;COLISÃO;1;;;;1;;;;0;;;;;;;;;;2019
06/03/2019;07:05:00;COM VÍTIMA;PRADO;AV ENGENHEIRO ABDIAS DE CARVALHO;CIDADE;ABALROAMENTO TRANSVERSAL;1;1;;;;;;;2;;Bom;Sem defeito;Perfeito estado;Seca;Perfeito estado;Faixa de pedestre;Outras;;2019
06/03/2019;07:57:00;SEM VÍTIMA;SANTO ANTÔNIO;PRC DA REPUBLICA;;COLISÃO FRONTAL;;1;;;1;;;;0;;Bom;Não existe;Perfeito estado;Seca;Perfeito estado;Não existe;Outras;40 km/h;2019
06/03/2019;09:44:00;SEM VÍTIMA;AFOGADOS;RUA DR ADELINO;SUBURBIO;ABALROAMENTO LONGITUDINAL;1;;;;;1;;;0;;Bom;Sem defeito;Perfeito estado;Seca;Perfeito estado;Faixa de pedestre;Outras;;2019
06/03/2019;09:46:00;SEM VÍTIMA;DOIS UNIDOS;RUA EXP TEODORO SATIVA;;COLISÃO TRASEIRA;3;;;;;;;;0;;Bom;Não existe;Incompleta;Seca;Perfeito estado;Não existe;Não há placas;;2019
06/03/2019;10:45:00;SEM VÍTIMA;CASA AMARELA;RUA DR ENEAS DE LUCENA;CIDADE;ABALROAMENTO LONGITUDINAL;1;;;;;1;;;0;;Bom;Não existe;Perfeito estado;Seca;Perfeito estado;Não existe;R-6a;;2019
06/03/2019;11:42:00;SEM VÍTIMA;TAMARINEIRA;RUA JUNDIA;SUBURBIO;ABALROAMENTO TRANSVERSAL;2;;;;;;;;0;;Bom;Não existe;Perfeito estado;Seca;Perfeito estado;Não existe;R-6a;;2019
06/03/2019;15:25:00;SEM VÍTIMA;PINA;RUA MANOEL DE BRITO;;COLISÃO;3;;;;;;;;0;;;;;;;;;;2019
06/03/2019;16:01:00;COM VÍTIMA;CORDEIRO;AV CAXANGA;CIDADE;ABALROAMENTO LONGITUDINAL;1;1;;;;;;;1;;Bom;Sem defeito;Perfeito estado;Seca;Perfeito estado;Não existe;Outras;;2019
06/03/2019;16:03:00;SEM VÍTIMA;BOA VIAGEM;RUA VISCONDE DE JEQUITINHONHA;SUBURBIO;COLISÃO TRASEIRA;3;;;;;;;;0;;Bom;Sem defeito;Perfeito estado;Seca;Perfeito estado;Não existe;Não há placas;;2019
06/03/2019;16:48:00;SEM VÍTIMA;BOA VIAGEM;AV CONSELHEIRO AGUIAR;CIDADE;COLISÃO TRASEIRA;3;;;;;;;;0;;Bom;Sem defeito;Perfeito estado;Seca;Perfeito estado;Faixa de pedestre;R-6a;;2019
06/03/2019;17:14:00;SEM VÍTIMA;IMBIRIBEIRA;AV MARECHAL MASCARENHAS DE MORAES;SUBURBIO;ABALROAMENTO LONGITUDINAL;1;;;;1;;;;0;;Bom;Não existe;Perfeito estado;Seca;Perfeito estado;Não existe;R-6a;60 km/h;2019
06/03/2019;17:23:00;SEM VÍTIMA;TAMARINEIRA;AV NORTE;;COLISÃO TRASEIRA;1;;;;1;;;;0;;Bom;Sem defeito;Perfeito estado;Seca;Perfeito estado;Faixa de pedestre;Outras;;2019
06/03/2019;17:25:00;SEM VÍTIMA;CORDEIRO;RUA N S DA SAUDE;SUBURBIO;ABALROAMENTO TRANSVERSAL;2;;;;;;;;0;;Bom;Com defeito;Perfeito estado;Seca;Perfeito estado;Faixa de pedestre;Outras;;2019
06/03/2019;18:27:00;SEM VÍTIMA;TAMARINEIRA;RUA CONEGO BARATA;SUBURBIO;COLISÃO TRASEIRA;3;;;;;;;;0;;Bom;Não existe;Perfeito estado;Seca;Perfeito estado;Não existe;R-6a;;2019
06/03/2019;20:10:00;SEM VÍTIMA;TORRÕES;RUA WASHINGTON DUARTE ESPINDOLA;SUBURBIO;CHOQUE VEÍCULO PARADO;2;;;;;;;;0;;Bom;Não existe;Não existente;Seca;Mal iluminada;;Não há placas;30 km/h;2019
07/03/2019;06:32:00;SEM VÍTIMA;TORRE;RUA JOSE BONIFACIO;CIDADE;ABALROAMENTO TRANSVERSAL;2;;;;;;;;0;;Bom;Sem defeito;Perfeito estado;Seca;Perfeito estado;Faixa de retenção;R-6a;50 km/h;2019
07/03/2019;07:50:00;SEM VÍTIMA;PORTO DA MADEIRA;AV BEBERIBE;CIDADE;ABALROAMENTO LONGITUDINAL;1;1;;;;;;;0;;Bom;Não existe;Não existente;Seca;Perfeito estado;Não existe;Não há placas;;2019
07/03/2019;07:53:00;SEM VÍTIMA;ARRUDA;AV PROFESSOR JOSE DOS ANJOS;CIDADE;COLISÃO TRASEIRA;2;;;;;;;;0;;Bom;Não existe;Perfeito estado;Seca;Perfeito estado;;Não há placas;;2019
07/03/2019;07:58:00;SEM VÍTIMA;ILHA DO LEITE;RUA FRANCISCO ALVES;CIDADE;COLISÃO;2;;;;;;;;0;;;;;;;;;;2019
07/03/2019;08:20:00;SEM VÍTIMA;SANTO AMARO;AV ENGENHEIRO AGAMENON DE MAGALHAES MELO;CIDADE;ABALROAMENTO LONGITUDINAL;1;;;;1;;;;0;;Bom;Não existe;Perfeito estado;Seca;Perfeito estado;Não existe;Não há placas;60 km/h;2019
07/03/2019;08:30:00;;SANTO ANTÔNIO;CAIS DO APOLO;SUBURBIO;ABALROAMENTO LONGITUDINAL;1;;;;;1;;;;;Bom;Não existe;Perfeito estado;Seca;Perfeito estado;Não existe;Não há placas;;2019
07/03/2019;08:50:00;SEM VÍTIMA;DOIS UNIDOS;RUA PEREIRA BARRETO;CIDADE;ABALROAMENTO LONGITUDINAL;1;1;;;1;;;;0;;Bom;Não existe;Perfeito estado;Seca;Perfeito estado;Não existe;Não há placas;;2019
07/03/2019;08:57:00;SEM VÍTIMA;ESPINHEIRO;AV CONS ROSA E SILVA;SUBURBIO;ABALROAMENTO LONGITUDINAL;2;;;;;;;;0;;Bom;Não existe;Perfeito estado;Seca;Perfeito estado;Não existe;Outras;;2019
07/03/2019;08:58:00;SEM VÍTIMA;IPSEP;RUA DR GONZAGA MARANHAO;SUBURBIO;ABALROAMENTO TRANSVERSAL;2;;;;;;;;0;;Bom;Não existe;Perfeito estado;Seca;Perfeito estado;Faixa de pedestre;Placas Pare;;2019
07/03/2019;09:07:00;COM VÍTIMA;COELHOS;RUA DR JOSE MARIANO;CIDADE;ABALROAMENTO LONGITUDINAL;1;1;;;;;;;2;;Bom;Não existe;Incompleta;Seca;Mal conservada;Não existe;Não há placas;;2019
07/03/2019;09:49:00;SEM VÍTIMA;BOA VIAGEM;RUA COSMORAMA;CIDADE;COLISÃO TRASEIRA;2;;;;;;;;0;;Bom;Não existe;Perfeito estado;Seca;Perfeito estado;Outros;R-6a;;2019
07/03/2019;10:10:00;SEM VÍTIMA;BONGI;AV ENGENHEIRO ABDIAS DE CARVALHO;SUBURBIO;ABALROAMENTO LONGITUDINAL;1;;;;;;1;;0;;Bom;Sem defeito;Perfeito estado;Seca;Perfeito estado;Não existe;Não há placas;60 km/h;2019
07/03/2019;11:00:00;SEM VÍTIMA;BOA VIAGEM;AV CONSELHEIRO AGUIAR;CIDADE;ABALROAMENTO LONGITUDINAL;2;;;;;;;;0;;Bom;Não existe;Perfeito estado;Seca;Perfeito estado;Não existe;R-6a;60 km/h;2019
07/03/2019;12:29:00;SEM VÍTIMA;BOA VISTA;AV GOVERNADOR AGAMENON MAGALHAES;;COLISÃO TRASEIRA;2;;;;;;;;0;;Bom;Sem defeito;Perfeito estado;Seca;Perfeito estado;Faixa de pedestre;R-6a;;2019
07/03/2019;12:29:00;SEM VÍTIMA;BOA VISTA;RUA PRINCESA IZABEL;CIDADE;COLISÃO TRASEIRA;2;;;;;;;;0;;Bom;Sem defeito;Perfeito estado;Seca;Perfeito estado;Faixa de pedestre;Não há placas;40 km/h;2019
07/03/2019;12:52:00;SEM VÍTIMA;BAIRRO DO RECIFE;RUA MARIZ E BARROS;SUBURBIO;ABALROAMENTO LONGITUDINAL;2;;;;;;;;0;;Bom;Não existe;;;;;;;2019
07/03/2019;12:55:00;SEM VÍTIMA;PARNAMIRIM;AV PARNAMIRIM;CIDADE;ABALROAMENTO LONGITUDINAL;1;1;;;;;;;0;;Bom;Sem defeito;Perfeito estado;Seca;Perfeito estado;Agente;R-6a;;2019
07/03/2019;13:25:00;SEM VÍTIMA;BOA VIAGEM;AV ENGENHEIRO DOMINGOS FERREIRA;CIDADE;ABALROAMENTO LONGITUDINAL;1;1;;;;;;;0;;Bom;Sem defeito;Perfeito estado;Seca;Perfeito estado;;;;2019
07/03/2019;13:50:00;SEM VÍTIMA;VÁRZEA;RUA MENDES MARTINS;CIDADE;COLISÃO;1;1;;;;;;;0;;;;;;;;;;2019
07/03/2019;14:11:00;SEM VÍTIMA;BOA VIAGEM;AV ENGENHEIRO DOMINGOS FERREIRA;SUBURBIO;ABALROAMENTO LONGITUDINAL;2;;;;;;;;0;;Bom;Não existe;Perfeito estado;Seca;Perfeito estado;Não existe;R-6a;;2019
07/03/2019;14:44:00;SEM VÍTIMA;BOA VISTA;RUA PRINCESA IZABEL;SUBURBIO;COLISÃO TRASEIRA;2;;;;;;;;0;;Bom;Não existe;Perfeito estado;Seca;Perfeito estado;Não existe;Não há placas;40 km/h;2019
07/03/2019;15:01:00;SEM VÍTIMA;TAMARINEIRA;AV NORTE;CIDADE;ABALROAMENTO LONGITUDINAL;2;;;;;;;;0;;Bom;Sem defeito;Perfeito estado;Seca;Perfeito estado;Faixa de pedestre;R-6a;60 km/h;2019
07/03/2019;15:02:00;SEM VÍTIMA;SANTO AMARO;AV NORTE;;CHOQUE;;;;;;;;;0;;;;;;;;;;2019
07/03/2019;15:43:00;SEM VÍTIMA;MADALENA;RUA BENFICA;CIDADE;ABALROAMENTO LONGITUDINAL;1;;;;1;;;;0;;Bom;Sem defeito;Perfeito estado;Seca;Perfeito estado;Faixa de pedestre;Outras;;2019
07/03/2019;16:37:00;SEM VÍTIMA;SANTO AMARO;AV GOVERNADOR AGAMENON MAGALHAES;SUBURBIO;ABALROAMENTO LONGITUDINAL;2;;;;;;;;0;;Bom;Não existe;Perfeito estado;Seca;Perfeito estado;Não existe;Não há placas;60 km/h;2019
07/03/2019;17:05:00;SEM VÍTIMA;CORDEIRO;EST DO FORTE DO ARRAIAL N. DO B. JESUS;;COLISÃO TRASEIRA;2;1;;;;;;;0;;Bom;Sem defeito;Perfeito estado;Seca;Perfeito estado;Faixa de pedestre;Outras;;2019