data;hora;natureza_acidente;bairro;endereco;sentido_via;tipo;auto;moto;ciclista;pedestre;onibus;caminhao;viatura;outros;vitimas;vitimasfatais;tempo_clima;situacao_semaforo;sinalizacao;condicao_via;conservacao_via;ponto_controle;situacao_placa;velocidade_max_via;ano
07/03/2019;17:11:00;SEM VÍTIMA;VÁRZEA;RUA GASTAO VIDIGAL;;ABALROAMENTO LONGITUDINAL;1;;;;;1;;;0;;Bom;Sem defeito;Perfeito estado;Seca;Perfeito estado;Faixa de pedestre;Não há placas;;2019
07/03/2019;17:34:00;SEM VÍTIMA;PINA;AV ANTONIO DE GOES;;COLISÃO;1;;;;;1;;;0;;;;;;;;;;2019
07/03/2019;17:41:00;SEM VÍTIMA;CABANGA;AV SUL;CIDADE;COLISÃO TRASEIRA;2;;;;;;;;0;;Bom;Não existe;Perfeito estado;Seca;Perfeito estado;;;60 km/h;2019
07/03/2019;17:43:00;SEM VÍTIMA;BOA VIAGEM;RUA DHALIA;CIDADE;ABALROAMENTO TRANSVERSAL;2;;;;;;;;0;;Bom;Não existe;Perfeito estado;Seca;Perfeito estado;Não existe;Não há placas;40 km/h;2019
07/03/2019;18:04:00;SEM VÍTIMA;SANCHO;RUA APRIGIO GUIMARAES;;COLISÃO;1;1;;;;;;;0;;;;;;;;;;2019
07/03/2019;18:14:00;SEM VÍTIMA;BARRO;AV DR JOSE RUFINO;;COLISÃO;1;;;;1;;;;0;;;;;;;;;;2019
07/03/2019;18:43:00;SEM VÍTIMA;BOA VIAGEM;AV DOM JOAO VI;;COLISÃO TRASEIRA;2;;;;;;;;0;;Bom;Não existe;Perfeito estado;Seca;Perfeito estado;Não existe;Não há placas;;2019
07/03/2019;19:15:00;SEM VÍTIMA;SANTO AMARO;AV GOVERNADOR AGAMENON MAGALHAES;;CHOQUE VEÍCULO PARADO;;;;;1;1;;;0;;Bom;;Perfeito estado;Seca;Perfeito estado;;;;2019
07/03/2019;19:21:00;SEM VÍTIMA;MADALENA;EST DOS REMEDIOS;CIDADE;ABALROAMENTO TRANSVERSAL;2;;;;;;;;0;;Bom;Sem defeito;Perfeito estado;Seca;Perfeito estado;;Outras;;2019
07/03/2019;20:03:00;SEM VÍTIMA;ARRUDA;AV BEBERIBE;;ABALROAMENTO LONGITUDINAL;1;;;;1;;;;0;;Bom;Sem defeito;Perfeito estado;Seca;Perfeito estado;Faixa de pedestre;Não há placas;;2019
07/03/2019;20:30:00;SEM VÍTIMA;MADALENA;RUA ALIADOS;;CHOQUE VEÍCULO PARADO;2;;;;;;;;0;;Bom;Não existe;Perfeito estado;Seca;Perfeito estado;;;;2019
07/03/2019;20:22:00;COM VÍTIMA;IMBIRIBEIRA;AV MARECHAL MASCARENHAS DE MORAES;SUBURBIO;COLISÃO;1;1;;1;;;;;1;;;;;;;;;;2019
07/03/2019;23:22:00;COM VÍTIMA;TORRE;RUA JOSE BONIFACIO;TORRE;COLISÃO COM CICLISTA;1;;1;;;;;;1;;Bom;Não existe;Perfeito estado;Seca;Perfeito estado;Não existe;Outras;;2019
07/03/2019;23:29:00;SEM VÍTIMA;BOA VIAGEM;AV ENGENHEIRO DOMINGOS FERREIRA;SUBURBIO;ABALROAMENTO TRANSVERSAL;1;;;;1;;;;0;;Bom;Sem defeito;Perfeito estado;Seca;Perfeito estado;Faixa de pedestre;Outras;50 km/h;2019
08/03/2019;01:59:00;SEM VÍTIMA;SÃO JOSÉ;RUA IMPERIAL;SUBURBIO;CHOQUE OBJETO FIXO;1;;;;;;;;0;;Bom;;Perfeito estado;Seca;Perfeito estado;;;;2019
08/03/2019;07:18:00;SEM VÍTIMA;TORREÃO;AV GOVERNADOR AGAMENON MAGALHAES;CIDADE;ABALROAMENTO LONGITUDINAL;2;1;;;;;;;0;;Bom;Não existe;Perfeito estado;Seca;Perfeito estado;Não existe;Placas Pare;60 km/h;2019
08/03/2019;07:19:00;SEM VÍTIMA;COELHOS;RUA DOS COELHOS;CIDADE;COLISÃO TRASEIRA;1;;;;1;;;;0;;Bom;Não existe;Perfeito estado;Seca;Perfeito estado;;;;2019
08/03/2019;07:57:00;SEM VÍTIMA;BOA VISTA;RUA CAPITAO RUY LUCENA;CIDADE;ABALROAMENTO LONGITUDINAL;2;;;;;;;;0;;Bom;Não existe;Perfeito estado;Seca;Mal conservada;Não existe;R-6a;;2019
08/03/2019;08:52:00;SEM VÍTIMA;IMBIRIBEIRA;RUA JOSE DA SILVA LUCENA;SUBURBIO;ABALROAMENTO TRANSVERSAL;2;;;;;;;;0;;Bom;Não existe;Incompleta;Seca;Perfeito estado;;Placas Pare;;2019
08/03/2019;09:01:00;SEM VÍTIMA;TORREÃO;RUA CRISTOVAO JAQUES;CIDADE;COLISÃO TRASEIRA;2;;;;;;1;;0;;Bom;Não existe;Perfeito estado;Seca;Perfeito estado;Não existe;Não há placas;40 km/h;2019
08/03/2019;09:27:00;SEM VÍTIMA;IMBIRIBEIRA;AV PRESIDENTE DUTRA;SUBURBIO;COLISÃO TRASEIRA;2;;;;;;;;0;;Bom;Não existe;Perfeito estado;Seca;Perfeito estado;Não existe;Não há placas;60 km/h;2019
08/03/2019;09:28:00;SEM VÍTIMA;DERBY;AV GOVERNADOR AGAMENON MAGALHAES;SUBURBIO;ABALROAMENTO LONGITUDINAL;1;;;;1;;;;0;;Bom;Não existe;Perfeito estado;Seca;Perfeito estado;Não existe;Não há placas;;2019
08/03/2019;09:30:00;COM VÍTIMA;AFOGADOS;RUA AUGUSTO CALHEIROS;SUBURBIO;COLISÃO TRASEIRA;1;1;;;;;;;1;;Bom;Sem defeito;Perfeito estado;Seca;Perfeito estado;Faixa de retenção;Não há placas;40 km/h;2019
08/03/2019;09:54:00;SEM VÍTIMA;BOA VIAGEM;AV FERNANDO SIMOES BARBOSA;SUBURBIO;ABALROAMENTO LONGITUDINAL;1;1;;;;;;;0;;Bom;Não existe;Perfeito estado;Seca;Perfeito estado;Não existe;Não há placas;;2019
08/03/2019;09:54:00;SEM VÍTIMA;ARRUDA;EST VELHA DE AGUA FRIA;;COLISÃO;1;1;;;;;;;0;;;;;;;;;;2019
08/03/2019;09:58:00;COM VÍTIMA;SANTO ANTÔNIO;AV DANTAS BARRETO;;COLISÃO;;;;;1;;;1;1;;Bom;Sem defeito;Perfeito estado;Seca;Perfeito estado;Não existe;Não há placas;;2019
08/03/2019;10:00:00;SEM VÍTIMA;CASA AMARELA;RUA FERNANDO DE SOUZA CAETE;CIDADE;ABALROAMENTO LONGITUDINAL;1;1;;;;;;;0;;Bom;Não existe;Não existente;Seca;Perfeito estado;Não existe;Não há placas;20 km/h;2019
08/03/2019;10:02:00;SEM VÍTIMA;ILHA DO RETIRO;RUA TABAIARES;CIDADE;ABALROAMENTO LONGITUDINAL;2;;;;;;;;0;;Bom;Não existe;Não existente;Seca;Perfeito estado;Não existe;Não há placas;;2019
08/03/2019;10:24:00;COM VÍTIMA;ESPINHEIRO;RUA DO ESPINHEIRO;CIDADE;ABALROAMENTO LONGITUDINAL;1;1;;;;;;;1;;Bom;Não existe;Perfeito estado;Seca;Perfeito estado;Não existe;Outras;;2019
08/03/2019;10:38:00;SEM VÍTIMA;DERBY;RUA JOAQUIM NABUCO;;ABALROAMENTO LONGITUDINAL;2;;;;;;;;0;;Bom;Não existe;Perfeito estado;Seca;Perfeito estado;Não existe;Não há placas;;2019
08/03/2019;10:42:00;SEM VÍTIMA;IPUTINGA;RUA MAURICIO DE NASSAU;CIDADE;ABALROAMENTO LONGITUDINAL;2;;;;;;;;0;;Bom;Sem defeito;Perfeito estado;Seca;Perfeito estado;Faixa de pedestre;R-6a;40 km/h;2019
08/03/2019;11:05:00;SEM VÍTIMA;DERBY;RUA JENER DE SOUZA;CIDADE;ABALROAMENTO LONGITUDINAL;2;;;;;;;;0;;Bom;Não existe;Perfeito estado;Seca;Perfeito estado;Não existe;Outras;;2019
08/03/2019;11:32:00;SEM VÍTIMA;CORDEIRO;AV CAXANGA;CIDADE;ABALROAMENTO LONGITUDINAL;1;1;;;;;;;0;;Bom;Não existe;Ilegível;Seca;Perfeito estado;Não existe;R-6a;;2019
08/03/2019;11:24:00;SEM VÍTIMA;SANTO AMARO;RUA TREZE DE MAIO;SUBURBIO;ABALROAMENTO LONGITUDINAL;1;1;;;;;;;0;;Bom;Não existe;Perfeito estado;Seca;Perfeito estado;Agente;Não há placas;40 km/h;2019
08/03/2019;11:35:00;SEM VÍTIMA;BOA VIAGEM;RUA DOS NAVEGANTES;SUBURBIO;ABALROAMENTO LONGITUDINAL;2;;;;;;;;0;;Bom;Não existe;Perfeito estado;Seca;Perfeito estado;Não existe;Placas Pare;;2019
08/03/2019;11:44:00;SEM VÍTIMA;GRAÇAS;RUA MONSENHOR AMBROZINO LEITE;CIDADE;COLISÃO TRASEIRA;1;;;;;1;;;0;;Bom;Não existe;Não existente;Seca;Perfeito estado;Não existe;Não há placas;;2019
08/03/2019;12:08:00;SEM VÍTIMA;JAQUEIRA;RUA DO FUTURO;CIDADE;ABALROAMENTO LONGITUDINAL;2;;;;;;;;0;;Bom;Não existe;Perfeito estado;Seca;Perfeito estado;Não existe;Não há placas;40 km/h;2019
08/03/2019;12:10:00;SEM VÍTIMA;BOMBA DO HEMETÉRIO;RUA SAO BENTO;CIDADE;ABALROAMENTO LONGITUDINAL;1;;;;1;;;;0;;Bom;Não existe;Perfeito estado;Seca;Perfeito estado;Outros;Outras;;2019
08/03/2019;12:22:00;COM VÍTIMA;VÁRZEA;RUA MARECHAL MANOEL LUIS OSORIO;;ABALROAMENTO TRANSVERSAL;1;1;;;;;;;1;;Bom;Não existe;Perfeito estado;Seca;Perfeito estado;Não existe;Não há placas;;2019
08/03/2019;13:15:00;COM VÍTIMA;TEJIPIÓ;AV DR JOSE RUFINO;CIDADE;ABALROAMENTO LONGITUDINAL;1;1;;;;;;;1;;Bom;Sem defeito;Perfeito estado;Seca;Perfeito estado;Faixa de pedestre;Não há placas;;2019
08/03/2019;13:32:00;SEM VÍTIMA;BOA VIAGEM;RUA ELADIO RAMOS;;ABALROAMENTO TRANSVERSAL;2;;;;;;;;0;;Bom;Não existe;Perfeito estado;Seca;Perfeito estado;Não existe;Não há placas;;2019
08/03/2019;13:32:00;SEM VÍTIMA;CAXANGÁ;AV CAXANGA;CIDADE;COLISÃO TRASEIRA;2;;;;;;;;0;;Bom;Sem defeito;Perfeito estado;Seca;Perfeito estado;Faixa de retenção;R-6a;;2019
08/03/2019;13:57:00;SEM VÍTIMA;BOA VIAGEM;AV CONSELHEIRO AGUIAR;CIDADE;ABALROAMENTO LONGITUDINAL;2;;;;;;;;0;;Bom;Sem defeito;Perfeito estado;Seca;Perfeito estado;Agente;;;2019
08/03/2019;13:58:00;COM VÍTIMA;TAMARINEIRA;RUA DR JOSE MARIA;SUBURBIO;ABALROAMENTO TRANSVERSAL;1;1;;;;;;;1;;Bom;Não existe;Perfeito estado;Seca;Perfeito estado;Não existe;Outras;;2019
08/03/2019;14:07:00;SEM VÍTIMA;IMBIRIBEIRA;AV MARECHAL MASCARENHAS DE MORAES;SUBURBIO;COLISÃO TRASEIRA;2;;;;;;;;0;;Bom;Não existe;Perfeito estado;Seca;Perfeito estado;Não existe;R-6a;60 km/h;2019
08/03/2019;14:09:00;SEM VÍTIMA;BOA VIAGEM;AV BOA VIAGEM;CIDADE;COLISÃO TRASEIRA;2;;;;;;;;0;;Bom;Sem defeito;Perfeito estado;Seca;Perfeito estado;Faixa de pedestre;Outras;60 km/h;2019
08/03/2019;14:30:00;SEM VÍTIMA;BOA VIAGEM;AV ENGENHEIRO DOMINGOS FERREIRA;SUBURBIO;COLISÃO TRASEIRA;2;;;;;;;;0;;Bom;Sem defeito;Perfeito estado;Seca;Perfeito estado;Faixa de pedestre;R-6a;60 km/h;2019
08/03/2019;15:04:00;SEM VÍTIMA;VÁRZEA;RUA GENERAL POLIDORO;SUBURBIO;ABALROAMENTO LONGITUDINAL;1;1;;;;;;;0;;Bom;Não existe;Perfeito estado;Seca;Perfeito estado;Não existe;Outras;;2019
08/03/2019;15:04:00;SEM VÍTIMA;BOA VIAGEM;RUA TENENTE DOMINGOS DE BRITO;CIDADE;COLISÃO TRASEIRA;2;;;;;;;;0;;Bom;Não existe;Não existente;Seca;Perfeito estado;Não existe;Não há placas;;2019
08/03/2019;15:27:00;SEM VÍTIMA;AFLITOS;RUA MANUEL DE CARVALHO;CIDADE;CHOQUE VEÍCULO PARADO;1;;;;;1;;;0;;Bom;Não existe;Incompleta;Seca;Perfeito estado;Não existe;Outras;;2019
08/03/2019;15:38:00;SEM VÍTIMA;IPSEP;RUA JEAN EMILE FAVRE;SUBURBIO;COLISÃO TRASEIRA;2;;;;;;;;0;;Bom;Não existe;Perfeito estado;Seca;Perfeito estado;Não existe;R-6a;;2019
08/03/2019;15:57:00;SEM VÍTIMA;BOA VIAGEM;RUA RIBEIRO DE BRITO;SUBURBIO;ABALROAMENTO LONGITUDINAL;2;;;;;;;;0;;Bom;Sem defeito;Perfeito estado;Seca;Perfeito estado;Faixa de pedestre;R-6a;;2019
08/03/2019;16:33:00;SEM VÍTIMA;GRAÇAS;RUA CARDEAL ARCOVERDE;;COLISÃO;2;;;;;;;;0;;;;;;;;;;2019
08/03/2019;17:11:00;SEM VÍTIMA;AFOGADOS;AV SUL;SUB/CID;ABALROAMENTO LONGITUDINAL;1;;;;;1;;;0;;Bom;Não existe;Perfeito estado;Seca;Perfeito estado;;Outras;;2019
08/03/2019;17:23:00;SEM VÍTIMA;DERBY;RUA HENRIQUE DIAS;CIDADE;ABALROAMENTO LONGITUDINAL;1;1;;;1;;;;0;;Bom;Sem defeito;Perfeito estado;Seca;Perfeito estado;Faixa de pedestre;Outras;60 km/h;2019
08/03/2019;17:31:00;SEM VÍTIMA;GRAÇAS;AV RUI BARBOSA;CIDADE;ABALROAMENTO TRANSVERSAL;2;;;;;;;;0;;Bom;Sem defeito;Perfeito estado;Seca;Perfeito estado;Faixa de pedestre;Não há placas;60 km/h;2019
08/03/2019;18:43:00;SEM VÍTIMA;IMBIRIBEIRA;AV MARECHAL MASCARENHAS DE MORAES;SUBURBIO;COLISÃO TRASEIRA;3;;;;;;;;0;;Bom;Não existe;Perfeito estado;Seca;Perfeito estado;Não existe;Não há placas;;2019
08/03/2019;18:48:00;SEM VÍTIMA;NOVA DESCOBERTA;RUA NOVA DESCOBERTA;SUBURBIO;ABALROAMENTO LONGITUDINAL;;;;;1;;;1;0;;Bom;Não existe;Incompleta;Seca;Perfeito estado;;R-6a;30 km/h;2019
08/03/2019;19:02:00;SEM VÍTIMA;BOA VIAGEM;RUA CAPITAO ZUZINHA;CIDADE;COLISÃO TRASEIRA;;1;;;;1;;;0;;Bom;Sem defeito;Perfeito estado;Seca;Perfeito estado;Faixa de retenção;Não há placas;;2019
08/03/2019;19:25:00;SEM VÍTIMA;CAMPO GRANDE;RUA CATULO DA PAIXAO CEARENSE;;COLISÃO;2;;;;;;;;0;;;;;;;;;;2019
08/03/2019;22:04:00;SEM VÍTIMA;AREIAS;AV RECIFE;SUBURBIO;ABALROAMENTO LONGITUDINAL;1;;;;1;;;;0;;Bom;Não existe;Perfeito estado;Seca;Perfeito estado;;Não há placas;60 km/h;2019
08/03/2019;22:18:00;COM VÍTIMA;MADALENA;AV BEIRA RIO;SUBURBIO;ABALROAMENTO LONGITUDINAL;1;1;;;;;;;1;;Bom;Não existe;Perfeito estado;Seca;Perfeito estado;;Placas Pare;;2019
09/03/2019;01:57:00;VÍTIMA FATAL;ILHA JOANA BEZERRA;AV GOVERNADOR AGAMENON MAGALHAES;CIDADE;COLISÃO COM CICLISTA;1;;2;;;;;;1;1;Bom;Não existe;Perfeito estado;Seca;Perfeito estado;Não existe;Não há placas;;2019
09/03/2019;07:29:00;SEM VÍTIMA;BOA VIAGEM;AV ENGENHEIRO DOMINGOS FERREIRA;SUBURBIO;ABALROAMENTO LONGITUDINAL;;;;;1;1;;;0;;Bom;Sem defeito;Perfeito estado;Seca;Perfeito estado;Faixa de pedestre;Outras;60 km/h;2019
09/03/2019;07:37:00;COM VÍTIMA;BOMBA DO HEMETÉRIO;RUA BOMBA DO HEMETERIO;;ABALROAMENTO TRANSVERSAL;;1;;;;;;;2;;Bom;Sem defeito;Perfeito estado;Seca;Perfeito estado;Não existe;Não há placas;;2019
09/03/2019;07:59:00;SEM VÍTIMA;BOA VIAGEM;AV ENGENHEIRO DOMINGOS FERREIRA;SUBURBIO;ABALROAMENTO TRANSVERSAL;2;;;;;;;;0;;Bom;Com defeito;Ilegível;Seca;Perfeito estado;Faixa de pedestre;;;2019
09/03/2019;08:55:00;SEM VÍTIMA;ILHA DO RETIRO;AV ENGENHEIRO ABDIAS DE CARVALHO;CIDADE;COLISÃO TRASEIRA;1;;;;;1;;;0;;Bom;Não existe;Perfeito estado;Seca;Perfeito estado;Não existe;Não há placas;60 km/h;2019
09/03/2019;09:13:00;COM VÍTIMA;BOA VIAGEM;AV DOM JOAO VI;SUBURBIO;CHOQUE OBJETO FIXO;;1;;;;;;;1;;Chuvoso;Não existe;Perfeito estado;Molhada;Perfeito estado;Não existe;Não há placas;50 km/h;2019
09/03/2019;09:13:00;SEM VÍTIMA;ILHA DO RETIRO;RUA BENFICA;SUBURBIO;ABALROAMENTO LONGITUDINAL;2;;;;;;;;0;;Bom;Não existe;Perfeito estado;Seca;Perfeito estado;Faixa de pedestre;R-6a;;2019
09/03/2019;09:25:00;SEM VÍTIMA;JOANA BEZERRA;AV BEIRA RIO;CIDADE;COLISÃO TRASEIRA;2;;;;;;;;0;;Bom;Sem defeito;Perfeito estado;Seca;Perfeito estado;Faixa de retenção;Outras;;2019
09/03/2019;09:31:00;SEM VÍTIMA;ILHA DO RETIRO;RUA BENFICA;;COLISÃO;2;;;;;;;;0;;;;;;;;;;2019
09/03/2019;09:57:00;COM VÍTIMA;PAISSANDU;RUA PAISSANDU;CIDADE;ABALROAMENTO LONGITUDINAL;1;1;;;;;;;1;;Bom;Não existe;Perfeito estado;Seca;Perfeito estado;;R-6a;;2019
09/03/2019;10:07:00;COM VÍTIMA;BOA VISTA;AV GOVERNADOR AGAMENON MAGALHAES;SUBURBIO;COLISÃO TRASEIRA;1;1;;;;;;;1;;Bom;Não existe;Perfeito estado;Seca;Perfeito estado;Não existe;Outras;;2019
09/03/2019;10:10:00;SEM VÍTIMA;BOA VIAGEM;RUA DOS NAVEGANTES;SUBURBIO;ABALROAMENTO TRANSVERSAL;2;;;;;;;;0;;Bom;Não existe;Ilegível;Seca;Perfeito estado;Não existe;Placas Pare;;2019
09/03/2019;10:15:00;SEM VÍTIMA;MADALENA;RUA MENEZES DRUMOND;;ABALROAMENTO LONGITUDINAL;2;;;;;;;;0;;Bom;Não existe;Perfeito estado;Seca;Perfeito estado;Não existe;Não há placas;30 km/h;2019
09/03/2019;10:37:00;SEM VÍTIMA;MACAXEIRA;AV NORTE;CIDADE;COLISÃO TRASEIRA;1;;;;1;;;;0;;Bom;Sem defeito;Perfeito estado;Seca;Perfeito estado;Faixa de pedestre;;;2019
09/03/2019;10:57:00;SEM VÍTIMA;BOA VIAGEM;AV ENGENHEIRO DOMINGOS FERREIRA;;ABALROAMENTO LONGITUDINAL;1;1;;;;;;;0;;Bom;Sem defeito;Perfeito estado;Seca;Perfeito estado;Faixa de pedestre;Outras;60 km/h;2019
09/03/2019;11:01:00;SEM VÍTIMA;BOA VIAGEM;AV ENGENHEIRO DOMINGOS FERREIRA;;COLISÃO;1;1;;;;;;;0;;;;;;;;;;2019
09/03/2019;11:06:00;SEM VÍTIMA;CORDEIRO;RUA GREGORIO JUNIOR;CIDADE;ABALROAMENTO LONGITUDINAL;1;;;;;;;1;0;;Bom;Não existe;Perfeito estado;Seca;Perfeito estado;Não existe;R-6a;;2019
09/03/2019;12:13:00;COM VÍTIMA;BOA VIAGEM;AV BOA VIAGEM;;COLISÃO;1;1;;;;;;;1;;;;;;;;;;2019
09/03/2019;13:04:00;SEM VÍTIMA;JOANA BEZERRA;VDO PAPA JOAO PAULO II;SUBURBIO;COLISÃO TRASEIRA;2;;;;;;;;0;;Bom;Não existe;Perfeito estado;Seca;Perfeito estado;Não existe;Não há placas;;2019
09/03/2019;13:12:00;SEM VÍTIMA;ZUMBI;RUA GREGORIO JUNIOR;;ABALROAMENTO LONGITUDINAL;2;;;;;;;;0;;Bom;Não existe;Perfeito estado;Seca;Perfeito estado;Não existe;R-6a;;2019
09/03/2019;14:24:00;SEM VÍTIMA;ILHA DO RETIRO;AV JOSE GONCALVES DE MEDEIROS;SUBURBIO;ABALROAMENTO LONGITUDINAL;2;;;;;;;;0;;Bom;Não existe;Perfeito estado;Seca;Perfeito estado;Outros;Não há placas;;2019
09/03/2019;14:30:00;SEM VÍTIMA;BOA VIAGEM;AV BOA VIAGEM;;COLISÃO;2;;;;;;;;0;;;;;;;;;;2019
09/03/2019;15:10:00;COM VÍTIMA;ESTÂNCIA;AV RECIFE;SUBURBIO;COLISÃO TRASEIRA;1;1;;;;;;;2;;Bom;Sem defeito;Perfeito estado;Seca;Perfeito estado;Faixa de pedestre;R-6a;;2019
09/03/2019;15:14:00;SEM VÍTIMA;COHAB;AV PERNAMBUCO;SUBURBIO;ABALROAMENTO LONGITUDINAL;1;1;;;;;;;0;;Bom;Não existe;Incompleta;Seca;Perfeito estado;Não existe;R-6a;30 km/h;2019
09/03/2019;15:26:00;SEM VÍTIMA;ESTÂNCIA;AV RECIFE;;COLISÃO;2;;;;;;;;0;;;;;;;;;;2019
09/03/2019;17:07:00;COM VÍTIMA;PORTO DA MADEIRA;AV BEBERIBE;CIDADE;COLISÃO TRASEIRA;1;1;;;;;;;1;;Bom;Sem defeito;Perfeito estado;Seca;Perfeito estado;Faixa de pedestre;R-6a;;2019
09/03/2019;16:26:00;SEM VÍTIMA;AFOGADOS;RUA JOAQUIM DE VASCONCELOS PEREIRA;;CHOQUE VEÍCULO PARADO;2;;;;;;;;0;;Bom;Não existe;Perfeito estado;Seca;Perfeito estado;Não existe;Não há placas;;2019
09/03/2019;17:21:00;COM VÍTIMA;IPUTINGA;AV CAXANGA;SUBURBIO;ABALROAMENTO LONGITUDINAL;1;1;;;;;;;1;;Bom;Não existe;Perfeito estado;Seca;Perfeito estado;;R-25d;;2019
09/03/2019;18:29:00;SEM VÍTIMA;BOA VIAGEM;AV CONSELHEIRO AGUIAR;;COLISÃO;1;;;;1;;;;0;;;;;;;;;;2019
09/03/2019;19:45:00;SEM VÍTIMA;GRAÇAS;AV CONS ROSA E SILVA;SUBURBIO;ABALROAMENTO TRANSVERSAL;2;;;;;;;;0;;Bom;Sem defeito;Perfeito estado;Seca;Perfeito estado;Faixa de pedestre;Placas Pare;60 km/h;2019
09/03/2019;19:59:00;SEM VÍTIMA;GRAÇAS;RUA ALBERTO PAIVA;SUBURBIO;COLISÃO TRASEIRA;2;;;;;;;;0;;Bom;Sem defeito;Perfeito estado;Seca;Perfeito estado;;;;2019
09/03/2019;20:06:00;SEM VÍTIMA;CIDADE UNIVERSITÁRIA;RUA GENERAL POLIDORO;;COLISÃO;1;1;;;;;;;0;;;;;;;;;;2019
09/03/2019;20:25:00;SEM VÍTIMA;SANTO AMARO;AV CRUZ CABUGA;;ABALROAMENTO LONGITUDINAL;1;;;;1;;;;0;;Bom;Sem defeito;Perfeito estado;Seca;Perfeito estado;;;;2019
09/03/2019;21:27:00;SEM VÍTIMA;CASA FORTE;AV DEZESSETE DE AGOSTO;SUBURBIO;ABALROAMENTO TRANSVERSAL;1;1;;;;;;;0;;Bom;Não existe;Perfeito estado;Seca;Perfeito estado;Não existe;Outras;60 km/h;2019
09/03/2019;22:02:00;SEM VÍTIMA;BAIRRO DO RECIFE;PTE GIRATORIA;CIDADE;ABALROAMENTO LONGITUDINAL;2;;;;;;;;0;;Bom;Não existe;Perfeito estado;Seca;Perfeito estado;Não existe;Não há placas;;2019
09/03/2019;22:06:00;SEM VÍTIMA;AFOGADOS;RUA IMPERIAL;SUBURBIO;ABALROAMENTO TRANSVERSAL;2;;;;;;;;0;;Bom;Não existe;Perfeito estado;Seca;Perfeito estado;;;;2019
10/03/2019;09:47:00;SEM VÍTIMA;IBURA;RUA EXP FRANCISCO VITORIANO;SUBURBIO;COLISÃO TRASEIRA;2;;;;;;;;0;;Bom;Não existe;Não existente;Seca;Perfeito estado;Não existe;Não há placas;40 km/h;2019
10/03/2019;11:38:00;SEM VÍTIMA;BOA VIAGEM;AV ENGENHEIRO DOMINGOS FERREIRA;SUBURBIO;ABALROAMENTO TRANSVERSAL;2;;;;;;;;0;;Bom;Sem defeito;Perfeito estado;Seca;Perfeito estado;;Outras;60 km/h;2019
10/03/2019;12:42:00;COM VÍTIMA;SANTO AMARO;RUA DOS PALMARES;CIDADE;COLISÃO COM CICLISTA;1;;1;;;;;;1;;Bom;Não existe;Perfeito estado;Seca;Perfeito estado;Não existe;Não há placas;;2019
10/03/2019;13:47:00;SEM VÍTIMA;NOVA DESCOBERTA;RUA CORREGO DA BICA;;COLISÃO;1;1;;;;;;;0;;;;;;;;;;2019
10/03/2019;16:11:00;COM VÍTIMA;AFOGADOS;RUA DA PAZ;SUBURBIO;ATROPELAMENTO;;;;1;1;;;;1;;Bom;Sem defeito;Perfeito estado;Seca;Perfeito estado;Não existe;R-6c;;2019
10/03/2019;18:27:00;SEM VÍTIMA;JARDIM SÃO PAULO;AV RECIFE;;COLISÃO;1;;;;1;;;;0;;;;;;;;;;2019
10/03/2019;19:01:00;SEM VÍTIMA;ÁGUA FRIA;RUA AQUINOPOLIS;;COLISÃO;2;;;;;;;;0;;;;;;;;;;2019
10/03/2019;20:40:00;COM VÍTIMA;VASCO DA GAMA;AV NORTE;SUBURBIO;ABALROAMENTO TRANSVERSAL;2;;;;;;;;2;;Bom;Não existe;Incompleta;;;Não existe;Outras;;2019
11/03/2019;06:06:00;SEM VÍTIMA;DERBY;RUA GUILHERME PINTO;CIDADE;COLISÃO TRASEIRA;2;;;;;;;;0;;Bom;Não existe;Perfeito estado;Seca;Perfeito estado;;R-6a;20 km/h;2019
11/03/2019;07:12:00;COM VÍTIMA;JARDIM SÃO PAULO;RUA LEANDRO BARRETO;SUBURBIO;ABALROAMENTO TRANSVERSAL;1;1;;;;;;;1;;Bom;Não existe;Perfeito estado;Seca;Perfeito estado;Outros;Outras;;2019
11/03/2019;07:14:00;SEM VÍTIMA;BOA VIAGEM;RUA DR VICENTE GOMES;CIDADE;ABALROAMENTO LONGITUDINAL;1;;;;1;;;;0;;Bom;Sem defeito;Perfeito estado;Seca;Perfeito estado;Faixa de retenção;Não há placas;;2019
11/03/2019;07:21:00;SEM VÍTIMA;AFOGADOS;RUA PADRE TEOFILO TWORZ;CIDADE;ABALROAMENTO TRANSVERSAL;2;;;;;;;;0;;Bom;Não existe;Não existente;Seca;Perfeito estado;Não existe;Não há placas;;2019
11/03/2019;07:58:00;SEM VÍTIMA;DERBY;PRC DO DERBY;CIDADE;ABALROAMENTO LONGITUDINAL;2;;;;;;;;0;;Bom;Sem defeito;Perfeito estado;Seca;Perfeito estado;Faixa de retenção;;;2019
11/03/2019;08:08:00;SEM VÍTIMA;PRADO;AV ENGENHEIRO ABDIAS DE CARVALHO;SUBURBIO;COLISÃO TRASEIRA;2;;;;;;;;0;;Bom;Não existe;Perfeito estado;Seca;Perfeito estado;Não existe;Não há placas;;2019
11/03/2019;08:29:00;SEM VÍTIMA;GRAÇAS;AV RUI BARBOSA;;COLISÃO;1;;;;1;;;;0;;;;;;;;;;2019