data;hora;natureza_acidente;bairro;endereco;sentido_via;tipo;auto;moto;ciclista;pedestre;onibus;caminhao;viatura;outros;vitimas;vitimasfatais;tempo_clima;situacao_semaforo;sinalizacao;condicao_via;conservacao_via;ponto_controle;situacao_placa;velocidade_max_via;ano
11/03/2019;09:23:00;SEM VÍTIMA;JARDIM SÃO PAULO;RUA LEANDRO BARRETO;SUBURBIO;ABALROAMENTO LONGITUDINAL;1;;;;;1;;;0;;Bom;Sem defeito;Perfeito estado;Seca;Perfeito estado;Faixa de pedestre;Outras;;2019
11/03/2019;09:33:00;SEM VÍTIMA;PRADO;AV ENGENHEIRO ABDIAS DE CARVALHO;CIDADE;COLISÃO TRASEIRA;;;;;;1;;1;0;;Bom;Sem defeito;Perfeito estado;Seca;Perfeito estado;Faixa de pedestre;R-6a;;2019
11/03/2019;09:57:00;SEM VÍTIMA;BOA VIAGEM;RUA FRANCISCO DA CUNHA;CIDADE;CHOQUE VEÍCULO PARADO;2;;;;;;;;0;;Bom;Não existe;Incompleta;Seca;Perfeito estado;Não existe;Placas Pare;;2019
11/03/2019;10:47:00;SEM VÍTIMA;AFLITOS;RUA MANUEL DE CARVALHO;SUBURBIO;ABALROAMENTO LONGITUDINAL;2;1;;;;;;;0;;Bom;Não existe;Perfeito estado;Seca;Perfeito estado;Não existe;Não há placas;;2019
11/03/2019;11:21:00;SEM VÍTIMA;ESPINHEIRO;RUA QUARENTA E OITO;CIDADE;COLISÃO TRASEIRA;2;;;;;;;;0;;Bom;Sem defeito;Perfeito estado;Seca;Perfeito estado;Faixa de retenção;R-6a;;2019
11/03/2019;11:38:00;SEM VÍTIMA;ESPINHEIRO;AV GOVERNADOR AGAMENON MAGALHAES;OLINDA;COLISÃO;2;;;;;;;;0;;;;;;;;;;2019
11/03/2019;11:48:00;SEM VÍTIMA;CASA FORTE;RUA LEONARDO BEZERRA CAVALCANTE;;COLISÃO;2;;;;;;;;0;;;;;;;;;;2019
11/03/2019;12:03:00;SEM VÍTIMA;SÃO JOSÉ;RUA DA CONCORDIA;SUBURBIO;COLISÃO TRASEIRA;1;2;;;;;;;0;;Bom;Não existe;Incompleta;Seca;Mal conservada;Não existe;Não há placas;;2019
11/03/2019;12:19:00;SEM VÍTIMA;SANTO AMARO;AV GOVERNADOR AGAMENON MAGALHAES;SUBURBIO;ABALROAMENTO LONGITUDINAL;1;1;;;;;;;0;;Bom;Sem defeito;Perfeito estado;Seca;Perfeito estado;Faixa de pedestre;Outras;;2019
11/03/2019;12:30:00;SEM VÍTIMA;IBURA;AV DOM HELDER CAMARA;SUBURBIO;ABALROAMENTO LONGITUDINAL;1;1;;;;;;;0;;Bom;Não existe;Incompleta;Seca;Perfeito estado;Faixa de retenção;Não há placas;;2019
11/03/2019;12:35:00;SEM VÍTIMA;MADALENA;AV CAXANGA;SUBURBIO;COLISÃO TRASEIRA;2;;;;;;;;0;;Bom;Não existe;Perfeito estado;Seca;Perfeito estado;Não existe;R-6a;;2019
11/03/2019;12:45:00;SEM VÍTIMA;CORDEIRO;AV CAXANGA;;COLISÃO TRASEIRA;2;;;;;;;;0;;Bom;Sem defeito;Perfeito estado;Seca;Perfeito estado;Faixa de pedestre;R-6a;50 km/h;2019
11/03/2019;13:15:00;SEM VÍTIMA;BOA VIAGEM;RUA ERNESTO DE PAULA SANTOS;;COLISÃO TRASEIRA;1;;;;1;;;;0;;Bom;Não existe;Perfeito estado;Seca;Perfeito estado;Não existe;R-6a;;2019
11/03/2019;13:16:00;COM VÍTIMA;IPSEP;RUA ADERBAL DE MELO;SUBURBIO;ABALROAMENTO TRANSVERSAL;;1;;;;1;;;1;;Bom;Não existe;Perfeito estado;Seca;Perfeito estado;Não existe;Placas Pare;;2019
11/03/2019;13:19:00;COM VÍTIMA;DOIS IRMÃOS;EST DOS PINTOS;SUBURBIO;COLISÃO FRONTAL;1;1;;;;;;;1;;Bom;Não existe;Perfeito estado;Seca;Perfeito estado;Não existe;R-6a;;2019
11/03/2019;13:36:00;SEM VÍTIMA;BOA VISTA;AV LINS PETIT;SUBURBIO;COLISÃO TRASEIRA;2;;;;;;;;0;;Bom;Não existe;Perfeito estado;Seca;Perfeito estado;Não existe;Não há placas;40 km/h;2019
11/03/2019;14:13:00;SEM VÍTIMA;CAXANGÁ;RUA RIBEIRO PESSOA;;ABALROAMENTO LONGITUDINAL;2;;;;;;;;0;;Bom;Sem defeito;Perfeito estado;Seca;Perfeito estado;Faixa de pedestre;Não há placas;;2019
11/03/2019;14:18:00;SEM VÍTIMA;BOA VIAGEM;AV ENGENHEIRO DOMINGOS FERREIRA;SUBURBIO;ABALROAMENTO LONGITUDINAL;;;;;2;;;;0;;Bom;Sem defeito;Perfeito estado;Seca;Perfeito estado;Outros;Outras;;2019
11/03/2019;14:24:00;SEM VÍTIMA;TAMARINEIRA;RUA DES GOIS CAVALCANTE;SUBURBIO;COLISÃO TRASEIRA;2;;;;;;;;0;;Bom;Não existe;Perfeito estado;Seca;Perfeito estado;;R-6a;;2019
11/03/2019;14:30:00;SEM VÍTIMA;MADALENA;RUA DR SEVERINO PINHEIRO;;COLISÃO;2;;;;;;;;0;;;;;;;;;;2019
11/03/2019;15:04:00;SEM VÍTIMA;IMBIRIBEIRA;RUA GONCALVES DE MAGALHAES;CIDADE;ABALROAMENTO LONGITUDINAL;1;1;;;;;;;0;;Bom;Não existe;Não existente;Seca;Mal conservada;Não existe;Não há placas;;2019
11/03/2019;15:22:00;SEM VÍTIMA;VÁRZEA;RUA PROFESSOR CHAVES BATISTA;;ABALROAMENTO LONGITUDINAL;1;;;;;1;;;0;;Bom;Sem defeito;Perfeito estado;Seca;Perfeito estado;Faixa de pedestre;Outras;;2019
11/03/2019;15:27:00;SEM VÍTIMA;IMBIRIBEIRA;AV ANTONIO TORRES GALVAO;;COLISÃO TRASEIRA;2;;;;;;;;0;;Bom;Não existe;Perfeito estado;Seca;Perfeito estado;Não existe;R-6a;;2019
11/03/2019;15:31:00;SEM VÍTIMA;BOA VISTA;RUA DOS COELHOS;SUBURBIO;ABALROAMENTO LONGITUDINAL;2;;;;;;;;0;;Bom;Não existe;Perfeito estado;Seca;Perfeito estado;Não existe;R-6a;30 km/h;2019
11/03/2019;15:35:00;SEM VÍTIMA;IPUTINGA;RUA PROFESSOR CHAVES BATISTA;CIDADE;ABALROAMENTO LONGITUDINAL;1;;;;;1;;;0;;Bom;Não existe;Não existente;Seca;Perfeito estado;Não existe;Não há placas;;2019
11/03/2019;15:49:00;SEM VÍTIMA;BOA VIAGEM;RUA DOM JOSE LOPES;;COLISÃO;2;;;;;;;;0;;;;;;;;;;2019
11/03/2019;16:26:00;SEM VÍTIMA;TAMARINEIRA;RUA TELES JUNIOR;CIDADE;COLISÃO COM CICLISTA;;;1;;;;1;;0;;Bom;Não existe;Perfeito estado;Seca;Perfeito estado;Não existe;Outras;;2019
11/03/2019;17:51:00;SEM VÍTIMA;BOA VIAGEM;RUA BARAO DE SOUZA LEAO;;COLISÃO;1;1;;;;;;;0;;;;;;;;;;2019
11/03/2019;18:01:00;SEM VÍTIMA;PRADO;RUA GOMES TABORDA;SUBURBIO;COLISÃO TRASEIRA;2;;;;;;;;0;;Bom;Não existe;Perfeito estado;Seca;Perfeito estado;Outros;Outras;;2019
11/03/2019;18:33:00;SEM VÍTIMA;IPUTINGA;RUA DR NINA RODRIGUES;;ABALROAMENTO TRANSVERSAL;2;;;;;;;;0;;Bom;Não existe;Perfeito estado;Seca;Perfeito estado;;Placas Pare;40 km/h;2019
11/03/2019;18:43:00;SEM VÍTIMA;CAXANGÁ;AV CAXANGA;CIDADE;COLISÃO;1;;;;1;;;;0;;;;;;;;;;2019
11/03/2019;19:17:00;SEM VÍTIMA;PRADO;AV ENGENHEIRO ABDIAS DE CARVALHO;SUBURBIO;COLISÃO TRASEIRA;1;;;;;1;;;0;;Bom;Sem defeito;Perfeito estado;Seca;Perfeito estado;Faixa de pedestre;Outras;;2019
11/03/2019;22:47:00;SEM VÍTIMA;;AV GOVERNADOR AGAMENON MAGALHAES;SUBURBIO;ABALROAMENTO LONGITUDINAL;1;;;;1;;;;0;;Bom;Sem defeito;Perfeito estado;Seca;Perfeito estado;Faixa de pedestre;Não há placas;;2019
11/03/2019;20:10:00;SEM VÍTIMA;DOIS IRMÃOS;RUA MANUEL DE MEDEIROS;SUBURBIO;COLISÃO TRASEIRA;2;;;;;;;;0;;Bom;Não existe;Perfeito estado;Seca;Perfeito estado;Não existe;Não há placas;;2019
11/03/2019;22:48:00;SEM VÍTIMA;ENCRUZILHADA;AV NORTE;;COLISÃO;1;;;;;1;;;0;;;;;;;;;;2019
11/03/2019;22:48:00;COM VÍTIMA;BOA VIAGEM;RUA PROFESSOR MARIO CASTRO;SUBURBIO;ABALROAMENTO TRANSVERSAL;1;;;;;;1;;2;;Bom;Sem defeito;Perfeito estado;Seca;Perfeito estado;Faixa de pedestre;Não há placas;;2019
12/03/2019;07:08:00;SEM VÍTIMA;SÃO JOSÉ;C SANTA RITA;;COLISÃO;2;;;;;;;;0;;;;;;;;;;2019
12/03/2019;07:31:00;SEM VÍTIMA;IMBIRIBEIRA;RUA IZABEL DE SOUZA;SUBURBIO;ABALROAMENTO TRANSVERSAL;1;;;;;1;;;0;;Bom;Não existe;Incompleta;Seca;Perfeito estado;Não existe;Não há placas;;2019
12/03/2019;07:51:00;SEM VÍTIMA;SANTO AMARO;AV CRUZ CABUGA;SUBURBIO;ABALROAMENTO TRANSVERSAL;2;;;;;;;;0;;Chuvoso;Não existe;Perfeito estado;Seca;Perfeito estado;Não existe;Não há placas;60 km/h;2019
12/03/2019;07:55:00;SEM VÍTIMA;TORRE;AV BEIRA RIO;SUBURBIO;ABALROAMENTO LONGITUDINAL;1;;;;1;;;;0;;Bom;Sem defeito;Perfeito estado;Seca;Perfeito estado;Outros;Outras;;2019
12/03/2019;08:07:00;SEM VÍTIMA;IMBIRIBEIRA;RUA BARAO DE SOUZA LEAO;;ABALROAMENTO LONGITUDINAL;1;;;;1;;;;0;;Bom;Intermitente;Perfeito estado;Molhada;Perfeito estado;Faixa de pedestre;;40 km/h;2019
12/03/2019;08:46:00;SEM VÍTIMA;BOA VIAGEM;RUA PROFESSOR JOAO MEDEIROS;CIDADE;COLISÃO TRASEIRA;1;1;;;;;;;0;;Chuvoso;Sem defeito;Perfeito estado;Molhada;Perfeito estado;Faixa de pedestre;Não há placas;40 km/h;2019
12/03/2019;08:58:00;SEM VÍTIMA;IPSEP;AV RECIFE;;COLISÃO TRASEIRA;;;;;2;;;;0;;Bom;Não existe;Perfeito estado;Seca;Perfeito estado;Não existe;R-6a;;2019
12/03/2019;09:18:00;SEM VÍTIMA;AFOGADOS;AV SUL;CIDADE;ABALROAMENTO LONGITUDINAL;1;;;;;2;;;0;;Bom;Sem defeito;Perfeito estado;Seca;Perfeito estado;Faixa de pedestre;R-6a;;2019
12/03/2019;09:22:00;SEM VÍTIMA;ESTÂNCIA;AV RECIFE;;ABALROAMENTO LONGITUDINAL;1;;;;;1;;;0;;Bom;Não existe;Ilegível;Seca;Perfeito estado;Não existe;Não há placas;;2019
12/03/2019;09:33:00;SEM VÍTIMA;ESTÂNCIA;AV RECIFE;CEASA;COLISÃO;1;;;;;1;;;0;;;;;;;;;;2019
12/03/2019;09:52:00;SEM VÍTIMA;ESPINHEIRO;AV GOVERNADOR AGAMENON MAGALHAES;;ABALROAMENTO LONGITUDINAL;2;;;;;;;;0;;Bom;Sem defeito;Perfeito estado;Seca;Perfeito estado;Faixa de pedestre;Outras;;2019
12/03/2019;11:02:00;SEM VÍTIMA;IMBIRIBEIRA;AV MARECHAL MASCARENHAS DE MORAES;;COLISÃO;2;;;;;;;;0;;;;;;;;;;2019
12/03/2019;11:19:00;SEM VÍTIMA;AFOGADOS;RUA COSME VIANA;SUBURBIO;COLISÃO TRASEIRA;2;;;;;;;;0;;Chuvoso;Sem defeito;Perfeito estado;Molhada;Perfeito estado;Outros;Outras;;2019
12/03/2019;11:56:00;COM VÍTIMA;TORREÃO;AV NORTE;SUBURBIO;TOMBAMENTO;;1;;;;;;;1;;Chuvoso;Não existe;Perfeito estado;Molhada;Perfeito estado;Não existe;Não há placas;60 km/h;2019
12/03/2019;11:59:00;SEM VÍTIMA;CORDEIRO;RUA ODETE MONTEIRO;;COLISÃO;2;;;;;;;;0;;;;;;;;;;2019
12/03/2019;12:20:00;SEM VÍTIMA;BOA VIAGEM;RUA VISCONDE DE JEQUITINHONHA;;ABALROAMENTO LONGITUDINAL;2;;;;;;;;0;;Chuvoso;Sem defeito;Perfeito estado;Molhada;Perfeito estado;Faixa de pedestre;Não há placas;30 km/h;2019
12/03/2019;12:35:00;SEM VÍTIMA;SANTO AMARO;AV GOVERNADOR AGAMENON MAGALHAES;CIDADE;COLISÃO;2;;;;;;;;0;;;;;;;;;;2019
12/03/2019;12:54:00;SEM VÍTIMA;SANTO ANTÔNIO;RUA DO SOL;;COLISÃO;1;;;;;1;;;0;;;;;;;;;;2019
12/03/2019;13:26:00;SEM VÍTIMA;CASA FORTE;AV DEZESSETE DE AGOSTO;SUBURBIO;ABALROAMENTO LONGITUDINAL;1;1;;;;;;;0;;Bom;Sem defeito;Perfeito estado;Seca;Perfeito estado;Não existe;R-6a;;2019
12/03/2019;13:26:00;SEM VÍTIMA;PINA;RUA SAO LUIZ;;COLISÃO;1;;;;1;;;;0;;;;;;;;;;2019
12/03/2019;14:34:00;COM VÍTIMA;TEJIPIÓ;AV DR JOSE RUFINO;CIDADE;ATROPELAMENTO;1;;;1;;;;;1;;Chuvoso;Sem defeito;Perfeito estado;Seca;Perfeito estado;Faixa de pedestre;Outras;40 km/h;2019
12/03/2019;14:37:00;SEM VÍTIMA;TEJIPIÓ;RUA TUTOIA;;COLISÃO COM CICLISTA;1;;1;;;;;;0;;;;;;;;;;2019
12/03/2019;15:15:00;SEM VÍTIMA;AREIAS;AV RECIFE;;ABALROAMENTO LONGITUDINAL;1;;;;1;;;;0;;Bom;Não existe;Perfeito estado;Seca;Perfeito estado;;Outras;60 km/h;2019
12/03/2019;15:52:00;SEM VÍTIMA;CORDEIRO;RUA GOMES TABORDA;CIDADE;ABALROAMENTO TRANSVERSAL;1;1;;;;;;;0;;Nublado;Não existe;;Seca;Perfeito estado;Não existe;Não há placas;;2019
12/03/2019;16:15:00;SEM VÍTIMA;CORDEIRO;AV GENERAL SAN MARTIN;SUBURBIO;ABALROAMENTO LONGITUDINAL;1;;;;1;;;;0;;;Sem defeito;Perfeito estado;Seca;Perfeito estado;Faixa de pedestre;Não há placas;;2019
12/03/2019;17:34:00;COM VÍTIMA;BEBERIBE;RUA DO ANIL;CIDADE;ATROPELAMENTO;1;;;1;;;;;1;;Bom;Não existe;Não existente;Seca;Perfeito estado;Não existe;Não há placas;;2019
12/03/2019;17:46:00;COM VÍTIMA;CASA AMARELA;RUA MAJOR NEREU GUERRA;SUBURBIO;ABALROAMENTO LONGITUDINAL;2;1;;;;;;;1;;Bom;Não existe;Não existente;Seca;Perfeito estado;Não existe;Placas Pare;;2019
12/03/2019;18:01:00;SEM VÍTIMA;BOA VIAGEM;RUA TENENTE DOMINGOS DE BRITO;;COLISÃO;2;;;;;;;;0;;;;;;;;;;2019
12/03/2019;18:04:00;SEM VÍTIMA;CASA AMARELA;RUA PADRE LEMOS;CIDADE;ABALROAMENTO LONGITUDINAL;2;1;;;;;;;0;;Bom;Não existe;Perfeito estado;Seca;Perfeito estado;Não existe;Outras;;2019
12/03/2019;18:25:00;COM VÍTIMA;BOMBA DO HEMETÉRIO;RUA DR EUDES COSTA;SUBURBIO;ABALROAMENTO LONGITUDINAL;1;1;;;;;;;1;;Bom;Não existe;Perfeito estado;Seca;Perfeito estado;Não existe;Não há placas;40 km/h;2019
12/03/2019;18:34:00;SEM VÍTIMA;BOA VIAGEM;AV FERNANDO SIMOES BARBOSA;SUBURBIO;ABALROAMENTO LONGITUDINAL;1;;;;1;;;;0;;Bom;Sem defeito;Perfeito estado;Seca;Perfeito estado;Não existe;Outras;60 km/h;2019
12/03/2019;19:55:00;SEM VÍTIMA;IPSEP;AV RECIFE;SUBURBIO;ABALROAMENTO LONGITUDINAL;2;;;;;;;;0;;Bom;Não existe;Ilegível;Seca;Mal iluminada;Não existe;Não há placas;60 km/h;2019
12/03/2019;20:45:00;SEM VÍTIMA;BOA VISTA;RUA JOSE DE ALENCAR;SUBURBIO;ABALROAMENTO LONGITUDINAL;2;;;;;;;;0;;Bom;Não existe;Perfeito estado;Seca;Perfeito estado;Não existe;Outras;;2019
12/03/2019;21:06:00;SEM VÍTIMA;AFOGADOS;EST DOS REMEDIOS;CIDADE;ABALROAMENTO LONGITUDINAL;1;;;;1;;;;0;;Bom;Não existe;Perfeito estado;Seca;Perfeito estado;Não existe;Outras;60 km/h;2019
12/03/2019;22:17:00;SEM VÍTIMA;JARDIM SÃO PAULO;AV SAO PAULO;SUBURBIO;ABALROAMENTO LONGITUDINAL;;1;;;1;;;;0;;Bom;Sem defeito;Perfeito estado;Seca;Perfeito estado;Faixa de pedestre;Não há placas;;2019
12/03/2019;22:52:00;SEM VÍTIMA;BOA VIAGEM;RUA DOS NAVEGANTES;SUBURBIO;ABALROAMENTO TRANSVERSAL;2;;;;;;;;0;;Bom;Não existe;Perfeito estado;Seca;Perfeito estado;Faixa de retenção;Outras;30 km/h;2019
12/03/2019;23:13:00;SEM VÍTIMA;ENGENHO DO MEIO;RUA ANTONIO BEZERRA;SUBURBIO;CHOQUE VEÍCULO PARADO;1;;;;;1;;;0;;Bom;Não existe;Não existente;Seca;Mal iluminada;Não existe;Não há placas;;2019
13/03/2019;03:38:00;COM VÍTIMA;IPSEP;RUA JEAN EMILE FAVRE;SUBURBIO;ABALROAMENTO TRANSVERSAL;1;;;;1;;;;1;;Chuvoso;Sem defeito;Ilegível;Molhada;Mal iluminada;Faixa de pedestre;Placas Pare;;2019
13/03/2019;05:22:00;SEM VÍTIMA;ESPINHEIRO;RUA DR BANDEIRA FILHO;SUBURBIO;ABALROAMENTO LONGITUDINAL;2;;;;;;;;0;;Bom;Não existe;Perfeito estado;Seca;Perfeito estado;Agente;Placas Pare;;2019
13/03/2019;05:38:00;SEM VÍTIMA;AFOGADOS;RUA DO ACRE;SUBURBIO;ABALROAMENTO TRANSVERSAL;1;;;;1;;;;0;;Bom;Não existe;Incompleta;Seca;Perfeito estado;Faixa de pedestre;Não há placas;;2019
13/03/2019;07:03:00;SEM VÍTIMA;IPSEP;AV RAIMUNDO DINIZ;SUBURBIO;ABALROAMENTO LONGITUDINAL;2;;;;;;;;0;;Bom;Não existe;Ilegível;Seca;Mal conservada;Não existe;Não há placas;;2019
13/03/2019;07:27:00;SEM VÍTIMA;ENCRUZILHADA;AV BEBERIBE;CIDADE;ABALROAMENTO LONGITUDINAL;1;1;;;;;;;0;;Bom;Sem defeito;Perfeito estado;Seca;Perfeito estado;Outros;R-6a;;2019
13/03/2019;07:39:00;SEM VÍTIMA;GRAÇAS;AV GOVERNADOR AGAMENON MAGALHAES;;COLISÃO TRASEIRA;1;1;;;;;;;0;;Bom;Sem defeito;Perfeito estado;Seca;Perfeito estado;Agente;Outras;60 km/h;2019
13/03/2019;07:46:00;SEM VÍTIMA;ESPINHEIRO;RUA DR FERNANDO ALLAIN;CIDADE;ABALROAMENTO LONGITUDINAL;2;;;;;;;;0;;Bom;Não existe;Não existente;Seca;Perfeito estado;Não existe;Outras;;2019
13/03/2019;07:57:00;SEM VÍTIMA;SANTO AMARO;AV GOVERNADOR AGAMENON MAGALHAES;CIDADE;COLISÃO TRASEIRA;3;;;;;;;;0;;Bom;Não existe;Perfeito estado;Seca;Perfeito estado;Não existe;Não há placas;60 km/h;2019
13/03/2019;08:15:00;SEM VÍTIMA;CORDEIRO;RUA CAPITAO JOAO ROMA;CIDADE;CHOQUE VEÍCULO PARADO;1;;;;;1;;;0;;Bom;Não existe;Não existente;Seca;Mal conservada;Não existe;Não há placas;;2019
13/03/2019;08:16:00;SEM VÍTIMA;ESPINHEIRO;RUA DR FERNANDO ALLAIN;CIDADE;ABALROAMENTO LONGITUDINAL;1;;;;;;1;;0;;Bom;Não existe;;Seca;Perfeito estado;Não existe;;;2019
13/03/2019;08:20:00;SEM VÍTIMA;BOA VIAGEM;AV BEIRA MAR;;COLISÃO TRASEIRA;2;;;;;;;;0;;Bom;Sem defeito;Perfeito estado;Seca;Perfeito estado;Não existe;Não há placas;;2019
13/03/2019;08:44:00;SEM VÍTIMA;BOA VIAGEM;RUA TENENTE DOMINGOS DE BRITO;SUBURBIO;COLISÃO TRASEIRA;2;;;;;;;;0;;Bom;Não existe;Perfeito estado;Seca;Perfeito estado;;Não há placas;;2019
13/03/2019;08:47:00;SEM VÍTIMA;CORDEIRO;RUA GOMES TABORDA;;ABALROAMENTO LONGITUDINAL;2;1;;;;;;;0;;Bom;Não existe;Perfeito estado;Seca;Perfeito estado;;R-6a;40 km/h;2019
13/03/2019;08:53:00;SEM VÍTIMA;ARRUDA;RUA MEM DE SA;SUBURBIO;ABALROAMENTO LONGITUDINAL;1;1;;;;;;;0;;Bom;Sem defeito;Perfeito estado;Seca;Perfeito estado;Não existe;Não há placas;;2019
13/03/2019;09:39:00;SEM VÍTIMA;AREIAS;AV DR JOSE RUFINO;SUBURBIO;ABALROAMENTO TRANSVERSAL;2;;;;;;;;0;;Bom;Não existe;Incompleta;Seca;Perfeito estado;Não existe;R-6a;;2019
13/03/2019;09:56:00;SEM VÍTIMA;SANTO AMARO;RUA JOAO FERNANDES VIEIRA;CIDADE;COLISÃO TRASEIRA;2;1;;;;;;;0;;Bom;Não existe;Perfeito estado;Seca;Perfeito estado;Faixa de pedestre;R-6a;;2019
13/03/2019;10:41:00;SEM VÍTIMA;DERBY;AV GOVERNADOR AGAMENON MAGALHAES;;ABALROAMENTO LONGITUDINAL;2;;;;;;;;0;;Bom;Sem defeito;Perfeito estado;Seca;Perfeito estado;Faixa de pedestre;Não há placas;;2019
13/03/2019;11:13:00;SEM VÍTIMA;BRASÍLIA TEIMOSA;RUA ALBACORA;SUBURBIO;ABALROAMENTO LONGITUDINAL;1;;;;;1;;;0;;Bom;Não existe;Não existente;Seca;Perfeito estado;Não existe;Não há placas;;2019
13/03/2019;11:15:00;SEM VÍTIMA;BAIRRO DO RECIFE;AV MILITAR;CIDADE;ABALROAMENTO LONGITUDINAL;1;;;;1;;;;0;;Bom;Não existe;Perfeito estado;Seca;Perfeito estado;Não existe;Outras;;2019
13/03/2019;11:45:00;SEM VÍTIMA;CASA AMARELA;RUA SURUBIM;CIDADE;ABALROAMENTO LONGITUDINAL;2;;;;;;;;0;;Bom;Não existe;Não existente;Seca;Perfeito estado;Não existe;Não há placas;;2019
13/03/2019;12:29:00;SEM VÍTIMA;ALTO DO MANDU;AV NORTE;SUBURBIO;ABALROAMENTO LONGITUDINAL;1;;;;1;;;;0;;Bom;Sem defeito;Perfeito estado;Seca;Perfeito estado;Faixa de pedestre;Outras;;2019
13/03/2019;12:37:00;SEM VÍTIMA;BOA VISTA;RUA DO PRINCIPE;;COLISÃO;2;;;;;;;;0;;;;;;;;;;2019
13/03/2019;14:06:00;COM VÍTIMA;BOA VIAGEM;AVENIDA CELSO FURTADO (VIA MANGUE);SUBURBIO;CHOQUE OBJETO FIXO;1;;;;;;;;1;;Bom;Não existe;Perfeito estado;Seca;Perfeito estado;Não existe;Não há placas;;2019
13/03/2019;15:16:00;COM VÍTIMA;BOA VISTA;RUA DA UNIAO;SUBURBIO;ABALROAMENTO LONGITUDINAL;1;1;;;;;;;1;;Bom;Não existe;Perfeito estado;Seca;Perfeito estado;Não existe;;;2019
13/03/2019;15:44:00;COM VÍTIMA;CASA FORTE;RUA AFONSO DE ALBUQUERQUE MELO;SUBURBIO;COLISÃO FRONTAL;1;1;;;;;;;1;;Bom;Não existe;Não existente;Seca;Perfeito estado;Não existe;Outras;;2019
13/03/2019;16:09:00;SEM VÍTIMA;JIQUIÁ;RUA SAO MIGUEL;CIDADE;COLISÃO TRASEIRA;2;1;;;;;;;0;;Bom;Não existe;Perfeito estado;Seca;Perfeito estado;Não existe;Não há placas;;2019
13/03/2019;16:35:00;SEM VÍTIMA;IMBIRIBEIRA;AV MARECHAL MASCARENHAS DE MORAES;CIDADE;ABALROAMENTO LONGITUDINAL;1;;;;1;;;;0;;Bom;Não existe;Perfeito estado;Seca;Perfeito estado;Agente;Não há placas;;2019
13/03/2019;16:37:00;SEM VÍTIMA;BOA VIAGEM;RUA SA E SOUZA;CIDADE;ABALROAMENTO LONGITUDINAL;1;;;;1;;;;0;;Bom;Não existe;Perfeito estado;Seca;Perfeito estado;Faixa de pedestre;R-6a;;2019
13/03/2019;16:40:00;SEM VÍTIMA;ILHA DO RETIRO;AV ENGENHEIRO ABDIAS DE CARVALHO;;COLISÃO;1;1;;;;;;;0;;Bom;Sem defeito;Perfeito estado;Seca;Perfeito estado;Agente;Não há placas;60 km/h;2019
13/03/2019;16:49:00;SEM VÍTIMA;TAMARINEIRA;EST DO ARRAIAL;SUBURBIO;ABALROAMENTO LONGITUDINAL;1;1;;;;;;;0;;Bom;Não existe;Perfeito estado;Seca;Perfeito estado;Não existe;R-6a;;2019
13/03/2019;17:17:00;SEM VÍTIMA;CASA AMARELA;EST DO ARRAIAL;;COLISÃO;1;1;;;;;;;0;;;;;;;;;;2019
13/03/2019;17:24:00;SEM VÍTIMA;PAISSANDU;RUA PAISSANDU;;COLISÃO;2;;;;;;;;0;;;;;;;;;;2019
13/03/2019;17:26:00;SEM VÍTIMA;TORRÕES;RUA ZUMBI DOS PALMARES;;CHOQUE VEÍCULO PARADO;;1;;;1;;;;0;;Bom;Não existe;Incompleta;Seca;Perfeito estado;Não existe;;;2019
13/03/2019;17:34:00;SEM VÍTIMA;SANTO AMARO;AV CRUZ CABUGA;SUBURBIO;ABALROAMENTO LONGITUDINAL;;1;;;2;;;;0;;Bom;Não existe;Perfeito estado;Seca;Perfeito estado;Não existe;Outras;;2019
13/03/2019;17:42:00;SEM VÍTIMA;VÁRZEA;AV PROFESSOR LUIZ FREIRE;;COLISÃO;1;1;;;;;;;0;;;;;;;;;;2019
13/03/2019;18:11:00;SEM VÍTIMA;GRAÇAS;RUA AMELIA;CIDADE;COLISÃO TRASEIRA;2;;;;;;;;0;;Bom;Não existe;Perfeito estado;Seca;Perfeito estado;Não existe;Não há placas;60 km/h;2019
13/03/2019;18:28:00;COM VÍTIMA;SANTO AMARO;AV GOVERNADOR AGAMENON MAGALHAES;;COLISÃO;1;1;;;;;;;1;;;;;;;;;;2019
13/03/2019;18:36:00;SEM VÍTIMA;SAN MARTIN;RUA DELMIRO GOUVEIA;CIDADE;ABALROAMENTO LONGITUDINAL;2;;;;;;;;0;;Bom;;Perfeito estado;Seca;Perfeito estado;;Placas Pare;;2019
13/03/2019;18:55:00;SEM VÍTIMA;IPSEP;RUA JEAN EMILE FAVRE;;COLISÃO;2;;;;;;;;0;;;;;;;;;;2019
13/03/2019;20:14:00;SEM VÍTIMA;BOA VIAGEM;RUA SYLO BITTENCOURT;CIDADE;ABALROAMENTO LONGITUDINAL;1;;;;;1;;;0;;Bom;Não existe;Não existente;Seca;Mal conservada;Não existe;Não há placas;;2019
13/03/2019;20:52:00;SEM VÍTIMA;BOMBA DO HEMETÉRIO;RUA BOMBA DO HEMETERIO;SUBURBIO;COLISÃO TRASEIRA;1;;;;1;;;;0;;Bom;;Perfeito estado;Seca;Perfeito estado;Não existe;Outras;;2019