data;hora;natureza_acidente;bairro;endereco;sentido_via;tipo;auto;moto;ciclista;pedestre;onibus;caminhao;viatura;outros;vitimas;vitimasfatais;tempo_clima;situacao_semaforo;sinalizacao;condicao_via;conservacao_via;ponto_controle;situacao_placa;velocidade_max_via;ano
13/03/2019;21:03:00;SEM VÍTIMA;GRAÇAS;AV CONS ROSA E SILVA;SUBURBIO;ABALROAMENTO LONGITUDINAL;1;;;;;;;1;0;;Bom;;Perfeito estado;Seca;Perfeito estado;;;;2019
13/03/2019;21:27:00;SEM VÍTIMA;ARRUDA;AV BEBERIBE;SUBURBIO;ABALROAMENTO LONGITUDINAL;2;;;;;;;;0;;Bom;Sem defeito;Perfeito estado;Seca;Perfeito estado;Não existe;Não há placas;;2019
13/03/2019;21:30:00;SEM VÍTIMA;MADALENA;AV ENGENHEIRO ABDIAS DE CARVALHO;SUBURBIO;ABALROAMENTO LONGITUDINAL;2;;;;;;;;0;;Bom;Sem defeito;Perfeito estado;Seca;Perfeito estado;Faixa de pedestre;;;2019
13/03/2019;21:35:00;SEM VÍTIMA;CASA AMARELA;EST DO ARRAIAL;SUBURBIO;ABALROAMENTO LONGITUDINAL;1;;;;1;;;;0;;Bom;Não existe;Perfeito estado;Seca;Perfeito estado;;Não há placas;;2019
13/03/2019;22:30:00;SEM VÍTIMA;PORTO DA MADEIRA;AV BEBERIBE;CIDADE;ABALROAMENTO LONGITUDINAL;1;;;;1;;;;0;;Bom;Não existe;Perfeito estado;Seca;Perfeito estado;Não existe;;50 km/h;2019
14/03/2019;07:42:00;SEM VÍTIMA;DERBY;AV GOVERNADOR AGAMENON MAGALHAES;;COLISÃO TRASEIRA;3;;;;;;;;0;;Bom;Sem defeito;Perfeito estado;Seca;Perfeito estado;Agente;;60 km/h;2019
14/03/2019;07:54:00;SEM VÍTIMA;ENGENHO DO MEIO;RUA LINDOLFO COLOR;CIDADE;COLISÃO TRASEIRA;2;;;;;;;;0;;Bom;Não existe;Não existente;Seca;Perfeito estado;Não existe;Não há placas;;2019
14/03/2019;08:43:00;SEM VÍTIMA;IPSEP;RUA ALAGOAS;SUBURBIO;ABALROAMENTO LONGITUDINAL;2;;;;;;;;0;;Bom;Não existe;Não existente;Molhada;Mal conservada;Não existe;Não há placas;;2019
14/03/2019;08:58:00;COM VÍTIMA;CAMPO GRANDE;EST DE BELEM;SUBURBIO;COLISÃO FRONTAL;;1;;;;1;;;1;;Bom;Sem defeito;Perfeito estado;Seca;Perfeito estado;Faixa de pedestre;Outras;;2019
14/03/2019;10:23:00;SEM VÍTIMA;TORRÕES;AV ENGENHEIRO ABDIAS DE CARVALHO;;COLISÃO;2;;;;;;;;0;;;;;;;;;;2019
14/03/2019;10:43:00;SEM VÍTIMA;NOVA DESCOBERTA;RUA ALTO DA BRASILEIRA;SUBURBIO;CHOQUE VEÍCULO PARADO;1;;;;;1;;;0;;Bom;Não existe;Perfeito estado;Seca;Perfeito estado;Não existe;Outras;30 km/h;2019
14/03/2019;12:12:00;SEM VÍTIMA;CASA FORTE;RUA AMARAJI;;CHOQUE VEÍCULO PARADO;1;;;;;1;;;0;;Bom;Sem defeito;Perfeito estado;Seca;Perfeito estado;Não existe;Outras;;2019
14/03/2019;12:14:00;SEM VÍTIMA;MADALENA;AV CAXANGA;SUBURBIO;CHOQUE VEÍCULO PARADO;2;;;;;;;;0;;Bom;;;;;Não existe;Não há placas;;2019
14/03/2019;12:17:00;SEM VÍTIMA;PAISSANDU;AV GOVERNADOR AGAMENON MAGALHAES;;COLISÃO TRASEIRA;1;;;;;1;;;0;;Bom;Não existe;Perfeito estado;Seca;Perfeito estado;;;60 km/h;2019
14/03/2019;12:18:00;SEM VÍTIMA;AFOGADOS;RUA VINTE E UM DE ABRIL;;COLISÃO FRONTAL;3;;;;;;;;0;;Bom;Sem defeito;Perfeito estado;Seca;Perfeito estado;Não existe;Outras;;2019
14/03/2019;12:49:00;SEM VÍTIMA;BOA VIAGEM;RUA PROFESSOR JOAO MEDEIROS;CIDADE;ABALROAMENTO LONGITUDINAL;1;;;;1;;;;0;;Bom;Sem defeito;Perfeito estado;Seca;Perfeito estado;Não existe;Não há placas;;2019
14/03/2019;12:51:00;SEM VÍTIMA;SANTO AMARO;AV GOVERNADOR AGAMENON MAGALHAES;SUBURBIO;COLISÃO TRASEIRA;2;;;;;;;;0;;Bom;Sem defeito;Perfeito estado;Seca;Perfeito estado;Agente;Não há placas;60 km/h;2019
14/03/2019;13:01:00;SEM VÍTIMA;BOA VISTA;PRC PARQUE AMORIM;SUBURBIO;ABALROAMENTO LONGITUDINAL;1;;;;1;;;;0;;Bom;Sem defeito;Perfeito estado;Seca;Perfeito estado;Faixa de pedestre;Não há placas;;2019
14/03/2019;13:23:00;COM VÍTIMA;ALTO SANTA TERESINHA;AV ANIBAL BENEVOLO;CIDADE;COLISÃO FRONTAL;1;1;;;;;;;1;;Bom;Não existe;Não existente;Seca;Perfeito estado;Não existe;Não há placas;30 km/h;2019
14/03/2019;13:44:00;SEM VÍTIMA;BOA VISTA;RUA JOAO FERNANDES VIEIRA;SUBURBIO;ABALROAMENTO LONGITUDINAL;1;;;;1;;;;0;;Bom;Sem defeito;Não existente;Seca;Perfeito estado;Não existe;Não há placas;;2019
14/03/2019;13:48:00;SEM VÍTIMA;CABANGA;AV SUL;CIDADE;ABALROAMENTO TRANSVERSAL;2;;;;;;;;0;;Bom;Sem defeito;Perfeito estado;Seca;Perfeito estado;Não existe;Não há placas;;2019
14/03/2019;14:07:00;SEM VÍTIMA;BOA VIAGEM;AVENIDA CELSO FURTADO (VIA MANGUE);CIDADE;ABALROAMENTO LONGITUDINAL;1;;;;;1;;;0;;Bom;Não existe;Perfeito estado;Seca;Perfeito estado;;;60 km/h;2019
14/03/2019;14:28:00;SEM VÍTIMA;BAIRRO DO RECIFE;CAIS DO APOLO;SUBURBIO;ABALROAMENTO LONGITUDINAL;2;;;;;;;;0;;Bom;Sem defeito;Perfeito estado;Seca;Perfeito estado;Faixa de pedestre;Outras;;2019
14/03/2019;14:50:00;SEM VÍTIMA;PINA;AV BRASILIA FORMOSA;SUBURBIO;ABALROAMENTO TRANSVERSAL;1;;;;1;;;;0;;Bom;Não existe;Perfeito estado;Seca;Perfeito estado;Não existe;Não há placas;;2019
14/03/2019;15:43:00;SEM VÍTIMA;IMBIRIBEIRA;AV MARECHAL MASCARENHAS DE MORAES;SUBURBIO;COLISÃO TRASEIRA;2;;;;;;;;0;;Bom;Sem defeito;Perfeito estado;Seca;Perfeito estado;Faixa de pedestre;R-6a;;2019
14/03/2019;17:26:00;SEM VÍTIMA;PAISSANDU;RUA PAISSANDU;SUBURBIO;COLISÃO TRASEIRA;4;;;;;;;;0;;Bom;Sem defeito;Perfeito estado;Seca;Perfeito estado;;Não há placas;;2019
14/03/2019;17:32:00;SEM VÍTIMA;IMBIRIBEIRA;AV MARECHAL MASCARENHAS DE MORAES;SUBURBIO;ABALROAMENTO LONGITUDINAL;1;1;;;;1;;;0;;Bom;Sem defeito;Perfeito estado;Seca;Perfeito estado;Não existe;Não há placas;;2019
14/03/2019;17:39:00;COM VÍTIMA;JARDIM SÃO PAULO;AV LIBERDADE;SUBURBIO;ABALROAMENTO LONGITUDINAL;1;1;;;;;;;1;;Bom;Não existe;;Seca;Outros;Não existe;Outras;;2019
14/03/2019;18:37:00;SEM VÍTIMA;DOIS IRMÃOS;RUA DOIS IRMAOS;SUBURBIO;ABALROAMENTO LONGITUDINAL;2;;;;;;;;0;;Bom;Não existe;Perfeito estado;Seca;Perfeito estado;;Não há placas;40 km/h;2019
14/03/2019;18:59:00;SEM VÍTIMA;;AV GOVERNADOR AGAMENON MAGALHAES;SUBURBIO;ABALROAMENTO LONGITUDINAL;2;;;;;;;;0;;Bom;Sem defeito;Perfeito estado;Seca;Perfeito estado;Agente;Não há placas;60 km/h;2019
14/03/2019;19:20:00;COM VÍTIMA;CAMPO GRANDE;RUA MARQUES DE BAIPENDI;CIDADE;ABALROAMENTO TRANSVERSAL;1;;;;;;;;1;;Bom;Não existe;Não existente;Seca;Perfeito estado;Não existe;Não há placas;;2019
14/03/2019;19:23:00;SEM VÍTIMA;CAXANGÁ;AV CAXANGA;SUBURBIO;ABALROAMENTO LONGITUDINAL;2;;;;;;;;0;;Bom;Sem defeito;Perfeito estado;Seca;Perfeito estado;Não existe;Não há placas;60 km/h;2019
14/03/2019;20:28:00;SEM VÍTIMA;AFOGADOS;RUA SAO MIGUEL;CIDADE;ABALROAMENTO TRANSVERSAL;1;;;;1;;;;0;;Bom;Não existe;Perfeito estado;Seca;Perfeito estado;Não existe;Outras;;2019
14/03/2019;21:12:00;COM VÍTIMA;ENCRUZILHADA;AV BEBERIBE;SUBURBIO;ABALROAMENTO TRANSVERSAL;;2;;;;;;;2;;Bom;Sem defeito;Perfeito estado;Outros;Mal conservada;Faixa de pedestre;Não há placas;60 km/h;2019
14/03/2019;21:46:00;SEM VÍTIMA;DERBY;AV GOVERNADOR AGAMENON MAGALHAES;SUBURBIO;COLISÃO TRASEIRA;2;;;;;;;;0;;Bom;Sem defeito;Perfeito estado;Seca;Perfeito estado;Outros;Não há placas;;2019
14/03/2019;23:40:00;SEM VÍTIMA;CASA FORTE;EST DAS UBAIAS,;SUBURBIO;ABALROAMENTO LONGITUDINAL;1;;;;1;;;;0;;Bom;Não existe;Ilegível;Seca;Mal iluminada;Não existe;Não há placas;;2019
15/03/2019;02:04:00;SEM VÍTIMA;NOVA DESCOBERTA;RUA BETINHA;;CHOQUE VEÍCULO PARADO;2;;;;;;;;0;;;;;;;;;;2019
15/03/2019;07:06:00;SEM VÍTIMA;AFOGADOS;AV SUL;CIDADE;ABALROAMENTO TRANSVERSAL;2;;;;;;;;0;;Bom;Não existe;Perfeito estado;Seca;Perfeito estado;Não existe;Não há placas;;2019
15/03/2019;07:08:00;SEM VÍTIMA;BOA VIAGEM;AV CONSELHEIRO AGUIAR;CIDADE;ABALROAMENTO LONGITUDINAL;2;;;;;;;;0;;Bom;Sem defeito;Perfeito estado;Seca;Perfeito estado;Faixa de pedestre;R-6a;60 km/h;2019
15/03/2019;07:28:00;SEM VÍTIMA;ILHA DO LEITE;AV BEIRA RIO;SUBURBIO;COLISÃO TRASEIRA;1;1;;;;;;;0;;Bom;Não existe;Perfeito estado;Seca;Perfeito estado;Faixa de pedestre;;;2019
15/03/2019;07:37:00;SEM VÍTIMA;SANTO ANTÔNIO;AV DANTAS BARRETO;CIDADE;ABALROAMENTO TRANSVERSAL;1;;;;1;;;;0;;Nublado;Sem defeito;Perfeito estado;Seca;Perfeito estado;Faixa de pedestre;Outras;;2019
15/03/2019;07:47:00;SEM VÍTIMA;PRADO;RUA PANDIA CALOGERAS;CIDADE;ABALROAMENTO LONGITUDINAL;1;;;;;1;;;0;;Bom;Não existe;Incompleta;Seca;Perfeito estado;Outros;Outras;;2019
15/03/2019;07:54:00;SEM VÍTIMA;AFOGADOS;AV SUL;CIDADE;ABALROAMENTO LONGITUDINAL;2;;;;;;;;0;;Bom;Sem defeito;Perfeito estado;Seca;Perfeito estado;Não existe;Não há placas;;2019
15/03/2019;08:01:00;SEM VÍTIMA;BEBERIBE;PRC DA CONVENCAO;SUBURBIO;ABALROAMENTO LONGITUDINAL;1;1;;;;;;;0;;Bom;Não existe;Perfeito estado;Seca;Perfeito estado;Não existe;R-6a;;2019
15/03/2019;08:13:00;SEM VÍTIMA;ILHA DO RETIRO;AV BEIRA RIO;SUBURBIO;ABALROAMENTO LONGITUDINAL;1;;;;;1;;;0;;Bom;Não existe;Perfeito estado;Seca;Perfeito estado;Não existe;R-6a;;2019
15/03/2019;08:40:00;COM VÍTIMA;CAXANGÁ;AV CAXANGA;CIDADE;ATROPELAMENTO;;1;;1;;;;;1;;;;;;;;;;2019
15/03/2019;09:32:00;SEM VÍTIMA;TEJIPIÓ;AV DR JOSE RUFINO;CIDADE;ABALROAMENTO LONGITUDINAL;2;;;;;;;;0;;Bom;Sem defeito;Perfeito estado;Seca;Perfeito estado;Faixa de pedestre;Outras;;2019
15/03/2019;09:38:00;SEM VÍTIMA;AFOGADOS;RUA CORONEL ALFREDO DUARTE;;COLISÃO;1;;;;;;1;;0;;;;;;;;;;2019
15/03/2019;09:44:00;SEM VÍTIMA;BOA VIAGEM;RUA VISCONDE DE JEQUITINHONHA;CIDADE;ABALROAMENTO LONGITUDINAL;2;;;;;;;;0;;Bom;Sem defeito;Perfeito estado;Seca;Perfeito estado;Agente;Não há placas;;2019
15/03/2019;09:49:00;COM VÍTIMA;TAMARINEIRA;RUA CONEGO BARATA;SUBURBIO;COLISÃO TRASEIRA;2;1;;;;;;;1;;Bom;Sem defeito;Perfeito estado;Seca;Perfeito estado;Faixa de pedestre;R-6a;;2019
15/03/2019;09:57:00;SEM VÍTIMA;AFOGADOS;AV SUL;;ABALROAMENTO LONGITUDINAL;1;;;;;1;;;0;;Bom;Não existe;Incompleta;Seca;Perfeito estado;Não existe;Não há placas;;2019
15/03/2019;09:59:00;SEM VÍTIMA;ESPINHEIRO;RUA MARQUES DO PARANA;;ABALROAMENTO LONGITUDINAL;2;;;;;;;;0;;Bom;Não existe;Não existente;Seca;Perfeito estado;Não existe;R-6a;;2019
15/03/2019;10:05:00;SEM VÍTIMA;AFOGADOS;RUA SAO MIGUEL;;COLISÃO;2;;;;;;;;0;;;;;;;;;;2019
15/03/2019;10:05:00;SEM VÍTIMA;BOA VIAGEM;RUA BARAO DE SOUZA LEAO;;ABALROAMENTO TRANSVERSAL;2;;;;;;;;0;;Bom;Sem defeito;Incompleta;Seca;Perfeito estado;;Não há placas;40 km/h;2019
15/03/2019;10:12:00;SEM VÍTIMA;ILHA DO RETIRO;EST DOS REMEDIOS;;COLISÃO TRASEIRA;2;;;;;;;;0;;Bom;Não existe;Perfeito estado;Seca;Perfeito estado;Não existe;R-6a;;2019
15/03/2019;10:13:00;SEM VÍTIMA;COELHOS;LGO DOS COELHOS;;COLISÃO;2;;;;;;;;0;;;;;;;;;;2019
15/03/2019;10:41:00;SEM VÍTIMA;COELHOS;LGO DOS COELHOS;;COLISÃO;2;;;;;;;;0;;;;;;;;;;2019
15/03/2019;11:11:00;SEM VÍTIMA;VÁRZEA;AV CAXANGA;SUBURBIO;ABALROAMENTO LONGITUDINAL;1;1;;;;;;;0;;Bom;Sem defeito;Perfeito estado;Seca;Perfeito estado;Faixa de pedestre;;;2019
15/03/2019;11:27:00;SEM VÍTIMA;CASA AMARELA;RUA XAVANTES;;COLISÃO;2;;;;;;;;0;;;;;;;;;;2019
15/03/2019;11:49:00;SEM VÍTIMA;ENGENHO DO MEIO;RUA ANTONIO CURADO;SUBURBIO;COLISÃO TRASEIRA;2;;;;;;;;0;;Bom;Não existe;Não existente;Seca;Perfeito estado;Não existe;Não há placas;;2019
15/03/2019;12:06:00;SEM VÍTIMA;AFOGADOS;RUA IMPERIAL;SUBURBIO;ABALROAMENTO LONGITUDINAL;1;1;;;;;;;0;;Bom;Não existe;Perfeito estado;Seca;Perfeito estado;Não existe;R-6a;;2019
15/03/2019;12:08:00;SEM VÍTIMA;CAXANGÁ;AV CAXANGA;;COLISÃO;1;1;;;;;;;0;;;;;;;;;;2019
15/03/2019;12:30:00;SEM VÍTIMA;SANTO ANTÔNIO;AV MARTINS DE BARROS;;ABALROAMENTO TRANSVERSAL;1;1;;;;;;;0;;Bom;Sem defeito;Perfeito estado;Seca;Perfeito estado;Faixa de pedestre;Não há placas;;2019
15/03/2019;12:45:00;SEM VÍTIMA;ARRUDA;RUA DAS MOCAS;SUBURBIO;ABALROAMENTO LONGITUDINAL;1;;;;;1;;;0;;Bom;Não existe;Perfeito estado;Seca;Perfeito estado;Faixa de retenção;Placas Pare;30 km/h;2019
15/03/2019;13:10:00;SEM VÍTIMA;PARNAMIRIM;AV DEZESSETE DE AGOSTO;SUBURBIO;ABALROAMENTO LONGITUDINAL;1;;;;1;;;;0;;Bom;Não existe;Perfeito estado;Seca;Perfeito estado;Não existe;R-6a;;2019
15/03/2019;13:20:00;SEM VÍTIMA;CÓRREGO DO JENIPAPO;RUA ERUNDINA NEGREIROS DE ARAUJO;SUBURBIO;CHOQUE VEÍCULO PARADO;1;1;;;;;;;0;;Bom;Não existe;Não existente;Seca;Mal conservada;Não existe;Não há placas;;2019
15/03/2019;13:25:00;SEM VÍTIMA;IBURA;AV DOIS RIOS;;COLISÃO;1;1;;;;;;;0;;;;;;;;;;2019
15/03/2019;13:26:00;SEM VÍTIMA;IMBIRIBEIRA;AV MARECHAL MASCARENHAS DE MORAES;SUBURBIO;ABALROAMENTO LONGITUDINAL;2;;;;;;;;0;;Bom;Sem defeito;Perfeito estado;Seca;Perfeito estado;;Outras;;2019
15/03/2019;13:34:00;COM VÍTIMA;MADALENA;RUA BENFICA;CIDADE;ABALROAMENTO LONGITUDINAL;1;1;;;;;;;1;;Bom;Sem defeito;Perfeito estado;Seca;Perfeito estado;;Placas Pare;;2019
15/03/2019;13:40:00;SEM VÍTIMA;BAIRRO DO RECIFE;CAIS DO APOLO;CIDADE;COLISÃO TRASEIRA;2;;;;;;;;0;;Bom;Sem defeito;Perfeito estado;Seca;Perfeito estado;Agente;Outras;;2019
15/03/2019;14:24:00;SEM VÍTIMA;PRADO;RUA SANTA EDWIRGES;CIDADE;ABALROAMENTO TRANSVERSAL;2;;;;;;;;0;;Bom;Não existe;Não existente;Seca;Perfeito estado;Não existe;Não há placas;;2019
15/03/2019;14:49:00;SEM VÍTIMA;ESPINHEIRO;RUA CONS PORTELA;CIDADE;ABALROAMENTO TRANSVERSAL;1;;;;1;;;;0;;Bom;Sem defeito;Perfeito estado;Seca;Perfeito estado;Faixa de pedestre;R-6a;;2019
15/03/2019;15:16:00;COM VÍTIMA;CASA FORTE;AV DEZESSETE DE AGOSTO;CIDADE;ABALROAMENTO LONGITUDINAL;3;;;;;;;;2;;Bom;Não existe;Perfeito estado;Seca;Perfeito estado;Não existe;R-6a;60 km/h;2019
15/03/2019;15:49:00;SEM VÍTIMA;CASA AMARELA;RUA MAJOR NEREU GUERRA;SUBURBIO;ABALROAMENTO LONGITUDINAL;1;1;;;;;;;0;;Bom;Não existe;Perfeito estado;Seca;Perfeito estado;Não existe;R-33;;2019
15/03/2019;15:50:00;SEM VÍTIMA;PRADO;RUA MANOEL DE ARRUDA CAMARA;SUBURBIO;COLISÃO TRASEIRA;1;;;;1;;;;0;;Bom;Sem defeito;Perfeito estado;Seca;Perfeito estado;Faixa de pedestre;Não há placas;;2019
15/03/2019;16:27:00;SEM VÍTIMA;SANTO AMARO;AV CRUZ CABUGA;;COLISÃO;1;;;;1;;;;0;;;;;;;;;;2019
15/03/2019;16:36:00;SEM VÍTIMA;JORDÃO;AV MARIA IRENE;;COLISÃO;1;1;;;;;;;0;;;;;;;;;;2019
15/03/2019;16:52:00;SEM VÍTIMA;TORRÕES;AV ENGENHEIRO ABDIAS DE CARVALHO;;COLISÃO TRASEIRA;1;1;;;;;;;0;;Bom;Sem defeito;Perfeito estado;Seca;Perfeito estado;Faixa de pedestre;Outras;60 km/h;2019
15/03/2019;17:01:00;SEM VÍTIMA;SÃO JOSÉ;C SANTA RITA;CIDADE;COLISÃO TRASEIRA;2;;;;;;;;0;;Bom;Sem defeito;Perfeito estado;Seca;Perfeito estado;Faixa de pedestre;Outras;60 km/h;2019
15/03/2019;17:04:00;SEM VÍTIMA;BOA VIAGEM;AV FERNANDO SIMOES BARBOSA;;COLISÃO;1;;;;;1;;;0;;;;;;;;;;2019
15/03/2019;17:06:00;COM VÍTIMA;VASCO DA GAMA;RUA VASCO DA GAMA;SUBURBIO;ATROPELAMENTO;;;;1;1;;;;1;;Bom;Não existe;Perfeito estado;Seca;Perfeito estado;Não existe;Outras;;2019
15/03/2019;17:41:00;SEM VÍTIMA;IMBIRIBEIRA;AV MARECHAL MASCARENHAS DE MORAES;;COLISÃO;2;;;;;;;;0;;;;;;;;;;2019
15/03/2019;17:45:00;SEM VÍTIMA;TORRE;RUA ANA NERY;SUBURBIO;ABALROAMENTO LONGITUDINAL;1;1;;;;;;;0;;Bom;Não existe;Perfeito estado;Seca;Perfeito estado;Outros;Outras;60 km/h;2019
15/03/2019;17:52:00;SEM VÍTIMA;BEBERIBE;PRC DA CONVENCAO;;COLISÃO;1;;;;1;;;;0;;;;;;;;;;2019
15/03/2019;18:31:00;SEM VÍTIMA;IMBIRIBEIRA;AV MARECHAL MASCARENHAS DE MORAES;SUBURBIO;ABALROAMENTO LONGITUDINAL;1;;;;1;;;;0;;Bom;Sem defeito;Perfeito estado;Seca;Perfeito estado;;Não há placas;;2019
15/03/2019;18:39:00;SEM VÍTIMA;DOIS IRMÃOS;RUA DOIS IRMAOS;SUBURBIO;COLISÃO COM CICLISTA;1;;1;;;;;;0;;Bom;Não existe;Perfeito estado;Seca;Perfeito estado;Não existe;Outras;;2019
15/03/2019;18:56:00;SEM VÍTIMA;BOA VIAGEM;AV ENGENHEIRO DOMINGOS FERREIRA;;COLISÃO;2;;;;;;;;0;;;;;;;;;;2019
15/03/2019;19:54:00;SEM VÍTIMA;MUSTARDINHA;RUA CELIA;CIDADE;ABALROAMENTO LONGITUDINAL;1;;;;;;;;0;;Bom;Não existe;Perfeito estado;Seca;Perfeito estado;Não existe;Não há placas;;2019
15/03/2019;19:58:00;SEM VÍTIMA;MADALENA;RUA BENFICA;SUBURBIO;ABALROAMENTO LONGITUDINAL;2;;;;;;;;0;;Bom;;Perfeito estado;Seca;Perfeito estado;Não existe;R-6a;;2019
15/03/2019;21:51:00;COM VÍTIMA;SÃO JOSÉ;C SANTA RITA;;ATROPELAMENTO;;;;1;1;;;;1;;Bom;Sem defeito;Perfeito estado;Seca;Perfeito estado;Não existe;Não há placas;10 km/h;2019
15/03/2019;22:08:00;SEM VÍTIMA;CORDEIRO;AV ENGENHEIRO ABDIAS DE CARVALHO;SUBURBIO;ABALROAMENTO LONGITUDINAL;2;;;;;;;;0;;Bom;Sem defeito;Perfeito estado;Seca;Perfeito estado;;Não há placas;;2019
16/03/2019;00:39:00;SEM VÍTIMA;SÃO JOSÉ;RUA IMPERIAL;SUBURBIO;ABALROAMENTO TRANSVERSAL;2;;;;;;;;0;;Bom;Sem defeito;Ilegível;Seca;Perfeito estado;;Outras;40 km/h;2019
16/03/2019;02:05:00;COM VÍTIMA;BOA VIAGEM;RUA SA E SOUZA;CIDADE;COLISÃO TRASEIRA;1;1;;;;;;;1;;Bom;Não existe;Perfeito estado;Seca;Perfeito estado;Não existe;Não há placas;;2019
16/03/2019;03:33:00;SEM VÍTIMA;GRAÇAS;AV CONS ROSA E SILVA;SUBURBIO;ABALROAMENTO TRANSVERSAL;2;;;;;;;;0;;;Sem defeito;Perfeito estado;Molhada;Perfeito estado;Faixa de pedestre;Não há placas;;2019
16/03/2019;05:20:00;SEM VÍTIMA;IMBIRIBEIRA;AV MARECHAL MASCARENHAS DE MORAES;SUBURBIO;ABALROAMENTO LONGITUDINAL;1;;;;1;;;;0;;Bom;Sem defeito;Perfeito estado;Seca;Perfeito estado;;Outras;;2019
16/03/2019;07:27:00;SEM VÍTIMA;IMBIRIBEIRA;AV MARECHAL MASCARENHAS DE MORAES;PRAZERES;COLISÃO;2;;;;;;;;0;;;;;;;;;;2019
16/03/2019;08:23:00;SEM VÍTIMA;CURADO;AV LIBERDADE;CIDADE;COLISÃO TRASEIRA;1;;;;;1;;;0;;Bom;Sem defeito;Perfeito estado;Seca;Perfeito estado;Não existe;Placas Pare;;2019
16/03/2019;08:30:00;COM VÍTIMA;PONTO DE PARADA;AV BEBERIBE;SUBURBIO;ABALROAMENTO TRANSVERSAL;1;1;;;;;;;1;;Bom;Sem defeito;Perfeito estado;Seca;Perfeito estado;Não existe;Não há placas;;2019
16/03/2019;09:49:00;SEM VÍTIMA;CASA FORTE;AV DEZESSETE DE AGOSTO;;COLISÃO FRONTAL;2;;;;;;;;0;;Bom;Sem defeito;Perfeito estado;Seca;Perfeito estado;Faixa de pedestre;Placas Dê a preferência;;2019
16/03/2019;10:06:00;SEM VÍTIMA;POÇO DA PANELA;RUA MARIA DA PAZ;CIDADE;ABALROAMENTO TRANSVERSAL;1;1;;;;;;;0;;Bom;Não existe;Perfeito estado;Seca;Perfeito estado;Não existe;Outras;;2019
16/03/2019;10:45:00;SEM VÍTIMA;FUNDÃO;AV BEBERIBE;CIDADE;COLISÃO;1;;;;;1;;;0;;;;;;;;;;2019
16/03/2019;10:48:00;SEM VÍTIMA;AREIAS;AV DR JOSE RUFINO;;COLISÃO;1;;;;1;;;;0;;;;;;;;;;2019
16/03/2019;12:57:00;SEM VÍTIMA;SÃO JOSÉ;AV MARTINS DE BARROS;CIDADE;COLISÃO;1;1;;;;;;;0;;;;;;;;;;2019
16/03/2019;12:57:00;SEM VÍTIMA;IPSEP;AV RECIFE;;CHOQUE;4;;;;;;;;0;;;;;;;;;;2019
16/03/2019;14:02:00;SEM VÍTIMA;DERBY;PRC DO DERBY;;COLISÃO;2;;;;;;;;0;;;;;;;;;;2019
16/03/2019;14:47:00;SEM VÍTIMA;BOA VIAGEM;AV ENGENHEIRO DOMINGOS FERREIRA;;COLISÃO;1;1;;;;;;;0;;;;;;;;;;2019
16/03/2019;14:57:00;SEM VÍTIMA;CASA FORTE;RUA PROFESSOR ALVARO LIMA;;COLISÃO;2;;;;;;;;0;;;;;;;;;;2019
16/03/2019;15:34:00;SEM VÍTIMA;ESTÂNCIA;AV DR JOSE RUFINO;CIDADE;COLISÃO TRASEIRA;2;;;;;;;;0;;Bom;Sem defeito;Perfeito estado;Seca;Perfeito estado;Faixa de pedestre;Outras;60 km/h;2019
16/03/2019;16:15:00;SEM VÍTIMA;SANTO ANTÔNIO;PRC DA REPUBLICA;CIDADE;COLISÃO TRASEIRA;2;;;;;;;;0;;Bom;Não existe;Perfeito estado;Seca;Perfeito estado;Não existe;Outras;;2019
16/03/2019;16:43:00;SEM VÍTIMA;SANTO AMARO;RUA TREZE DE MAIO;SUBURBIO;CHOQUE VEÍCULO PARADO;1;;;;;1;;;0;;Bom;Sem defeito;Perfeito estado;Seca;Perfeito estado;Não existe;Outras;;2019
16/03/2019;16:54:00;SEM VÍTIMA;IPUTINGA;RUA PROFESSOR JULIO OLIVEIRA;SUBURBIO;ABALROAMENTO LONGITUDINAL;1;;;;;1;;1;0;;Bom;Não existe;Perfeito estado;Seca;Perfeito estado;Não existe;Não há placas;;2019
16/03/2019;17:18:00;SEM VÍTIMA;AFOGADOS;LARGO DA PAZ;;COLISÃO;2;;;;;;;;0;;;;;;;;;;2019
16/03/2019;17:32:00;COM VÍTIMA;TORRE;RUA DOM MANOEL DA COSTA;CIDADE;CHOQUE VEÍCULO PARADO;1;1;;;;;;;2;;Bom;Não existe;Perfeito estado;Seca;Perfeito estado;Não existe;R-6a;;2019
16/03/2019;17:44:00;SEM VÍTIMA;ALTO JOSÉ BONIFÁCIO;RUA ALTO DA SERRINHA;SUBURBIO;ABALROAMENTO LONGITUDINAL;1;;;;1;;;;0;;Bom;Não existe;Perfeito estado;Seca;Perfeito estado;Não existe;Não há placas;40 km/h;2019
16/03/2019;18:57:00;SEM VÍTIMA;ARRUDA;RUA SAO BENTO;SUBURBIO;ABALROAMENTO LONGITUDINAL;1;;;;1;;;;0;;Bom;Sem defeito;Perfeito estado;Seca;Perfeito estado;Faixa de pedestre;R-6a;30 km/h;2019
16/03/2019;19:29:00;COM VÍTIMA;IPUTINGA;RUA MAURICIO DE NASSAU;SUBURBIO;ABALROAMENTO LONGITUDINAL;1;1;;;;;;;1;;Bom;Não existe;;Seca;Perfeito estado;;Não há placas;;2019