data;hora;natureza_acidente;bairro;endereco;sentido_via;tipo;auto;moto;ciclista;pedestre;onibus;caminhao;viatura;outros;vitimas;vitimasfatais;tempo_clima;situacao_semaforo;sinalizacao;condicao_via;conservacao_via;ponto_controle;situacao_placa;velocidade_max_via;ano
16/03/2019;20:27:00;SEM VÍTIMA;ARRUDA;AV BEBERIBE;;COLISÃO TRASEIRA;2;;;;;;;;0;;Bom;Sem defeito;Perfeito estado;Seca;Perfeito estado;Faixa de pedestre;R-6a;40 km/h;2019
16/03/2019;21:16:00;SEM VÍTIMA;LINHA DO TIRO;RUA ALTO DOS COQUEIROS;;ABALROAMENTO LONGITUDINAL;2;;;;;;;;0;;Bom;Não existe;Não existente;Seca;Mal iluminada;Não existe;Não há placas;;2019
16/03/2019;21:17:00;VÍTIMA FATAL;SÃO JOSÉ;RUA IMPERIAL;SUBURBIO;ABALROAMENTO TRANSVERSAL;;1;;;;1;;;;1;Bom;Não existe;Não existente;Seca;Perfeito estado;;Não há placas;40 km/h;2019
16/03/2019;22:14:00;COM VÍTIMA;CORDEIRO;AV GENERAL SAN MARTIN;SUBURBIO;COLISÃO TRASEIRA;1;1;;;;;;;1;;Bom;Sem defeito;Perfeito estado;Seca;Perfeito estado;Faixa de pedestre;Outras;;2019
17/03/2019;01:10:00;SEM VÍTIMA;BOA VISTA;RUA BARAO DE SAO BORJA;SUBURBIO;ABALROAMENTO TRANSVERSAL;2;;;;;;;;0;;Bom;Não existe;Incompleta;Seca;Perfeito estado;Não existe;;;2019
17/03/2019;04:21:00;SEM VÍTIMA;BOA VISTA;RUA GONCALVES MAIA;SUBURBIO;COLISÃO TRASEIRA;2;;;;;;;;0;;Bom;;;Seca;Perfeito estado;;Não há placas;;2019
17/03/2019;08:54:00;COM VÍTIMA;AREIAS;AV RECIFE;CIDADE;COLISÃO TRASEIRA;1;1;;;;;;;1;;Bom;Sem defeito;Perfeito estado;Seca;Perfeito estado;Não existe;Não há placas;;2019
17/03/2019;09:52:00;SEM VÍTIMA;AREIAS;AV RECIFE;;COLISÃO TRASEIRA;2;;;;;;;;0;;Bom;Sem defeito;Perfeito estado;Seca;Perfeito estado;Faixa de pedestre;Não há placas;;2019
17/03/2019;09:58:00;SEM VÍTIMA;AREIAS;AV RECIFE;CIDADE;COLISÃO TRASEIRA;2;;;;;;;;0;;Bom;Sem defeito;Não existente;Seca;Perfeito estado;Faixa de pedestre;Não há placas;60 km/h;2019
17/03/2019;10:19:00;SEM VÍTIMA;FUNDÃO;AV BEBERIBE;CIDADE;COLISÃO TRASEIRA;3;;;;;;;;0;;Bom;Sem defeito;Perfeito estado;Seca;Perfeito estado;Faixa de pedestre;Outras;;2019
17/03/2019;12:13:00;SEM VÍTIMA;IMBIRIBEIRA;RUA CORONEL FABRICIANO;;COLISÃO;2;;;;;;;;0;;;;;;;;;;2019
17/03/2019;12:22:00;SEM VÍTIMA;PARNAMIRIM;AV PARNAMIRIM;;ABALROAMENTO LONGITUDINAL;2;;;;;;;;0;;Bom;Não existe;Perfeito estado;Seca;Perfeito estado;Não existe;Outras;40 km/h;2019
17/03/2019;13:40:00;SEM VÍTIMA;;EST VELHA DE AGUA FRIA;SUBURBIO;COLISÃO TRASEIRA;;2;;;;;;;0;;Bom;Sem defeito;Perfeito estado;Seca;Perfeito estado;Faixa de pedestre;;;2019
17/03/2019;14:43:00;SEM VÍTIMA;PINA;AV ANTONIO DE GOES;CIDADE;CHOQUE VEÍCULO PARADO;2;;;;;;;;0;;Bom;Sem defeito;Perfeito estado;Seca;Perfeito estado;Não existe;Não há placas;40 km/h;2019
17/03/2019;15:23:00;SEM VÍTIMA;IMBIRIBEIRA;RUA PROF PEDRO AUGUSTO CARNEIRO LEAO;;COLISÃO;2;;;;;;;;0;;;;;;;;;;2019
17/03/2019;15:40:00;SEM VÍTIMA;IMBIRIBEIRA;AV MARECHAL MASCARENHAS DE MORAES;CIDADE;COLISÃO TRASEIRA;2;;;;;;;;0;;Bom;Sem defeito;Perfeito estado;Seca;Perfeito estado;Faixa de pedestre;R-6a;60 km/h;2019
17/03/2019;15:43:00;SEM VÍTIMA;CASA AMARELA;AV NORTE;CIDADE;COLISÃO TRASEIRA;1;1;;;;;;;0;;Bom;Não existe;Perfeito estado;Seca;Perfeito estado;Outros;R-6a;;2019
17/03/2019;16:48:00;SEM VÍTIMA;MACAXEIRA;AV NORTE;;COLISÃO;;;;;;;;;0;;;;;;;;;;2019
17/03/2019;16:57:00;SEM VÍTIMA;CIDADE UNIVERSITÁRIA;RUA MARECHAL MANOEL LUIS OSORIO;;COLISÃO;2;;;;;;;;0;;;;;;;;;;2019
17/03/2019;17:49:00;SEM VÍTIMA;CORDEIRO;AV CAXANGA;CIDADE;COLISÃO;2;;;;;;;;0;;;;;;;;;;2019
17/03/2019;19:47:00;COM VÍTIMA;ALTO JOSÉ BONIFÁCIO;RUA CORREGO DO EUCLIDES;SUBURBIO;COLISÃO FRONTAL;1;1;;;;;;;1;;Bom;Não existe;Incompleta;Seca;Mal iluminada;Outros;Não há placas;30 km/h;2019
17/03/2019;20:09:00;COM VÍTIMA;BOMBA DO HEMETÉRIO;RUA JACYARA;SUBURBIO;COLISÃO FRONTAL;;1;;;;;1;;1;;Bom;Não existe;Perfeito estado;Seca;Perfeito estado;;;;2019
17/03/2019;21:43:00;SEM VÍTIMA;;AV GOVERNADOR AGAMENON MAGALHAES;SUBURBIO;COLISÃO TRASEIRA;2;;;;;;;;0;;Bom;Sem defeito;Perfeito estado;Seca;Perfeito estado;Faixa de pedestre;Não há placas;;2019
17/03/2019;21:52:00;SEM VÍTIMA;ARRUDA;AV BEBERIBE;SUBURBIO;ABALROAMENTO LONGITUDINAL;1;;;;1;;;;0;;Bom;Sem defeito;Perfeito estado;Seca;Perfeito estado;Faixa de retenção;R-6a;60 km/h;2019
17/03/2019;22:05:00;SEM VÍTIMA;TAMARINEIRA;RUA CONEGO BARATA;SUBURBIO;ABALROAMENTO LONGITUDINAL;2;;;;;;;;0;;Bom;Não existe;Perfeito estado;Seca;Perfeito estado;Não existe;Não há placas;;2019
18/03/2019;00:15:00;SEM VÍTIMA;PINA;AV HERCULANO BANDEIRA;SUBURBIO;CHOQUE VEÍCULO PARADO;1;;;;;1;;;0;;Bom;Sem defeito;Perfeito estado;Seca;Perfeito estado;Faixa de retenção;Não há placas;;2019
18/03/2019;04:17:00;SEM VÍTIMA;IMBIRIBEIRA;AV MARECHAL MASCARENHAS DE MORAES;SUBURBIO;COLISÃO;2;;;;;;;;0;;;;;;;;;;2019
18/03/2019;07:10:00;SEM VÍTIMA;JARDIM SÃO PAULO;AV RECIFE;CIDADE;COLISÃO FRONTAL;3;;;;;;;;0;;Chuvoso;Sem defeito;Perfeito estado;Molhada;Perfeito estado;Não existe;Outras;;2019
18/03/2019;07:10:00;SEM VÍTIMA;ENCRUZILHADA;AV NORTE;CIDADE;ABALROAMENTO LONGITUDINAL;1;;;;1;;;;0;;Chuvoso;Não existe;Perfeito estado;Molhada;Perfeito estado;Não existe;Não há placas;;2019
18/03/2019;07:33:00;SEM VÍTIMA;CORDEIRO;RUA GOMES TABORDA;SUBURBIO;ABALROAMENTO LONGITUDINAL;2;;;;;;;;0;;Chuvoso;Não existe;Perfeito estado;Molhada;Perfeito estado;Não existe;R-6a;;2019
18/03/2019;07:34:00;SEM VÍTIMA;MADALENA;RUA JOAO IVO DA SILVA;;COLISÃO TRASEIRA;1;;;;1;;;;0;;Chuvoso;Não existe;Perfeito estado;Molhada;Perfeito estado;Não existe;;;2019
18/03/2019;07:56:00;SEM VÍTIMA;ESTÂNCIA;RUA JOAO TEIXEIRA;;ABALROAMENTO LONGITUDINAL;1;;;;;1;;;0;;Bom;Sem defeito;Perfeito estado;Molhada;Perfeito estado;Faixa de pedestre;R-6a;;2019
18/03/2019;08:01:00;SEM VÍTIMA;PRADO;AV ENGENHEIRO ABDIAS DE CARVALHO;SUBURBIO;COLISÃO TRASEIRA;2;;;;;;;;0;;Chuvoso;Sem defeito;Perfeito estado;Molhada;Perfeito estado;Faixa de pedestre;;;2019
18/03/2019;08:05:00;SEM VÍTIMA;PRADO;RUA GOMES TABORDA;;COLISÃO;2;;;;;;;;0;;;;;;;;;;2019
18/03/2019;08:09:00;SEM VÍTIMA;BAIRRO DO RECIFE;CAIS DO APOLO;;COLISÃO;3;;;;;;;;0;;;;;;;;;;2019
18/03/2019;08:09:00;SEM VÍTIMA;BAIRRO DO RECIFE;CAIS DO APOLO;SUBURBIO;COLISÃO;2;;;;;;;;0;;;;;;;;;;2019
18/03/2019;08:11:00;COM VÍTIMA;TEJIPIÓ;AV DR JOSE RUFINO;CIDADE;ABALROAMENTO TRANSVERSAL;1;1;;;;;;;1;;Chuvoso;Não existe;Perfeito estado;Molhada;Perfeito estado;Não existe;R-6a;;2019
18/03/2019;08:12:00;SEM VÍTIMA;BOA VISTA;RUA DOM BOSCO;;COLISÃO;1;;;;;1;;;0;;;;;;;;;;2019
18/03/2019;08:45:00;SEM VÍTIMA;DERBY;RUA HENRIQUE DIAS;CIDADE;ABALROAMENTO TRANSVERSAL;1;;;;1;;;;0;;Chuvoso;Não existe;Perfeito estado;Molhada;Perfeito estado;Outros;Outras;;2019
18/03/2019;08:48:00;SEM VÍTIMA;ESPINHEIRO;RUA DA HORA;CIDADE;ABALROAMENTO TRANSVERSAL;2;;;;;;;;0;;Chuvoso;Não existe;Perfeito estado;Molhada;Perfeito estado;Faixa de pedestre;Outras;;2019
18/03/2019;09:17:00;SEM VÍTIMA;TORRE;RUA CONDE DE IRAJA;SUBURBIO;ABALROAMENTO LONGITUDINAL;2;;;;;;;;0;;Chuvoso;Sem defeito;Perfeito estado;Molhada;Perfeito estado;Faixa de pedestre;R-6a;;2019
18/03/2019;09:20:00;COM VÍTIMA;APIPUCOS;RUA MANDACARU;SUBURBIO;COLISÃO FRONTAL;1;1;;;;;;;1;;Chuvoso;Não existe;Perfeito estado;Molhada;Perfeito estado;Não existe;Não há placas;;2019
18/03/2019;09:21:00;COM VÍTIMA;MONTEIRO;RUA DE APIPUCOS;SUBURBIO;COLISÃO FRONTAL;1;1;;;;;;;1;;Chuvoso;Sem defeito;Perfeito estado;Molhada;Perfeito estado;Não existe;Não há placas;;2019
18/03/2019;09:32:00;SEM VÍTIMA;CORDEIRO;RUA CLAUDIO BROTHERHOOD;SUBURBIO;ABALROAMENTO TRANSVERSAL;2;;;;;;;;0;;;;;;;;;;2019
18/03/2019;09:50:00;SEM VÍTIMA;BOA VIAGEM;AV BOA VIAGEM;CIDADE;COLISÃO TRASEIRA;3;;;;;;;;0;;Chuvoso;Sem defeito;Perfeito estado;Molhada;Perfeito estado;Faixa de pedestre;Não há placas;60 km/h;2019
18/03/2019;10:09:00;COM VÍTIMA;JAQUEIRA;PRC PROFESSOR FLEMING;CIDADE;ABALROAMENTO LONGITUDINAL;1;1;;;;;;;1;;Bom;Não existe;Perfeito estado;Seca;Perfeito estado;Não existe;Não há placas;;2019
18/03/2019;10:10:00;SEM VÍTIMA;IPUTINGA;RUA EMILIANO BRAGA;SUBURBIO;ABALROAMENTO LONGITUDINAL;3;;;;;;;;0;;Bom;Não existe;Perfeito estado;Seca;Perfeito estado;Não existe;R-6a;;2019
18/03/2019;10:50:00;SEM VÍTIMA;IMBIRIBEIRA;AV MARECHAL MASCARENHAS DE MORAES;SUBURBIO;COLISÃO TRASEIRA;2;;;;;;;;0;;Bom;Sem defeito;Perfeito estado;Molhada;Perfeito estado;Faixa de pedestre;Outras;60 km/h;2019
18/03/2019;11:16:00;SEM VÍTIMA;IMBIRIBEIRA;AV MARECHAL MASCARENHAS DE MORAES;SUBURBIO;COLISÃO TRASEIRA;2;;;;;;;;0;;Chuvoso;Não existe;Perfeito estado;Molhada;Perfeito estado;Não existe;Não há placas;;2019
18/03/2019;12:19:00;SEM VÍTIMA;;AV ARMINDO MOURA;CIDADE;ABALROAMENTO LONGITUDINAL;1;;;;;;1;;0;;Bom;Sem defeito;Perfeito estado;Seca;Perfeito estado;Faixa de pedestre;Outras;;2019
18/03/2019;12:21:00;SEM VÍTIMA;PINA;AV ANTONIO DE GOES;CIDADE;COLISÃO TRASEIRA;2;;;;;;;;0;;Bom;Não existe;Perfeito estado;Seca;Perfeito estado;Não existe;R-6a;60 km/h;2019
18/03/2019;12:23:00;SEM VÍTIMA;IMBIRIBEIRA;AV MARECHAL MASCARENHAS DE MORAES;CIDADE;ABALROAMENTO LONGITUDINAL;1;;;;;1;;;0;;Bom;Sem defeito;Perfeito estado;Seca;Perfeito estado;Faixa de pedestre;Não há placas;60 km/h;2019
18/03/2019;13:29:00;SEM VÍTIMA;DERBY;AV GOVERNADOR AGAMENON MAGALHAES;SUBURBIO;COLISÃO TRASEIRA;2;;;;;;;;0;;Bom;Sem defeito;Perfeito estado;Seca;Perfeito estado;Agente;;;2019
18/03/2019;13:41:00;SEM VÍTIMA;IPSEP;RUA JEAN EMILE FAVRE;SUBURBIO;CHOQUE VEÍCULO PARADO;2;;;;;;;;0;;Bom;Não existe;Perfeito estado;Seca;Perfeito estado;Faixa de pedestre;R-6a;;2019
18/03/2019;14:05:00;SEM VÍTIMA;BOA VIAGEM;RUA ERNESTO DE PAULA SANTOS;;COLISÃO;2;;;;;;;;0;;;;;;;;;;2019
18/03/2019;14:06:00;SEM VÍTIMA;BOA VIAGEM;RUA RIBEIRO DE BRITO;CIDADE;COLISÃO TRASEIRA;2;;;;;;;;0;;Bom;Sem defeito;Perfeito estado;Seca;Perfeito estado;Faixa de pedestre;Não há placas;;2019
18/03/2019;14:45:00;COM VÍTIMA;ESPINHEIRO;RUA SANTO ELIAS;CIDADE;ABALROAMENTO TRANSVERSAL;1;1;;;;;;;1;;Bom;Não existe;Perfeito estado;Seca;Perfeito estado;Faixa de pedestre;Outras;;2019
18/03/2019;14:47:00;SEM VÍTIMA;BOA VIAGEM;AV ENGENHEIRO DOMINGOS FERREIRA;;CHOQUE OBJETO FIXO;1;;;;;;;;0;;Bom;Não existe;Perfeito estado;Seca;Perfeito estado;;Outras;;2019
18/03/2019;15:10:00;SEM VÍTIMA;ESPINHEIRO;RUA JOAO FERNANDES VIEIRA;SUBURBIO;ABALROAMENTO LONGITUDINAL;1;;;;1;;;;0;;Bom;Não existe;Perfeito estado;Seca;Perfeito estado;Não existe;Não há placas;;2019
18/03/2019;15:21:00;SEM VÍTIMA;IMBIRIBEIRA;RUA ZEFERINO PINHO;SUBURBIO;ABALROAMENTO TRANSVERSAL;2;;;;;;;;0;;Bom;Não existe;Perfeito estado;Seca;Perfeito estado;Não existe;Não há placas;;2019
18/03/2019;15:30:00;SEM VÍTIMA;VÁRZEA;RUA RODRIGUES FERREIRA;;COLISÃO;1;;;;1;;;;0;;;;;;;;;;2019
18/03/2019;15:51:00;SEM VÍTIMA;BOA VIAGEM;AV FERNANDO SIMOES BARBOSA;;COLISÃO;1;;;;1;;;;0;;;;;;;;;;2019
18/03/2019;16:05:00;SEM VÍTIMA;IMBIRIBEIRA;AV RECIFE;;COLISÃO;1;;;;1;;;;0;;;;;;;;;;2019
18/03/2019;16:07:00;SEM VÍTIMA;NOVA DESCOBERTA;RUA NOVA DESCOBERTA;;COLISÃO;1;;;;1;;;;0;;;;;;;;;;2019
18/03/2019;17:07:00;SEM VÍTIMA;ESTÂNCIA;AV RECIFE;CIDADE;COLISÃO TRASEIRA;2;;;;;;;;0;;Bom;Não existe;Perfeito estado;Seca;Perfeito estado;Não existe;;;2019
18/03/2019;18:11:00;SEM VÍTIMA;BOA VIAGEM;AV ENGENHEIRO DOMINGOS FERREIRA;SUBURBIO;COLISÃO TRASEIRA;3;;;;;;;;0;;Bom;Não existe;Perfeito estado;Seca;Perfeito estado;;;;2019
18/03/2019;18:41:00;SEM VÍTIMA;CAXANGÁ;AV CAXANGA;SUBURBIO;ABALROAMENTO LONGITUDINAL;2;;;;;;;;0;;Bom;Sem defeito;Perfeito estado;Seca;Perfeito estado;Faixa de pedestre;Outras;;2019
18/03/2019;19:04:00;SEM VÍTIMA;MADALENA;RUA PADRE ANCHIETA;CIDADE;ABALROAMENTO LONGITUDINAL;1;;;;1;;;;0;;Bom;Sem defeito;Perfeito estado;Seca;Perfeito estado;Faixa de pedestre;R-6a;;2019
18/03/2019;19:23:00;COM VÍTIMA;SÃO JOSÉ;AV SUL;CIDADE;ABALROAMENTO TRANSVERSAL;;1;;;;1;;;1;;Bom;Não existe;Incompleta;Seca;Perfeito estado;;Não há placas;50 km/h;2019
18/03/2019;19:47:00;COM VÍTIMA;JORDÃO;AV MARIA IRENE;SUBURBIO;ABALROAMENTO LONGITUDINAL;;1;;;1;;;;1;;Bom;Sem defeito;Não existente;Seca;Mal conservada;Não existe;Não há placas;;2019
18/03/2019;20:21:00;COM VÍTIMA;COHAB;RUA EXP FRANCISCO VITORIANO;;ABALROAMENTO TRANSVERSAL;1;1;;;;;;;1;;Bom;Não existe;Incompleta;Seca;Perfeito estado;Não existe;Não há placas;;2019
18/03/2019;20:38:00;SEM VÍTIMA;AFLITOS;RUA CONS PORTELA;;COLISÃO;2;;;;;;;;0;;;;;;;;;;2019
18/03/2019;22:35:00;COM VÍTIMA;TAMARINEIRA;RUA CONEGO BARATA;SUBURBIO;ABALROAMENTO LONGITUDINAL;1;1;;;;;;;1;;Bom;Não existe;Perfeito estado;Seca;Perfeito estado;;Não há placas;;2019
19/03/2019;06:42:00;SEM VÍTIMA;VÁRZEA;AV PROFESSOR LUIZ FREIRE;CIDADE;ABALROAMENTO LONGITUDINAL;2;;;;;;;;0;;Bom;Não existe;Incompleta;Seca;Mal conservada;Outros;Outras;;2019
19/03/2019;06:49:00;SEM VÍTIMA;SÃO JOSÉ;AV SUL;CIDADE;COLISÃO TRASEIRA;2;;;;;;;;0;;Bom;Não existe;Perfeito estado;Seca;Perfeito estado;Não existe;Não há placas;;2019
19/03/2019;06:51:00;SEM VÍTIMA;CASA FORTE;RUA ENGENHEIRO OSCAR FERREIRA;SUBURBIO;COLISÃO TRASEIRA;2;;;;;;;;0;;Bom;Não existe;Perfeito estado;Seca;Perfeito estado;Faixa de retenção;Outras;;2019
19/03/2019;07:04:00;SEM VÍTIMA;CIDADE UNIVERSITÁRIA;AV PROFESSOR LUIZ FREIRE;CIDADE;ABALROAMENTO TRANSVERSAL;1;1;;;;;;;0;;Bom;Não existe;Ilegível;Seca;Mal conservada;Não existe;Não há placas;;2019
19/03/2019;08:02:00;SEM VÍTIMA;AFOGADOS;RUA DA PAZ;SUBURBIO;ABALROAMENTO LONGITUDINAL;1;;;;1;;;;0;;Bom;Sem defeito;Perfeito estado;Seca;Perfeito estado;Faixa de pedestre;Outras;;2019
19/03/2019;08:07:00;COM VÍTIMA;CASA AMARELA;RUA DA ESTRELA;;ABALROAMENTO LONGITUDINAL;1;1;;;;;;;2;;Bom;Não existe;Perfeito estado;Seca;Perfeito estado;Não existe;R-6a;;2019
19/03/2019;08:11:00;SEM VÍTIMA;BOA VIAGEM;AV DOM JOAO VI;;COLISÃO;2;;;;;;;;0;;;;;;;;;;2019
19/03/2019;08:31:00;SEM VÍTIMA;IMBIRIBEIRA;AV MARECHAL MASCARENHAS DE MORAES;SUBURBIO;COLISÃO;2;;;;;;;;0;;;;;;;;;;2019
19/03/2019;08:48:00;COM VÍTIMA;IPSEP;AV RECIFE;BR 101;ABALROAMENTO LONGITUDINAL;1;1;;;;;;;1;;Bom;Não existe;Não existente;Seca;Perfeito estado;Não existe;Não há placas;;2019
19/03/2019;09:04:00;COM VÍTIMA;PORTO DA MADEIRA;AV BEBERIBE;CIDADE;ATROPELAMENTO;;1;;1;;;;;1;;Bom;Sem defeito;Perfeito estado;Seca;Perfeito estado;Faixa de pedestre;R-19;30 km/h;2019
19/03/2019;09:07:00;SEM VÍTIMA;DERBY;RUA MANOEL CAETANO;CIDADE;COLISÃO TRASEIRA;2;;;;;;;;0;;Bom;Não existe;Incompleta;Seca;Perfeito estado;Não existe;Não há placas;;2019
19/03/2019;09:24:00;SEM VÍTIMA;ILHA DO LEITE;RUA ESTADO DE ISRAEL;CIDADE;ABALROAMENTO TRANSVERSAL;1;1;;;;;;;0;;Bom;Não existe;Perfeito estado;Seca;Perfeito estado;Não existe;Não há placas;40 km/h;2019
19/03/2019;10:06:00;SEM VÍTIMA;CORDEIRO;RUA MAURICIO DE NASSAU;SUBURBIO;COLISÃO TRASEIRA;3;;;;;;;;0;;Bom;Sem defeito;Perfeito estado;Seca;Perfeito estado;Faixa de pedestre;Não há placas;;2019
19/03/2019;10:44:00;SEM VÍTIMA;MADALENA;EST DOS REMEDIOS;SUBURBIO;CHOQUE VEÍCULO PARADO;1;;;;1;;;;0;;Bom;Não existe;Perfeito estado;Seca;Perfeito estado;Outros;Outras;60 km/h;2019
19/03/2019;11:12:00;SEM VÍTIMA;ESTÂNCIA;AV DR JOSE RUFINO;SUBURBIO;ABALROAMENTO LONGITUDINAL;2;;;;;;;;0;;Bom;Sem defeito;Perfeito estado;Seca;Perfeito estado;Não existe;Outras;;2019
19/03/2019;11:34:00;SEM VÍTIMA;DERBY;RUA DR BANDEIRA FILHO;SUBURBIO;ABALROAMENTO LONGITUDINAL;1;;;;1;;;;0;;Bom;Sem defeito;Perfeito estado;Seca;Perfeito estado;Faixa de pedestre;Outras;40 km/h;2019
19/03/2019;11:35:00;SEM VÍTIMA;DERBY;AV GOVERNADOR AGAMENON MAGALHAES;SUBURBIO;ABALROAMENTO LONGITUDINAL;2;;;;;;;;0;;Bom;Não existe;Perfeito estado;Seca;Perfeito estado;Não existe;Outras;60 km/h;2019
19/03/2019;11:51:00;SEM VÍTIMA;ESTÂNCIA;AV DR JOSE RUFINO;;COLISÃO;1;;;;;1;;;0;;;;;;;;;;2019
19/03/2019;12:07:00;SEM VÍTIMA;NOVA DESCOBERTA;AV NORTE;;COLISÃO;;;;;;;;;0;;;;;;;;;;2019
19/03/2019;12:08:00;COM VÍTIMA;SÃO JOSÉ;RUA IMPERIAL;SUBURBIO;COLISÃO;1;1;;;;;;;1;;Bom;Não existe;Perfeito estado;Seca;Perfeito estado;Não existe;Não há placas;60 km/h;2019
19/03/2019;12:16:00;SEM VÍTIMA;MADALENA;RUA JOAQUIM NABUCO;SUBURBIO;COLISÃO TRASEIRA;2;;;;;;;;0;;Bom;Não existe;Perfeito estado;Seca;Perfeito estado;Outros;Outras;;2019
19/03/2019;12:41:00;COM VÍTIMA;CASA FORTE;RUA LEONARDO BEZERRA CAVALCANTE;SUBURBIO;ABALROAMENTO LONGITUDINAL;2;1;;;;;;;1;;Bom;;Perfeito estado;Seca;Perfeito estado;Faixa de pedestre;Outras;;2019
19/03/2019;12:42:00;SEM VÍTIMA;AFLITOS;RUA CAPITAO SAMPAIO XAVIER;SUBURBIO;ABALROAMENTO TRANSVERSAL;2;;;;;;;1;0;;Bom;Não existe;Perfeito estado;Seca;Perfeito estado;Outros;Outras;;2019
19/03/2019;12:44:00;SEM VÍTIMA;SANTO AMARO;AV MARIO MELO;;COLISÃO;2;;;;;;;;0;;;;;;;;;;2019
19/03/2019;12:53:00;SEM VÍTIMA;ENCRUZILHADA;RUA FREDERICO;;ABALROAMENTO TRANSVERSAL;2;;;;;;;;0;;Bom;Não existe;Não existente;Seca;Perfeito estado;Não existe;R-6a;30 km/h;2019
19/03/2019;13:30:00;SEM VÍTIMA;ESTÂNCIA;AV DR JOSE RUFINO;;COLISÃO;1;;;;;1;;;0;;;;;;;;;;2019
19/03/2019;13:36:00;SEM VÍTIMA;PINA;AV HERCULANO BANDEIRA;SUBURBIO;COLISÃO TRASEIRA;2;;;;;;;;0;;Bom;Não existe;Perfeito estado;Seca;Perfeito estado;Não existe;Outras;60 km/h;2019
19/03/2019;13:43:00;SEM VÍTIMA;COELHOS;RUA FRANCISCO ALVES;;COLISÃO;2;;;;;;;;0;;;;;;;;;;2019
19/03/2019;13:58:00;SEM VÍTIMA;TORREÃO;AV NORTE;CIDADE;COLISÃO TRASEIRA;3;;;;;;;;0;;Bom;Sem defeito;Perfeito estado;Seca;Perfeito estado;Faixa de pedestre;R-6a;60 km/h;2019
19/03/2019;15:07:00;SEM VÍTIMA;CASA AMARELA;AV NORTE;CIDADE;COLISÃO TRASEIRA;2;;;;;;;;0;;Bom;Não existe;Perfeito estado;Seca;Perfeito estado;Faixa de pedestre;R-6a;;2019
19/03/2019;15:13:00;SEM VÍTIMA;PAISSANDU;AV GOVERNADOR AGAMENON MAGALHAES;69;ABALROAMENTO LONGITUDINAL;2;;;;;;;;0;;Bom;Sem defeito;Perfeito estado;Seca;Perfeito estado;Agente;;60 km/h;2019
19/03/2019;15:30:00;SEM VÍTIMA;MACAXEIRA;AV NORTE;CIDADE;ABALROAMENTO LONGITUDINAL;;;;;;2;;;0;;Bom;Sem defeito;Perfeito estado;Seca;Perfeito estado;Faixa de pedestre;R-6a;;2019
19/03/2019;16:00:00;SEM VÍTIMA;MADALENA;RUA BENFICA;CIDADE;COLISÃO TRASEIRA;2;;;;;;;;0;;Bom;Sem defeito;Perfeito estado;Seca;Perfeito estado;Faixa de pedestre;R-6a;;2019
19/03/2019;16:03:00;COM VÍTIMA;BOA VIAGEM;RUA BARAO DE SOUZA LEAO;CIDADE;COLISÃO TRASEIRA;;1;;;;1;;;2;;Bom;Sem defeito;Perfeito estado;Seca;Perfeito estado;Faixa de pedestre;Não há placas;;2019
19/03/2019;16:48:00;SEM VÍTIMA;TAMARINEIRA;AV NORTE;SUBURBIO;COLISÃO TRASEIRA;2;;;;;;;;0;;Bom;Não existe;Perfeito estado;Seca;Perfeito estado;Faixa de pedestre;Outras;60 km/h;2019
19/03/2019;17:26:00;COM VÍTIMA;SAN MARTIN;RUA VINTE E UM DE ABRIL;SUBURBIO;ABALROAMENTO LONGITUDINAL;1;1;;;;;;;1;;Bom;Não existe;Perfeito estado;Seca;Perfeito estado;Não existe;Não há placas;;2019
19/03/2019;18:09:00;SEM VÍTIMA;GRAÇAS;RUA ALBERTO PAIVA;SUBURBIO;ABALROAMENTO LONGITUDINAL;1;;;;;1;;;0;;Bom;Não existe;Perfeito estado;Seca;Perfeito estado;Não existe;Outras;40 km/h;2019
19/03/2019;18:10:00;SEM VÍTIMA;IMBIRIBEIRA;RUA ALEMANHA;;COLISÃO;1;;;;;1;;;0;;;;;;;;;;2019
19/03/2019;18:54:00;SEM VÍTIMA;IPSEP;AV RECIFE;;ABALROAMENTO LONGITUDINAL;1;;;;;1;;;0;;Bom;Sem defeito;Não existente;Seca;Perfeito estado;;;;2019
19/03/2019;20:16:00;SEM VÍTIMA;ÁGUA FRIA;RUA DR EUDES COSTA;SUBURBIO;ABALROAMENTO LONGITUDINAL;2;;;;;;;;0;;Bom;Não existe;Perfeito estado;Seca;Perfeito estado;Não existe;Não há placas;;2019
19/03/2019;22:16:00;SEM VÍTIMA;TAMARINEIRA;AV PROFESSOR JOSE DOS ANJOS;SUBURBIO;COLISÃO TRASEIRA;2;;;;;;;;0;;Bom;Não existe;Perfeito estado;Seca;Perfeito estado;Não existe;Não há placas;;2019
19/03/2019;22:29:00;SEM VÍTIMA;DERBY;AV GOVERNADOR AGAMENON MAGALHAES;;ABALROAMENTO LONGITUDINAL;1;;;;1;;;;0;;Bom;Sem defeito;Perfeito estado;Seca;Perfeito estado;;;;2019
20/03/2019;07:35:00;SEM VÍTIMA;VÁRZEA;RUA EMILIANO BRAGA;CIDADE;ABALROAMENTO LONGITUDINAL;1;;;;;1;;;0;;Bom;Não existe;Não existente;Seca;Perfeito estado;Não existe;Não há placas;;2019
20/03/2019;07:42:00;SEM VÍTIMA;SÃO JOSÉ;RUA IMPERIAL;SUBURBIO;ABALROAMENTO TRANSVERSAL;2;;;;;;;;0;;Bom;Não existe;Incompleta;Seca;Mal conservada;Não existe;Placas Pare;;2019