data;hora;natureza_acidente;bairro;endereco;sentido_via;tipo;auto;moto;ciclista;pedestre;onibus;caminhao;viatura;outros;vitimas;vitimasfatais;tempo_clima;situacao_semaforo;sinalizacao;condicao_via;conservacao_via;ponto_controle;situacao_placa;velocidade_max_via;ano
20/03/2019;08:23:00;SEM VÍTIMA;BAIRRO DO RECIFE;RUA MADRE DEUS;SUBURBIO;COLISÃO TRASEIRA;2;;;;;;;;0;;Bom;Não existe;Perfeito estado;Seca;Perfeito estado;;Outras;30 km/h;2019
20/03/2019;08:37:00;COM VÍTIMA;CASA FORTE;AV DEZESSETE DE AGOSTO;CIDADE;ABALROAMENTO LONGITUDINAL;1;1;;;;;;;1;;Bom;Sem defeito;Perfeito estado;Seca;Perfeito estado;Não existe;Não há placas;60 km/h;2019
20/03/2019;09:04:00;SEM VÍTIMA;BOA VIAGEM;AV ENGENHEIRO DOMINGOS FERREIRA;SUBURBIO;ABALROAMENTO LONGITUDINAL;1;;;;1;;;;0;;Bom;Não existe;Perfeito estado;Seca;Perfeito estado;Não existe;Outras;;2019
20/03/2019;09:08:00;SEM VÍTIMA;SANTO AMARO;AV CRUZ CABUGA;;ABALROAMENTO LONGITUDINAL;2;;;;;;;;0;;Bom;Não existe;Perfeito estado;Seca;Perfeito estado;Não existe;Não há placas;;2019
20/03/2019;09:13:00;SEM VÍTIMA;BOA VIAGEM;AV ENGENHEIRO DOMINGOS FERREIRA;;COLISÃO;1;;;;1;;;;0;;;;;;;;;;2019
20/03/2019;09:36:00;SEM VÍTIMA;ESPINHEIRO;RUA DO ESPINHEIRO;;COLISÃO;1;;;;1;;;;0;;;;;;;;;;2019
20/03/2019;10:34:00;COM VÍTIMA;PINA;AV HERCULANO BANDEIRA;SUBURBIO;ABALROAMENTO LONGITUDINAL;1;1;;;;;;;1;;Bom;Não existe;Perfeito estado;Seca;Perfeito estado;Não existe;R-6a;60 km/h;2019
20/03/2019;10:36:00;SEM VÍTIMA;DERBY;PRC DO DERBY;SUBURBIO;COLISÃO TRASEIRA;1;;;;1;;;;0;;Bom;Sem defeito;Perfeito estado;Seca;Perfeito estado;Faixa de retenção;Não há placas;;2019
20/03/2019;11:05:00;COM VÍTIMA;CASA FORTE;AV DEZESSETE DE AGOSTO;SUBURBIO;COLISÃO TRASEIRA;1;1;;;;;;;1;;Bom;Não existe;Perfeito estado;Seca;Perfeito estado;Não existe;;60 km/h;2019
20/03/2019;11:06:00;SEM VÍTIMA;MADALENA;RUA REAL DA TORRE;SUBURBIO;ABALROAMENTO LONGITUDINAL;1;;;;;1;;;0;;Bom;Não existe;Perfeito estado;Seca;Perfeito estado;Não existe;R-6a;;2019
20/03/2019;11:36:00;SEM VÍTIMA;PINA;AV ANTONIO DE GOES;CIDADE;COLISÃO TRASEIRA;2;;;;;;;;0;;Bom;Sem defeito;Perfeito estado;Seca;Perfeito estado;Agente;;60 km/h;2019
20/03/2019;11:48:00;SEM VÍTIMA;BOA VIAGEM;AV ENGENHEIRO DOMINGOS FERREIRA;SUBURBIO;COLISÃO TRASEIRA;1;;;;1;;;;0;;Bom;Não existe;Perfeito estado;Seca;Perfeito estado;Não existe;Não há placas;;2019
20/03/2019;12:14:00;SEM VÍTIMA;ESPINHEIRO;AV JOAO DE BARROS;SUBURBIO;ABALROAMENTO LONGITUDINAL;2;;;;;;;;0;;Bom;Não existe;;;;Não existe;Outras;;2019
20/03/2019;12:56:00;SEM VÍTIMA;ILHA DO RETIRO;RUA BENFICA;SUBURBIO;ABALROAMENTO LONGITUDINAL;2;;;;;;;;0;;Bom;Não existe;Perfeito estado;Seca;Perfeito estado;Não existe;R-6a;;2019
20/03/2019;13:13:00;COM VÍTIMA;ILHA DO LEITE;RUA FRANCISCO ALVES;CIDADE;ABALROAMENTO LONGITUDINAL;;1;;;1;;;;1;;Bom;Sem defeito;Perfeito estado;Seca;Perfeito estado;Faixa de pedestre;R-6a;;2019
20/03/2019;13:43:00;SEM VÍTIMA;ÁGUA FRIA;AV BEBERIBE;SUBURBIO;COLISÃO TRASEIRA;2;;;;;;;;0;;Bom;Não existe;Perfeito estado;Seca;Perfeito estado;;Outras;50 km/h;2019
20/03/2019;14:04:00;SEM VÍTIMA;VÁRZEA;AV PREFEITO ANTONIO PEREIRA;SUBURBIO;ABALROAMENTO TRANSVERSAL;2;;;;;;;;0;;Bom;Não existe;Não existente;Seca;Perfeito estado;Não existe;Não há placas;;2019
20/03/2019;14:11:00;SEM VÍTIMA;AFOGADOS;EST DOS REMEDIOS;CIDADE;COLISÃO TRASEIRA;2;;;;;;;;0;;Bom;Não existe;Não existente;Seca;Perfeito estado;Não existe;Não há placas;60 km/h;2019
20/03/2019;15:11:00;SEM VÍTIMA;AFOGADOS;LARGO DA PAZ;;COLISÃO;1;;;;;1;;;0;;;;;;;;;;2019
20/03/2019;16:05:00;SEM VÍTIMA;ILHA DO RETIRO;RUA BENFICA;SUBURBIO;ABALROAMENTO LONGITUDINAL;1;;;;;1;;;0;;Bom;Não existe;Ilegível;Seca;Perfeito estado;Não existe;Não há placas;;2019
20/03/2019;16:14:00;COM VÍTIMA;IMBIRIBEIRA;RUA JALISCO;SUBURBIO;CHOQUE VEÍCULO PARADO;1;1;;;;;;;1;;Bom;Não existe;Ilegível;Seca;Perfeito estado;Não existe;Não há placas;;2019
20/03/2019;16:18:00;COM VÍTIMA;BONGI;AV ENGENHEIRO ABDIAS DE CARVALHO;CIDADE;ABALROAMENTO TRANSVERSAL;;2;;;;;;;2;;Bom;Sem defeito;Perfeito estado;Seca;Perfeito estado;Faixa de pedestre;R-6a;;2019
20/03/2019;16:30:00;SEM VÍTIMA;ARRUDA;RUA ZEFERINO AGRA;;COLISÃO;1;1;;;;;;;0;;;;;;;;;;2019
20/03/2019;16:44:00;SEM VÍTIMA;SANTO AMARO;AV CRUZ CABUGA;SUBURBIO;ABALROAMENTO TRANSVERSAL;2;;;;;;;;0;;Bom;Não existe;Perfeito estado;Seca;Perfeito estado;Não existe;Não há placas;;2019
20/03/2019;16:46:00;SEM VÍTIMA;VÁRZEA;RUA PROFESSOR ANTONIO COELHO;SUBURBIO;COLISÃO TRASEIRA;2;;;;;;;;0;;Bom;Não existe;Perfeito estado;Seca;Perfeito estado;Não existe;Não há placas;;2019
20/03/2019;18:04:00;SEM VÍTIMA;BOA VIAGEM;AV DOM JOAO VI;SUBURBIO;ABALROAMENTO LONGITUDINAL;1;;;;;1;;;0;;Bom;Sem defeito;Perfeito estado;Seca;Perfeito estado;Agente;Não há placas;40 km/h;2019
20/03/2019;18:24:00;SEM VÍTIMA;BEBERIBE;AV BEBERIBE;;COLISÃO;2;;;;;;;;0;;;;;;;;;;2019
20/03/2019;19:52:00;COM VÍTIMA;CAMPO GRANDE;RUA ODORICO MENDES;CIDADE;COLISÃO TRASEIRA;1;1;;;;;;;1;;Bom;Sem defeito;;Seca;Perfeito estado;Faixa de pedestre;Não há placas;;2019
20/03/2019;21:50:00;SEM VÍTIMA;IPUTINGA;RUA PROFESSOR MUSSA HAZIN;SUBURBIO;ABALROAMENTO TRANSVERSAL;2;;;;;;;;0;;Bom;Não existe;Perfeito estado;Seca;Perfeito estado;Faixa de pedestre;Placas Pare;;2019
20/03/2019;22:31:00;SEM VÍTIMA;IMBIRIBEIRA;RUA ITACARI;SUBURBIO;ABALROAMENTO TRANSVERSAL;1;;;;;;1;;0;;Bom;Não existe;Incompleta;Seca;Mal iluminada;Faixa de pedestre;Placas Pare;;2019
21/03/2019;01:52:00;SEM VÍTIMA;IPSEP;AV RECIFE;SUBURBIO;CHOQUE OBJETO FIXO;1;;;;;;;;0;;Bom;Não existe;Perfeito estado;Seca;Perfeito estado;Não existe;Outras;;2019
21/03/2019;07:20:00;COM VÍTIMA;CASA AMARELA;EST DO ARRAIAL;SUBURBIO;COLISÃO COM CICLISTA;1;;1;;;;;;1;;Bom;Não existe;Perfeito estado;Seca;Perfeito estado;Outros;R-19;40 km/h;2019
21/03/2019;07:35:00;SEM VÍTIMA;CASA AMARELA;AV PROFESSOR JOSE DOS ANJOS;CIDADE;ABALROAMENTO LONGITUDINAL;1;;;;;1;;;0;;Bom;Não existe;Não existente;Seca;Perfeito estado;Não existe;R-6a;;2019
21/03/2019;07:53:00;SEM VÍTIMA;BOA VIAGEM;AV BOA VIAGEM;CIDADE;COLISÃO TRASEIRA;1;1;;;;;;;0;;Bom;Sem defeito;Perfeito estado;Seca;Perfeito estado;Faixa de pedestre;Outras;60 km/h;2019
21/03/2019;08:01:00;SEM VÍTIMA;PAISSANDU;AV GOVERNADOR AGAMENON MAGALHAES;CIDADE;COLISÃO TRASEIRA;1;;;;1;;;;0;;Bom;Não existe;Perfeito estado;Seca;Perfeito estado;Não existe;Não há placas;;2019
21/03/2019;08:05:00;SEM VÍTIMA;SANTO AMARO;AV MARIO MELO;CIDADE;COLISÃO TRASEIRA;2;;;;;;;;0;;Bom;Sem defeito;Não existente;Seca;Perfeito estado;Não existe;Placas Pare;;2019
21/03/2019;08:11:00;COM VÍTIMA;COHAB;AV CHAPADA DO ARARIPE;;ATROPELAMENTO;;;;1;1;;;;1;;Bom;Não existe;Não existente;Seca;Mal conservada;Não existe;Não há placas;;2019
21/03/2019;08:20:00;COM VÍTIMA;ROSARINHO;RUA COUTO MAGALHAES;CIDADE;ABALROAMENTO LONGITUDINAL;1;1;;;;;;;1;;Bom;Não existe;Perfeito estado;Seca;Perfeito estado;Não existe;R-6a;30 km/h;2019
21/03/2019;08:24:00;SEM VÍTIMA;BOA VIAGEM;RUA RIBEIRO DE BRITO;SUBURBIO;COLISÃO TRASEIRA;2;;;;;;;;0;;Bom;;Perfeito estado;Seca;Perfeito estado;Faixa de pedestre;Outras;;2019
21/03/2019;08:31:00;COM VÍTIMA;ILHA DO LEITE;AV GOVERNADOR AGAMENON MAGALHAES;OLINDA;ATROPELAMENTO;1;1;;1;;;;;1;;Bom;Sem defeito;Perfeito estado;Seca;Perfeito estado;Faixa de pedestre;R-4a;60 km/h;2019
21/03/2019;08:37:00;SEM VÍTIMA;ESPINHEIRO;RUA QUARENTA E OITO;CIDADE;ABALROAMENTO LONGITUDINAL;1;2;;;;;;;0;;Bom;Não existe;Perfeito estado;Seca;Perfeito estado;Outros;R-6a;;2019
21/03/2019;08:43:00;COM VÍTIMA;ENCRUZILHADA;AV BEBERIBE;CIDADE;ABALROAMENTO LONGITUDINAL;;2;;;;;;;1;;Bom;Não existe;Perfeito estado;Seca;Perfeito estado;Não existe;R-6a;;2019
21/03/2019;08:57:00;SEM VÍTIMA;IMBIRIBEIRA;AV DOM JOAO VI;CIDADE;ABALROAMENTO TRANSVERSAL;2;;;;;;;;0;;Bom;Sem defeito;Perfeito estado;Seca;Perfeito estado;Faixa de pedestre;Placas Pare;;2019
21/03/2019;09:08:00;SEM VÍTIMA;VÁRZEA;AV JOAQUIM RIBEIRO;CIDADE;CAPOTAMENTO;1;;;;;;;;0;;Bom;Sem defeito;Perfeito estado;Seca;Perfeito estado;;Não há placas;60 km/h;2019
21/03/2019;09:10:00;SEM VÍTIMA;ESPINHEIRO;AV GOVERNADOR AGAMENON MAGALHAES;CIDADE;ABALROAMENTO TRANSVERSAL;2;;;;;;;;0;;Bom;Não existe;Perfeito estado;Seca;Perfeito estado;Outros;Outras;;2019
21/03/2019;09:34:00;COM VÍTIMA;SANTO AMARO;AV DR JAYME DA FONTE;;COLISÃO;1;1;;;;;;;1;;;;;;;;;;2019
21/03/2019;10:16:00;SEM VÍTIMA;BOA VISTA;RUA BISPO CARDOSO AYRES;CIDADE;ABALROAMENTO LONGITUDINAL;2;;;;;;;;0;;Bom;Não existe;;Seca;Perfeito estado;Não existe;Não há placas;;2019
21/03/2019;10:40:00;SEM VÍTIMA;IBURA;RUA JORNALISTA EDSON REGIS;SUBURBIO;ABALROAMENTO LONGITUDINAL;1;1;;;;;;;0;;Bom;Não existe;Não existente;Seca;Mal conservada;Não existe;Não há placas;;2019
21/03/2019;10:45:00;SEM VÍTIMA;SANTO AMARO;RUA DA FUNDICAO;;COLISÃO;;;;;;2;;;0;;;;;;;;;;2019
21/03/2019;10:56:00;SEM VÍTIMA;ARRUDA;RUA DO SOSSEGO;CIDADE;COLISÃO TRASEIRA;2;;;;;;;;0;;Bom;Não existe;Não existente;Seca;Perfeito estado;Não existe;Não há placas;;2019
21/03/2019;11:08:00;SEM VÍTIMA;GRAÇAS;;SUBURBIO;ABALROAMENTO TRANSVERSAL;2;;;;;;;;0;;Bom;Não existe;Perfeito estado;Seca;Perfeito estado;Faixa de retenção;Placas Pare;30 km/h;2019
21/03/2019;12:11:00;SEM VÍTIMA;SÃO JOSÉ;RUA DA CONCORDIA;CIDADE;COLISÃO TRASEIRA;2;;;;;;;;0;;Bom;Não existe;Não existente;Seca;Perfeito estado;Não existe;R-6a;;2019
21/03/2019;12:13:00;SEM VÍTIMA;ESPINHEIRO;AV CONS ROSA E SILVA;SUBURBIO;ABALROAMENTO LONGITUDINAL;1;;;;1;;;;0;;Bom;Sem defeito;Perfeito estado;Seca;Perfeito estado;;R-6a;;2019
21/03/2019;12:20:00;COM VÍTIMA;ESPINHEIRO;RUA QUARENTA E OITO;SUBURBIO;ABALROAMENTO LONGITUDINAL;;2;;;;;;;2;;Bom;Não existe;Perfeito estado;Seca;Perfeito estado;Não existe;R-6a;;2019
21/03/2019;12:23:00;SEM VÍTIMA;VASCO DA GAMA;AV VEREADOR OTACILIO AZEVEDO;CIDADE;COLISÃO TRASEIRA;2;;;;;;;;0;;Bom;Não existe;Perfeito estado;Seca;Perfeito estado;Não existe;Não há placas;;2019
21/03/2019;12:55:00;SEM VÍTIMA;JAQUEIRA;AV RUI BARBOSA;CIDADE;ABALROAMENTO LONGITUDINAL;1;1;;;;;;;0;;Bom;Não existe;Perfeito estado;Seca;Perfeito estado;Não existe;Não há placas;;2019
21/03/2019;13:32:00;SEM VÍTIMA;MADALENA;EST DOS REMEDIOS;SUBURBIO;COLISÃO TRASEIRA;2;;;;;;;;0;;Bom;Não existe;Perfeito estado;Seca;Perfeito estado;Não existe;Não há placas;;2019
21/03/2019;13:41:00;SEM VÍTIMA;ESPINHEIRO;AV JOAO DE BARROS;SUBURBIO;ABALROAMENTO TRANSVERSAL;2;;;;;;;;0;;Bom;Não existe;Incompleta;Seca;Mal conservada;Não existe;R-6a;;2019
21/03/2019;14:06:00;SEM VÍTIMA;BAIRRO DO RECIFE;AV ALFREDO LISBOA;SUBURBIO;ABALROAMENTO LONGITUDINAL;2;;;;;;;;0;;Bom;Não existe;Perfeito estado;Seca;Perfeito estado;Faixa de pedestre;Outras;;2019
21/03/2019;14:21:00;SEM VÍTIMA;BAIRRO DO RECIFE;AV ALFREDO LISBOA;;COLISÃO;2;;;;;;;;0;;;;;;;;;;2019
21/03/2019;14:27:00;SEM VÍTIMA;MADALENA;RUA ANTONIO CAMILO DIAS;;COLISÃO;2;;;;;;;;0;;;;;;;;;;2019
21/03/2019;14:36:00;SEM VÍTIMA;IMBIRIBEIRA;AV GENERAL MAC ARTHUR;CIDADE;ABALROAMENTO LONGITUDINAL;1;;;;;;;;0;;Bom;Sem defeito;Perfeito estado;Seca;Perfeito estado;Faixa de pedestre;Outras;40 km/h;2019
21/03/2019;15:08:00;SEM VÍTIMA;BOA VIAGEM;AV ENGENHEIRO DOMINGOS FERREIRA;SUBURBIO;ABALROAMENTO LONGITUDINAL;1;;;;1;;;;0;;Bom;Sem defeito;Perfeito estado;Seca;Perfeito estado;;Não há placas;;2019
21/03/2019;15:23:00;COM VÍTIMA;CAMPO GRANDE;RUA VOLUNTARIOS DA PATRIA;;ABALROAMENTO TRANSVERSAL;1;;;;;;1;;1;;Bom;Não existe;Perfeito estado;Seca;Perfeito estado;Não existe;Não há placas;;2019
21/03/2019;15:23:00;SEM VÍTIMA;CORDEIRO;RUA ODETE MONTEIRO;SUBURBIO;COLISÃO TRASEIRA;1;1;;;;;;;0;;Bom;Não existe;Não existente;Seca;Perfeito estado;Não existe;Não há placas;;2019
21/03/2019;15:41:00;SEM VÍTIMA;CABANGA;AV ENGENHEIRO JOSE ESTELITA;CIDADE;ABALROAMENTO LONGITUDINAL;2;;;;;;;;0;;Bom;Não existe;Perfeito estado;Seca;Perfeito estado;Outros;Outras;;2019
21/03/2019;17:07:00;SEM VÍTIMA;ESPINHEIRO;RUA DO ESPINHEIRO;SUBURBIO;COLISÃO TRASEIRA;2;;;;;;;;0;;Bom;Sem defeito;Perfeito estado;Seca;Perfeito estado;Faixa de pedestre;R-6a;;2019
21/03/2019;17:23:00;SEM VÍTIMA;PARNAMIRIM;AV DEZESSETE DE AGOSTO;SUBURBIO;ABALROAMENTO LONGITUDINAL;2;;;;;;;;0;;Bom;Não existe;Perfeito estado;Seca;Perfeito estado;;R-6a;;2019
21/03/2019;17:39:00;SEM VÍTIMA;AFOGADOS;RUA AUGUSTO CALHEIROS;CIDADE;ABALROAMENTO LONGITUDINAL;2;;;;;;;;0;;Bom;Não existe;Perfeito estado;Seca;Perfeito estado;Não existe;Outras;;2019
21/03/2019;18:06:00;SEM VÍTIMA;SANCHO;RUA APRIGIO GUIMARAES;SUBURBIO;ABALROAMENTO LONGITUDINAL;;;;;1;;;1;0;;Bom;Não existe;Não existente;Seca;Perfeito estado;Não existe;Não há placas;;2019
21/03/2019;18:17:00;SEM VÍTIMA;SÃO JOSÉ;AV SUL;CIDADE;ABALROAMENTO LONGITUDINAL;2;;;;;;;;0;;Bom;Não existe;Perfeito estado;Seca;Perfeito estado;Não existe;Não há placas;60 km/h;2019
21/03/2019;18:32:00;SEM VÍTIMA;BOA VIAGEM;RUA RIBEIRO DE BRITO;SUBURBIO;COLISÃO TRASEIRA;3;;;;;;;;0;;Bom;Não existe;Perfeito estado;Seca;Perfeito estado;Não existe;Não há placas;;2019
21/03/2019;18:46:00;SEM VÍTIMA;SANTO AMARO;AV VISCONDE DE SUASSUNA;;COLISÃO;2;;;;;;;;0;;;;;;;;;;2019
21/03/2019;18:52:00;SEM VÍTIMA;ESPINHEIRO;AV GOVERNADOR AGAMENON MAGALHAES;;COLISÃO;2;;;;;;;;0;;;;;;;;;;2019
21/03/2019;18:59:00;SEM VÍTIMA;AFOGADOS;RUA SAO MIGUEL;SUBURBIO;COLISÃO TRASEIRA;1;1;;;;;;;0;;Bom;Não existe;Não existente;Seca;Perfeito estado;Não existe;Não há placas;;2019
21/03/2019;19:03:00;SEM VÍTIMA;BREJO DA GUABIRABA;AV VEREADOR OTACILIO AZEVEDO;SUBURBIO;ABALROAMENTO LONGITUDINAL;;;;;1;;;;0;;Bom;Não existe;Perfeito estado;Seca;Perfeito estado;Não existe;Não há placas;;2019
21/03/2019;19:07:00;SEM VÍTIMA;MADALENA;RUA JOSE BONIFACIO;SUBURBIO;ABALROAMENTO TRANSVERSAL;1;;;;1;;;;0;;Bom;Sem defeito;Perfeito estado;Seca;Perfeito estado;Faixa de pedestre;Não há placas;;2019
21/03/2019;20:03:00;SEM VÍTIMA;BOA VISTA;RUA JOSE DE ALENCAR;SUBURBIO;ABALROAMENTO LONGITUDINAL;2;;;;;;;;0;;Bom;Não existe;Perfeito estado;Seca;Perfeito estado;Não existe;Não há placas;;2019
21/03/2019;20:07:00;SEM VÍTIMA;BOA VIAGEM;AV BOA VIAGEM;CIDADE;COLISÃO TRASEIRA;2;;;;;;;;0;;Bom;Sem defeito;Perfeito estado;Seca;Perfeito estado;;;;2019
21/03/2019;21:34:00;SEM VÍTIMA;BOA VIAGEM;RUA VISCONDE DE JEQUITINHONHA;SUBURBIO;CHOQUE VEÍCULO PARADO;2;;;;;;;;0;;Bom;Sem defeito;Perfeito estado;Seca;Perfeito estado;Faixa de pedestre;Não há placas;;2019
22/03/2019;01:23:00;SEM VÍTIMA;IMBIRIBEIRA;RUA RIBEIRO DE BRITO;;COLISÃO;2;;;;;;;;0;;;;;;;;;;2019
22/03/2019;07:00:00;SEM VÍTIMA;CABANGA;PTE GOVERNADOR PAULO GUERRA;;CHOQUE OBJETO FIXO;1;;;;;;;;0;;Bom;Não existe;;Seca;Perfeito estado;Não existe;Não há placas;;2019
22/03/2019;07:28:00;SEM VÍTIMA;BOA VIAGEM;RUA PROFESSOR AUGUSTO LINS E SILVA;CIDADE;ABALROAMENTO LONGITUDINAL;2;;;;;;;;0;;Bom;Não existe;Incompleta;Seca;;Não existe;Placas Pare;;2019
22/03/2019;07:31:00;SEM VÍTIMA;CASA AMARELA;RUA DA HARMONIA;CIDADE;COLISÃO TRASEIRA;3;;;;;;;;0;;Bom;Não existe;Perfeito estado;Seca;Perfeito estado;Faixa de pedestre;Outras;;2019
22/03/2019;07:40:00;SEM VÍTIMA;BOA VISTA;AV GOVERNADOR AGAMENON MAGALHAES;CIDADE;ABALROAMENTO LONGITUDINAL;1;;;;1;;;;0;;Bom;Sem defeito;Perfeito estado;Seca;Perfeito estado;;Outras;60 km/h;2019
22/03/2019;08:06:00;SEM VÍTIMA;ILHA DO LEITE;RUA GENERAL JOAQUIM INACIO;SUBURBIO;ABALROAMENTO LONGITUDINAL;1;1;;;;;;;0;;Bom;Sem defeito;Perfeito estado;Seca;Perfeito estado;Faixa de pedestre;R-6a;;2019
25/03/2019;09:52:00;SEM VÍTIMA;ENCRUZILHADA;AV BEBERIBE;SUBURBIO;COLISÃO TRASEIRA;1;1;;;;;;;0;;Bom;Sem defeito;Perfeito estado;Seca;Perfeito estado;Agente;R-6a;60 km/h;2019
22/03/2019;08:50:00;SEM VÍTIMA;ENGENHO DO MEIO;RUA AMARO LOPES MADEIRA;SUBURBIO;ABALROAMENTO LONGITUDINAL;2;;;;;;;;0;;Bom;Não existe;Não existente;Seca;Perfeito estado;Não existe;Não há placas;30 km/h;2019
22/03/2019;09:27:00;SEM VÍTIMA;CASA AMARELA;RUA PADRE LEMOS;AV NORTE;COLISÃO;;2;;;;;;;0;;;;;;;;;;2019
22/03/2019;10:10:00;COM VÍTIMA;DERBY;RUA BENFICA;CIDADE;COLISÃO TRASEIRA;1;1;;;;;;;1;;Bom;Não existe;Perfeito estado;Seca;Perfeito estado;Faixa de pedestre;R-6a;;2019
22/03/2019;10:21:00;SEM VÍTIMA;BOA VIAGEM;AV HELIO FALCAO;CIDADE;ABALROAMENTO TRANSVERSAL;2;;;;;;;;0;;Bom;Não existe;Não existente;Seca;Mal conservada;Não existe;Não há placas;30 km/h;2019
22/03/2019;11:02:00;SEM VÍTIMA;PINA;AV ENGENHEIRO DOMINGOS FERREIRA;SUBURBIO;ABALROAMENTO LONGITUDINAL;2;;;;;;;;0;;Bom;Sem defeito;Perfeito estado;Seca;Perfeito estado;Faixa de pedestre;Não há placas;;2019
22/03/2019;11:05:00;COM VÍTIMA;TORREÃO;AV GOVERNADOR AGAMENON MAGALHAES;;COLISÃO;1;1;;;;;;;1;;;;;;;;;;2019
22/03/2019;11:06:00;SEM VÍTIMA;SANTO AMARO;RUA FRANCISCO JACINTO;CIDADE;ABALROAMENTO TRANSVERSAL;2;;;;;;;;0;;Bom;Não existe;Não existente;Seca;Perfeito estado;Não existe;Não há placas;40 km/h;2019
22/03/2019;11:32:00;SEM VÍTIMA;ILHA DO LEITE;RUA SENADOR JOSE HENRIQUE;;COLISÃO;2;;;;;;;;0;;;;;;;;;;2019
22/03/2019;11:53:00;SEM VÍTIMA;IMBIRIBEIRA;AV MARECHAL MASCARENHAS DE MORAES;CIDADE;ABALROAMENTO LONGITUDINAL;2;;;;;;;;0;;Bom;Sem defeito;Perfeito estado;Seca;Perfeito estado;Não existe;R-19;60 km/h;2019
22/03/2019;12:21:00;COM VÍTIMA;IBURA;RUA EXP FRANCISCO VITORIANO;SUBURBIO;COLISÃO TRASEIRA;1;1;;;;;;;1;;Bom;Não existe;Perfeito estado;Seca;Perfeito estado;Não existe;;40 km/h;2019
22/03/2019;12:25:00;SEM VÍTIMA;DOIS IRMÃOS;RUA MANUEL DE MEDEIROS;;COLISÃO;;;;;;;;;0;;;;;;;;;;2019
22/03/2019;12:29:00;SEM VÍTIMA;BOA VIAGEM;AV FERNANDO SIMOES BARBOSA;;COLISÃO;1;;;;1;;;;0;;;;;;;;;;2019
22/03/2019;12:45:00;SEM VÍTIMA;BOA VIAGEM;AV ENGENHEIRO DOMINGOS FERREIRA;;COLISÃO;2;;;;;;;;0;;;;;;;;;;2019
22/03/2019;13:02:00;SEM VÍTIMA;TORRE;AV VISCONDE DE ALBUQUERQUE;;COLISÃO;1;;;;1;;;;0;;;;;;;;;;2019
22/03/2019;13:05:00;SEM VÍTIMA;MADALENA;RUA PESSOA DE MELO;SUBURBIO;COLISÃO TRASEIRA;2;;;;;;;;0;;Bom;Não existe;Perfeito estado;Seca;Perfeito estado;Não existe;Placas Pare;;2019
22/03/2019;13:39:00;SEM VÍTIMA;SANTO AMARO;AV MARIO MELO;SUBURBIO;ABALROAMENTO LONGITUDINAL;2;;;;;;;;0;;Bom;Não existe;Incompleta;Seca;Perfeito estado;Não existe;Outras;;2019
22/03/2019;14:01:00;SEM VÍTIMA;GRAÇAS;AV RUI BARBOSA;;COLISÃO TRASEIRA;3;;;;;;;;0;;Bom;Não existe;Perfeito estado;Seca;Perfeito estado;Faixa de pedestre;Não há placas;40 km/h;2019
22/03/2019;14:04:00;SEM VÍTIMA;SAN MARTIN;RUA NOVA EUROPA;;ABALROAMENTO TRANSVERSAL;2;;;;;;;;0;;Bom;Não existe;Não existente;Seca;Perfeito estado;Não existe;Não há placas;;2019
22/03/2019;14:29:00;SEM VÍTIMA;BOA VIAGEM;AV FERNANDO SIMOES BARBOSA;SUBURBIO;ABALROAMENTO LONGITUDINAL;2;;;;;;;;0;;Bom;Sem defeito;Perfeito estado;Seca;Perfeito estado;;;;2019
22/03/2019;14:33:00;SEM VÍTIMA;CASA AMARELA;AV NORTE;CIDADE;COLISÃO TRASEIRA;2;;;;;;;;0;;Bom;Não existe;Perfeito estado;Seca;Perfeito estado;Não existe;Não há placas;60 km/h;2019
22/03/2019;14:37:00;COM VÍTIMA;SÃO JOSÉ;PRC DAS CINCO PONTAS;;ABALROAMENTO LONGITUDINAL;1;1;;;;;;;1;;Bom;Não existe;Não existente;Seca;Perfeito estado;Não existe;Não há placas;;2019
22/03/2019;14:54:00;SEM VÍTIMA;LINHA DO TIRO;RUA URIEL DE HOLANDA;CIDADE;ABALROAMENTO LONGITUDINAL;;1;;;1;;;;0;;Bom;Não existe;Incompleta;Seca;Perfeito estado;Não existe;R-6a;;2019
22/03/2019;14:58:00;SEM VÍTIMA;TORRÕES;RUA TOTA VENTURA;;COLISÃO;2;;;;;;;;0;;;;;;;;;;2019
22/03/2019;15:06:00;COM VÍTIMA;ESTÂNCIA;RUA MAESTRO ALCIDES LEAO;;CHOQUE VEÍCULO PARADO;1;1;;;;;;;1;;Bom;Não existe;Não existente;Seca;Perfeito estado;Não existe;Não há placas;;2019
22/03/2019;15:12:00;COM VÍTIMA;TEJIPIÓ;RUA FALCAO DE LACERDA;CIDADE;ATROPELAMENTO;;1;;1;;;;;1;;Bom;Sem defeito;Ilegível;Seca;Perfeito estado;Faixa de pedestre;Não há placas;;2019
22/03/2019;15:18:00;SEM VÍTIMA;PINA;RUA SAO LUIZ;SUBURBIO;ABALROAMENTO LONGITUDINAL;1;;;;1;;;;0;;Bom;Não existe;Perfeito estado;Seca;Mal conservada;;Placas Pare;;2019
22/03/2019;15:26:00;SEM VÍTIMA;BOA VISTA;RUA CLOVIS DA SILVEIRA BARROS;;COLISÃO;2;;;;;;;;0;;;;;;;;;;2019