data;hora;natureza_acidente;bairro;endereco;sentido_via;tipo;auto;moto;ciclista;pedestre;onibus;caminhao;viatura;outros;vitimas;vitimasfatais;tempo_clima;situacao_semaforo;sinalizacao;condicao_via;conservacao_via;ponto_controle;situacao_placa;velocidade_max_via;ano
22/03/2019;15:41:00;SEM VÍTIMA;GRAÇAS;RUA DAS PERNAMBUCANAS;SUBURBIO;ABALROAMENTO LONGITUDINAL;2;;;;;;;;0;;Bom;Não existe;Perfeito estado;Seca;Perfeito estado;Não existe;Outras;;2019
22/03/2019;15:43:00;SEM VÍTIMA;MACAXEIRA;AV NORTE;SUBURBIO;COLISÃO TRASEIRA;1;;;;1;;;;0;;Bom;Sem defeito;Perfeito estado;Seca;Perfeito estado;Outros;Outras;;2019
22/03/2019;15:48:00;SEM VÍTIMA;BOA VISTA;LGO DA SANTA CRUZ;SUBURBIO;ABALROAMENTO LONGITUDINAL;1;;;;;1;;;0;;Bom;Sem defeito;Perfeito estado;Seca;Perfeito estado;Faixa de pedestre;Não há placas;40 km/h;2019
22/03/2019;15:50:00;SEM VÍTIMA;AFOGADOS;AV SUL;CIDADE;ABALROAMENTO LONGITUDINAL;2;;;;;;;;0;;Bom;Não existe;Perfeito estado;Seca;Perfeito estado;Não existe;Não há placas;60 km/h;2019
22/03/2019;16:14:00;SEM VÍTIMA;AFOGADOS;RUA COSME VIANA;SUBURBIO;COLISÃO TRASEIRA;2;;;;;;;;0;;Bom;Não existe;Perfeito estado;Seca;Perfeito estado;Não existe;Não há placas;60 km/h;2019
22/03/2019;16:25:00;SEM VÍTIMA;BOA VIAGEM;AV CONSELHEIRO AGUIAR;CIDADE;ABALROAMENTO LONGITUDINAL;2;;;;;;;;0;;Bom;Sem defeito;Perfeito estado;Seca;Perfeito estado;Faixa de pedestre;;60 km/h;2019
22/03/2019;16:31:00;SEM VÍTIMA;IPUTINGA;AV CAXANGA;CIDADE;ABALROAMENTO LONGITUDINAL;1;;;;1;;;;0;;Bom;Não existe;Ilegível;Seca;Perfeito estado;Não existe;R-6a;;2019
22/03/2019;17:43:00;SEM VÍTIMA;ILHA DO RETIRO;TUNEL CHICO SCIENCE;;COLISÃO;1;1;;;;;;;0;;;;;;;;;;2019
22/03/2019;18:18:00;SEM VÍTIMA;BOA VIAGEM;RUA ANTONIO FALCAO;SUBURBIO;ABALROAMENTO LONGITUDINAL;2;;;;;;;;0;;Bom;Não existe;Perfeito estado;Seca;Perfeito estado;Não existe;Placas Pare;;2019
22/03/2019;19:27:00;SEM VÍTIMA;ESTÂNCIA;AV ESTANCIA;;ABALROAMENTO TRANSVERSAL;2;;;;;;;;0;;Bom;Não existe;Ilegível;Seca;Mal iluminada;Não existe;Não há placas;;2019
22/03/2019;20:52:00;SEM VÍTIMA;PAISSANDU;AV GOVERNADOR AGAMENON MAGALHAES;SUBURBIO;COLISÃO TRASEIRA;2;;;;;;;;0;;Bom;Sem defeito;Perfeito estado;Seca;Perfeito estado;Faixa de pedestre;Outras;;2019
22/03/2019;21:11:00;SEM VÍTIMA;BOA VISTA;AV MANOEL BORBA;;COLISÃO;2;;;;;;;;0;;;;;;;;;;2019
22/03/2019;21:58:00;SEM VÍTIMA;BONGI;EST DO BONGI;SUBURBIO;ABALROAMENTO TRANSVERSAL;1;1;;;;;;;0;;Bom;Não existe;Perfeito estado;Seca;Perfeito estado;Não existe;;30 km/h;2019
23/03/2019;00:51:00;COM VÍTIMA;IBURA;RUA RIO ACIMA;SUBURBIO;ABALROAMENTO TRANSVERSAL;1;;;;;;;;2;;Bom;Não existe;Incompleta;Seca;Mal iluminada;;Não há placas;;2019
23/03/2019;01:32:00;SEM VÍTIMA;IPUTINGA;AV CAXANGA;SUBURBIO;ABALROAMENTO LONGITUDINAL;2;;;;;;;;0;;Bom;Sem defeito;Perfeito estado;Seca;Perfeito estado;Faixa de pedestre;Outras;;2019
23/03/2019;02:22:00;SEM VÍTIMA;CASA FORTE;AV DEZESSETE DE AGOSTO;;COLISÃO;1;;;;;;1;;0;;;;;;;;;;2019
23/03/2019;06:45:00;SEM VÍTIMA;IPSEP;AV RECIFE;;CHOQUE OBJETO FIXO;1;;;;;;;;0;;Bom;Não existe;Perfeito estado;Seca;Perfeito estado;Não existe;Não há placas;;2019
23/03/2019;07:50:00;SEM VÍTIMA;BOA VIAGEM;RUA DOS NAVEGANTES;SUBURBIO;ABALROAMENTO TRANSVERSAL;2;;;;;;;;0;;Bom;Não existe;Perfeito estado;Seca;Perfeito estado;Faixa de retenção;Placas Pare;;2019
23/03/2019;10:26:00;COM VÍTIMA;ILHA DO LEITE;AV BEIRA RIO;CIDADE;ACID. DE PERCURSO;;1;;;;;;;1;;Bom;Sem defeito;Perfeito estado;Seca;Perfeito estado;Não existe;Não há placas;;2019
23/03/2019;10:31:00;SEM VÍTIMA;SANTO AMARO;AV GOVERNADOR AGAMENON MAGALHAES;BOA VIAGEM;COLISÃO;1;;;;;1;;;0;;;;;;;;;;2019
23/03/2019;11:22:00;SEM VÍTIMA;BOA VIAGEM;RUA BARAO DE SOUZA LEAO;SUBURBIO;COLISÃO TRASEIRA;1;;;;1;;;;0;;Bom;Sem defeito;Perfeito estado;Seca;Perfeito estado;Faixa de pedestre;R-6a;;2019
23/03/2019;11:38:00;SEM VÍTIMA;SAN MARTIN;AV GENERAL SAN MARTIN;SUBURBIO;CHOQUE VEÍCULO PARADO;2;;;;;;;;0;;Bom;Não existe;Perfeito estado;Seca;Perfeito estado;Não existe;Outras;;2019
23/03/2019;11:42:00;SEM VÍTIMA;CAMPO GRANDE;EST DE BELEM;CIDADE;ABALROAMENTO TRANSVERSAL;1;;;;;;1;;0;;Bom;Não existe;Perfeito estado;Seca;Perfeito estado;Faixa de pedestre;R-6a;;2019
23/03/2019;12:18:00;COM VÍTIMA;PINA;RUA JOSE RODRIGUES;SUBURBIO;ABALROAMENTO LONGITUDINAL;;1;;;;;;;1;;Bom;Não existe;Não existente;Seca;Mal conservada;Não existe;Não há placas;;2019
23/03/2019;12:33:00;SEM VÍTIMA;AREIAS;RUA IPOJUCA;SUBURBIO;ABALROAMENTO TRANSVERSAL;1;1;;;;;;;0;;Bom;Não existe;Incompleta;Seca;Perfeito estado;Não existe;Outras;;2019
23/03/2019;13:00:00;COM VÍTIMA;CAXANGÁ;AV CAXANGA;;COLISÃO;1;1;;;;;;;1;;;;;;;;;;2019
23/03/2019;13:13:00;COM VÍTIMA;TAMARINEIRA;RUA DR JOSE MARIA;SUBURBIO;ABALROAMENTO LONGITUDINAL;1;1;;;;;;;1;;Bom;Não existe;Perfeito estado;Seca;Perfeito estado;Não existe;R-6a;40 km/h;2019
23/03/2019;13:46:00;SEM VÍTIMA;BOA VIAGEM;RUA DES JOAO PAES;;COLISÃO;2;;;;;;;;0;;;;;;;;;;2019
23/03/2019;17:03:00;COM VÍTIMA;TAMARINEIRA;RUA DR JOSE MARIA;CIDADE;TOMBAMENTO;;1;;;;;;;1;;Bom;Não existe;Perfeito estado;Seca;Perfeito estado;Outros;R-6a;;2019
23/03/2019;18:23:00;SEM VÍTIMA;IPUTINGA;AV CAXANGA;SUBURBIO;COLISÃO TRASEIRA;2;;;;;;;;0;;Bom;Não existe;Perfeito estado;Seca;Perfeito estado;Outros;Outras;;2019
23/03/2019;19:21:00;SEM VÍTIMA;PINA;RUA ELIAS GOMES;SUBURBIO;ABALROAMENTO LONGITUDINAL;2;;;;;;;;0;;Bom;Não existe;Incompleta;Seca;Perfeito estado;Não existe;Outras;;2019
23/03/2019;19:29:00;SEM VÍTIMA;BOA VIAGEM;AV ENGENHEIRO DOMINGOS FERREIRA;SUBURBIO;ABALROAMENTO LONGITUDINAL;1;;;;1;;;;0;;Bom;Não existe;Perfeito estado;Seca;Perfeito estado;Não existe;Não há placas;;2019
23/03/2019;20:07:00;COM VÍTIMA;TEJIPIÓ;AV DR JOSE RUFINO;SUBURBIO;ATROPELAMENTO;;1;;1;;;;;1;;Bom;Sem defeito;Perfeito estado;Seca;Perfeito estado;Faixa de pedestre;Não há placas;40 km/h;2019
23/03/2019;19:59:00;SEM VÍTIMA;IMBIRIBEIRA;RUA ARQUITETO LUIZ NUNES;SUBURBIO;ABALROAMENTO TRANSVERSAL;2;;;;;;;;0;;Bom;Sem defeito;Perfeito estado;Seca;Perfeito estado;Faixa de pedestre;Não há placas;;2019
23/03/2019;22:23:00;SEM VÍTIMA;ENCRUZILHADA;AV BEBERIBE;;COLISÃO;2;;;;;;;;0;;;;;;;;;;2019
24/03/2019;02:03:00;SEM VÍTIMA;CORDEIRO;RUA GOMES TABORDA;SUBURBIO;ABALROAMENTO TRANSVERSAL;2;;;;;;;;0;;Bom;Não existe;Incompleta;Seca;Perfeito estado;Não existe;Não há placas;;2019
24/03/2019;10:47:00;SEM VÍTIMA;ESPINHEIRO;RUA ALFREDO DE MEDEIROS;SUBURBIO;ABALROAMENTO LONGITUDINAL;2;;;;;;;;0;;Bom;Não existe;Perfeito estado;Seca;Perfeito estado;Não existe;Outras;;2019
24/03/2019;13:22:00;COM VÍTIMA;TORRE;RUA JOSE BONIFACIO;SUBURBIO;COLISÃO TRASEIRA;4;;;;;;;;1;;Bom;Não existe;Perfeito estado;Seca;Perfeito estado;Não existe;Outras;30 km/h;2019
24/03/2019;13:43:00;SEM VÍTIMA;SANTO AMARO;AV GOVERNADOR AGAMENON MAGALHAES;;ABALROAMENTO LONGITUDINAL;1;;;;2;;;;0;;Bom;Sem defeito;Perfeito estado;Seca;Perfeito estado;Faixa de pedestre;;60 km/h;2019
24/03/2019;14:10:00;SEM VÍTIMA;SÃO JOSÉ;RUA SAO JOAO;SUBURBIO;ABALROAMENTO TRANSVERSAL;1;;;;1;;;;0;;Bom;Sem defeito;Perfeito estado;Seca;Perfeito estado;Não existe;Não há placas;;2019
24/03/2019;14:35:00;SEM VÍTIMA;CORDEIRO;AV GENERAL SAN MARTIN;SUBURBIO;ABALROAMENTO LONGITUDINAL;1;1;;;;;;;0;;Bom;Não existe;Perfeito estado;Seca;Perfeito estado;Não existe;Outras;40 km/h;2019
24/03/2019;16:09:00;SEM VÍTIMA;JARDIM SÃO PAULO;AV LIBERDADE;SUBURBIO;COLISÃO TRASEIRA;2;;;;;;;;0;;Bom;Não existe;Não existente;Seca;Perfeito estado;Não existe;Não há placas;40 km/h;2019
24/03/2019;16:51:00;SEM VÍTIMA;SÃO JOSÉ;RUA IMPERIAL;SUBURBIO;ABALROAMENTO TRANSVERSAL;2;;;;;;;;0;;Bom;Não existe;Perfeito estado;Seca;Perfeito estado;Agente;Não há placas;;2019
24/03/2019;18:41:00;SEM VÍTIMA;SÃO JOSÉ;AV SUL;CIDADE;ABALROAMENTO LONGITUDINAL;2;;;;;;;;0;;Bom;Não existe;Ilegível;Seca;Mal iluminada;Não existe;Não há placas;60 km/h;2019
24/03/2019;18:49:00;SEM VÍTIMA;TEJIPIÓ;RUA FALCAO DE LACERDA;CIDADE;CHOQUE VEÍCULO PARADO;1;;;;1;;;;0;;Bom;Sem defeito;Incompleta;Seca;Mal iluminada;Faixa de pedestre;R-6a;50 km/h;2019
24/03/2019;22:34:00;COM VÍTIMA;IMBIRIBEIRA;AV RECIFE;CIDADE;ABALROAMENTO LONGITUDINAL;1;1;;;;;;;1;;Bom;Não existe;Perfeito estado;Seca;Perfeito estado;;;;2019
24/03/2019;23:29:00;COM VÍTIMA;BOA VIAGEM;RUA FELIX DE BRITO E MELO;CIDADE;COLISÃO TRASEIRA;1;1;;;;;;;1;;Bom;Sem defeito;Perfeito estado;Seca;Perfeito estado;Faixa de pedestre;Placas Pare;;2019
25/03/2019;07:06:00;SEM VÍTIMA;JAQUEIRA;RUA DO FUTURO;CIDADE;ABALROAMENTO TRANSVERSAL;2;;;;;;;;0;;Bom;Não existe;Perfeito estado;Seca;Perfeito estado;Não existe;Placas Pare;30 km/h;2019
25/03/2019;07:53:00;SEM VÍTIMA;BOA VISTA;RUA DO HOSPICIO;SUBURBIO;ABALROAMENTO TRANSVERSAL;1;;;;1;;;;0;;Bom;Sem defeito;Perfeito estado;Seca;Perfeito estado;Faixa de pedestre;R-6a;;2019
25/03/2019;08:14:00;SEM VÍTIMA;SANTO ANTÔNIO;RUA PRINCESA IZABEL;;COLISÃO;1;;;;1;;;;0;;;;;;;;;;2019
25/03/2019;08:18:00;SEM VÍTIMA;TORRE;RUA REAL DA TORRE;CIDADE;ABALROAMENTO LONGITUDINAL;2;;;;;;;;0;;Bom;Não existe;Não existente;Seca;Perfeito estado;Não existe;Não há placas;;2019
25/03/2019;08:51:00;SEM VÍTIMA;CAMPO GRANDE;EST DE BELEM;CIDADE;COLISÃO FRONTAL;3;;;;;;;;0;;Bom;Não existe;Perfeito estado;Seca;Perfeito estado;Não existe;Não há placas;;2019
25/03/2019;10:38:00;SEM VÍTIMA;IMBIRIBEIRA;AV MARECHAL MASCARENHAS DE MORAES;CIDADE;ABALROAMENTO LONGITUDINAL;1;1;;;;;;;0;;Bom;Sem defeito;Perfeito estado;Seca;Perfeito estado;;Não há placas;60 km/h;2019
25/03/2019;10:44:00;SEM VÍTIMA;PINA;AV ENGENHEIRO DOMINGOS FERREIRA;SUBURBIO;ABALROAMENTO LONGITUDINAL;1;;;;;1;;;0;;Bom;Não existe;Não existente;Seca;Perfeito estado;Não existe;Não há placas;60 km/h;2019
25/03/2019;10:51:00;SEM VÍTIMA;DOIS IRMÃOS;RUA MANUEL DE MEDEIROS;SUBURBIO;ABALROAMENTO LONGITUDINAL;1;1;;;;;;;0;;Bom;Não existe;Incompleta;Seca;Perfeito estado;Não existe;Outras;;2019
25/03/2019;10:57:00;SEM VÍTIMA;DERBY;RUA BARAO DE GOIANA;;COLISÃO;2;;;;;;;;0;;;;;;;;;;2019
25/03/2019;10:59:00;SEM VÍTIMA;SANTO ANTÔNIO;PRC DA REPUBLICA;CIDADE;ABALROAMENTO LONGITUDINAL;2;;;;;;;;0;;Bom;Não existe;Perfeito estado;Seca;Perfeito estado;Não existe;Outras;;2019
25/03/2019;11:47:00;SEM VÍTIMA;AFOGADOS;AV SUL;CIDADE;COLISÃO TRASEIRA;3;;;;;;;;0;;Bom;Sem defeito;Perfeito estado;Seca;Perfeito estado;Faixa de pedestre;Outras;;2019
25/03/2019;12:41:00;SEM VÍTIMA;SANTO ANTÔNIO;PTE PRINCESA IZABEL;;COLISÃO TRASEIRA;2;;;;;;;;0;;Bom;Não existe;Perfeito estado;Seca;Perfeito estado;Não existe;Não há placas;30 km/h;2019
25/03/2019;12:44:00;SEM VÍTIMA;AREIAS;AV DR JOSE RUFINO;;COLISÃO;1;;;;;1;;;0;;;;;;;;;;2019
25/03/2019;13:28:00;SEM VÍTIMA;BOA VISTA;RUA DO HOSPICIO;;COLISÃO;2;;;;;;;;0;;;;;;;;;;2019
25/03/2019;13:30:00;SEM VÍTIMA;COELHOS;RUA DOS COELHOS;SUBURBIO;ABALROAMENTO LONGITUDINAL;1;;;;;1;;;0;;Bom;Sem defeito;Perfeito estado;Seca;Perfeito estado;Faixa de pedestre;;;2019
25/03/2019;14:20:00;SEM VÍTIMA;GRAÇAS;PRC DO ENTRONCAMENTO;;COLISÃO;2;;;;;;;;0;;;;;;;;;;2019
25/03/2019;14:47:00;SEM VÍTIMA;SÃO JOSÉ;AV DANTAS BARRETO;SUBURBIO;ABALROAMENTO TRANSVERSAL;2;;;;;;;;0;;Bom;Sem defeito;Incompleta;Seca;Perfeito estado;;Outras;40 km/h;2019
25/03/2019;15:03:00;SEM VÍTIMA;SÃO JOSÉ;RUA IMPERIAL;SUBURBIO;COLISÃO TRASEIRA;;;;;;;2;;0;;Bom;Não existe;Perfeito estado;Seca;Perfeito estado;;Não há placas;40 km/h;2019
25/03/2019;15:05:00;SEM VÍTIMA;CAMPO GRANDE;RUA ODORICO MENDES;CIDADE;COLISÃO TRASEIRA;3;;;;;;;;0;;Bom;Não existe;Perfeito estado;Seca;Perfeito estado;Não existe;R-6a;60 km/h;2019
25/03/2019;15:26:00;SEM VÍTIMA;BOA VISTA;RUA AURORA;CIDADE;COLISÃO TRASEIRA;2;;;;;;;;0;;Bom;Não existe;Perfeito estado;Seca;Perfeito estado;Não existe;Não há placas;40 km/h;2019
25/03/2019;15:35:00;SEM VÍTIMA;IPSEP;AV RECIFE;SUBURBIO;COLISÃO TRASEIRA;2;;;;;;;;0;;Bom;Sem defeito;Perfeito estado;Seca;Perfeito estado;Agente;R-6a;;2019
25/03/2019;15:43:00;SEM VÍTIMA;BOA VIAGEM;AV ENGENHEIRO DOMINGOS FERREIRA;SUBURBIO;ABALROAMENTO LONGITUDINAL;2;;;;;;1;;0;;Bom;Sem defeito;Perfeito estado;Seca;Perfeito estado;;;60 km/h;2019
25/03/2019;16:33:00;SEM VÍTIMA;SÃO JOSÉ;RUA DO RANGEL;CIDADE;CHOQUE VEÍCULO PARADO;2;;;;;;;;0;;Bom;Não existe;Perfeito estado;Seca;Perfeito estado;Não existe;R-6b;;2019
25/03/2019;16:34:00;SEM VÍTIMA;CAMPO GRANDE;EST DE BELEM;CIDADE;ABALROAMENTO LONGITUDINAL;1;;;;1;;;;0;;Bom;Sem defeito;Perfeito estado;Seca;Perfeito estado;Agente;R-6a;;2019
25/03/2019;16:40:00;SEM VÍTIMA;ESTÂNCIA;AV DR JOSE RUFINO;;ABALROAMENTO LONGITUDINAL;1;;;;;1;;;0;;Bom;Sem defeito;Perfeito estado;Seca;Perfeito estado;Faixa de pedestre;Não há placas;;2019
25/03/2019;16:53:00;SEM VÍTIMA;AREIAS;RUA GENERAL MANUEL RABELO;;COLISÃO;1;;;;;1;;;0;;;;;;;;;;2019
25/03/2019;18:08:00;SEM VÍTIMA;;AV RIO SAO FRANCISCO;SUBURBIO;ABALROAMENTO LONGITUDINAL;1;;;;1;;;;0;;Bom;Não existe;Perfeito estado;Seca;Perfeito estado;Não existe;Não há placas;;2019
25/03/2019;18:17:00;SEM VÍTIMA;BOA VISTA;RUA DOM BOSCO;;COLISÃO TRASEIRA;1;1;;;;;;;0;;Bom;Sem defeito;Perfeito estado;Seca;Perfeito estado;;Não há placas;;2019
25/03/2019;18:26:00;SEM VÍTIMA;BOA VIAGEM;RUA BARAO DE SOUZA LEAO;SUBURBIO;ABALROAMENTO LONGITUDINAL;1;;;;1;;;;0;;Bom;Não existe;Perfeito estado;Seca;Perfeito estado;Não existe;Outras;;2019
25/03/2019;18:28:00;SEM VÍTIMA;ESPINHEIRO;RUA DO ESPINHEIRO;SUBURBIO;ABALROAMENTO LONGITUDINAL;2;;;;;;;;0;;Bom;Sem defeito;Perfeito estado;Seca;Perfeito estado;Faixa de pedestre;Outras;;2019
25/03/2019;18:39:00;SEM VÍTIMA;SANTO ANTÔNIO;AV MARTINS DE BARROS;SUBURBIO;COLISÃO TRASEIRA;2;;;;;;;;0;;Bom;Sem defeito;Perfeito estado;Seca;Perfeito estado;Faixa de pedestre;Não há placas;;2019
25/03/2019;18:58:00;SEM VÍTIMA;TORRE;RUA JOSE DE HOLANDA;SUBURBIO;CHOQUE VEÍCULO PARADO;2;;;;;;;;0;;Bom;Não existe;Perfeito estado;Seca;Perfeito estado;Não existe;Não há placas;;2019
25/03/2019;19:09:00;SEM VÍTIMA;BOA VISTA;AV GOVERNADOR AGAMENON MAGALHAES;;ABALROAMENTO LONGITUDINAL;2;;;;;;;;0;;Bom;Sem defeito;Perfeito estado;Seca;Perfeito estado;;;;2019
25/03/2019;20:42:00;COM VÍTIMA;PARNAMIRIM;AV PARNAMIRIM;CIDADE;COLISÃO COM CICLISTA;1;1;1;;;;;;1;;Bom;Sem defeito;Perfeito estado;Seca;Perfeito estado;Faixa de pedestre;R-6a;;2019
25/03/2019;21:27:00;SEM VÍTIMA;NOVA DESCOBERTA;AV VEREADOR OTACILIO AZEVEDO;;COLISÃO;2;;;;;;;;0;;;;;;;;;;2019
25/03/2019;21:31:00;SEM VÍTIMA;IPSEP;AV RECIFE;SUBURBIO;ABALROAMENTO LONGITUDINAL;1;1;;;;;;;0;;Bom;Sem defeito;Perfeito estado;Seca;Perfeito estado;Faixa de pedestre;Não há placas;;2019
25/03/2019;21:32:00;SEM VÍTIMA;BREJO DE BEBERIBE;RUA ALTO DO REFUGIO;CIDADE;ABALROAMENTO TRANSVERSAL;2;;;;;;;;0;;Bom;Não existe;Perfeito estado;Seca;Perfeito estado;;;;2019
25/03/2019;21:45:00;SEM VÍTIMA;VÁRZEA;RUA CONEGO JOSE FERNANDES MACHADO;;COLISÃO;2;;;;;;;;0;;;;;;;;;;2019
25/03/2019;21:59:00;SEM VÍTIMA;CAXANGÁ;AV JOAQUIM RIBEIRO;;COLISÃO;2;;;;;;;;0;;;;;;;;;;2019
25/03/2019;22:10:00;SEM VÍTIMA;BOA VIAGEM;AV VINTE E TRES DE OUTUBRO;CIDADE;COLISÃO TRASEIRA;2;;;;;;;;0;;Bom;Não existe;Incompleta;Seca;Mal iluminada;Não existe;Não há placas;;2019
25/03/2019;23:53:00;SEM VÍTIMA;ESTÂNCIA;AV ESTANCIA;;ABALROAMENTO TRANSVERSAL;2;;;;;;;;0;;Bom;Não existe;Perfeito estado;Seca;Perfeito estado;;;;2019
26/03/2019;07:40:00;SEM VÍTIMA;GRAÇAS;RUA ALBERTO PAIVA;SUBURBIO;ABALROAMENTO LONGITUDINAL;1;;;;;1;;;0;;Chuvoso;;Perfeito estado;Molhada;Perfeito estado;Não existe;Outras;;2019
26/03/2019;07:43:00;COM VÍTIMA;SANTO AMARO;RUA TREZE DE MAIO;CIDADE;ATROPELAMENTO;;1;;1;;;;;1;;Chuvoso;Sem defeito;Perfeito estado;Molhada;Perfeito estado;Faixa de pedestre;Não há placas;60 km/h;2019
26/03/2019;07:59:00;SEM VÍTIMA;AREIAS;AV RECIFE;SUBURBIO;COLISÃO TRASEIRA;2;;;;;;;;0;;Chuvoso;Não existe;Perfeito estado;Molhada;Perfeito estado;Não existe;;;2019
26/03/2019;08:02:00;SEM VÍTIMA;DERBY;AV GOVERNADOR AGAMENON MAGALHAES;SUBURBIO;ABALROAMENTO LONGITUDINAL;1;;;;1;;;;0;;Chuvoso;Não existe;Perfeito estado;Molhada;Perfeito estado;Não existe;Não há placas;;2019
26/03/2019;08:11:00;SEM VÍTIMA;BOA VIAGEM;RUA CRUZEIRO DO FORTE;;COLISÃO;2;;;;;;;;0;;;;;;;;;;2019
26/03/2019;08:13:00;SEM VÍTIMA;CASA AMARELA;AV NORTE;CIDADE;COLISÃO TRASEIRA;3;;;;;;;;0;;Chuvoso;Não existe;Perfeito estado;Molhada;Perfeito estado;Não existe;Outras;60 km/h;2019
26/03/2019;08:32:00;SEM VÍTIMA;BOA VISTA;AV GOVERNADOR AGAMENON MAGALHAES;SUBURBIO;COLISÃO TRASEIRA;2;;;;;;;;0;;Chuvoso;Sem defeito;Perfeito estado;Molhada;Perfeito estado;Agente;;;2019
26/03/2019;08:51:00;COM VÍTIMA;BOA VISTA;AV GOVERNADOR AGAMENON MAGALHAES;SUBURBIO;COLISÃO TRASEIRA;2;;;;;;;;1;;Chuvoso;Sem defeito;Perfeito estado;Molhada;Perfeito estado;Faixa de pedestre;;;2019
26/03/2019;09:29:00;SEM VÍTIMA;CORDEIRO;RUA GOMES TABORDA;;ABALROAMENTO TRANSVERSAL;1;1;;;;;;;0;;Bom;Não existe;Perfeito estado;Seca;Perfeito estado;Não existe;Placas Pare;40 km/h;2019
26/03/2019;09:32:00;SEM VÍTIMA;SANTO AMARO;AV GOVERNADOR AGAMENON MAGALHAES;CIDADE;ABALROAMENTO LONGITUDINAL;1;;;;;1;;;0;;Bom;Sem defeito;Perfeito estado;Seca;Perfeito estado;Faixa de pedestre;Não há placas;60 km/h;2019
26/03/2019;09:36:00;COM VÍTIMA;IBURA;AV DOIS RIOS;CIDADE;COLISÃO FRONTAL;1;1;;;;;;;1;;Chuvoso;Não existe;Não existente;Seca;Perfeito estado;Não existe;Não há placas;60 km/h;2019
26/03/2019;09:59:00;SEM VÍTIMA;BOA VIAGEM;AVENIDA CELSO FURTADO (VIA MANGUE);SUBURBIO;COLISÃO TRASEIRA;3;;;;;;;;0;;Bom;Não existe;Perfeito estado;Seca;Perfeito estado;Não existe;Outras;;2019
26/03/2019;10:38:00;COM VÍTIMA;SÃO JOSÉ;RUA IMPERIAL;SUBURBIO;COLISÃO TRASEIRA;1;1;;;;;;;1;;Bom;Não existe;Perfeito estado;Seca;Perfeito estado;Não existe;Não há placas;;2019
26/03/2019;11:03:00;SEM VÍTIMA;IMBIRIBEIRA;AV MARECHAL MASCARENHAS DE MORAES;SUBURBIO;COLISÃO TRASEIRA;2;;;;;;;;0;;Bom;Não existe;Perfeito estado;Seca;Perfeito estado;Não existe;Não há placas;60 km/h;2019
26/03/2019;11:18:00;SEM VÍTIMA;PINA;AV HERCULANO BANDEIRA;SUBURBIO;COLISÃO TRASEIRA;2;;;;;;;;0;;Bom;Não existe;Perfeito estado;Seca;Perfeito estado;Não existe;Não há placas;60 km/h;2019
26/03/2019;11:22:00;SEM VÍTIMA;MADALENA;RUA REAL DA TORRE;SUBURBIO;ABALROAMENTO LONGITUDINAL;2;;;;;;;;0;;Bom;Sem defeito;Perfeito estado;Seca;Perfeito estado;Não existe;Outras;;2019
26/03/2019;12:49:00;SEM VÍTIMA;BOA VIAGEM;RUA CARLOS PEREIRA FALCAO;;COLISÃO;3;;;;;;;;0;;;;;;;;;;2019
26/03/2019;12:50:00;SEM VÍTIMA;JARDIM SÃO PAULO;RUA CAMPINAS;;COLISÃO;1;1;;;;;;;0;;;;;;;;;;2019
26/03/2019;13:01:00;SEM VÍTIMA;BOA VIAGEM;RUA CAMBOIM;;COLISÃO;2;;;;;;;;0;;;;;;;;;;2019
26/03/2019;13:13:00;SEM VÍTIMA;VASCO DA GAMA;RUA VASCO DA GAMA;CIDADE;ABALROAMENTO LONGITUDINAL;1;;;;1;;;;0;;Chuvoso;Não existe;Perfeito estado;Molhada;Perfeito estado;Não existe;Outras;;2019
26/03/2019;13:15:00;SEM VÍTIMA;CABANGA;RUA CAPITAO TEMUDO;;ABALROAMENTO LONGITUDINAL;2;;;;;;;;0;;Chuvoso;Não existe;Incompleta;Molhada;Mal conservada;;Placas Pare;;2019
26/03/2019;13:48:00;SEM VÍTIMA;CAJUEIRO;RUA NOVA BETANEA;SUBURBIO;ABALROAMENTO TRANSVERSAL;2;;;;;;;;0;;Chuvoso;Não existe;Perfeito estado;Seca;Perfeito estado;Não existe;Não há placas;40 km/h;2019
26/03/2019;13:58:00;SEM VÍTIMA;PINA;AV HERCULANO BANDEIRA;SUBURBIO;ABALROAMENTO LONGITUDINAL;2;1;;;;;;;0;;Chuvoso;Não existe;Perfeito estado;Molhada;Perfeito estado;Faixa de pedestre;Não há placas;;2019
26/03/2019;14:03:00;SEM VÍTIMA;SANTO AMARO;AV JOAO DE BARROS;CIDADE;COLISÃO TRASEIRA;1;;;;;;1;;0;;Chuvoso;Sem defeito;Perfeito estado;Molhada;Perfeito estado;Não existe;Não há placas;;2019
26/03/2019;14:34:00;SEM VÍTIMA;IPUTINGA;AV JORNALISTA POSSIDONIO CAVALCANTI BASTOS;;ABALROAMENTO LONGITUDINAL;;1;;;;;;1;0;;Chuvoso;Não existe;Não existente;Molhada;Perfeito estado;Não existe;Não há placas;;2019
26/03/2019;14:49:00;COM VÍTIMA;JORDÃO;AV JULIO CESAR;;COLISÃO;1;1;;;;;;;1;;;;;;;;;;2019