data;hora;natureza_acidente;bairro;endereco;sentido_via;tipo;auto;moto;ciclista;pedestre;onibus;caminhao;viatura;outros;vitimas;vitimasfatais;tempo_clima;situacao_semaforo;sinalizacao;condicao_via;conservacao_via;ponto_controle;situacao_placa;velocidade_max_via;ano
26/03/2019;14:56:00;COM VÍTIMA;BOA VIAGEM;AV BOA VIAGEM;;ACID. DE PERCURSO;;1;;;;;;;1;;;;;;;;;;2019
26/03/2019;15:08:00;SEM VÍTIMA;TAMARINEIRA;RUA CONEGO BARATA;;COLISÃO TRASEIRA;2;;;;;;;;0;;Chuvoso;Não existe;Perfeito estado;Seca;Perfeito estado;Não existe;Não há placas;;2019
26/03/2019;15:22:00;COM VÍTIMA;IPSEP;AV RECIFE;SUBURBIO;ABALROAMENTO TRANSVERSAL;1;1;;;;;;;1;;Chuvoso;Com defeito;Perfeito estado;Molhada;Perfeito estado;Não existe;Placas Pare;60 km/h;2019
26/03/2019;15:57:00;SEM VÍTIMA;CORDEIRO;AV CAXANGA;CIDADE;ABALROAMENTO LONGITUDINAL;1;1;;;;;;;0;;Chuvoso;Sem defeito;Perfeito estado;Molhada;Perfeito estado;Faixa de pedestre;Outras;;2019
26/03/2019;16:39:00;SEM VÍTIMA;CAXANGÁ;AV JOAQUIM RIBEIRO;CIDADE;ABALROAMENTO LONGITUDINAL;1;1;;;;;;;0;;Bom;Sem defeito;Perfeito estado;Seca;Perfeito estado;Faixa de pedestre;Outras;;2019
26/03/2019;17:05:00;SEM VÍTIMA;PINA;AV CONSELHEIRO AGUIAR;CIDADE;ABALROAMENTO LONGITUDINAL;2;;;;;;;;0;;Bom;Não existe;Perfeito estado;Seca;Perfeito estado;Outros;R-6a;60 km/h;2019
26/03/2019;17:12:00;SEM VÍTIMA;MADALENA;RUA RENATO DE MEDEIROS;;COLISÃO;2;;;;;;;;0;;;;;;;;;;2019
26/03/2019;17:29:00;SEM VÍTIMA;PINA;AV DR DIRCEU VELLOSO TOSCANO DE BRITO;SUBURBIO;ABALROAMENTO LONGITUDINAL;;;;;1;;1;;0;;Bom;Não existe;Ilegível;Seca;Perfeito estado;Não existe;Não há placas;;2019
26/03/2019;17:48:00;COM VÍTIMA;SANTO AMARO;AV DR JAYME DA FONTE;CIDADE;ATROPELAMENTO;;1;;1;;;;;1;;Bom;Não existe;Perfeito estado;Seca;Perfeito estado;Não existe;Não há placas;;2019
26/03/2019;17:53:00;SEM VÍTIMA;IPSEP;RUA JEAN EMILE FAVRE;SUBURBIO;ABALROAMENTO LONGITUDINAL;2;;;;;;;;0;;Bom;Não existe;Perfeito estado;Seca;Perfeito estado;;;;2019
26/03/2019;18:33:00;SEM VÍTIMA;ESPINHEIRO;RUA MARQUES DO PARANA;;COLISÃO;2;;;;;;;;0;;;;;;;;;;2019
26/03/2019;19:01:00;SEM VÍTIMA;ARRUDA;RUA ZEFERINO AGRA;;ABALROAMENTO TRANSVERSAL;2;;;;;;;;0;;Bom;Não existe;Incompleta;Seca;;Não existe;Não há placas;;2019
26/03/2019;21:35:00;SEM VÍTIMA;CIDADE UNIVERSITÁRIA;AV REITOR JOAQUIM AMAZONAS;;COLISÃO;2;;;;;;;;0;;;;;;;;;;2019
26/03/2019;21:39:00;SEM VÍTIMA;CAJUEIRO;AV BEBERIBE;SUBURBIO;COLISÃO TRASEIRA;2;;;;;;;;0;;Bom;Não existe;Perfeito estado;Seca;Perfeito estado;;Não há placas;40 km/h;2019
26/03/2019;22:53:00;SEM VÍTIMA;PINA;RUA ARQUITETO AUGUSTO REINALDO;SUBURBIO;ABALROAMENTO LONGITUDINAL;2;;;;;;;;0;;Bom;Não existe;Incompleta;Seca;Perfeito estado;Não existe;Não há placas;;2019
27/03/2019;04:17:00;SEM VÍTIMA;ESPINHEIRO;AV JOAO DE BARROS;SUBURBIO;COLISÃO TRASEIRA;1;;;;;1;;;0;;Chuvoso;;Perfeito estado;Molhada;Perfeito estado;Faixa de pedestre;R-6a;40 km/h;2019
27/03/2019;07:34:00;SEM VÍTIMA;SÃO JOSÉ;RUA IMPERIAL;SUBURBIO;ABALROAMENTO LONGITUDINAL;1;;;;;1;;;0;;Bom;Não existe;Perfeito estado;Seca;Mal conservada;Outros;Outras;;2019
27/03/2019;07:35:00;COM VÍTIMA;BOA VIAGEM;RUA SERINHAEM;;ABALROAMENTO LONGITUDINAL;1;1;;;;;;;1;;Bom;;Não existente;Seca;Perfeito estado;Não existe;Não há placas;30 km/h;2019
27/03/2019;07:36:00;SEM VÍTIMA;BONGI;AV ENGENHEIRO ABDIAS DE CARVALHO;CIDADE;COLISÃO TRASEIRA;2;;;;;;;;0;;Chuvoso;Sem defeito;Perfeito estado;Molhada;Perfeito estado;Faixa de pedestre;Não há placas;60 km/h;2019
27/03/2019;08:30:00;SEM VÍTIMA;AREIAS;RUA IPOJUCA;SUBURBIO;COLISÃO TRASEIRA;2;;;;;;;;0;;Bom;Sem defeito;Perfeito estado;Seca;Perfeito estado;Não existe;Não há placas;;2019
27/03/2019;08:56:00;COM VÍTIMA;CAMPO GRANDE;EST DE BELEM;SUBURBIO;ATROPELAMENTO;1;;;1;;;;;1;;Bom;Não existe;Perfeito estado;Seca;Perfeito estado;Não existe;R-6a;;2019
27/03/2019;09:05:00;COM VÍTIMA;CAMPO GRANDE;RUA MADRE ROSA GATTORNO;CIDADE;COLISÃO COM CICLISTA;1;;1;;;;;;1;;Chuvoso;Não existe;Ilegível;Seca;Perfeito estado;Não existe;Não há placas;;2019
27/03/2019;09:38:00;SEM VÍTIMA;ENCRUZILHADA;AV NORTE;CIDADE;COLISÃO TRASEIRA;1;;;;1;;;;0;;Bom;Sem defeito;Perfeito estado;Seca;Perfeito estado;Agente;Não há placas;;2019
27/03/2019;09:41:00;SEM VÍTIMA;IMBIRIBEIRA;RUA ITAMARACA;PRAZERES;COLISÃO;1;;;;;1;;;0;;;;;;;;;;2019
27/03/2019;11:07:00;SEM VÍTIMA;BOA VIAGEM;RUA VISCONDE DE JEQUITINHONHA;SUBURBIO;COLISÃO TRASEIRA;2;;;;;1;;;0;;Chuvoso;Não existe;Perfeito estado;Molhada;Perfeito estado;Não existe;Outras;60 km/h;2019
27/03/2019;11:28:00;COM VÍTIMA;BOA VIAGEM;RUA ERNESTO DE PAULA SANTOS;;COLISÃO;1;1;;;;;;;1;;;;;;;;;;2019
27/03/2019;11:30:00;SEM VÍTIMA;BOA VIAGEM;RUA FELIX DE BRITO E MELO;;ABALROAMENTO TRANSVERSAL;2;;;;;;;;0;;Bom;Não existe;Perfeito estado;Seca;Perfeito estado;Não existe;Placas Pare;;2019
27/03/2019;11:55:00;COM VÍTIMA;CASA FORTE;AV DEZESSETE DE AGOSTO;SUBURBIO;ABALROAMENTO LONGITUDINAL;1;;;;;1;;;1;;Bom;Sem defeito;Perfeito estado;Seca;Perfeito estado;Faixa de pedestre;R-6a;60 km/h;2019
27/03/2019;12:09:00;SEM VÍTIMA;COQUEIRAL;RUA PLANURA;;COLISÃO TRASEIRA;1;;;;;1;;;0;;Bom;Não existe;Não existente;Seca;Perfeito estado;Não existe;R-6a;;2019
27/03/2019;12:51:00;SEM VÍTIMA;BOA VIAGEM;RUA DOS NAVEGANTES;SUBURBIO;COLISÃO TRASEIRA;2;;;;;;;;0;;Bom;Não existe;Perfeito estado;Seca;Perfeito estado;Não existe;Não há placas;;2019
27/03/2019;12:55:00;SEM VÍTIMA;PARNAMIRIM;AV PARNAMIRIM;CIDADE;COLISÃO TRASEIRA;2;;;;;;;;0;;Bom;Sem defeito;Perfeito estado;Seca;Perfeito estado;Faixa de pedestre;R-6a;;2019
27/03/2019;13:42:00;SEM VÍTIMA;PINA;RUA CACILDA IOLANDA PORCIUNCULA;CIDADE;COLISÃO TRASEIRA;2;;;;;;;;0;;Bom;Não existe;Incompleta;Seca;Perfeito estado;Não existe;Placas Pare;;2019
27/03/2019;14:18:00;SEM VÍTIMA;ESPINHEIRO;RUA AMELIA;CIDADE;COLISÃO TRASEIRA;2;;;;;;;;0;;Bom;Não existe;Perfeito estado;Seca;Perfeito estado;Não existe;R-6a;40 km/h;2019
27/03/2019;14:40:00;SEM VÍTIMA;BEBERIBE;AV BEBERIBE;CIDADE;COLISÃO TRASEIRA;2;;;;;;;;0;;Bom;Não existe;;Seca;Perfeito estado;Não existe;Outras;;2019
27/03/2019;14:46:00;SEM VÍTIMA;SANTO AMARO;AV GOVERNADOR AGAMENON MAGALHAES;SUBURBIO;ABALROAMENTO TRANSVERSAL;1;1;;;;;;;0;;Chuvoso;Não existe;Perfeito estado;Molhada;Perfeito estado;Não existe;Outras;;2019
27/03/2019;15:01:00;SEM VÍTIMA;BAIRRO DO RECIFE;PTE DO LIMOEIRO;SUBURBIO;COLISÃO TRASEIRA;2;;;;;;;;0;;Chuvoso;Sem defeito;Perfeito estado;Seca;Perfeito estado;Faixa de pedestre;Outras;60 km/h;2019
27/03/2019;15:42:00;SEM VÍTIMA;MADALENA;EST DOS REMEDIOS;CIDADE;COLISÃO TRASEIRA;1;1;;;;;;;0;;Bom;Sem defeito;Perfeito estado;Seca;Perfeito estado;Agente;Outras;;2019
27/03/2019;15:44:00;SEM VÍTIMA;IBURA;RUA PINTOR AGENOR DE ALBUQUERQUE CESAR;SUBURBIO;CHOQUE VEÍCULO PARADO;;;;;1;;;;0;;Bom;Não existe;Perfeito estado;Seca;Perfeito estado;;Não há placas;;2019
27/03/2019;15:51:00;SEM VÍTIMA;VÁRZEA;RUA BARAO DE MURIBECA;;COLISÃO;;;;;;;;;0;;;;;;;;;;2019
27/03/2019;15:58:00;SEM VÍTIMA;CABANGA;VIADUTO CAPITAO TEMUDO;SUBURBIO;ABALROAMENTO LONGITUDINAL;3;;;;;;;;0;;Bom;Não existe;Perfeito estado;Seca;Perfeito estado;Não existe;Não há placas;60 km/h;2019
27/03/2019;16:14:00;SEM VÍTIMA;ÁGUA FRIA;RUA DO MACHADO;CIDADE;ABALROAMENTO LONGITUDINAL;1;;;;1;;;;0;;Bom;Não existe;Perfeito estado;Seca;Perfeito estado;Não existe;Outras;30 km/h;2019
27/03/2019;16:42:00;SEM VÍTIMA;IMBIRIBEIRA;AV MARECHAL MASCARENHAS DE MORAES;SUBURBIO;ABALROAMENTO LONGITUDINAL;1;2;;;;;;;0;;Bom;Sem defeito;Perfeito estado;Seca;Perfeito estado;Faixa de pedestre;Outras;;2019
27/03/2019;16:47:00;SEM VÍTIMA;ÁGUA FRIA;AV BEBERIBE;SUBURBIO;COLISÃO TRASEIRA;3;;;;;;;;0;;Bom;Não existe;Perfeito estado;Seca;Perfeito estado;;R-6a;;2019
27/03/2019;16:56:00;SEM VÍTIMA;CORDEIRO;RUA PROFESSOR JOAQUIM XAVIER DE BRITO;CIDADE;ABALROAMENTO LONGITUDINAL;2;;;;;;;;0;;Bom;Não existe;Perfeito estado;Seca;Perfeito estado;Não existe;Placas Pare;;2019
27/03/2019;17:02:00;SEM VÍTIMA;;RUA BALTAZAR PASSOS;;ABALROAMENTO LONGITUDINAL;1;;;;;1;;;0;;Bom;Não existe;Perfeito estado;Seca;Perfeito estado;Faixa de pedestre;Outras;;2019
27/03/2019;18:16:00;SEM VÍTIMA;TAMARINEIRA;EST DO ARRAIAL;;COLISÃO TRASEIRA;2;;;;;;;;0;;Bom;Não existe;Perfeito estado;Seca;Perfeito estado;Não existe;Outras;;2019
27/03/2019;18:18:00;COM VÍTIMA;ÁGUA FRIA;RUA DR EUDES COSTA;;COLISÃO;1;1;;;;;;;1;;;;;;;;;;2019
27/03/2019;18:21:00;SEM VÍTIMA;ILHA DO LEITE;RUA PADRE VENANCIO;CIDADE;ABALROAMENTO LONGITUDINAL;1;;;;1;;;;0;;Chuvoso;Não existe;Perfeito estado;Molhada;Perfeito estado;Não existe;R-6a;20 km/h;2019
27/03/2019;19:17:00;SEM VÍTIMA;ESPINHEIRO;RUA QUARENTA E OITO;CIDADE;ABALROAMENTO LONGITUDINAL;2;;;;;;;;0;;Chuvoso;Não existe;Perfeito estado;Molhada;Perfeito estado;Outros;Outras;;2019
27/03/2019;19:25:00;SEM VÍTIMA;IMBIRIBEIRA;AV MARECHAL MASCARENHAS DE MORAES;SUBURBIO;ABALROAMENTO LONGITUDINAL;1;;;;;1;;;0;;Chuvoso;;Perfeito estado;Molhada;Perfeito estado;Não existe;Não há placas;;2019
27/03/2019;21:45:00;SEM VÍTIMA;SANTO AMARO;RUA TREZE DE MAIO;CIDADE;ABALROAMENTO LONGITUDINAL;1;1;;;;;;;0;;Chuvoso;Não existe;Perfeito estado;Molhada;Perfeito estado;Não existe;Não há placas;40 km/h;2019
27/03/2019;22:20:00;SEM VÍTIMA;PRADO;AV ENGENHEIRO ABDIAS DE CARVALHO;CIDADE;ABALROAMENTO LONGITUDINAL;2;;;;;;;;0;;Chuvoso;;Perfeito estado;Molhada;Perfeito estado;Outros;Outras;;2019
28/03/2019;01:06:00;SEM VÍTIMA;IPSEP;AV RECIFE;SUBURBIO;ABALROAMENTO TRANSVERSAL;2;;;;;;;;0;;Chuvoso;Sem defeito;Perfeito estado;Molhada;Perfeito estado;Faixa de pedestre;R-6a;60 km/h;2019
28/03/2019;06:58:00;SEM VÍTIMA;BOA VISTA;AV GOVERNADOR AGAMENON MAGALHAES;BOA VIAGEM;COLISÃO;2;;;;;;;;0;;;;;;;;;;2019
28/03/2019;07:07:00;SEM VÍTIMA;NOVA DESCOBERTA;AV VEREADOR OTACILIO AZEVEDO;;COLISÃO;1;1;;;;;;;0;;;;;;;;;;2019
28/03/2019;07:29:00;SEM VÍTIMA;;AV MARECHAL MASCARENHAS DE MORAES;SUBURBIO;ABALROAMENTO LONGITUDINAL;1;2;;;;;;;0;;Bom;Sem defeito;Perfeito estado;Seca;Perfeito estado;Faixa de pedestre;;;2019
28/03/2019;07:50:00;SEM VÍTIMA;MADALENA;AV CAXANGA;CIDADE;ABALROAMENTO LONGITUDINAL;2;;;;1;;;;0;;Bom;Sem defeito;Perfeito estado;Seca;Perfeito estado;Faixa de pedestre;;;2019
28/03/2019;08:04:00;SEM VÍTIMA;ROSARINHO;AV NORTE;;CHOQUE OBJETO FIXO;1;;;;;;;;0;;Chuvoso;Não existe;Perfeito estado;Seca;Perfeito estado;Não existe;Outras;;2019
28/03/2019;08:12:00;SEM VÍTIMA;CORDEIRO;AV CAXANGA;CID/SUB;COLISÃO TRASEIRA;1;;;;;1;;;0;;Nublado;Não existe;Perfeito estado;Seca;;Não existe;Outras;;2019
28/03/2019;08:47:00;SEM VÍTIMA;BOA VIAGEM;AV CONSELHEIRO AGUIAR;CIDADE;ABALROAMENTO LONGITUDINAL;1;;;;1;;;;0;;Bom;;;;;Não existe;R-6a;60 km/h;2019
28/03/2019;08:57:00;SEM VÍTIMA;CORDEIRO;AV GENERAL SAN MARTIN;SUBURBIO;ABALROAMENTO LONGITUDINAL;1;;;;;1;;;0;;Nublado;Sem defeito;Perfeito estado;Seca;Perfeito estado;Faixa de pedestre;Placas Pare;;2019
28/03/2019;09:13:00;SEM VÍTIMA;BREJO DA GUABIRABA;AV VEREADOR OTACILIO AZEVEDO;;ABALROAMENTO TRANSVERSAL;1;1;;;;;;;0;;Bom;Não existe;Não existente;Seca;Perfeito estado;Não existe;Não há placas;50 km/h;2019
28/03/2019;09:24:00;SEM VÍTIMA;IPSEP;AV RECIFE;SUBURBIO;COLISÃO;1;;;;;1;;;0;;;;;;;;;;2019
28/03/2019;09:32:00;SEM VÍTIMA;IPSEP;AV RECIFE;SUBURBIO;ABALROAMENTO LONGITUDINAL;1;;;;;1;;;0;;Bom;Sem defeito;Perfeito estado;Seca;Perfeito estado;Agente;;;2019
28/03/2019;09:36:00;SEM VÍTIMA;MADALENA;RUA REAL DA TORRE;CIDADE;ABALROAMENTO LONGITUDINAL;1;;;;;1;;;0;;Bom;Sem defeito;Perfeito estado;Seca;Perfeito estado;Faixa de pedestre;R-6a;;2019
28/03/2019;09:44:00;SEM VÍTIMA;CASA AMARELA;RUA MANDACARU;;CHOQUE VEÍCULO PARADO;2;;;;;;;;0;;Bom;Não existe;Não existente;Seca;Perfeito estado;Não existe;Não há placas;;2019
28/03/2019;10:37:00;SEM VÍTIMA;BRASÍLIA TEIMOSA;RUA COMENDADOR MORAES;;COLISÃO;1;;;;;;1;;0;;;;;;;;;;2019
28/03/2019;10:39:00;COM VÍTIMA;SANTO ANTÔNIO;RUA SANTA RITA;SUBURBIO;ABALROAMENTO LONGITUDINAL;1;2;;;;;;;1;;Bom;Não existe;Incompleta;Seca;Perfeito estado;Não existe;Não há placas;60 km/h;2019
28/03/2019;11:12:00;SEM VÍTIMA;GRAÇAS;RUA ALBERTO PAIVA;SUBURBIO;ABALROAMENTO LONGITUDINAL;2;;;;;;;;0;;Bom;Sem defeito;Perfeito estado;Seca;Perfeito estado;Não existe;Outras;;2019
28/03/2019;11:39:00;COM VÍTIMA;CORDEIRO;AV ENGENHEIRO ABDIAS DE CARVALHO;SUBURBIO;COLISÃO COM CICLISTA;1;;1;;;;;;1;;Bom;Não existe;Perfeito estado;Seca;Perfeito estado;Não existe;Não há placas;;2019
28/03/2019;11:48:00;SEM VÍTIMA;BOA VISTA;RUA DAS NINFAS;SUBURBIO;ABALROAMENTO TRANSVERSAL;1;1;;;;;;;0;;Bom;Não existe;Incompleta;Seca;Mal conservada;Não existe;Placas Pare;;2019
28/03/2019;12:07:00;SEM VÍTIMA;SANTO AMARO;AV CRUZ CABUGA;CIDADE;COLISÃO TRASEIRA;2;;;;;;;;0;;Bom;Sem defeito;Perfeito estado;Seca;Perfeito estado;Faixa de retenção;Não há placas;;2019
28/03/2019;12:13:00;SEM VÍTIMA;BOA VIAGEM;RUA FREI LEANDRO;CIDADE;ABALROAMENTO LONGITUDINAL;2;;;;;;;;0;;Bom;Não existe;Incompleta;Seca;Perfeito estado;Não existe;Não há placas;;2019
28/03/2019;13:19:00;SEM VÍTIMA;DOIS IRMÃOS;RUA RIBEIRO PESSOA;CIDADE;COLISÃO TRASEIRA;3;;;;;;;;0;;Bom;Não existe;Não existente;Seca;Perfeito estado;Não existe;R-6a;;2019
28/03/2019;13:38:00;SEM VÍTIMA;TORRE;RUA JOSE BONIFACIO;CIDADE;ABALROAMENTO LONGITUDINAL;2;;;;;;;;0;;Bom;Sem defeito;Não existente;Seca;Perfeito estado;Não existe;Não há placas;60 km/h;2019
28/03/2019;13:54:00;SEM VÍTIMA;AFOGADOS;AV SUL;CIDADE;ABALROAMENTO LONGITUDINAL;2;;;;;;;;0;;Nublado;Não existe;Incompleta;Seca;;Não existe;Não há placas;;2019
28/03/2019;14:11:00;COM VÍTIMA;TAMARINEIRA;AV PROFESSOR JOSE DOS ANJOS;SUBURBIO;COLISÃO COM CICLISTA;;1;1;;;;;;1;;Bom;Não existe;Perfeito estado;Seca;Perfeito estado;Faixa de pedestre;Placas Pare;40 km/h;2019
28/03/2019;14:58:00;COM VÍTIMA;DERBY;PRC DO DERBY;;ABALROAMENTO TRANSVERSAL;1;1;;;;;;;1;;Bom;Com defeito;Perfeito estado;Seca;Perfeito estado;Faixa de pedestre;R-4a;;2019
28/03/2019;15:27:00;SEM VÍTIMA;ESPINHEIRO;RUA BUENOS AYRES;SUBURBIO;COLISÃO TRASEIRA;1;1;;;;;;;0;;Bom;Não existe;Não existente;Seca;Perfeito estado;Não existe;Outras;;2019
28/03/2019;16:02:00;SEM VÍTIMA;BOA VISTA;RUA JOSE DE ALENCAR;SUBURBIO;ABALROAMENTO TRANSVERSAL;1;1;;;;;;;0;;Bom;Não existe;Perfeito estado;Seca;Perfeito estado;Outros;Placas Pare;;2019
28/03/2019;16:11:00;SEM VÍTIMA;BOA VISTA;RUA JOSE DE ALENCAR;;COLISÃO;1;1;;;;;;;0;;;;;;;;;;2019
28/03/2019;16:19:00;SEM VÍTIMA;DERBY;PRC DO DERBY;CIDADE;ABALROAMENTO LONGITUDINAL;2;;;;;;;;0;;Bom;Sem defeito;Perfeito estado;Seca;;Agente;R-6a;;2019
28/03/2019;16:36:00;SEM VÍTIMA;PINA;RUA CARNEIRO PESSOA;SUBURBIO;COLISÃO TRASEIRA;2;;;;;;;;0;;Bom;Sem defeito;Perfeito estado;Seca;Perfeito estado;Faixa de pedestre;;;2019
28/03/2019;16:46:00;SEM VÍTIMA;IPSEP;AV DOM HELDER CAMARA;;COLISÃO TRASEIRA;1;;;;;;;1;0;;Bom;Sem defeito;;;;Faixa de pedestre;;60 km/h;2019
28/03/2019;17:05:00;COM VÍTIMA;VÁRZEA;RUA GENERAL POLIDORO;CIDADE;COLISÃO TRASEIRA;2;;;;;;;;1;;Bom;Não existe;Perfeito estado;Seca;Perfeito estado;Não existe;Não há placas;;2019
28/03/2019;17:18:00;SEM VÍTIMA;AREIAS;AV RECIFE;SUBURBIO;COLISÃO TRASEIRA;1;1;;;;;;;0;;Bom;Sem defeito;Perfeito estado;Seca;Perfeito estado;Agente;R-6a;;2019
28/03/2019;17:29:00;COM VÍTIMA;DERBY;AV GOVERNADOR AGAMENON MAGALHAES;CIDADE;ATROPELAMENTO;;1;;1;;;;;1;;Bom;Sem defeito;Perfeito estado;Seca;Perfeito estado;Não existe;Não há placas;;2019
28/03/2019;17:36:00;SEM VÍTIMA;DERBY;AV GOVERNADOR AGAMENON MAGALHAES;;COLISÃO;;;;;;;;;0;;;;;;;;;;2019
28/03/2019;18:39:00;SEM VÍTIMA;CIDADE UNIVERSITÁRIA;RUA MARECHAL MANOEL LUIS OSORIO;SUBURBIO;ABALROAMENTO TRANSVERSAL;;;;;2;;;;0;;Bom;Não existe;Incompleta;Seca;Mal iluminada;;Não há placas;;2019
28/03/2019;18:53:00;COM VÍTIMA;AFOGADOS;RUA COSME VIANA;SUBURBIO;COLISÃO FRONTAL;1;1;;;;;;;1;;Bom;Sem defeito;Perfeito estado;Seca;Perfeito estado;Faixa de pedestre;Outras;;2019
28/03/2019;19:13:00;COM VÍTIMA;SÃO JOSÉ;AV DANTAS BARRETO;SUBURBIO;ATROPELAMENTO ANIMAL;;;;;;;1;;1;;Bom;Sem defeito;Perfeito estado;Seca;Perfeito estado;Faixa de pedestre;;;2019
28/03/2019;19:48:00;SEM VÍTIMA;TORRE;RUA REAL DA TORRE;;COLISÃO;1;1;;;;;;;0;;;;;;;;;;2019
28/03/2019;21:11:00;SEM VÍTIMA;BOA VIAGEM;AVENIDA CELSO FURTADO (VIA MANGUE);SUBURBIO;COLISÃO TRASEIRA;2;;;;;;;;0;;Bom;Não existe;Não existente;Seca;Mal iluminada;Não existe;Não há placas;;2019
28/03/2019;21:43:00;SEM VÍTIMA;IPSEP;AV SALDANHA MARINHO;;COLISÃO;2;;;;;;;;0;;;;;;;;;;2019
28/03/2019;22:22:00;COM VÍTIMA;CABANGA;AV SATURNINO DE BRITO;SUBURBIO;CHOQUE VEÍCULO PARADO;1;1;;;;;;;1;;Bom;Não existe;Perfeito estado;Seca;Mal iluminada;Não existe;Não há placas;;2019
29/03/2019;05:26:00;COM VÍTIMA;SANTO AMARO;AV CRUZ CABUGA;CIDADE;ATROPELAMENTO;;1;;2;;;;;3;;Chuvoso;Sem defeito;Perfeito estado;Molhada;Perfeito estado;;R-6a;40 km/h;2019
29/03/2019;06:57:00;SEM VÍTIMA;AREIAS;AV CAPITAO GREGORIO DE CALDAS;SUBURBIO;ABALROAMENTO LONGITUDINAL;2;;;;;;;;0;;Bom;Não existe;Perfeito estado;Seca;Perfeito estado;Faixa de pedestre;Não há placas;;2019
29/03/2019;07:08:00;COM VÍTIMA;AREIAS;AV DR JOSE RUFINO;SUBURBIO;COLISÃO TRASEIRA;1;1;;;;;;;1;;Bom;Não existe;Perfeito estado;Seca;Perfeito estado;Não existe;Não há placas;;2019
29/03/2019;07:18:00;SEM VÍTIMA;CAÇOTE;AV CAPITAO GREGORIO DE CALDAS;;COLISÃO;2;;;;;;;;0;;;;;;;;;;2019
29/03/2019;07:36:00;SEM VÍTIMA;ESPINHEIRO;AV JOAO DE BARROS;SUBURBIO;COLISÃO TRASEIRA;2;;;;;;;;0;;Bom;Não existe;Perfeito estado;Seca;Perfeito estado;Não existe;R-6a;;2019
29/03/2019;07:44:00;SEM VÍTIMA;AREIAS;AV RECIFE;BOA VIAGEM;COLISÃO;2;;;;;;;;0;;;;;;;;;;2019
29/03/2019;08:45:00;SEM VÍTIMA;VÁRZEA;AV CAXANGA;CIDADE;ABALROAMENTO LONGITUDINAL;1;;;;;1;;;0;;Chuvoso;Sem defeito;Perfeito estado;Molhada;Perfeito estado;Não existe;Não há placas;;2019
29/03/2019;08:48:00;COM VÍTIMA;SÃO JOSÉ;AV MARTINS DE BARROS;SUBURBIO;ATROPELAMENTO;;1;;1;;;;;1;;Bom;Sem defeito;Perfeito estado;Seca;Perfeito estado;;R-6c;;2019
29/03/2019;08:50:00;SEM VÍTIMA;GRAÇAS;AV GOVERNADOR AGAMENON MAGALHAES;;ABALROAMENTO LONGITUDINAL;2;;;;;;;;0;;Bom;Sem defeito;Perfeito estado;Seca;Perfeito estado;Agente;Outras;60 km/h;2019
29/03/2019;09:27:00;COM VÍTIMA;PRADO;EST DOS REMEDIOS;CIDADE;COLISÃO TRASEIRA;;1;;;;1;;;1;;Bom;Sem defeito;Perfeito estado;Seca;Perfeito estado;Agente;Outras;;2019
29/03/2019;09:31:00;SEM VÍTIMA;AFOGADOS;LARGO DA PAZ;CIDADE;ABALROAMENTO LONGITUDINAL;1;;;;1;;;;0;;Bom;Não existe;Perfeito estado;Seca;Perfeito estado;Não existe;R-6a;;2019
29/03/2019;09:40:00;SEM VÍTIMA;IMBIRIBEIRA;AV MARECHAL MASCARENHAS DE MORAES;CIDADE;COLISÃO TRASEIRA;2;;;;;;;;0;;Bom;Sem defeito;Perfeito estado;Seca;Perfeito estado;Faixa de pedestre;Não há placas;60 km/h;2019
29/03/2019;09:40:00;COM VÍTIMA;ILHA DO LEITE;PTE JOSE DE BARROS LIMA;SUBURBIO;ABALROAMENTO LONGITUDINAL;;2;;;;;;;1;;Bom;Não existe;Perfeito estado;Seca;Perfeito estado;;Não há placas;60 km/h;2019
29/03/2019;09:58:00;SEM VÍTIMA;BOA VIAGEM;AV FERNANDO SIMOES BARBOSA;SUBURBIO;ABALROAMENTO LONGITUDINAL;2;;;;;;;;0;;Bom;Não existe;Perfeito estado;Seca;Perfeito estado;Não existe;R-6a;;2019
29/03/2019;10:09:00;SEM VÍTIMA;PINA;AV CONSELHEIRO AGUIAR;;COLISÃO;2;;;;;;;;0;;;;;;;;;;2019
29/03/2019;10:35:00;SEM VÍTIMA;IMBIRIBEIRA;AV MARECHAL MASCARENHAS DE MORAES;CIDADE;COLISÃO TRASEIRA;2;;;;;;;;0;;Bom;Sem defeito;Perfeito estado;Seca;Perfeito estado;Faixa de pedestre;Outras;60 km/h;2019
29/03/2019;10:36:00;SEM VÍTIMA;IMBIRIBEIRA;AV MARECHAL MASCARENHAS DE MORAES;CIDADE;COLISÃO TRASEIRA;1;1;;;;;;;0;;Bom;Sem defeito;Perfeito estado;Seca;Perfeito estado;Faixa de pedestre;Outras;60 km/h;2019
29/03/2019;10:38:00;SEM VÍTIMA;IMBIRIBEIRA;RUA ARQUITETO LUIZ NUNES;SUBURBIO;ABALROAMENTO LONGITUDINAL;1;;;;;1;;;0;;Bom;Sem defeito;Perfeito estado;Seca;Perfeito estado;Não existe;Outras;;2019
29/03/2019;12:18:00;COM VÍTIMA;ENGENHO DO MEIO;RUA ANTONIO CURADO;SUBURBIO;ATROPELAMENTO;;1;;1;;;;;1;;Bom;Não existe;Perfeito estado;Seca;Perfeito estado;;Outras;30 km/h;2019