data;hora;natureza_acidente;bairro;endereco;sentido_via;tipo;auto;moto;ciclista;pedestre;onibus;caminhao;viatura;outros;vitimas;vitimasfatais;tempo_clima;situacao_semaforo;sinalizacao;condicao_via;conservacao_via;ponto_controle;situacao_placa;velocidade_max_via;ano
29/03/2019;12:39:00;SEM VÍTIMA;CASA FORTE;AV DEZESSETE DE AGOSTO;;COLISÃO;2;;;;;;;;0;;;;;;;;;;2019
29/03/2019;12:54:00;COM VÍTIMA;IMBIRIBEIRA;RUA BARAO DE AGUA BRANCA;BOA VIAGEM;ABALROAMENTO TRANSVERSAL;2;;;;;;;;1;;Bom;Não existe;Perfeito estado;Seca;Perfeito estado;Não existe;Não há placas;;2019
29/03/2019;13:13:00;SEM VÍTIMA;SANTO AMARO;AV GOVERNADOR AGAMENON MAGALHAES;;COLISÃO TRASEIRA;3;;;;;;;;0;;Bom;;Perfeito estado;Seca;Perfeito estado;Não existe;Não há placas;;2019
29/03/2019;13:23:00;COM VÍTIMA;MADALENA;RUA JOSE OSORIO;SUBURBIO;ABALROAMENTO LONGITUDINAL;1;1;;;;;;;1;;Bom;Não existe;Perfeito estado;Seca;Perfeito estado;Não existe;R-6a;40 km/h;2019
29/03/2019;14:05:00;SEM VÍTIMA;IBURA;RUA JORNALISTA EDSON REGIS;;COLISÃO;;;;;1;1;;;0;;;;;;;;;;2019
29/03/2019;14:38:00;SEM VÍTIMA;CASA AMARELA;RUA CONS NABUCO;SUBURBIO;ABALROAMENTO LONGITUDINAL;2;;;;;;;;0;;Bom;Não existe;Perfeito estado;Seca;Perfeito estado;Não existe;R-6a;;2019
29/03/2019;14:40:00;SEM VÍTIMA;BOA VIAGEM;AV BOA VIAGEM;;COLISÃO;2;;;;;;;;0;;;;;;;;;;2019
29/03/2019;14:41:00;SEM VÍTIMA;CAXANGÁ;AV CAXANGA;SUBURBIO;ABALROAMENTO LONGITUDINAL;1;;;;;1;;;0;;Bom;Sem defeito;Perfeito estado;Seca;Perfeito estado;Não existe;;;2019
29/03/2019;15:00:00;COM VÍTIMA;ARRUDA;RUA DAS MOCAS;SUBURBIO;ABALROAMENTO LONGITUDINAL;1;1;;;;;;;1;;Bom;Não existe;Perfeito estado;Seca;Perfeito estado;;R-6a;30 km/h;2019
29/03/2019;15:10:00;COM VÍTIMA;SANTO AMARO;AV CRUZ CABUGA;CIDADE;ATROPELAMENTO;;1;;1;;;;;1;;Bom;Não existe;Perfeito estado;Seca;Perfeito estado;Não existe;Outras;60 km/h;2019
29/03/2019;15:14:00;SEM VÍTIMA;ENCRUZILHADA;RUA PROFESSOR OTAVIO DE FREITAS;;COLISÃO;2;;;;;;;;0;;;;;;;;;;2019
29/03/2019;15:24:00;SEM VÍTIMA;APIPUCOS;RUA DE APIPUCOS;CIDADE;COLISÃO TRASEIRA;3;;;;;;;;0;;Bom;Não existe;Perfeito estado;Seca;Perfeito estado;Não existe;R-6a;60 km/h;2019
29/03/2019;15:29:00;SEM VÍTIMA;IBURA;AV RECIFE;;COLISÃO;2;;;;;;;;0;;;;;;;;;;2019
29/03/2019;15:38:00;SEM VÍTIMA;BOA VISTA;RUA DO PROGRESSO;CIDADE;ABALROAMENTO LONGITUDINAL;2;;;;;;;;0;;Bom;Não existe;Incompleta;Seca;Perfeito estado;Não existe;Placas Pare;;2019
29/03/2019;15:46:00;SEM VÍTIMA;IPSEP;AV RECIFE;CIDADE;COLISÃO TRASEIRA;2;;;;;;;;0;;Bom;Sem defeito;Perfeito estado;Seca;Perfeito estado;Agente;R-6a;;2019
29/03/2019;15:54:00;COM VÍTIMA;CASA AMARELA;AV NORTE;CIDADE;ATROPELAMENTO;;1;;1;;;;;1;;Bom;Não existe;Perfeito estado;Seca;Perfeito estado;Outros;R-6a;;2019
29/03/2019;16:11:00;SEM VÍTIMA;GRAÇAS;RUA DAS PERNAMBUCANAS;SUBURBIO;ABALROAMENTO TRANSVERSAL;2;;;;;;;;0;;Bom;Não existe;Perfeito estado;Seca;Perfeito estado;Não existe;R-6b;30 km/h;2019
29/03/2019;16:27:00;COM VÍTIMA;ENCRUZILHADA;RUA DONA ELVIRA;;COLISÃO COM CICLISTA;1;;1;;;;;;1;;Bom;Não existe;Perfeito estado;Seca;Perfeito estado;;;40 km/h;2019
29/03/2019;16:29:00;SEM VÍTIMA;BOA VIAGEM;AV DES JOSE NEVES;SUBURBIO;COLISÃO TRASEIRA;1;;;;;1;;;0;;Bom;Não existe;Perfeito estado;Seca;Perfeito estado;Não existe;Não há placas;;2019
29/03/2019;16:33:00;SEM VÍTIMA;SANTO AMARO;AV GOVERNADOR AGAMENON MAGALHAES;SUBURBIO;COLISÃO TRASEIRA;2;;;;;;;;0;;Bom;Sem defeito;Perfeito estado;Seca;Perfeito estado;Faixa de pedestre;Outras;60 km/h;2019
29/03/2019;16:34:00;SEM VÍTIMA;GRAÇAS;RUA DAS PERNAMBUCANAS;;COLISÃO;2;;;;;;;;0;;;;;;;;;;2019
29/03/2019;16:38:00;SEM VÍTIMA;CAMPO GRANDE;AV PROFESSOR JOSE DOS ANJOS;SUBURBIO;COLISÃO TRASEIRA;2;;;;;;;;0;;Bom;Não existe;Perfeito estado;Seca;Perfeito estado;Agente;Placas Pare;;2019
29/03/2019;16:45:00;SEM VÍTIMA;MADALENA;AV BEIRA RIO;;COLISÃO;2;;;;;;;;0;;;;;;;;;;2019
29/03/2019;17:01:00;SEM VÍTIMA;BOA VIAGEM;AVENIDA CELSO FURTADO (VIA MANGUE);SUBURBIO;ABALROAMENTO LONGITUDINAL;2;;;;;;;;0;;Bom;Não existe;Perfeito estado;Seca;Perfeito estado;Outros;Outras;60 km/h;2019
29/03/2019;17:09:00;COM VÍTIMA;COELHOS;RUA DOS COELHOS;CIDADE;ATROPELAMENTO;;;;1;1;;;;1;;Bom;Não existe;Perfeito estado;Seca;Perfeito estado;Não existe;Não há placas;;2019
29/03/2019;17:51:00;SEM VÍTIMA;BOA VIAGEM;RUA BARAO DE SOUZA LEAO;SUBURBIO;ABALROAMENTO LONGITUDINAL;1;;;;1;;;;0;;Bom;Sem defeito;Perfeito estado;Seca;Perfeito estado;;Não há placas;;2019
29/03/2019;17:57:00;SEM VÍTIMA;VÁRZEA;RUA MARECHAL MANOEL LUIS OSORIO;SUBURBIO;ABALROAMENTO TRANSVERSAL;1;;;;1;;;;0;;Bom;Não existe;Não existente;Seca;Perfeito estado;Não existe;Não há placas;;2019
29/03/2019;18:13:00;SEM VÍTIMA;CABANGA;PTE GOVERNADOR PAULO GUERRA;SUBURBIO;COLISÃO TRASEIRA;1;;;;;;1;;0;;Bom;Sem defeito;Perfeito estado;Seca;Perfeito estado;Não existe;Outras;60 km/h;2019
29/03/2019;18:18:00;SEM VÍTIMA;CASA AMARELA;RUA DA HARMONIA;;COLISÃO;2;;;;;;;;0;;;;;;;;;;2019
29/03/2019;18:21:00;SEM VÍTIMA;ESTÂNCIA;AV RECIFE;SUBURBIO;ABALROAMENTO LONGITUDINAL;1;;;;;1;;;0;;Chuvoso;Não existe;Perfeito estado;Molhada;;Não existe;R-6a;60 km/h;2019
29/03/2019;18:31:00;SEM VÍTIMA;BOA VIAGEM;AV CONSELHEIRO AGUIAR;;COLISÃO;2;;;;;;;;0;;;;;;;;;;2019
29/03/2019;18:36:00;SEM VÍTIMA;BARRO;AV DR JOSE RUFINO;SUBURBIO;ABALROAMENTO LONGITUDINAL;1;;;;;1;;;0;;Chuvoso;Não existe;Perfeito estado;Molhada;Perfeito estado;Não existe;Outras;;2019
29/03/2019;18:42:00;SEM VÍTIMA;PRADO;AV ENGENHEIRO ABDIAS DE CARVALHO;SUBURBIO;CHOQUE VEÍCULO PARADO;2;;;;;;;;0;;Chuvoso;Sem defeito;Perfeito estado;Molhada;Perfeito estado;Faixa de pedestre;R-6a;60 km/h;2019
29/03/2019;19:14:00;SEM VÍTIMA;GRAÇAS;RUA JOAQUIM NABUCO;;COLISÃO;2;;;;;;;;0;;;;;;;;;;2019
29/03/2019;19:18:00;COM VÍTIMA;IPSEP;AV RECIFE;CIDADE;ABALROAMENTO TRANSVERSAL;1;1;;;;;;;1;;Chuvoso;Não existe;Perfeito estado;Molhada;Perfeito estado;Outros;R-32;60 km/h;2019
29/03/2019;20:00:00;SEM VÍTIMA;IPSEP;RUA RIO AMAZONAS;SUBURBIO;ABALROAMENTO LONGITUDINAL;1;;;;1;;;;0;;Chuvoso;Sem defeito;Perfeito estado;Molhada;Mal conservada;Não existe;Outras;;2019
29/03/2019;21:03:00;SEM VÍTIMA;CAXANGÁ;AV CAXANGA;;COLISÃO;1;1;;;;;;;0;;;;;;;;;;2019
30/03/2019;01:43:00;SEM VÍTIMA;ESPINHEIRO;RUA DA HORA;;COLISÃO;2;;;;;;;;0;;;;;;;;;;2019
30/03/2019;05:28:00;SEM VÍTIMA;CASA FORTE;AV DEZESSETE DE AGOSTO;;COLISÃO;1;;;;1;;;;0;;;;;;;;;;2019
30/03/2019;08:41:00;SEM VÍTIMA;IMBIRIBEIRA;AV MARECHAL MASCARENHAS DE MORAES;CIDADE;COLISÃO TRASEIRA;2;;;;;;;;0;;Bom;Sem defeito;Perfeito estado;Seca;Perfeito estado;Faixa de pedestre;Não há placas;60 km/h;2019
30/03/2019;09:10:00;COM VÍTIMA;BOA VIAGEM;RUA DEZ DE JULHO;SUBURBIO;COLISÃO TRASEIRA;2;;;;;;;;1;;Bom;Não existe;Perfeito estado;Seca;Perfeito estado;Não existe;Outras;;2019
30/03/2019;09:38:00;COM VÍTIMA;BOA VIAGEM;RUA ERNESTO DE PAULA SANTOS;;ABALROAMENTO LONGITUDINAL;1;1;;;;;;;1;;Bom;Sem defeito;Perfeito estado;Seca;Perfeito estado;Faixa de pedestre;Placas Pare;;2019
30/03/2019;10:12:00;SEM VÍTIMA;SÃO JOSÉ;AV SUL;CIDADE;ABALROAMENTO LONGITUDINAL;2;;;;;;;;0;;Bom;Sem defeito;Perfeito estado;Seca;;;Outras;;2019
30/03/2019;10:15:00;SEM VÍTIMA;ARRUDA;AV BEBERIBE;SUBURBIO;ABALROAMENTO TRANSVERSAL;2;;;;;;;;0;;Bom;Não existe;Perfeito estado;Seca;Perfeito estado;Não existe;Não há placas;60 km/h;2019
30/03/2019;10:42:00;SEM VÍTIMA;CORDEIRO;AV INACIO MONTEIRO;;COLISÃO;2;;;;;;;;0;;;;;;;;;;2019
30/03/2019;11:05:00;SEM VÍTIMA;PARNAMIRIM;AV PARNAMIRIM;CIDADE;ABALROAMENTO LONGITUDINAL;1;;;;;1;;;0;;Bom;Não existe;Perfeito estado;Seca;Perfeito estado;Não existe;;;2019
30/03/2019;11:18:00;COM VÍTIMA;BAIRRO DO RECIFE;AV MILITAR;SUBURBIO;ABALROAMENTO LONGITUDINAL;;1;;;;1;;;1;;Bom;Não existe;Perfeito estado;Seca;Perfeito estado;;Não há placas;;2019
30/03/2019;12:18:00;SEM VÍTIMA;PARNAMIRIM;RUA DES GOIS CAVALCANTE;SUBURBIO;CHOQUE VEÍCULO PARADO;2;1;;;;;;;0;;Bom;Não existe;Perfeito estado;Seca;Perfeito estado;Não existe;Outras;;2019
30/03/2019;13:28:00;COM VÍTIMA;PARNAMIRIM;AV DEZESSETE DE AGOSTO;SUBURBIO;TOMBAMENTO;;1;;;;;;;1;;Bom;Não existe;Perfeito estado;Seca;Perfeito estado;Não existe;Não há placas;60 km/h;2019
30/03/2019;14:28:00;SEM VÍTIMA;BAIRRO DO RECIFE;PTE BUARQUE DE MACEDO;CIDADE;ABALROAMENTO TRANSVERSAL;1;;;;1;;;;0;;Bom;Sem defeito;Perfeito estado;Seca;Perfeito estado;;Não há placas;60 km/h;2019
30/03/2019;15:51:00;COM VÍTIMA;CASA AMARELA;AV NORTE;SUBURBIO;COLISÃO;;;;;;;;;1;;;;;;;;;;2019
30/03/2019;16:24:00;COM VÍTIMA;PINA;RUA MANOEL DE BRITO;SUBURBIO;ATROPELAMENTO;;;;1;1;;;;1;;Bom;Não existe;Perfeito estado;Seca;Perfeito estado;Faixa de pedestre;Outras;;2019
30/03/2019;17:59:00;SEM VÍTIMA;SANTO AMARO;PRC GENERAL CARLOS PINTO;;COLISÃO;2;;;;;;;;0;;;;;;;;;;2019
30/03/2019;19:13:00;SEM VÍTIMA;BOA VIAGEM;AV CONSELHEIRO AGUIAR;;COLISÃO;2;;;;;;;;0;;;;;;;;;;2019
30/03/2019;19:56:00;SEM VÍTIMA;PINA;AV ANTONIO DE GOES;CIDADE;ABALROAMENTO TRANSVERSAL;2;;;;;;;;0;;Chuvoso;Sem defeito;Não existente;Molhada;Perfeito estado;Não existe;Não há placas;;2019
30/03/2019;20:20:00;SEM VÍTIMA;JIQUIÁ;RUA PROFESSOR CALDAS FILHO;;ABALROAMENTO TRANSVERSAL;2;;;;;;;;0;;Chuvoso;Não existe;;Molhada;Mal iluminada;;Placas Pare;20 km/h;2019
30/03/2019;20:49:00;SEM VÍTIMA;AFLITOS;AV CONS ROSA E SILVA;SUBURBIO;ABALROAMENTO LONGITUDINAL;2;;;;;;;;0;;Chuvoso;Não existe;Ilegível;Molhada;Mal iluminada;Não existe;Não há placas;;2019
31/03/2019;03:01:00;SEM VÍTIMA;IPUTINGA;AV CAXANGA;SUBURBIO;CHOQUE VEÍCULO PARADO;2;;;;;;;;0;;Chuvoso;Não existe;Perfeito estado;Molhada;Perfeito estado;Não existe;Não há placas;;2019
31/03/2019;07:19:00;SEM VÍTIMA;BOA VISTA;AV CONDE DA BOA VISTA;CIDADE;ABALROAMENTO LONGITUDINAL;1;;;;1;;;;0;;Bom;Sem defeito;Perfeito estado;Seca;Perfeito estado;Faixa de pedestre;Não há placas;;2019
31/03/2019;07:24:00;SEM VÍTIMA;IBURA;AV CAMPINA GRANDE;CIDADE;ABALROAMENTO LONGITUDINAL;2;;;;;;;;0;;Chuvoso;Não existe;Incompleta;Molhada;Perfeito estado;Não existe;Outras;;2019
31/03/2019;08:15:00;SEM VÍTIMA;IMBIRIBEIRA;AV MARECHAL MASCARENHAS DE MORAES;CIDADE;COLISÃO TRASEIRA;2;;;;;;;;0;;Chuvoso;Com defeito;Perfeito estado;Molhada;Perfeito estado;Faixa de pedestre;R-6a;60 km/h;2019
31/03/2019;08:40:00;COM VÍTIMA;SÃO JOSÉ;AV SUL;CIDADE;TOMBAMENTO;;1;;;;;;;1;;Chuvoso;Sem defeito;Perfeito estado;Molhada;Mal conservada;Outros;Outras;60 km/h;2019
31/03/2019;10:03:00;SEM VÍTIMA;CASA AMARELA;AV NORTE;CIDADE;COLISÃO TRASEIRA;2;;;;;;;;0;;Chuvoso;Sem defeito;Perfeito estado;Molhada;Perfeito estado;Faixa de pedestre;Outras;;2019
31/03/2019;12:21:00;COM VÍTIMA;IPSEP;RUA JEAN EMILE FAVRE;SUBURBIO;ATROPELAMENTO;1;;;1;;;;;1;;Chuvoso;Não existe;Perfeito estado;Molhada;Perfeito estado;;R-6a;40 km/h;2019
31/03/2019;12:26:00;SEM VÍTIMA;ALTO SANTA TERESINHA;RUA TAMBOARA;SUBURBIO;CHOQUE VEÍCULO PARADO;2;1;;;;;;;0;;Bom;Não existe;Incompleta;Seca;Perfeito estado;Não existe;Não há placas;;2019
31/03/2019;12:31:00;SEM VÍTIMA;AREIAS;AV RECIFE;;COLISÃO;1;;;;;1;;;0;;;;;;;;;;2019
31/03/2019;12:48:00;SEM VÍTIMA;AREIAS;RUA DONA ANA AURORA;;COLISÃO;1;1;;;;;;;0;;;;;;;;;;2019
31/03/2019;16:01:00;SEM VÍTIMA;IPSEP;AV RECIFE;;COLISÃO;2;;;;;;;;0;;;;;;;;;;2019
31/03/2019;16:27:00;COM VÍTIMA;SÍTIO DOS PINTOS;EST DOS PINTOS;;COLISÃO;;2;;;;;;;1;;;;;;;;;;2019
31/03/2019;17:14:00;SEM VÍTIMA;DERBY;AV GOVERNADOR AGAMENON MAGALHAES;SUBURBIO;COLISÃO TRASEIRA;2;;;;;;;;0;;Bom;Não existe;Não existente;Seca;Perfeito estado;Agente;Placas Pare;;2019
31/03/2019;18:16:00;SEM VÍTIMA;GUABIRABA;RUA POETA SOLANO TRINDADE;;COLISÃO;2;;;;;;;;0;;;;;;;;;;2019
31/03/2019;19:51:00;SEM VÍTIMA;PARNAMIRIM;AV FLOR DE SANTANA;SUBURBIO;CHOQUE VEÍCULO PARADO;2;;;;;;;;0;;Bom;Não existe;Perfeito estado;Seca;Perfeito estado;Não existe;Não há placas;;2019
01/04/2019;00:34:00;SEM VÍTIMA;BOA VIAGEM;RUA VISCONDE DE JEQUITINHONHA;SUBURBIO;ABALROAMENTO TRANSVERSAL;2;;;;;;;;0;;Chuvoso;Sem defeito;Perfeito estado;Molhada;Perfeito estado;Faixa de pedestre;Outras;;2019
01/04/2019;07:14:00;SEM VÍTIMA;IPSEP;RUA PROFESSOR JOSE VICENTE;CIDADE;ABALROAMENTO LONGITUDINAL;2;;;;;;;;0;;Bom;Não existe;Não existente;Seca;Perfeito estado;Não existe;Não há placas;40 km/h;2019
01/04/2019;07:30:00;SEM VÍTIMA;VÁRZEA;RUA EMILIANO BRAGA;SUBURBIO;COLISÃO TRASEIRA;1;;;;1;;;;0;;Bom;Não existe;Perfeito estado;Seca;Perfeito estado;Não existe;Placas Pare;30 km/h;2019
01/04/2019;08:17:00;SEM VÍTIMA;SANTO AMARO;AV CRUZ CABUGA;SUBURBIO;ABALROAMENTO LONGITUDINAL;2;;;;;;;;0;;Bom;Sem defeito;Perfeito estado;Seca;Perfeito estado;Faixa de pedestre;Outras;;2019
01/04/2019;08:19:00;SEM VÍTIMA;BONGI;AV ENGENHEIRO ABDIAS DE CARVALHO;;COLISÃO;2;;;;;;;;0;;;;;;;;;;2019
01/04/2019;08:31:00;SEM VÍTIMA;IPUTINGA;AV CAXANGA;;ABALROAMENTO LONGITUDINAL;2;;;;;;;;0;;Bom;Sem defeito;Perfeito estado;Seca;Perfeito estado;Faixa de pedestre;Não há placas;;2019
01/04/2019;08:35:00;COM VÍTIMA;PINA;AV HERCULANO BANDEIRA;SUBURBIO;ABALROAMENTO TRANSVERSAL;1;1;;;;;;;1;;Bom;Sem defeito;Perfeito estado;Seca;Perfeito estado;Faixa de pedestre;Não há placas;60 km/h;2019
01/04/2019;08:40:00;SEM VÍTIMA;CASA AMARELA;RUA PADRE LEMOS;SUBURBIO;ABALROAMENTO LONGITUDINAL;1;;;;1;;;;0;;Bom;Sem defeito;Perfeito estado;Seca;Perfeito estado;Faixa de pedestre;Outras;;2019
01/04/2019;08:43:00;SEM VÍTIMA;BOA VISTA;PTE PRINCESA IZABEL;CIDADE;ABALROAMENTO LONGITUDINAL;1;;;;1;;;;0;;Bom;Sem defeito;Perfeito estado;Seca;Perfeito estado;Não existe;Não há placas;;2019
01/04/2019;08:58:00;SEM VÍTIMA;IMBIRIBEIRA;AV MARECHAL MASCARENHAS DE MORAES;CIDADE;ABALROAMENTO LONGITUDINAL;1;;;;;1;;;0;;Bom;Sem defeito;Perfeito estado;Seca;Perfeito estado;;;60 km/h;2019
01/04/2019;09:19:00;SEM VÍTIMA;TAMARINEIRA;RUA PADRE ROMA;SUBURBIO;ABALROAMENTO LONGITUDINAL;1;;;;1;;;;0;;Bom;Sem defeito;Perfeito estado;Seca;Perfeito estado;Faixa de pedestre;R-6a;;2019
01/04/2019;11:43:00;SEM VÍTIMA;DERBY;RUA AMAURI DE MEDEIROS;SUBURBIO;ABALROAMENTO LONGITUDINAL;2;;;;;;;;0;;Chuvoso;Não existe;Incompleta;Molhada;Perfeito estado;Faixa de retenção;Não há placas;30 km/h;2019
01/04/2019;11:57:00;SEM VÍTIMA;PINA;AV HERCULANO BANDEIRA;SUBURBIO;ABALROAMENTO LONGITUDINAL;1;;;;1;;;;0;;Chuvoso;Sem defeito;Perfeito estado;Molhada;Perfeito estado;Não existe;Não há placas;;2019
01/04/2019;12:11:00;SEM VÍTIMA;ESTÂNCIA;AV RECIFE;;ABALROAMENTO LONGITUDINAL;1;;;;;1;;;0;;Chuvoso;Não existe;Ilegível;Molhada;Perfeito estado;Não existe;R-6a;;2019
01/04/2019;12:26:00;SEM VÍTIMA;SANTO ANTÔNIO;RUA DO SOL;CIDADE;ABALROAMENTO LONGITUDINAL;1;;;;1;;;;0;;Chuvoso;Sem defeito;Perfeito estado;Molhada;Perfeito estado;Não existe;Não há placas;40 km/h;2019
01/04/2019;12:29:00;SEM VÍTIMA;BAIRRO DO RECIFE;RUA MARIZ E BARROS;SUBURBIO;ABALROAMENTO LONGITUDINAL;2;;;;;;;;0;;Chuvoso;Não existe;Perfeito estado;Molhada;Perfeito estado;Não existe;Outras;30 km/h;2019
01/04/2019;12:34:00;SEM VÍTIMA;CORDEIRO;AV CAXANGA;SUBURBIO;ABALROAMENTO TRANSVERSAL;;;;;;;1;1;0;;;;;;;Faixa de pedestre;Não há placas;;2019
01/04/2019;12:49:00;SEM VÍTIMA;GRAÇAS;RUA ALBERTO PAIVA;SUBURBIO;COLISÃO TRASEIRA;2;;;;;;;;0;;Chuvoso;Sem defeito;Perfeito estado;Molhada;Perfeito estado;Não existe;Outras;;2019
01/04/2019;13:01:00;SEM VÍTIMA;IMBIRIBEIRA;AV MARECHAL MASCARENHAS DE MORAES;SUBURBIO;ABALROAMENTO LONGITUDINAL;2;;;;;;;1;0;;Chuvoso;Não existe;Perfeito estado;Molhada;Mal conservada;;Não há placas;;2019
01/04/2019;13:09:00;COM VÍTIMA;ILHA DO RETIRO;RUA SPORT CLUBE DO RECIFE;;COLISÃO;1;1;;;;;;;1;;;;;;;;;;2019
01/04/2019;14:11:00;COM VÍTIMA;IPSEP;AV RECIFE;SUBURBIO;COLISÃO COM CICLISTA;;;1;;1;;;;1;;Bom;;Perfeito estado;Seca;Perfeito estado;Agente;Não há placas;;2019
01/04/2019;14:14:00;SEM VÍTIMA;IMBIRIBEIRA;VIADUTO TANCREDO NEVES;SUBURBIO;ABALROAMENTO LONGITUDINAL;2;;;;;;;;0;;Nublado;Não existe;Não existente;Molhada;Perfeito estado;Não existe;Não há placas;;2019
01/04/2019;14:22:00;SEM VÍTIMA;GRAÇAS;RUA ANTONIO NOVAIS;SUBURBIO;COLISÃO TRASEIRA;2;;;;;;;;0;;Bom;Não existe;Perfeito estado;Seca;Perfeito estado;Não existe;Outras;;2019
01/04/2019;14:34:00;SEM VÍTIMA;GRAÇAS;AV GOVERNADOR AGAMENON MAGALHAES;SUBURBIO;COLISÃO TRASEIRA;2;;;;;;;;0;;Chuvoso;Sem defeito;Perfeito estado;Molhada;Perfeito estado;Agente;;;2019
01/04/2019;14:35:00;SEM VÍTIMA;PINA;AV BOA VIAGEM;CIDADE;ABALROAMENTO LONGITUDINAL;1;1;;;;;;;0;;Bom;Não existe;Perfeito estado;Seca;Perfeito estado;Outros;Outras;60 km/h;2019
01/04/2019;14:44:00;SEM VÍTIMA;CORDEIRO;AV GENERAL SAN MARTIN;SUBURBIO;COLISÃO TRASEIRA;1;1;;;;;;;0;;Bom;Não existe;Não existente;Seca;Perfeito estado;Não existe;Não há placas;40 km/h;2019
01/04/2019;15:07:00;SEM VÍTIMA;SANTO AMARO;AV CRUZ CABUGA;CIDADE;ABALROAMENTO LONGITUDINAL;4;1;;;;;;;0;;Chuvoso;Não existe;Perfeito estado;Molhada;Perfeito estado;Não existe;Outras;;2019
01/04/2019;15:08:00;SEM VÍTIMA;SANTO ANTÔNIO;PTE CONDE MAURICIO DE NASSAU;SUBURBIO;ABALROAMENTO LONGITUDINAL;2;;;;;;;;0;;Bom;Sem defeito;Perfeito estado;Seca;Perfeito estado;Faixa de pedestre;;;2019
01/04/2019;15:25:00;SEM VÍTIMA;IPSEP;RUA RIO AMAZONAS;SUBURBIO;ABALROAMENTO LONGITUDINAL;1;;;;1;;;;0;;Bom;Sem defeito;Perfeito estado;Seca;Perfeito estado;Não existe;;;2019
01/04/2019;15:26:00;SEM VÍTIMA;IMBIRIBEIRA;RUA ARQUITETO LUIZ NUNES;SUBURBIO;COLISÃO TRASEIRA;3;;;;;;;;0;;Nublado;Sem defeito;Perfeito estado;Seca;Perfeito estado;Não existe;Não há placas;50 km/h;2019
01/04/2019;15:47:00;SEM VÍTIMA;DERBY;PRC DO DERBY;CIDADE;COLISÃO TRASEIRA;1;;;;1;;;;0;;Nublado;Sem defeito;;Seca;Perfeito estado;Outros;Não há placas;;2019
01/04/2019;16:09:00;COM VÍTIMA;IPSEP;RUA IRAPUA;;ABALROAMENTO TRANSVERSAL;1;1;;;;;;;1;;Bom;Não existe;Perfeito estado;Seca;Perfeito estado;Faixa de retenção;Placas Pare;;2019
01/04/2019;16:18:00;SEM VÍTIMA;CAXANGÁ;AV PROFESSOR MORAES REGO;;COLISÃO;1;;;;;1;;;0;;;;;;;;;;2019
01/04/2019;16:33:00;SEM VÍTIMA;IMBIRIBEIRA;RUA ANTONIO FALCAO;;COLISÃO;1;;;;;1;;;0;;;;;;;;;;2019
01/04/2019;16:49:00;SEM VÍTIMA;AFOGADOS;RUA SAO MIGUEL;SUBURBIO;ABALROAMENTO LONGITUDINAL;1;;;;1;;;;0;;Bom;Não existe;Perfeito estado;Seca;Perfeito estado;Não existe;R-6a;;2019
01/04/2019;17:01:00;SEM VÍTIMA;CIDADE UNIVERSITÁRIA;AV REITOR JOAQUIM AMAZONAS;;COLISÃO;1;;;;;1;;;0;;;;;;;;;;2019
01/04/2019;17:23:00;SEM VÍTIMA;VÁRZEA;AV INACIO DE BARROS BARRETO;;COLISÃO;1;;;;;1;;;0;;;;;;;;;;2019
01/04/2019;18:22:00;SEM VÍTIMA;ARRUDA;AV BEBERIBE;SUBURBIO;ABALROAMENTO LONGITUDINAL;1;;;;;1;;;0;;Bom;Sem defeito;Perfeito estado;Seca;Perfeito estado;Faixa de pedestre;Não há placas;;2019
01/04/2019;19:20:00;SEM VÍTIMA;CORDEIRO;AV CAXANGA;SUBURBIO;ABALROAMENTO LONGITUDINAL;1;;;;1;;;;0;;Bom;Não existe;Perfeito estado;Seca;Perfeito estado;Não existe;Não há placas;;2019
01/04/2019;20:10:00;SEM VÍTIMA;TORRE;RUA CONDE DE IRAJA;SUBURBIO;COLISÃO TRASEIRA;2;;;;;;;;0;;Bom;Sem defeito;Perfeito estado;Seca;Perfeito estado;Faixa de pedestre;Outras;;2019
01/04/2019;21:06:00;SEM VÍTIMA;TORRE;AV BEIRA RIO;SUBURBIO;COLISÃO TRASEIRA;2;;;;;;;;0;;Bom;Não existe;Perfeito estado;Seca;Perfeito estado;Não existe;Não há placas;;2019
02/04/2019;06:25:00;SEM VÍTIMA;BOA VISTA;RUA DO PRINCIPE;;ABALROAMENTO LONGITUDINAL;1;;;;1;;;;0;;Bom;Sem defeito;Perfeito estado;Seca;Perfeito estado;Faixa de pedestre;;60 km/h;2019
02/04/2019;06:54:00;SEM VÍTIMA;AREIAS;AV RECIFE;SUBURBIO;COLISÃO TRASEIRA;3;;;;;;;;0;;Bom;Não existe;Perfeito estado;Seca;Perfeito estado;Não existe;Não há placas;60 km/h;2019
02/04/2019;07:11:00;SEM VÍTIMA;BOA VIAGEM;AV ENGENHEIRO DOMINGOS FERREIRA;SUBURBIO;ABALROAMENTO TRANSVERSAL;2;;;;;;;;0;;Bom;Sem defeito;Perfeito estado;Seca;Mal conservada;Faixa de pedestre;Não há placas;;2019
02/04/2019;07:35:00;SEM VÍTIMA;CASA AMARELA;AV PROFESSOR JOSE DOS ANJOS;SUBURBIO;ABALROAMENTO LONGITUDINAL;2;;;;;;;;0;;Bom;Não existe;Perfeito estado;Seca;Perfeito estado;;Placas Pare;;2019