data;hora;natureza_acidente;bairro;endereco;sentido_via;tipo;auto;moto;ciclista;pedestre;onibus;caminhao;viatura;outros;vitimas;vitimasfatais;tempo_clima;situacao_semaforo;sinalizacao;condicao_via;conservacao_via;ponto_controle;situacao_placa;velocidade_max_via;ano
02/04/2019;09:06:00;SEM VÍTIMA;PRADO;RUA MANOEL DE ARRUDA CAMARA;SUBURBIO;ABALROAMENTO LONGITUDINAL;1;;;;1;;;;0;;Bom;Não existe;Perfeito estado;Seca;Perfeito estado;Não existe;;;2019
02/04/2019;10:59:00;COM VÍTIMA;DERBY;AV GOVERNADOR AGAMENON MAGALHAES;SUBURBIO;ABALROAMENTO LONGITUDINAL;1;1;;;;;;;1;;Bom;Sem defeito;Incompleta;Seca;Perfeito estado;Faixa de pedestre;R-19;60 km/h;2019
02/04/2019;11:24:00;SEM VÍTIMA;DERBY;RUA JENER DE SOUZA;SUBURBIO;COLISÃO TRASEIRA;2;;;;;;;;0;;Bom;Não existe;Não existente;Seca;Perfeito estado;Não existe;Não há placas;40 km/h;2019
02/04/2019;11:52:00;SEM VÍTIMA;BOA VIAGEM;RUA PROFESSOR AUGUSTO LINS E SILVA;;COLISÃO;1;;;;;1;;;0;;;;;;;;;;2019
02/04/2019;11:41:00;SEM VÍTIMA;SANTO ANTÔNIO;AV MARTINS DE BARROS;SUBURBIO;ABALROAMENTO LONGITUDINAL;2;;;;;;;;0;;Bom;Não existe;Perfeito estado;Seca;Perfeito estado;Não existe;;;2019
02/04/2019;12:28:00;SEM VÍTIMA;CASA AMARELA;AV PEDRO ALLAIN;;COLISÃO;2;;;;;;;;0;;;;;;;;;;2019
02/04/2019;12:35:00;COM VÍTIMA;BOA VIAGEM;AV BOA VIAGEM;;ATROPELAMENTO;1;;;1;;;;;1;;;;;;;;;;2019
02/04/2019;12:36:00;SEM VÍTIMA;SAN MARTIN;AV ENGENHEIRO ABDIAS DE CARVALHO;CIDADE;COLISÃO TRASEIRA;1;;;;;1;;;0;;Bom;Não existe;Perfeito estado;Seca;Perfeito estado;Faixa de pedestre;Outras;60 km/h;2019
02/04/2019;12:45:00;SEM VÍTIMA;AREIAS;AV RECIFE;SUBURBIO;COLISÃO;2;;;;;;;;0;;;;;;;;;;2019
02/04/2019;12:51:00;SEM VÍTIMA;GRAÇAS;AV CONS ROSA E SILVA;SUBURBIO;ABALROAMENTO LONGITUDINAL;1;1;;;;;;;0;;Bom;Sem defeito;Perfeito estado;Seca;Perfeito estado;Faixa de pedestre;R-6a;;2019
02/04/2019;12:54:00;SEM VÍTIMA;SANTO AMARO;RUA DOS PALMARES;CIDADE;ABALROAMENTO TRANSVERSAL;1;1;;;;;;;0;;Bom;Não existe;Perfeito estado;Seca;Perfeito estado;Não existe;R-6a;30 km/h;2019
02/04/2019;13:25:00;COM VÍTIMA;SANTO ANTÔNIO;AV DANTAS BARRETO;SUBURBIO;ATROPELAMENTO;;;;1;1;;;;1;;Bom;Não existe;Perfeito estado;Seca;Perfeito estado;Faixa de pedestre;R-6a;;2019
02/04/2019;13:55:00;SEM VÍTIMA;BOA VIAGEM;AV CONSELHEIRO AGUIAR;CIDADE;ABALROAMENTO LONGITUDINAL;2;;;;;;;;0;;Bom;Não existe;Perfeito estado;Seca;Perfeito estado;Não existe;Outras;60 km/h;2019
02/04/2019;14:05:00;SEM VÍTIMA;BOA VISTA;RUA HENRIQUE DIAS;CIDADE;ABALROAMENTO TRANSVERSAL;1;;;;;1;;;0;;Bom;Não existe;Perfeito estado;Seca;Perfeito estado;Não existe;Não há placas;;2019
02/04/2019;14:44:00;SEM VÍTIMA;MADALENA;RUA BENFICA;SUBURBIO;COLISÃO TRASEIRA;2;;;;;;;;0;;Bom;Sem defeito;Perfeito estado;Seca;Perfeito estado;Faixa de pedestre;Outras;;2019
02/04/2019;15:13:00;SEM VÍTIMA;IMBIRIBEIRA;AV GENERAL MAC ARTHUR;SUBURBIO;ABALROAMENTO TRANSVERSAL;2;;;;;;;;0;;Bom;Sem defeito;Perfeito estado;Seca;Perfeito estado;Não existe;Não há placas;;2019
02/04/2019;15:14:00;SEM VÍTIMA;VASCO DA GAMA;RUA VASCO DA GAMA;SUBURBIO;ABALROAMENTO LONGITUDINAL;1;;;;1;;;;0;;Bom;Sem defeito;Perfeito estado;Seca;Perfeito estado;Faixa de pedestre;Outras;60 km/h;2019
02/04/2019;16:19:00;SEM VÍTIMA;ROSARINHO;AV NORTE;CIDADE;ABALROAMENTO LONGITUDINAL;2;;;;;;;;0;;Bom;Sem defeito;Perfeito estado;Seca;;Não existe;Não há placas;;2019
02/04/2019;16:23:00;SEM VÍTIMA;ILHA DO RETIRO;AV ENGENHEIRO ABDIAS DE CARVALHO;CIDADE;COLISÃO TRASEIRA;3;;;;;;;;0;;Bom;Sem defeito;Perfeito estado;Seca;Perfeito estado;Faixa de pedestre;Outras;60 km/h;2019
02/04/2019;16:46:00;SEM VÍTIMA;CASA AMARELA;AV NORTE;CIDADE;COLISÃO TRASEIRA;2;;;;;;;;0;;Bom;Não existe;Perfeito estado;Seca;Perfeito estado;Faixa de pedestre;R-6a;;2019
02/04/2019;17:13:00;COM VÍTIMA;CAXANGÁ;RUA ENGENHO POETA;SUBURBIO;ABALROAMENTO LONGITUDINAL;;2;;;;;;;1;;Bom;Não existe;Perfeito estado;Seca;Perfeito estado;Não existe;Não há placas;;2019
02/04/2019;17:17:00;COM VÍTIMA;CABANGA;VIADUTO CAPITAO TEMUDO;;COLISÃO TRASEIRA;2;;;;;;;;2;;Bom;Não existe;Perfeito estado;Seca;Perfeito estado;Não existe;Não há placas;40 km/h;2019
02/04/2019;18:10:00;COM VÍTIMA;SANTO ANTÔNIO;AV GUARARAPES;CIDADE;ABALROAMENTO TRANSVERSAL;1;1;;;;;;;1;;Bom;Sem defeito;Perfeito estado;Seca;Perfeito estado;Não existe;Não há placas;;2019
02/04/2019;18:20:00;SEM VÍTIMA;BOA VIAGEM;AV ENGENHEIRO DOMINGOS FERREIRA;SUBURBIO;ABALROAMENTO LONGITUDINAL;1;;;;1;;;;0;;Bom;Não existe;Perfeito estado;Seca;Perfeito estado;;Não há placas;60 km/h;2019
02/04/2019;18:26:00;SEM VÍTIMA;TORRE;RUA JOSE BONIFACIO;SUBURBIO;COLISÃO TRASEIRA;2;;;;;;;;0;;Bom;Sem defeito;Perfeito estado;Seca;Perfeito estado;Faixa de pedestre;R-6a;40 km/h;2019
02/04/2019;18:38:00;SEM VÍTIMA;CAMPINA DO BARRETO;RUA TENENTE WANDERLEY;;COLISÃO;1;;;;1;;;;0;;;;;;;;;;2019
02/04/2019;19:04:00;SEM VÍTIMA;CORDEIRO;RUA TAMBORIL;SUBURBIO;ABALROAMENTO TRANSVERSAL;1;;;;1;;;;0;;Bom;Não existe;Incompleta;Seca;Mal conservada;Faixa de retenção;Placas Pare;;2019
02/04/2019;19:14:00;COM VÍTIMA;CASA FORTE;RUA DONA ADA VIEIRA;SUBURBIO;COLISÃO COM CICLISTA;1;;1;;;;;;2;;Bom;Não existe;Perfeito estado;Seca;Perfeito estado;Não existe;Placas Pare;;2019
02/04/2019;20:02:00;SEM VÍTIMA;BOA VIAGEM;AV ENGENHEIRO DOMINGOS FERREIRA;SUBURBIO;COLISÃO TRASEIRA;1;;;;1;;;;0;;Bom;Não existe;Perfeito estado;Seca;Perfeito estado;Não existe;Não há placas;;2019
02/04/2019;22:31:00;SEM VÍTIMA;IPUTINGA;AV CAXANGA;SUBURBIO;ABALROAMENTO LONGITUDINAL;1;;;;1;;;;0;;Bom;Não existe;Perfeito estado;Seca;;Faixa de retenção;Não há placas;;2019
02/04/2019;22:49:00;SEM VÍTIMA;VÁRZEA;RUA GENERAL POLIDORO;SUBURBIO;ABALROAMENTO LONGITUDINAL;2;;;;;;;;0;;Bom;Não existe;Perfeito estado;Seca;Perfeito estado;Agente;Não há placas;;2019
03/04/2019;06:35:00;SEM VÍTIMA;AFOGADOS;RUA PROFESSOR AUGUSTO WANDERLEY FILHO;;COLISÃO;2;;;;;;;;0;;;;;;;;;;2019
03/04/2019;06:51:00;COM VÍTIMA;BOA VISTA;RUA JOSE DE ALENCAR;SUBURBIO;ABALROAMENTO TRANSVERSAL;2;;;;;;;;1;;Bom;Não existe;Perfeito estado;Seca;Perfeito estado;Faixa de retenção;Placas Pare;;2019
03/04/2019;08:11:00;SEM VÍTIMA;BOA VIAGEM;AV BOA VIAGEM;CIDADE;COLISÃO TRASEIRA;2;;;;;;;;0;;Bom;Sem defeito;Perfeito estado;Seca;Perfeito estado;Não existe;Não há placas;;2019
03/04/2019;09:58:00;SEM VÍTIMA;DERBY;PRC DO DERBY;SUBURBIO;ABALROAMENTO TRANSVERSAL;2;;;;;;;;0;;Bom;Sem defeito;Perfeito estado;Seca;Perfeito estado;Faixa de pedestre;Outras;60 km/h;2019
03/04/2019;10:38:00;SEM VÍTIMA;ILHA DO RETIRO;RUA SPORT CLUBE DO RECIFE;;COLISÃO;2;;;;;;;;0;;;;;;;;;;2019
03/04/2019;10:48:00;SEM VÍTIMA;CORDEIRO;RUA ODETE MONTEIRO;CIDADE;COLISÃO TRASEIRA;2;;;;;;;;0;;Bom;Sem defeito;Perfeito estado;Seca;Perfeito estado;Outros;Outras;;2019
03/04/2019;10:50:00;COM VÍTIMA;IMBIRIBEIRA;AV MARECHAL MASCARENHAS DE MORAES;SUBURBIO;CHOQUE OBJETO FIXO;;1;;;;;;;1;;Bom;Não existe;Perfeito estado;Seca;Perfeito estado;Não existe;Não há placas;;2019
03/04/2019;10:59:00;SEM VÍTIMA;DERBY;AV GOVERNADOR AGAMENON MAGALHAES;CIDADE;ABALROAMENTO LONGITUDINAL;3;;;;;;;;0;;Bom;Sem defeito;Perfeito estado;Seca;Perfeito estado;Faixa de pedestre;;60 km/h;2019
03/04/2019;11:26:00;SEM VÍTIMA;BAIRRO DO RECIFE;CAIS DA ALFANDEGA;;COLISÃO;2;;;;;;;;0;;;;;;;;;;2019
03/04/2019;12:07:00;SEM VÍTIMA;SANTO AMARO;RUA TREZE DE MAIO;;ABALROAMENTO TRANSVERSAL;2;;;;;;;;0;;Bom;Não existe;Incompleta;Seca;Mal conservada;Não existe;Não há placas;60 km/h;2019
03/04/2019;12:11:00;SEM VÍTIMA;SANTO AMARO;AV GOVERNADOR AGAMENON MAGALHAES;;ABALROAMENTO LONGITUDINAL;2;;;;;;;;0;;Bom;Não existe;Perfeito estado;Seca;Perfeito estado;Não existe;Não há placas;60 km/h;2019
03/04/2019;14:07:00;SEM VÍTIMA;BOA VIAGEM;AV ENGENHEIRO DOMINGOS FERREIRA;SUBURBIO;COLISÃO TRASEIRA;2;;;;;;;;0;;Bom;Não existe;Perfeito estado;Seca;Perfeito estado;Não existe;R-6a;60 km/h;2019
03/04/2019;14:21:00;SEM VÍTIMA;BOA VIAGEM;RUA VISCONDE DE JEQUITINHONHA;SUBURBIO;COLISÃO TRASEIRA;3;;;;;;;;0;;Bom;Sem defeito;Perfeito estado;Seca;Perfeito estado;Faixa de pedestre;;;2019
03/04/2019;14:43:00;SEM VÍTIMA;IPUTINGA;AV CAXANGA;CIDADE;ABALROAMENTO LONGITUDINAL;2;;;;;;;;0;;Bom;Não existe;Não existente;;Mal conservada;Não existe;Não há placas;;2019
03/04/2019;16:30:00;SEM VÍTIMA;MADALENA;RUA BENFICA;CIDADE;ABALROAMENTO LONGITUDINAL;2;;;;;;;;0;;Bom;Não existe;Perfeito estado;Seca;Perfeito estado;Outros;Outras;;2019
03/04/2019;16:54:00;SEM VÍTIMA;ENGENHO DO MEIO;RUA MAURICEIA;;COLISÃO;;;;;;;;;0;;;;;;;;;;2019
03/04/2019;17:05:00;SEM VÍTIMA;ROSARINHO;RUA DES MARTINS PEREIRA;SUBURBIO;ABALROAMENTO LONGITUDINAL;2;;;;;;;;0;;Bom;Não existe;Perfeito estado;Seca;Perfeito estado;Não existe;Outras;;2019
03/04/2019;17:34:00;SEM VÍTIMA;PONTO DE PARADA;RUA PROFESSOR JERONIMO GUEIROS;;ABALROAMENTO TRANSVERSAL;2;;;;;;;;0;;Bom;Não existe;Incompleta;Seca;Perfeito estado;Não existe;;;2019
03/04/2019;17:59:00;SEM VÍTIMA;IMBIRIBEIRA;AV MARECHAL MASCARENHAS DE MORAES;;COLISÃO;2;;;;;;;;0;;;;;;;;;;2019
03/04/2019;19:06:00;SEM VÍTIMA;VÁRZEA;AV AFONSO OLINDENSE;;COLISÃO;1;;;;;1;;;0;;;;;;;;;;2019
03/04/2019;18:47:00;COM VÍTIMA;ENCRUZILHADA;RUA INACIO GALVAO DOS SANTOS;;ABALROAMENTO TRANSVERSAL;1;1;;;;;;;1;;Bom;Não existe;Incompleta;Seca;;;Placas Pare;;2019
03/04/2019;19:00:00;SEM VÍTIMA;IMBIRIBEIRA;AV DOM JOAO VI;SUBURBIO;ABALROAMENTO LONGITUDINAL;2;;;;;;;;0;;Bom;Sem defeito;Perfeito estado;Seca;Mal iluminada;Faixa de pedestre;R-25a;50 km/h;2019
03/04/2019;19:35:00;SEM VÍTIMA;IMBIRIBEIRA;AV MARECHAL MASCARENHAS DE MORAES;SUBURBIO;ABALROAMENTO LONGITUDINAL;2;;;;;;;;0;;Chuvoso;Não existe;Não existente;Molhada;Mal iluminada;;Não há placas;50 km/h;2019
03/04/2019;19:54:00;SEM VÍTIMA;IMBIRIBEIRA;AV DOM JOAO VI;SUBURBIO;ABALROAMENTO LONGITUDINAL;2;;;;;;;;0;;Bom;Sem defeito;Perfeito estado;Seca;Mal iluminada;Faixa de pedestre;Placas Pare;;2019
03/04/2019;20:04:00;SEM VÍTIMA;BOA VISTA;RUA DOM BOSCO;SUBURBIO;COLISÃO TRASEIRA;1;;;;1;;;;0;;Bom;Sem defeito;Perfeito estado;Seca;Perfeito estado;Faixa de pedestre;;;2019
03/04/2019;20:11:00;SEM VÍTIMA;SAN MARTIN;AV GENERAL SAN MARTIN;SUBURBIO;ABALROAMENTO TRANSVERSAL;2;;;;;;;;0;;Bom;Não existe;Não existente;Seca;Mal iluminada;Não existe;Não há placas;;2019
03/04/2019;20:25:00;SEM VÍTIMA;IMBIRIBEIRA;RUA GENERAL GOES MONTEIRO;SUBURBIO;ABALROAMENTO LONGITUDINAL;2;;;;;;;;0;;Bom;Não existe;Incompleta;Seca;Mal iluminada;Não existe;Placas Pare;;2019
03/04/2019;20:43:00;SEM VÍTIMA;CORDEIRO;AV CAXANGA;SUBURBIO;COLISÃO TRASEIRA;3;;;;;;;;0;;Chuvoso;Não existe;Ilegível;Molhada;Mal iluminada;Não existe;Não há placas;60 km/h;2019
03/04/2019;20:51:00;SEM VÍTIMA;IMBIRIBEIRA;AV MARECHAL MASCARENHAS DE MORAES;CIDADE;ABALROAMENTO LONGITUDINAL;1;;;;1;;;;0;;Chuvoso;Sem defeito;Perfeito estado;Molhada;Perfeito estado;;Não há placas;50 km/h;2019
03/04/2019;21:41:00;SEM VÍTIMA;BOA VIAGEM;RUA PROFESSOR JOAO MEDEIROS;CIDADE;COLISÃO TRASEIRA;2;;;;;;;;0;;Bom;Sem defeito;Perfeito estado;Seca;Perfeito estado;;R-6a;;2019
04/04/2019;00:53:00;SEM VÍTIMA;BOA VISTA;AV CONDE DA BOA VISTA;;ABALROAMENTO TRANSVERSAL;1;;;;1;;;;0;;Chuvoso;Sem defeito;Perfeito estado;Molhada;Perfeito estado;;R-6a;;2019
04/04/2019;06:17:00;SEM VÍTIMA;PRADO;AV ENGENHEIRO ABDIAS DE CARVALHO;CIDADE;COLISÃO TRASEIRA;3;;;;;;;;0;;Bom;Sem defeito;Perfeito estado;Seca;Perfeito estado;Faixa de retenção;;60 km/h;2019
04/04/2019;07:14:00;COM VÍTIMA;BOMBA DO HEMETÉRIO;RUA BOMBA DO HEMETERIO;CIDADE;ABALROAMENTO LONGITUDINAL;1;1;;;1;;;;1;;Bom;Não existe;Perfeito estado;Seca;Perfeito estado;Não existe;Não há placas;;2019
04/04/2019;07:15:00;SEM VÍTIMA;CASA AMARELA;AV NORTE;SUBURBIO;COLISÃO TRASEIRA;2;;;;;;;;0;;Bom;Não existe;Perfeito estado;Seca;Perfeito estado;Outros;R-6a;;2019
04/04/2019;07:22:00;SEM VÍTIMA;CIDADE UNIVERSITÁRIA;RUA DEPUTADO CUNHA RABELO;SUBURBIO;COLISÃO FRONTAL;2;;;;;;;;0;;Bom;Não existe;Não existente;Seca;Mal conservada;Não existe;Não há placas;;2019
04/04/2019;08:02:00;SEM VÍTIMA;MADALENA;AV VISCONDE DE ALBUQUERQUE;SUBURBIO;ABALROAMENTO LONGITUDINAL;2;;;;;;;;0;;Bom;Não existe;Perfeito estado;Seca;Perfeito estado;Não existe;Não há placas;;2019
04/04/2019;08:36:00;SEM VÍTIMA;ENGENHO DO MEIO;RUA ANTONIO CURADO;CIDADE;ABALROAMENTO LONGITUDINAL;1;;;;;1;;;0;;Bom;Não existe;Perfeito estado;Seca;Perfeito estado;Não existe;;40 km/h;2019
04/04/2019;08:48:00;SEM VÍTIMA;TORRE;RUA PADRE ANCHIETA;;COLISÃO;2;;;;;;;;0;;;;;;;;;;2019
04/04/2019;09:37:00;SEM VÍTIMA;BOA VIAGEM;AV DES JOSE NEVES;SUBURBIO;ABALROAMENTO LONGITUDINAL;2;;;;;;;;0;;Bom;Sem defeito;Perfeito estado;Seca;Perfeito estado;Faixa de pedestre;R-6a;;2019
04/04/2019;09:42:00;SEM VÍTIMA;CAJUEIRO;AV CIDADE DE MONTEIRO;SUBURBIO;ABALROAMENTO LONGITUDINAL;1;;;;1;;;;0;;Bom;Não existe;Ilegível;Seca;Perfeito estado;Não existe;Outras;;2019
04/04/2019;09:43:00;SEM VÍTIMA;TORRE;RUA JOSE BONIFACIO;;COLISÃO;1;1;;;;;;;0;;;;;;;;;;2019
04/04/2019;10:18:00;COM VÍTIMA;IMBIRIBEIRA;RUA ITAJAI;SUBURBIO;ABALROAMENTO TRANSVERSAL;1;1;;;;;;;1;;Bom;Não existe;Perfeito estado;Seca;Perfeito estado;Faixa de pedestre;Placas Pare;;2019
04/04/2019;10:33:00;SEM VÍTIMA;BOA VIAGEM;RUA SA E SOUZA;;COLISÃO;;1;;;;1;;;0;;;;;;;;;;2019
04/04/2019;10:56:00;SEM VÍTIMA;PINA;PTE GOVERNADOR PAULO GUERRA;;COLISÃO FRONTAL;1;1;;;;;;;0;;Bom;Não existe;Perfeito estado;Seca;Perfeito estado;Não existe;Não há placas;60 km/h;2019
04/04/2019;11:17:00;SEM VÍTIMA;DERBY;AV GOVERNADOR AGAMENON MAGALHAES;;COLISÃO TRASEIRA;2;;;;;;;;0;;Bom;Sem defeito;Perfeito estado;Seca;Perfeito estado;Faixa de pedestre;Não há placas;;2019
04/04/2019;11:39:00;SEM VÍTIMA;BOA VISTA;RUA BARAO DE SAO BORJA;SUBURBIO;ABALROAMENTO LONGITUDINAL;1;;;;1;;;;0;;Bom;Sem defeito;Incompleta;Seca;Perfeito estado;Outros;Não há placas;40 km/h;2019
04/04/2019;12:02:00;SEM VÍTIMA;TORRE;RUA PADRE LANDIM;;COLISÃO;1;;;;;1;;;0;;;;;;;;;;2019
04/04/2019;12:03:00;SEM VÍTIMA;DERBY;AV GOVERNADOR AGAMENON MAGALHAES;;COLISÃO;2;;;;;;;;0;;;;;;;;;;2019
04/04/2019;13:12:00;SEM VÍTIMA;BOA VIAGEM;AVENIDA CELSO FURTADO (VIA MANGUE);SUBURBIO;COLISÃO TRASEIRA;3;;;;;;;;0;;Bom;Não existe;Perfeito estado;Seca;Perfeito estado;Outros;Outras;50 km/h;2019
04/04/2019;14:21:00;SEM VÍTIMA;BOMBA DO HEMETÉRIO;RUA BOMBA DO HEMETERIO;CIDADE;COLISÃO;1;;;;1;;;;0;;;;;;;;;;2019
04/04/2019;13:27:00;SEM VÍTIMA;DERBY;RUA BENFICA;CIDADE;COLISÃO TRASEIRA;2;;;;;;;;0;;Bom;Não existe;Perfeito estado;Seca;Perfeito estado;Faixa de pedestre;R-6a;40 km/h;2019
04/04/2019;13:50:00;SEM VÍTIMA;TORRE;AV BEIRA RIO;SUBURBIO;COLISÃO TRASEIRA;2;;;;;;;;0;;Bom;Não existe;Perfeito estado;Seca;Perfeito estado;Não existe;Outras;;2019
04/04/2019;13:57:00;SEM VÍTIMA;AREIAS;AV DR JOSE RUFINO;;COLISÃO;1;;;;;1;;;0;;;;;;;;;;2019
04/04/2019;14:20:00;SEM VÍTIMA;BOA VIAGEM;AV ENGENHEIRO DOMINGOS FERREIRA;CIDADE;ABALROAMENTO LONGITUDINAL;1;;;;;1;;;0;;Bom;Sem defeito;Perfeito estado;Seca;Perfeito estado;;Não há placas;;2019
04/04/2019;14:20:00;SEM VÍTIMA;BOA VIAGEM;RUA ERNESTO DE PAULA SANTOS;;COLISÃO;1;;;;;1;;;0;;;;;;;;;;2019
04/04/2019;14:41:00;SEM VÍTIMA;BOA VISTA;RUA DR JOSE MARIANO;CIDADE;COLISÃO TRASEIRA;2;;;;;1;;;0;;Bom;Sem defeito;Perfeito estado;Seca;Perfeito estado;Não existe;;;2019
04/04/2019;14:50:00;SEM VÍTIMA;AFOGADOS;RUA VISCONDE DE PELOTAS;;COLISÃO TRASEIRA;2;;;;1;;;;0;;Bom;;Perfeito estado;Seca;Perfeito estado;Não existe;Não há placas;;2019
04/04/2019;15:27:00;SEM VÍTIMA;JOANA BEZERRA;AV ADVOGADO JOSE PAULO CAVALCANTI;CIDADE;ABALROAMENTO LONGITUDINAL;1;;;;1;;;;0;;Bom;Não existe;Perfeito estado;Seca;Perfeito estado;Faixa de pedestre;Placas Pare;;2019
04/04/2019;15:46:00;SEM VÍTIMA;CASA AMARELA;RUA BELA VISTA;SUBURBIO;ABALROAMENTO LONGITUDINAL;1;;;;1;;;;0;;Bom;Não existe;Incompleta;Seca;Perfeito estado;Não existe;Outras;40 km/h;2019
04/04/2019;15:58:00;SEM VÍTIMA;MADALENA;AV VISCONDE DE ALBUQUERQUE;SUBURBIO;ABALROAMENTO TRANSVERSAL;1;;;;1;;;;0;;Bom;Não existe;Perfeito estado;Seca;Perfeito estado;Não existe;Não há placas;;2019
04/04/2019;16:54:00;SEM VÍTIMA;IPSEP;RUA PAMPULHA;SUBURBIO;ABALROAMENTO TRANSVERSAL;2;;;;;;;;0;;Bom;Não existe;Perfeito estado;Seca;Perfeito estado;;Placas Pare;;2019
04/04/2019;16:58:00;SEM VÍTIMA;BOA VIAGEM;AV ENGENHEIRO DOMINGOS FERREIRA;;COLISÃO;1;;;;1;;;;0;;;;;;;;;;2019
04/04/2019;17:31:00;SEM VÍTIMA;IMBIRIBEIRA;RUA PAMPULHA;SUBURBIO;COLISÃO;1;;;;;1;;;0;;;;;;;;;;2019
04/04/2019;19:08:00;COM VÍTIMA;VÁRZEA;RUA ACADEMICO HELIO RAMOS;SUBURBIO;ABALROAMENTO TRANSVERSAL;1;1;;;;;;;1;;Bom;Não existe;Incompleta;Seca;;Não existe;Placas Dê a preferência;;2019
04/04/2019;19:22:00;SEM VÍTIMA;JORDÃO;RUA JOSE MARTORANO;;COLISÃO;2;1;;;;;;;0;;;;;;;;;;2019
04/04/2019;19:27:00;SEM VÍTIMA;CAXANGÁ;AV CAXANGA;;COLISÃO;2;;;;;;;;0;;;;;;;;;;2019
04/04/2019;19:41:00;COM VÍTIMA;ÁGUA FRIA;AV BEBERIBE;CIDADE;COLISÃO COM CICLISTA;1;;1;;;;;;1;;Bom;Sem defeito;Perfeito estado;Seca;Perfeito estado;Faixa de pedestre;Não há placas;;2019
04/04/2019;19:45:00;SEM VÍTIMA;VÁRZEA;RUA ABATIA;SUBURBIO;COLISÃO TRASEIRA;2;;;;;;;;0;;Bom;Não existe;Perfeito estado;Seca;Perfeito estado;Não existe;Não há placas;;2019
05/04/2019;05:32:00;SEM VÍTIMA;AREIAS;RUA DR GIL RODRIGUES DOS SANTOS;SUBURBIO;CHOQUE VEÍCULO PARADO;2;;;;;;;;0;;Bom;Não existe;Perfeito estado;Seca;Perfeito estado;Não existe;Outras;;2019
05/04/2019;07:33:00;SEM VÍTIMA;IBURA;AV DOIS RIOS;CIDADE;ABALROAMENTO TRANSVERSAL;1;1;;;;;;;0;;Bom;Sem defeito;Perfeito estado;Seca;Perfeito estado;Não existe;Não há placas;;2019
05/04/2019;07:43:00;SEM VÍTIMA;SANTO AMARO;AV GOVERNADOR AGAMENON MAGALHAES;CIDADE;ABALROAMENTO LONGITUDINAL;1;;;;1;;;;0;;Bom;Não existe;;Seca;Perfeito estado;Não existe;Não há placas;;2019
05/04/2019;07:47:00;SEM VÍTIMA;CAXANGÁ;AV CAXANGA;CIDADE;ABALROAMENTO LONGITUDINAL;2;;;;;;;;0;;Bom;Não existe;Perfeito estado;Seca;Perfeito estado;Não existe;Não há placas;60 km/h;2019
05/04/2019;08:10:00;SEM VÍTIMA;CORDEIRO;EST DO FORTE DO ARRAIAL N. DO B. JESUS;SUBURBIO;COLISÃO COM CICLISTA;;1;1;;;;;;0;;Bom;Não existe;Perfeito estado;Seca;Perfeito estado;;;;2019
05/04/2019;08:23:00;SEM VÍTIMA;BOA VIAGEM;AV CONSELHEIRO AGUIAR;SUBURBIO;ABALROAMENTO LONGITUDINAL;1;;;;1;;;;0;;Bom;Não existe;Perfeito estado;Seca;Perfeito estado;Não existe;R-6a;;2019
05/04/2019;08:39:00;SEM VÍTIMA;IMBIRIBEIRA;AV MARECHAL MASCARENHAS DE MORAES;SUBURBIO;COLISÃO TRASEIRA;3;;;;;;;;0;;Bom;Sem defeito;Perfeito estado;Seca;Mal conservada;;R-6a;60 km/h;2019
05/04/2019;08:59:00;SEM VÍTIMA;ESTÂNCIA;AV RECIFE;BR 101;COLISÃO;1;;;;1;;;;0;;;;;;;;;;2019
05/04/2019;09:21:00;SEM VÍTIMA;IMBIRIBEIRA;RUA JOAQUIM BANDEIRA;CIDADE;ABALROAMENTO LONGITUDINAL;2;;;;;;;;0;;Bom;Não existe;Incompleta;Seca;Mal conservada;Não existe;Não há placas;;2019
05/04/2019;09:22:00;COM VÍTIMA;BOA VIAGEM;RUA CORONEL BENEDITO CHAVES;SUBURBIO;ABALROAMENTO TRANSVERSAL;1;1;;;;;;;1;;Bom;Não existe;Perfeito estado;Seca;Perfeito estado;Não existe;Não há placas;40 km/h;2019
05/04/2019;09:26:00;COM VÍTIMA;PINA;AV ANTONIO DE GOES;CIDADE;ABALROAMENTO LONGITUDINAL;1;1;;;;;;;1;;Bom;Sem defeito;Perfeito estado;Seca;Perfeito estado;Agente;Não há placas;60 km/h;2019
05/04/2019;09:44:00;SEM VÍTIMA;CASA FORTE;AV DEZESSETE DE AGOSTO;SUBURBIO;ABALROAMENTO TRANSVERSAL;2;;;;;;;;0;;Bom;Não existe;Perfeito estado;Seca;Perfeito estado;Não existe;Outras;40 km/h;2019
05/04/2019;10:35:00;SEM VÍTIMA;CORDEIRO;AV GENERAL SAN MARTIN;CIDADE;ABALROAMENTO LONGITUDINAL;2;;;;;;;;0;;Bom;Sem defeito;Perfeito estado;Seca;Perfeito estado;;R-6a;;2019
05/04/2019;11:20:00;COM VÍTIMA;ILHA DO LEITE;AV FREI MATIAS TEVES;SUBURBIO;ABALROAMENTO TRANSVERSAL;;2;;;;;;;1;;Bom;Não existe;Não existente;Seca;Perfeito estado;Não existe;Placas Pare;30 km/h;2019
05/04/2019;11:30:00;SEM VÍTIMA;BOA VISTA;RUA AURORA;;ABALROAMENTO TRANSVERSAL;1;;;;1;;;;0;;Bom;Sem defeito;Ilegível;Seca;Perfeito estado;Faixa de pedestre;Outras;;2019
05/04/2019;11:35:00;SEM VÍTIMA;IMBIRIBEIRA;AV MARECHAL MASCARENHAS DE MORAES;SUBURBIO;COLISÃO TRASEIRA;2;;;;;;;;0;;Bom;Sem defeito;Perfeito estado;Seca;Perfeito estado;Agente;Não há placas;60 km/h;2019