data;hora;natureza_acidente;bairro;endereco;sentido_via;tipo;auto;moto;ciclista;pedestre;onibus;caminhao;viatura;outros;vitimas;vitimasfatais;tempo_clima;situacao_semaforo;sinalizacao;condicao_via;conservacao_via;ponto_controle;situacao_placa;velocidade_max_via;ano
05/04/2019;11:38:00;SEM VÍTIMA;IPUTINGA;RUA MARECHAL MANOEL LUIS OSORIO;SUBURBIO;ABALROAMENTO LONGITUDINAL;2;;;;;;;;0;;Bom;Não existe;Não existente;Seca;Perfeito estado;Não existe;Não há placas;;2019
05/04/2019;11:47:00;SEM VÍTIMA;IPSEP;RUA GONCALVES DE MAGALHAES;CIDADE;COLISÃO TRASEIRA;2;;;;;;;;0;;Bom;Não existe;Perfeito estado;Seca;Perfeito estado;;Não há placas;40 km/h;2019
05/04/2019;12:01:00;SEM VÍTIMA;ILHA DO RETIRO;AV ENGENHEIRO ABDIAS DE CARVALHO;SUBURBIO;COLISÃO;1;1;;;;;;;0;;;;;;;;;;2019
05/04/2019;12:03:00;SEM VÍTIMA;TAMARINEIRA;EST VELHA DE AGUA FRIA;;COLISÃO;1;;;;1;;;;0;;;;;;;;;;2019
05/04/2019;12:06:00;SEM VÍTIMA;IPUTINGA;EST DO BARBALHO;SUBURBIO;ABALROAMENTO TRANSVERSAL;1;;;;1;;;;0;;Bom;Sem defeito;Perfeito estado;Seca;Perfeito estado;Faixa de retenção;Não há placas;40 km/h;2019
05/04/2019;12:15:00;SEM VÍTIMA;BOA VIAGEM;AV DOM JOAO VI;CIDADE;ABALROAMENTO LONGITUDINAL;1;;;;;1;;;0;;Bom;Sem defeito;Perfeito estado;Seca;Perfeito estado;Não existe;Outras;;2019
05/04/2019;12:38:00;SEM VÍTIMA;IMBIRIBEIRA;AV MARECHAL MASCARENHAS DE MORAES;SUBURBIO;COLISÃO TRASEIRA;2;;;;;;;;0;;Bom;Sem defeito;Perfeito estado;Seca;Perfeito estado;Não existe;Outras;60 km/h;2019
05/04/2019;12:47:00;SEM VÍTIMA;IPUTINGA;RUA PADRE DEHON;CIDADE;CHOQUE VEÍCULO PARADO;1;;;;;1;;;0;;Bom;Não existe;Incompleta;Seca;Perfeito estado;Não existe;Não há placas;;2019
05/04/2019;13:31:00;SEM VÍTIMA;PAISSANDU;RUA PAISSANDU;;ABALROAMENTO LONGITUDINAL;1;1;;;;;;;0;;Bom;Não existe;Perfeito estado;Seca;Perfeito estado;;R-6a;;2019
05/04/2019;;SEM VÍTIMA;BOA VIAGEM;RUA RIBEIRO DE BRITO;;COLISÃO;2;;;;;;;;0;;;;;;;;;;2019
05/04/2019;13:37:00;SEM VÍTIMA;CASA AMARELA;AV DR EURICO CHAVES;;ABALROAMENTO TRANSVERSAL;2;;;;;;;;0;;Bom;Não existe;Perfeito estado;Seca;Perfeito estado;Não existe;Outras;;2019
05/04/2019;14:45:00;SEM VÍTIMA;ARRUDA;AV PROFESSOR JOSE DOS ANJOS;;COLISÃO TRASEIRA;2;;;;;;;;0;;Bom;Sem defeito;Perfeito estado;Seca;Perfeito estado;Faixa de pedestre;R-6a;;2019
05/04/2019;14:52:00;SEM VÍTIMA;PARNAMIRIM;RUA TITO ROSAS;;COLISÃO;2;;;;;;;;0;;;;;;;;;;2019
05/04/2019;15:19:00;SEM VÍTIMA;AFOGADOS;RUA SAO MIGUEL;SUBURBIO;ABALROAMENTO LONGITUDINAL;1;;;;1;;;;0;;Bom;Sem defeito;Perfeito estado;Seca;Perfeito estado;Faixa de pedestre;R-6a;;2019
05/04/2019;16:41:00;SEM VÍTIMA;IMBIRIBEIRA;AV MARECHAL MASCARENHAS DE MORAES;;ABALROAMENTO LONGITUDINAL;1;;;;1;;;;0;;Bom;Não existe;;Seca;Perfeito estado;;;60 km/h;2019
05/04/2019;16:52:00;SEM VÍTIMA;BOA VIAGEM;RUA PADRE CABRAL;SUBURBIO;ABALROAMENTO LONGITUDINAL;1;1;;;;;;;0;;Bom;Não existe;Ilegível;Seca;Perfeito estado;Não existe;R-6a;;2019
05/04/2019;16:53:00;SEM VÍTIMA;PRADO;EST DOS REMEDIOS;;ABALROAMENTO TRANSVERSAL;2;;;;;;;;0;;Bom;Não existe;;Seca;Perfeito estado;Não existe;R-6a;;2019
05/04/2019;18:32:00;SEM VÍTIMA;JAQUEIRA;AV DR MALAQUIAS;CIDADE;ABALROAMENTO LONGITUDINAL;2;;;;;;;;0;;Bom;Sem defeito;Perfeito estado;Seca;Perfeito estado;Faixa de pedestre;Outras;;2019
05/04/2019;19:07:00;SEM VÍTIMA;DOIS IRMÃOS;RUA MANUEL DE MEDEIROS;SUBURBIO;ABALROAMENTO LONGITUDINAL;2;;;;;;;;0;;Bom;Não existe;Ilegível;Seca;Perfeito estado;Não existe;Não há placas;30 km/h;2019
05/04/2019;19:35:00;SEM VÍTIMA;AFOGADOS;RUA SAO MIGUEL;SUBURBIO;ABALROAMENTO LONGITUDINAL;1;;;;1;;;;0;;Bom;Sem defeito;Perfeito estado;Seca;Perfeito estado;Não existe;Não há placas;;2019
05/04/2019;19:57:00;SEM VÍTIMA;BOA VISTA;AV GOVERNADOR CARLOS DE LIMA CAVALCANTI;CIDADE;ABALROAMENTO LONGITUDINAL;1;;;;1;;;;0;;Bom;Não existe;Perfeito estado;Seca;Perfeito estado;;;40 km/h;2019
05/04/2019;20:04:00;COM VÍTIMA;ILHA DO RETIRO;RUA TABAIARES;SUBURBIO;ABALROAMENTO TRANSVERSAL;1;1;;;;;;;1;;Bom;Não existe;Não existente;Seca;Mal iluminada;Não existe;Não há placas;;2019
05/04/2019;20:09:00;SEM VÍTIMA;BOA VIAGEM;RUA ANTONIO FALCAO;CIDADE;ABALROAMENTO LONGITUDINAL;2;;;;;;;;0;;Bom;Não existe;Perfeito estado;Seca;Perfeito estado;Não existe;Não há placas;40 km/h;2019
05/04/2019;20:47:00;SEM VÍTIMA;ENCRUZILHADA;RUA DONA ELVIRA;CID/SUB;ABALROAMENTO TRANSVERSAL;2;;;;;;;;0;;Bom;Não existe;Incompleta;Seca;Mal iluminada;;Placas Pare;30 km/h;2019
05/04/2019;22:50:00;SEM VÍTIMA;CABANGA;AV SATURNINO DE BRITO;;COLISÃO;2;;;;;;;;0;;;;;;;;;;2019
05/04/2019;23:15:00;SEM VÍTIMA;JORDÃO;AV MARIA IRENE;SUBURBIO;ABALROAMENTO TRANSVERSAL;2;;;;;;;;0;;Bom;Não existe;Ilegível;Seca;Mal iluminada;Não existe;Não há placas;;2019
05/04/2019;23:21:00;SEM VÍTIMA;POÇO DA PANELA;RUA DRA HELENA MOURA LEITE;SUBURBIO;CHOQUE VEÍCULO PARADO;2;;;;;;;;0;;Bom;Não existe;Não existente;Seca;Perfeito estado;;Não há placas;20 km/h;2019
06/04/2019;01:50:00;SEM VÍTIMA;BOA VIAGEM;AV ENGENHEIRO DOMINGOS FERREIRA;SUBURBIO;COLISÃO TRASEIRA;2;;;;;;;;0;;Chuvoso;Sem defeito;Perfeito estado;Molhada;Perfeito estado;;Não há placas;60 km/h;2019
06/04/2019;03:44:00;SEM VÍTIMA;AFOGADOS;RUA SAO MIGUEL;SUBURBIO;ABALROAMENTO TRANSVERSAL;2;;;;;;;;0;;Bom;Sem defeito;Perfeito estado;Seca;Perfeito estado;Faixa de pedestre;;;2019
06/04/2019;07:52:00;SEM VÍTIMA;BEBERIBE;AV BEBERIBE;CIDADE;COLISÃO TRASEIRA;3;;;;;;;;0;;Bom;Sem defeito;Perfeito estado;Seca;Perfeito estado;Faixa de pedestre;R-19;40 km/h;2019
06/04/2019;08:44:00;COM VÍTIMA;MADALENA;AV CAXANGA;CIDADE;ABALROAMENTO LONGITUDINAL;1;1;;;;;;;1;;Bom;Não existe;Perfeito estado;Seca;Perfeito estado;Não existe;Outras;;2019
06/04/2019;09:07:00;SEM VÍTIMA;JORDÃO;RUA ALBERTO LUNDGREN;;COLISÃO;1;1;;;;;;;0;;;;;;;;;;2019
06/04/2019;09:45:00;SEM VÍTIMA;CASA AMARELA;AV NORTE;SUBURBIO;COLISÃO TRASEIRA;2;;;;;;;;0;;Bom;Sem defeito;Perfeito estado;Seca;Perfeito estado;Não existe;;;2019
06/04/2019;10:07:00;SEM VÍTIMA;SÃO JOSÉ;RUA RIO CAPIBARIBE;CIDADE;COLISÃO TRASEIRA;1;;;;;1;1;;0;;Bom;Não existe;Perfeito estado;Seca;Perfeito estado;Não existe;R-6b;30 km/h;2019
06/04/2019;10:28:00;SEM VÍTIMA;CABANGA;RUA NOVA DA CABANGA;SUBURBIO;ABALROAMENTO TRANSVERSAL;2;;;;;;;1;0;;Bom;Não existe;Não existente;Seca;Perfeito estado;Não existe;Não há placas;;2019
06/04/2019;10:44:00;SEM VÍTIMA;AFOGADOS;RUA FRANCISCO PORFIRIO;;CHOQUE VEÍCULO PARADO;2;;;;;;;;0;;Bom;Não existe;Perfeito estado;Seca;Perfeito estado;Não existe;Não há placas;;2019
06/04/2019;11:32:00;SEM VÍTIMA;BOA VIAGEM;AV BOA VIAGEM;SUBURBIO;COLISÃO TRASEIRA;3;;;;;;;;0;;Bom;Sem defeito;Perfeito estado;Seca;Perfeito estado;Faixa de pedestre;;;2019
06/04/2019;12:30:00;SEM VÍTIMA;ARRUDA;AV BEBERIBE;SUB/CID;ABALROAMENTO LONGITUDINAL;1;;;;1;;;;0;;Bom;Sem defeito;Perfeito estado;Seca;Mal conservada;Não existe;Não há placas;60 km/h;2019
06/04/2019;12:33:00;SEM VÍTIMA;CAMPO GRANDE;EST DE BELEM;SUBURBIO;ABALROAMENTO LONGITUDINAL;2;;;;;;;;0;;Bom;Sem defeito;Perfeito estado;Seca;Perfeito estado;Faixa de pedestre;R-6a;;2019
06/04/2019;12:44:00;SEM VÍTIMA;CAMPO GRANDE;RUA MARQUES DE ABRANTES;;COLISÃO;1;;;;;1;;;0;;;;;;;;;;2019
06/04/2019;12:55:00;SEM VÍTIMA;PARNAMIRIM;AV PARNAMIRIM;SUBURBIO;ABALROAMENTO LONGITUDINAL;1;;;;1;;;;0;;Bom;Não existe;Perfeito estado;Seca;Perfeito estado;Outros;R-6a;;2019
06/04/2019;13:52:00;SEM VÍTIMA;PRADO;RUA JOAO IVO DA SILVA;;ABALROAMENTO TRANSVERSAL;2;;;;;;;;0;;Bom;Sem defeito;Incompleta;Seca;Perfeito estado;Faixa de pedestre;Outras;;2019
06/04/2019;15:00:00;SEM VÍTIMA;BOA VIAGEM;AVENIDA CELSO FURTADO (VIA MANGUE);CIDADE;COLISÃO TRASEIRA;2;;;;;;;;0;;Bom;Não existe;Perfeito estado;Seca;Perfeito estado;Faixa de pedestre;Outras;60 km/h;2019
06/04/2019;15:26:00;SEM VÍTIMA;IBURA;AV DOIS RIOS;;COLISÃO;;;;;;;;;0;;;;;;;;;;2019
06/04/2019;15:49:00;SEM VÍTIMA;BOA VIAGEM;RUA RIBEIRO DE BRITO;SUBURBIO;COLISÃO TRASEIRA;1;1;;;;;;;0;;Bom;Não existe;Perfeito estado;Seca;Perfeito estado;Não existe;R-6a;60 km/h;2019
06/04/2019;16:05:00;SEM VÍTIMA;SANTO ANTÔNIO;RUA DO PEIXOTO;;ABALROAMENTO TRANSVERSAL;2;;;;;;;;0;;Bom;Sem defeito;Perfeito estado;Seca;Perfeito estado;Faixa de pedestre;Outras;;2019
06/04/2019;16:30:00;SEM VÍTIMA;IPSEP;AV RECIFE;;ABALROAMENTO LONGITUDINAL;1;;;;;;1;;0;;Bom;Sem defeito;Perfeito estado;Seca;Perfeito estado;Faixa de pedestre;R-6a;;2019
06/04/2019;16:31:00;COM VÍTIMA;IMBIRIBEIRA;RUA ITACARI;indefinido;ABALROAMENTO LONGITUDINAL;1;1;;;;;;;1;;Bom;Não existe;Perfeito estado;Seca;Perfeito estado;Faixa de pedestre;Placas Pare;;2019
06/04/2019;19:28:00;SEM VÍTIMA;IPUTINGA;RUA BOM PASTOR;SUBURBIO;ABALROAMENTO TRANSVERSAL;2;;;;;;;;0;;Bom;Não existe;Perfeito estado;Seca;Perfeito estado;;;;2019
06/04/2019;22:07:00;SEM VÍTIMA;BOA VIAGEM;AV BOA VIAGEM;;COLISÃO;1;1;;;;;;;0;;;;;;;;;;2019
07/04/2019;00:27:00;SEM VÍTIMA;VÁRZEA;RUA GASTAO VIDIGAL;;COLISÃO;2;;;;;;;;0;;;;;;;;;;2019
07/04/2019;01:20:00;SEM VÍTIMA;JAQUEIRA;RUA DR JOSE MARIA;CIDADE;COLISÃO FRONTAL;2;;;;;;;;0;;Bom;Não existe;Perfeito estado;Seca;Perfeito estado;Não existe;Não há placas;;2019
07/04/2019;01:34:00;COM VÍTIMA;VASCO DA GAMA;RUA ALTO DO EUCALIPTO;;COLISÃO;1;1;;;;;;;1;;;;;;;;;;2019
07/04/2019;07:08:00;COM VÍTIMA;AFOGADOS;RUA COSME VIANA;AFOGADOS;COLISÃO;1;1;;;;;;;1;;;;;;;;;;2019
07/04/2019;08:05:00;SEM VÍTIMA;BOA VIAGEM;RUA WALDEMAR NERY CARNEIRO MONTEIRO;CIDADE;ABALROAMENTO TRANSVERSAL;2;;;;;;;;0;;Bom;Não existe;Não existente;Seca;Perfeito estado;Não existe;R-6a;;2019
07/04/2019;08:11:00;COM VÍTIMA;CASA AMARELA;RUA OSCAR DE BARROS;SUBURBIO;ABALROAMENTO TRANSVERSAL;1;;;;1;;;;1;;Bom;Não existe;Perfeito estado;Seca;Perfeito estado;Não existe;Não há placas;40 km/h;2019
07/04/2019;09:38:00;SEM VÍTIMA;AREIAS;AV RECIFE;;CHOQUE VEÍCULO PARADO;1;;;;1;;;;0;;Chuvoso;Não existe;Perfeito estado;Molhada;Perfeito estado;Outros;Não há placas;;2019
07/04/2019;09:41:00;SEM VÍTIMA;ENCRUZILHADA;AV NORTE;SUBURBIO;COLISÃO TRASEIRA;1;;;;;;1;;0;;Chuvoso;Sem defeito;Perfeito estado;Molhada;Perfeito estado;Faixa de pedestre;Outras;;2019
07/04/2019;09:54:00;SEM VÍTIMA;CASA AMARELA;RUA CORREGO DO OURO;;COLISÃO;1;1;;;;;;;0;;;;;;;;;;2019
07/04/2019;10:15:00;SEM VÍTIMA;NOVA DESCOBERTA;RUA NOVA DESCOBERTA;;COLISÃO;2;;;;;;;;0;;;;;;;;;;2019
07/04/2019;10:28:00;SEM VÍTIMA;LINHA DO TIRO;RUA URIEL DE HOLANDA;SUBURBIO;COLISÃO TRASEIRA;2;1;;;;;;;0;;Bom;Não existe;Perfeito estado;Seca;Perfeito estado;Não existe;Não há placas;40 km/h;2019
07/04/2019;11:56:00;SEM VÍTIMA;BEBERIBE;AV BEBERIBE;SUBURBIO;ABALROAMENTO TRANSVERSAL;2;;;;;;;;0;;Bom;Não existe;Incompleta;Seca;Perfeito estado;Não existe;Não há placas;;2019
07/04/2019;12:36:00;SEM VÍTIMA;AREIAS;AV RECIFE;;COLISÃO TRASEIRA;2;;;;;;;;0;;Bom;Sem defeito;Perfeito estado;Seca;Perfeito estado;Faixa de pedestre;Não há placas;;2019
07/04/2019;12:45:00;SEM VÍTIMA;ESTÂNCIA;AV DR JOSE RUFINO;CIDADE;COLISÃO;2;;;;;;;;0;;;;;;;;;;2019
07/04/2019;14:54:00;COM VÍTIMA;PRADO;RUA SANTA EDWIRGES;CIDADE;ABALROAMENTO TRANSVERSAL;1;1;;;;;;;1;;Bom;Não existe;Ilegível;Seca;Perfeito estado;Não existe;Não há placas;;2019
07/04/2019;15:37:00;SEM VÍTIMA;MADALENA;RUA REAL DA TORRE;SUBURBIO;ABALROAMENTO LONGITUDINAL;2;;;;;;;;0;;Bom;Não existe;Perfeito estado;Seca;Perfeito estado;Outros;Não há placas;;2019
07/04/2019;17:34:00;SEM VÍTIMA;SANTO AMARO;AV GOVERNADOR AGAMENON MAGALHAES;SUBURBIO;COLISÃO TRASEIRA;2;;;;;;;;0;;Chuvoso;Sem defeito;Perfeito estado;Molhada;Perfeito estado;Faixa de pedestre;;60 km/h;2019
07/04/2019;17:41:00;SEM VÍTIMA;BOA VIAGEM;AV ENGENHEIRO DOMINGOS FERREIRA;SUBURBIO;ABALROAMENTO LONGITUDINAL;2;;;;;;;;0;;Chuvoso;Sem defeito;Perfeito estado;Molhada;Perfeito estado;Faixa de pedestre;;;2019
07/04/2019;17:54:00;SEM VÍTIMA;BARRO;AV DR JOSE RUFINO;SUBURBIO;ABALROAMENTO TRANSVERSAL;2;;;;;;;;0;;Chuvoso;Sem defeito;Perfeito estado;Molhada;Perfeito estado;Outros;Não há placas;;2019
07/04/2019;18:02:00;SEM VÍTIMA;IMBIRIBEIRA;AV MARECHAL MASCARENHAS DE MORAES;SUBURBIO;ABALROAMENTO LONGITUDINAL;1;1;;;;;;;0;;Chuvoso;Sem defeito;Perfeito estado;Molhada;Perfeito estado;;Não há placas;;2019
07/04/2019;18:28:00;SEM VÍTIMA;BARRO;;;CHOQUE VEÍCULO PARADO;1;;;;1;;1;;0;;Bom;Não existe;Não existente;Seca;Perfeito estado;Não existe;Não há placas;;2019
07/04/2019;18:53:00;SEM VÍTIMA;MACAXEIRA;AV NORTE;SUBURBIO;COLISÃO TRASEIRA;1;;;;1;;;;0;;Chuvoso;Não existe;Não existente;Molhada;Mal iluminada;;Não há placas;50 km/h;2019
07/04/2019;19:21:00;SEM VÍTIMA;SAN MARTIN;AV GENERAL SAN MARTIN;;ABALROAMENTO LONGITUDINAL;2;;;;;;;;0;;Chuvoso;Sem defeito;Perfeito estado;Molhada;Perfeito estado;Faixa de retenção;R-6a;40 km/h;2019
07/04/2019;19:40:00;SEM VÍTIMA;GRAÇAS;RUA DO FUTURO;;COLISÃO;2;;;;;;;;0;;;;;;;;;;2019
07/04/2019;21:06:00;COM VÍTIMA;CASA FORTE;EST DO ENCANAMENTO;SUBURBIO;ABALROAMENTO TRANSVERSAL;2;;;;;;;;2;;Bom;Não existe;Incompleta;Seca;Perfeito estado;;Placas Pare;;2019
07/04/2019;21:33:00;SEM VÍTIMA;IPSEP;RUA MARCELO GAMA;SUBURBIO;CHOQUE VEÍCULO PARADO;1;;;;;1;;;0;;Chuvoso;Não existe;Não existente;Molhada;Perfeito estado;;Não há placas;30 km/h;2019
07/04/2019;21:56:00;SEM VÍTIMA;CORDEIRO;AV CAXANGA;CIDADE;ABALROAMENTO LONGITUDINAL;1;;;;1;;;;0;;Bom;Sem defeito;Perfeito estado;Seca;Perfeito estado;Faixa de pedestre;R-6a;40 km/h;2019
08/04/2019;01:08:00;COM VÍTIMA;ESPINHEIRO;RUA MARQUES DO PARANA;CIDADE;ABALROAMENTO TRANSVERSAL;2;;;;;;;;1;;Bom;Não existe;Ilegível;Seca;Perfeito estado;Não existe;Placas Pare;;2019
08/04/2019;02:03:00;SEM VÍTIMA;SANTO AMARO;AV CRUZ CABUGA;SUBURBIO;ABALROAMENTO LONGITUDINAL;1;;;;;;1;;0;;Bom;Sem defeito;Perfeito estado;Seca;Perfeito estado;Faixa de pedestre;Outras;;2019
08/04/2019;05:49:00;SEM VÍTIMA;CORDEIRO;AV PROFESSOR ESTEVAO FRANCISCO DA COSTA;;ABALROAMENTO LONGITUDINAL;1;;;;1;;;;0;;Bom;Sem defeito;Perfeito estado;Seca;Perfeito estado;Não existe;Não há placas;;2019
08/04/2019;06:40:00;SEM VÍTIMA;AREIAS;AV RECIFE;BOA VIAGEM;COLISÃO;;;;;1;1;;;0;;;;;;;;;;2019
08/04/2019;07:34:00;SEM VÍTIMA;ESTÂNCIA;RUA JOAO TEIXEIRA;SUBURBIO;ABALROAMENTO LONGITUDINAL;2;;;;;;;;0;;Nublado;;Perfeito estado;Molhada;Perfeito estado;Não existe;;;2019
08/04/2019;07:48:00;SEM VÍTIMA;TAMARINEIRA;EST VELHA DE AGUA FRIA;SUBURBIO;ABALROAMENTO TRANSVERSAL;1;1;;;;;;;0;;Bom;Não existe;Perfeito estado;Seca;Perfeito estado;Faixa de pedestre;R-6a;;2019
08/04/2019;07:48:00;SEM VÍTIMA;SANTO AMARO;AV GOVERNADOR AGAMENON MAGALHAES;;ABALROAMENTO LONGITUDINAL;1;1;;;;;;;0;;Bom;Não existe;Perfeito estado;Seca;Perfeito estado;Não existe;Outras;60 km/h;2019
08/04/2019;07:57:00;SEM VÍTIMA;ENCRUZILHADA;AV JOAO DE BARROS;CIDADE;ABALROAMENTO LONGITUDINAL;2;;;;;;;;0;;Bom;Sem defeito;Perfeito estado;Seca;Perfeito estado;Faixa de pedestre;R-6a;;2019
08/04/2019;08:19:00;SEM VÍTIMA;BOA VISTA;AV GOVERNADOR AGAMENON MAGALHAES;;ABALROAMENTO LONGITUDINAL;1;;;;;1;;;0;;Chuvoso;Sem defeito;Perfeito estado;Molhada;Perfeito estado;;Não há placas;60 km/h;2019
08/04/2019;08:42:00;SEM VÍTIMA;BOA VIAGEM;RUA BARAO DE SOUZA LEAO;;COLISÃO;2;;;;;;;;0;;;;;;;;;;2019
08/04/2019;09:26:00;SEM VÍTIMA;BAIRRO DO RECIFE;CAIS DO APOLO;SUBURBIO;COLISÃO TRASEIRA;1;;;;;;;1;0;;Bom;Sem defeito;Perfeito estado;Seca;Perfeito estado;Faixa de pedestre;Não há placas;60 km/h;2019
08/04/2019;09:29:00;SEM VÍTIMA;ILHA JOANA BEZERRA;TRV DO RAPOSO;;COLISÃO FRONTAL;1;1;;;;;;;0;;Bom;Não existe;Perfeito estado;Seca;Perfeito estado;Não existe;Não há placas;;2019
08/04/2019;09:33:00;SEM VÍTIMA;IBURA;AV DOIS RIOS;CIDADE;COLISÃO TRASEIRA;1;;;;1;;;;0;;Bom;Sem defeito;Perfeito estado;Seca;Perfeito estado;;Não há placas;;2019
08/04/2019;10:06:00;SEM VÍTIMA;AFOGADOS;EST DOS REMEDIOS;SUBURBIO;ABALROAMENTO LONGITUDINAL;2;;;;;;;;0;;Bom;Não existe;Perfeito estado;Seca;Perfeito estado;Não existe;Não há placas;;2019
08/04/2019;11:14:00;COM VÍTIMA;MANGUEIRA;RUA SAO MIGUEL;SUBURBIO;COLISÃO TRASEIRA;1;1;;;;;;;1;;Bom;Não existe;Não existente;Seca;Perfeito estado;Não existe;Não há placas;;2019
08/04/2019;12:55:00;SEM VÍTIMA;ILHA DO RETIRO;AV JOSE GONCALVES DE MEDEIROS;CIDADE;ABALROAMENTO LONGITUDINAL;2;;;;;;;;0;;Bom;Sem defeito;Perfeito estado;Seca;Perfeito estado;Não existe;Não há placas;40 km/h;2019
08/04/2019;13:12:00;SEM VÍTIMA;PAISSANDU;AV GOVERNADOR AGAMENON MAGALHAES;SUBURBIO;ABALROAMENTO LONGITUDINAL;2;;;;;;;;0;;Bom;Não existe;Perfeito estado;Seca;Perfeito estado;Não existe;Não há placas;;2019
08/04/2019;13:55:00;SEM VÍTIMA;ÁGUA FRIA;EST VELHA DE AGUA FRIA;SUBURBIO;ABALROAMENTO LONGITUDINAL;2;;;;;;;;0;;Bom;Não existe;Perfeito estado;Seca;Perfeito estado;Não existe;Placas Dê a preferência;;2019
08/04/2019;14:41:00;SEM VÍTIMA;PINA;AV ANTONIO DE GOES;CIDADE;COLISÃO TRASEIRA;3;;;;;;;;0;;Bom;Não existe;Perfeito estado;Seca;Perfeito estado;Não existe;Outras;60 km/h;2019
08/04/2019;15:04:00;SEM VÍTIMA;PRADO;AV ENGENHEIRO ABDIAS DE CARVALHO;;COLISÃO TRASEIRA;2;1;;;;;;;0;;Bom;Não existe;Perfeito estado;Seca;Perfeito estado;Outros;;;2019
08/04/2019;15:12:00;COM VÍTIMA;IBURA;RUA RIO TAPADO;;ABALROAMENTO TRANSVERSAL;1;1;;;;;;;1;;Bom;Sem defeito;Perfeito estado;Seca;Perfeito estado;Outros;Outras;;2019
08/04/2019;15:24:00;SEM VÍTIMA;SANTO AMARO;AV GOVERNADOR AGAMENON MAGALHAES;SUBURBIO;ABALROAMENTO LONGITUDINAL;1;;;;1;;;;0;;Bom;Não existe;Perfeito estado;Seca;Perfeito estado;Não existe;Não há placas;;2019
08/04/2019;16:24:00;COM VÍTIMA;CASA FORTE;AV DEZESSETE DE AGOSTO;;COLISÃO;;2;;;;;;;1;;;;;;;;;;2019
08/04/2019;16:35:00;SEM VÍTIMA;SANTO AMARO;AV GOVERNADOR AGAMENON MAGALHAES;SUBURBIO;ABALROAMENTO LONGITUDINAL;1;;;;1;;;;0;;Bom;Sem defeito;Perfeito estado;Seca;Perfeito estado;Faixa de pedestre;Outras;60 km/h;2019
08/04/2019;17:01:00;SEM VÍTIMA;MADALENA;RUA JOSE OSORIO;SUBURBIO;COLISÃO TRASEIRA;4;;;;;;;;0;;Bom;Sem defeito;Perfeito estado;Seca;Perfeito estado;Outros;Outras;60 km/h;2019
08/04/2019;18:11:00;COM VÍTIMA;IMBIRIBEIRA;RUA JAMAICA;CIDADE;ABALROAMENTO TRANSVERSAL;1;1;;;;;;;1;;Bom;Não existe;Incompleta;Seca;Perfeito estado;Não existe;R-6a;;2019
08/04/2019;18:39:00;SEM VÍTIMA;TOTÓ;RUA ANANIAS CATANHO;;CHOQUE VEÍCULO PARADO;;1;;;1;;;;0;;Bom;Não existe;Incompleta;Seca;Perfeito estado;Não existe;Não há placas;;2019
08/04/2019;18:40:00;COM VÍTIMA;TORRE;RUA REAL DA TORRE;CIDADE;ABALROAMENTO LONGITUDINAL;1;1;;;;;;;1;;Bom;Não existe;Perfeito estado;Seca;Perfeito estado;Não existe;Não há placas;;2019
08/04/2019;18:53:00;SEM VÍTIMA;ÁGUA FRIA;AV BEBERIBE;CIDADE;ABALROAMENTO LONGITUDINAL;1;;;;1;;;;0;;Bom;Sem defeito;Perfeito estado;Seca;Perfeito estado;Não existe;Não há placas;40 km/h;2019
08/04/2019;19:17:00;SEM VÍTIMA;PRADO;AV ENGENHEIRO ABDIAS DE CARVALHO;CIDADE;COLISÃO TRASEIRA;2;1;;;;;;;0;;Chuvoso;Não existe;Perfeito estado;Molhada;Perfeito estado;Não existe;Não há placas;60 km/h;2019
08/04/2019;19:29:00;SEM VÍTIMA;IPUTINGA;RUA MAURICIO DE NASSAU;SUBURBIO;ABALROAMENTO TRANSVERSAL;2;;;;;;;;0;;Bom;Não existe;Perfeito estado;Seca;Perfeito estado;Faixa de retenção;Placas Pare;;2019
08/04/2019;20:22:00;SEM VÍTIMA;SAN MARTIN;RUA VINTE E UM DE ABRIL;CIDADE;ABALROAMENTO LONGITUDINAL;1;;;;1;;;;0;;Bom;Não existe;Perfeito estado;Seca;Perfeito estado;Não existe;Placas Pare;;2019
08/04/2019;21:21:00;SEM VÍTIMA;MADALENA;RUA COSTA GOMES;SUBURBIO;CHOQUE VEÍCULO PARADO;3;;;;;;;;0;;Bom;Não existe;Perfeito estado;Seca;Perfeito estado;Não existe;Não há placas;;2019
08/04/2019;21:35:00;SEM VÍTIMA;PARNAMIRIM;AV PARNAMIRIM;CIDADE;ABALROAMENTO LONGITUDINAL;2;;;;;;;;0;;Bom;;Perfeito estado;Seca;Perfeito estado;;;;2019
08/04/2019;22:19:00;SEM VÍTIMA;AFOGADOS;RUA IMPERIAL;SUBURBIO;ABALROAMENTO TRANSVERSAL;2;;;;;;;;0;;Bom;Sem defeito;Perfeito estado;Seca;Perfeito estado;Faixa de pedestre;;;2019