data;hora;natureza_acidente;bairro;endereco;sentido_via;tipo;auto;moto;ciclista;pedestre;onibus;caminhao;viatura;outros;vitimas;vitimasfatais;tempo_clima;situacao_semaforo;sinalizacao;condicao_via;conservacao_via;ponto_controle;situacao_placa;velocidade_max_via;ano
08/04/2019;23:43:00;SEM VÍTIMA;IMBIRIBEIRA;AV MARECHAL MASCARENHAS DE MORAES;CIDADE;COLISÃO TRASEIRA;;2;;;;;;;0;;Bom;Sem defeito;Perfeito estado;Seca;Perfeito estado;;;;2019
09/04/2019;07:10:00;SEM VÍTIMA;IPSEP;RUA HELIO BRANDAO;CIDADE;ABALROAMENTO LONGITUDINAL;1;1;;;;;;;0;;Bom;Sem defeito;Perfeito estado;Seca;Perfeito estado;Faixa de pedestre;Não há placas;40 km/h;2019
09/04/2019;07:26:00;SEM VÍTIMA;ILHA DO RETIRO;EST DOS REMEDIOS;CIDADE;ABALROAMENTO TRANSVERSAL;2;;;;;;;;0;;Bom;Sem defeito;Perfeito estado;Seca;Perfeito estado;;Placas Pare;;2019
09/04/2019;07:41:00;SEM VÍTIMA;CAMPO GRANDE;AV GOVERNADOR AGAMENON MAGALHAES;SUBURBIO;COLISÃO TRASEIRA;2;;;;;;;;0;;Bom;Sem defeito;Ilegível;Seca;Mal conservada;Não existe;Outras;60 km/h;2019
09/04/2019;08:29:00;SEM VÍTIMA;PINA;RUA PROFESSOR JOSUE DE CASTRO;CIDADE;COLISÃO TRASEIRA;4;;;;;1;;;0;;Bom;Sem defeito;Perfeito estado;Seca;Perfeito estado;Não existe;Não há placas;60 km/h;2019
09/04/2019;08:40:00;SEM VÍTIMA;CAMPO GRANDE;EST DE BELEM;;COLISÃO;1;;;;;1;;;0;;;;;;;;;;2019
09/04/2019;08:42:00;COM VÍTIMA;ROSARINHO;RUA DES MARTINS PEREIRA;;COLISÃO;1;1;;;;;;;1;;;;;;;;;;2019
09/04/2019;08:51:00;SEM VÍTIMA;CASA AMARELA;AV NORTE;SUBURBIO;ABALROAMENTO LONGITUDINAL;;;;;1;1;;;0;;Bom;Não existe;Perfeito estado;Seca;Perfeito estado;Não existe;R-6a;;2019
09/04/2019;09:14:00;SEM VÍTIMA;SANTO AMARO;RUA JOAO LIRA;SUBURBIO;ABALROAMENTO TRANSVERSAL;2;;;;;;;;0;;Bom;Com defeito;Perfeito estado;Seca;Perfeito estado;Faixa de pedestre;Não há placas;;2019
09/04/2019;09:24:00;SEM VÍTIMA;ESPINHEIRO;RUA MARQUES DO PARANA;CIDADE;ABALROAMENTO TRANSVERSAL;2;;;;;;;;0;;Bom;Não existe;Incompleta;Seca;Perfeito estado;Não existe;Outras;30 km/h;2019
09/04/2019;09:57:00;SEM VÍTIMA;SÃO JOSÉ;AV ENGENHEIRO JOSE ESTELITA;CIDADE;COLISÃO TRASEIRA;3;;;;;;;;0;;Bom;Não existe;Perfeito estado;Seca;Perfeito estado;Não existe;Não há placas;60 km/h;2019
09/04/2019;09:59:00;SEM VÍTIMA;IMBIRIBEIRA;AV MARECHAL MASCARENHAS DE MORAES;AFOGADOS;COLISÃO;0;;;;;;;;0;;;;;;;;;;2019
09/04/2019;10:07:00;COM VÍTIMA;CASA AMARELA;RUA XAVANTES;SUBURBIO;ABALROAMENTO LONGITUDINAL;1;1;;;;;;;1;;Bom;Não existe;Perfeito estado;Seca;Perfeito estado;Não existe;Placas Pare;;2019
09/04/2019;11:44:00;SEM VÍTIMA;IPUTINGA;AV CAXANGA;SUBURBIO;COLISÃO TRASEIRA;1;1;;;;;;;0;;Bom;Não existe;Perfeito estado;Seca;Perfeito estado;Não existe;R-6a;;2019
09/04/2019;11:47:00;SEM VÍTIMA;CORDEIRO;AV GENERAL SAN MARTIN;SUBURBIO;ABALROAMENTO TRANSVERSAL;2;;;;;;;;0;;Bom;Não existe;Incompleta;Seca;Perfeito estado;Não existe;R-6a;;2019
09/04/2019;12:10:00;COM VÍTIMA;BOA VISTA;RUA DA SOLEDADE;CIDADE;ABALROAMENTO LONGITUDINAL;1;;;;;;;;1;;Bom;Não existe;Perfeito estado;Seca;Perfeito estado;Não existe;Outras;;2019
09/04/2019;12:10:00;SEM VÍTIMA;IMBIRIBEIRA;AV MARECHAL MASCARENHAS DE MORAES;CIDADE;COLISÃO TRASEIRA;2;;;;;;;;0;;Bom;Sem defeito;Perfeito estado;Seca;Perfeito estado;Outros;Outras;60 km/h;2019
09/04/2019;12:27:00;SEM VÍTIMA;ESPINHEIRO;RUA DO ESPINHEIRO;SUBURBIO;COLISÃO;2;;;;;;;;0;;;;;;;;;;2019
09/04/2019;13:36:00;SEM VÍTIMA;BOA VIAGEM;RUA VISCONDE DE JEQUITINHONHA;SUBURBIO;ABALROAMENTO TRANSVERSAL;2;;;;;;;;0;;Bom;Não existe;Perfeito estado;Seca;Perfeito estado;;Não há placas;40 km/h;2019
09/04/2019;13:49:00;COM VÍTIMA;ÁGUA FRIA;EST VELHA DE AGUA FRIA;CIDADE;ABALROAMENTO TRANSVERSAL;1;1;;;;;;;1;;Bom;Não existe;Incompleta;Seca;Perfeito estado;Não existe;Não há placas;;2019
09/04/2019;14:10:00;SEM VÍTIMA;ENCRUZILHADA;AV NORTE;CIDADE;COLISÃO TRASEIRA;2;;;;;;;;0;;Bom;Sem defeito;Perfeito estado;Seca;Perfeito estado;Não existe;Não há placas;60 km/h;2019
09/04/2019;14:11:00;COM VÍTIMA;ARRUDA;AV BEBERIBE;CIDADE;COLISÃO TRASEIRA;2;;;;;1;;;;;Bom;Sem defeito;Perfeito estado;Seca;Perfeito estado;Faixa de pedestre;Outras;;2019
09/04/2019;15:28:00;SEM VÍTIMA;MADALENA;AV JOSE GONCALVES DE MEDEIROS;;COLISÃO;2;;;;;;;;0;;;;;;;;;;2019
09/04/2019;15:30:00;SEM VÍTIMA;IBURA;AV DOIS RIOS;SUBURBIO;ABALROAMENTO LONGITUDINAL;1;;;;1;;;;0;;Bom;Não existe;Perfeito estado;Seca;Mal conservada;Não existe;Outras;;2019
09/04/2019;15:46:00;SEM VÍTIMA;JIQUIÁ;RUA SAO MIGUEL;CIDADE;ABALROAMENTO LONGITUDINAL;2;;;;;;;;0;;Bom;Não existe;Perfeito estado;Seca;Perfeito estado;Não existe;Não há placas;;2019
09/04/2019;15:52:00;SEM VÍTIMA;SANTO AMARO;RUA BUARQUE DE MACEDO;SUBURBIO;CHOQUE VEÍCULO PARADO;1;;;;;1;;;0;;Bom;Não existe;Perfeito estado;Seca;Perfeito estado;Não existe;Não há placas;;2019
09/04/2019;15:57:00;COM VÍTIMA;MUSTARDINHA;AV MANOEL GONCALVES DA LUZ;SUBURBIO;ATROPELAMENTO;1;;;1;;;;;1;;Bom;Não existe;Incompleta;Seca;Perfeito estado;Não existe;R-6a;;2019
09/04/2019;16:01:00;SEM VÍTIMA;CORDEIRO;AV CAXANGA;CIDADE;COLISÃO TRASEIRA;2;;;;;;;;0;;Bom;Não existe;Ilegível;Seca;Perfeito estado;Não existe;R-6a;;2019
09/04/2019;16:10:00;SEM VÍTIMA;BOMBA DO HEMETÉRIO;RUA PADRE OLIVEIRA;SUBURBIO;ABALROAMENTO LONGITUDINAL;1;;;;1;;;;0;;Bom;Não existe;Não existente;Seca;Perfeito estado;Não existe;Não há placas;40 km/h;2019
09/04/2019;16:33:00;COM VÍTIMA;BOA VIAGEM;RUA JOSE HIPOLITO CARDOSO;;COLISÃO FRONTAL;1;1;;;;;;;1;;Bom;Não existe;Incompleta;Seca;Perfeito estado;Não existe;Não há placas;;2019
09/04/2019;16:57:00;COM VÍTIMA;CAJUEIRO;RUA DR ALBERTO WANDERLEY;CIDADE;COLISÃO COM CICLISTA;1;;1;;;;;;1;;Bom;Não existe;Não existente;Seca;Perfeito estado;Faixa de pedestre;Outras;;2019
09/04/2019;17:04:00;SEM VÍTIMA;PINA;AV HERCULANO BANDEIRA;SUBURBIO;ABALROAMENTO LONGITUDINAL;2;;;;;;;;0;;Bom;Não existe;Perfeito estado;Seca;Perfeito estado;Não existe;Outras;60 km/h;2019
09/04/2019;17:20:00;COM VÍTIMA;AREIAS;AV CAPITAO GREGORIO DE CALDAS;CIDADE;ABALROAMENTO LONGITUDINAL;1;1;;;;;;;1;;Bom;Não existe;Incompleta;Seca;Perfeito estado;Não existe;Não há placas;;2019
09/04/2019;17:20:00;SEM VÍTIMA;ILHA DO LEITE;RUA ANTONIO GOMES DE FREITAS;CIDADE;ABALROAMENTO LONGITUDINAL;1;;;;1;;;;0;;Bom;Não existe;Perfeito estado;Seca;Perfeito estado;Não existe;R-6a;;2019
09/04/2019;17:21:00;SEM VÍTIMA;TORRE;RUA JOSE BONIFACIO;;ABALROAMENTO LONGITUDINAL;1;;;;;1;;;0;;Bom;Não existe;Perfeito estado;Seca;Perfeito estado;Não existe;Não há placas;;2019
09/04/2019;18:16:00;SEM VÍTIMA;DERBY;AV GOVERNADOR AGAMENON MAGALHAES;;COLISÃO TRASEIRA;2;;;;;;;;0;;Bom;Sem defeito;;Seca;Perfeito estado;;Não há placas;60 km/h;2019
09/04/2019;18:16:00;SEM VÍTIMA;SANTO AMARO;AV CRUZ CABUGA;;COLISÃO;2;;;;;;;;0;;;;;;;;;;2019
09/04/2019;18:24:00;SEM VÍTIMA;SANTO AMARO;AV GOVERNADOR AGAMENON MAGALHAES;;COLISÃO TRASEIRA;3;;;;;;;;0;;Bom;Não existe;Perfeito estado;Seca;Perfeito estado;Não existe;Não há placas;;2019
09/04/2019;18:51:00;SEM VÍTIMA;AREIAS;AV DR JOSE RUFINO;;COLISÃO;1;;;;1;;;;0;;;;;;;;;;2019
09/04/2019;23:31:00;SEM VÍTIMA;IBURA;AV ENGENHO SERRA VERDE;CIDADE;COLISÃO TRASEIRA;1;;;;1;;;;0;;Bom;Não existe;Perfeito estado;Seca;Perfeito estado;;R-6a;30 km/h;2019
10/04/2019;07:18:00;SEM VÍTIMA;TAMARINEIRA;AV PROFESSOR JOSE DOS ANJOS;CIDADE;ABALROAMENTO LONGITUDINAL;2;;;;;;;;0;;Bom;Não existe;Perfeito estado;Seca;Perfeito estado;Faixa de pedestre;R-19;30 km/h;2019
10/04/2019;07:48:00;SEM VÍTIMA;AFOGADOS;RUA VINTE E UM DE ABRIL;CIDADE;ABALROAMENTO TRANSVERSAL;2;;;;;;;;0;;Bom;Não existe;Perfeito estado;Seca;Perfeito estado;Outros;R-6a;;2019
10/04/2019;07:53:00;SEM VÍTIMA;BOA VIAGEM;RUA BALTAZAR PASSOS;CIDADE;ABALROAMENTO LONGITUDINAL;2;;;;;;;;0;;Bom;Não existe;Perfeito estado;Seca;Mal conservada;Faixa de retenção;Placas Pare;;2019
10/04/2019;08:06:00;COM VÍTIMA;DERBY;AV GOVERNADOR AGAMENON MAGALHAES;OLINDA;COLISÃO;2;;;;;;;;1;;;;;;;;;;2019
10/04/2019;08:10:00;SEM VÍTIMA;SAN MARTIN;AV CONSUL VILARES FRAGOSO;CIDADE;COLISÃO TRASEIRA;1;1;;;;;;;0;;Bom;Não existe;Perfeito estado;Seca;Perfeito estado;Não existe;Outras;;2019
10/04/2019;08:25:00;SEM VÍTIMA;BOA VIAGEM;AV CONSELHEIRO AGUIAR;CIDADE;ABALROAMENTO LONGITUDINAL;1;;;;1;;;;0;;Bom;Não existe;Perfeito estado;Seca;Perfeito estado;Não existe;Não há placas;60 km/h;2019
10/04/2019;08:46:00;SEM VÍTIMA;BOA VIAGEM;AV CONSELHEIRO AGUIAR;SUBURBIO;ABALROAMENTO TRANSVERSAL;2;;;;;;;;0;;Bom;Sem defeito;Perfeito estado;Seca;Perfeito estado;Faixa de pedestre;;;2019
10/04/2019;08:50:00;SEM VÍTIMA;BOA VIAGEM;AV CONSELHEIRO AGUIAR;;COLISÃO;2;;;;;;;;0;;;;;;;;;;2019
10/04/2019;09:08:00;SEM VÍTIMA;IMBIRIBEIRA;AV MARECHAL MASCARENHAS DE MORAES;SUBURBIO;COLISÃO TRASEIRA;1;;;;1;;;;0;;Bom;Não existe;Perfeito estado;Seca;Perfeito estado;Outros;Outras;60 km/h;2019
10/04/2019;09:25:00;SEM VÍTIMA;TAMARINEIRA;RUA PADRE ROMA;SUBURBIO;COLISÃO TRASEIRA;1;;;;;1;;;0;;Bom;Sem defeito;Perfeito estado;Seca;Perfeito estado;Faixa de pedestre;Outras;;2019
10/04/2019;09:36:00;SEM VÍTIMA;DERBY;AV GOVERNADOR AGAMENON MAGALHAES;;COLISÃO;;;;;;;;;0;;;;;;;;;;2019
10/04/2019;09:40:00;SEM VÍTIMA;DERBY;AV GOVERNADOR AGAMENON MAGALHAES;SUBURBIO;ABALROAMENTO LONGITUDINAL;1;;;;;1;;;0;;Bom;Sem defeito;Perfeito estado;Seca;Perfeito estado;Faixa de pedestre;Outras;60 km/h;2019
10/04/2019;10:24:00;SEM VÍTIMA;AFOGADOS;AV SUL;CIDADE;COLISÃO TRASEIRA;2;;;;;;;;0;;Bom;Sem defeito;Perfeito estado;Seca;Perfeito estado;Faixa de retenção;R-6a;;2019
10/04/2019;10:35:00;SEM VÍTIMA;TORRE;RUA REAL DA TORRE;;COLISÃO;;2;;;;;;;0;;;;;;;;;;2019
10/04/2019;10:40:00;SEM VÍTIMA;SANTO AMARO;RUA JOAO LIRA;;ABALROAMENTO LONGITUDINAL;2;;;;;;;;0;;Bom;Com defeito;Incompleta;Seca;Perfeito estado;Faixa de pedestre;;;2019
10/04/2019;11:30:00;SEM VÍTIMA;IPSEP;AV RECIFE;CIDADE;ABALROAMENTO LONGITUDINAL;1;;;;;1;;;0;;Bom;Sem defeito;Perfeito estado;Seca;Perfeito estado;Não existe;Não há placas;;2019
10/04/2019;12:15:00;SEM VÍTIMA;IBURA;RUA PINTOR AGENOR DE ALBUQUERQUE CESAR;;COLISÃO;1;1;;;;;;;0;;;;;;;;;;2019
10/04/2019;12:19:00;SEM VÍTIMA;CORDEIRO;AV GENERAL SAN MARTIN;SUBURBIO;COLISÃO;1;1;;;;;;;0;;;;;;;;;;2019
10/04/2019;12:27:00;SEM VÍTIMA;GRAÇAS;RUA ANTENOR NAVARRO;;COLISÃO;1;1;;;;;;;0;;;;;;;;;;2019
10/04/2019;12:29:00;SEM VÍTIMA;CASA FORTE;AV DEZESSETE DE AGOSTO;SUBURBIO;COLISÃO TRASEIRA;2;;;;;;;;0;;Bom;Não existe;Perfeito estado;Seca;Perfeito estado;Não existe;Não há placas;60 km/h;2019
10/04/2019;12:36:00;SEM VÍTIMA;TORRE;AV VISCONDE DE ALBUQUERQUE;;COLISÃO;1;;;;1;;;;0;;;;;;;;;;2019
10/04/2019;12:41:00;COM VÍTIMA;GRAÇAS;RUA JOAQUIM NABUCO;SUBURBIO;ABALROAMENTO LONGITUDINAL;2;1;;;;;;;1;;Bom;Sem defeito;Perfeito estado;Seca;Perfeito estado;Faixa de pedestre;Outras;40 km/h;2019
10/04/2019;13:05:00;SEM VÍTIMA;IMBIRIBEIRA;RUA JOAQUIM BANDEIRA;;ABALROAMENTO TRANSVERSAL;2;;;;;;;;0;;Bom;Não existe;Perfeito estado;Seca;Perfeito estado;Não existe;Não há placas;;2019
10/04/2019;13:31:00;SEM VÍTIMA;CASA AMARELA;RUA CONEGO BARATA;;COLISÃO;1;;;;;1;;;0;;;;;;;;;;2019
10/04/2019;13:47:00;SEM VÍTIMA;MADALENA;RUA REAL DA TORRE;;COLISÃO;2;;;;;;;;0;;;;;;;;;;2019
10/04/2019;14:10:00;SEM VÍTIMA;BOA VIAGEM;RUA BRUNO VELOSO;;COLISÃO TRASEIRA;2;;;;;;;;0;;Bom;Sem defeito;Perfeito estado;Seca;Perfeito estado;Faixa de pedestre;Outras;;2019
10/04/2019;14:15:00;SEM VÍTIMA;BOA VISTA;RUA ILDEFONSO LOPES;;COLISÃO;1;1;;;;;;;0;;;;;;;;;;2019
10/04/2019;15:28:00;COM VÍTIMA;IMBIRIBEIRA;AV MARECHAL MASCARENHAS DE MORAES;SUBURBIO;COLISÃO COM CICLISTA;;;1;;1;;;;1;;Bom;Não existe;Perfeito estado;Seca;Perfeito estado;Não existe;Não há placas;;2019
10/04/2019;16:01:00;SEM VÍTIMA;ILHA DO LEITE;RUA GENERAL JOAQUIM INACIO;SUBURBIO;ABALROAMENTO LONGITUDINAL;1;;;;;1;;;0;;Bom;Não existe;Perfeito estado;Seca;Perfeito estado;Não existe;Outras;;2019
10/04/2019;17:34:00;SEM VÍTIMA;ILHA DO LEITE;AV GOVERNADOR AGAMENON MAGALHAES;CIDADE;ABALROAMENTO LONGITUDINAL;2;;;;;;;;0;;Bom;Não existe;Perfeito estado;Seca;Perfeito estado;Não existe;R-6a;40 km/h;2019
10/04/2019;18:38:00;SEM VÍTIMA;SÃO JOSÉ;AV SUL;CIDADE;COLISÃO TRASEIRA;2;;;;;;;;0;;Bom;;Perfeito estado;Seca;Perfeito estado;;R-19;60 km/h;2019
10/04/2019;18:39:00;COM VÍTIMA;BOA VIAGEM;AVENIDA CELSO FURTADO (VIA MANGUE);;COLISÃO;2;;;;;;;;;;;;;;;;;;2019
10/04/2019;19:19:00;SEM VÍTIMA;BOA VIAGEM;RUA DOS NAVEGANTES;;COLISÃO;2;;;;;;;;0;;;;;;;;;;2019
10/04/2019;19:58:00;SEM VÍTIMA;AFOGADOS;RUA DA PAZ;SUBURBIO;ABALROAMENTO LONGITUDINAL;1;;;;;1;;;0;;Bom;Sem defeito;Perfeito estado;Seca;Perfeito estado;Faixa de pedestre;R-6a;;2019
10/04/2019;20:06:00;SEM VÍTIMA;IMBIRIBEIRA;RUA ARQUITETO LUIZ NUNES;SUBURBIO;COLISÃO TRASEIRA;1;1;;;;;;;0;;Bom;Não existe;Perfeito estado;Seca;Perfeito estado;Não existe;Não há placas;;2019
10/04/2019;20:10:00;SEM VÍTIMA;BOA VIAGEM;RUA PROFESSOR JOAO MEDEIROS;SUBURBIO;ABALROAMENTO LONGITUDINAL;1;;;;;1;;;0;;Bom;;Perfeito estado;;;;R-6a;;2019
10/04/2019;21:09:00;SEM VÍTIMA;SANTO ANTÔNIO;RUA ENGENHEIRO UBALDO GOMES DE MATOS;;COLISÃO;2;;;;;;;;0;;;;;;;;;;2019
10/04/2019;21:28:00;SEM VÍTIMA;MUSTARDINHA;RUA SAO MIGUEL;CIDADE;ABALROAMENTO LONGITUDINAL;1;;;;;1;;;0;;Bom;Não existe;Perfeito estado;Seca;Perfeito estado;Não existe;Não há placas;;2019
10/04/2019;21:34:00;SEM VÍTIMA;IBURA;AV DOM HELDER CAMARA;SUBURBIO;COLISÃO TRASEIRA;2;;;;;;;;0;;Bom;Não existe;Perfeito estado;Seca;Perfeito estado;Não existe;Não há placas;;2019
10/04/2019;21:48:00;SEM VÍTIMA;GUABIRABA;RUA DAS FLORES;;CHOQUE VEÍCULO PARADO;;;;;2;;;;0;;Bom;Não existe;Não existente;Seca;Perfeito estado;Não existe;Não há placas;;2019
10/04/2019;00:00:00;SEM VÍTIMA;BOA VIAGEM;RUA RIO AZUL;CIDADE;COLISÃO TRASEIRA;2;;;;;;;;0;;Bom;Sem defeito;Perfeito estado;Seca;Perfeito estado;Não existe;Não há placas;;2019
11/04/2019;07:04:00;SEM VÍTIMA;BOA VIAGEM;AV DOM JOAO VI;SUBURBIO;ABALROAMENTO LONGITUDINAL;2;;;;;;;;0;;Bom;Não existe;Perfeito estado;Seca;Perfeito estado;Não existe;Placas Pare;60 km/h;2019
11/04/2019;07:16:00;SEM VÍTIMA;ILHA DO LEITE;PTE JOSE DE BARROS LIMA;;COLISÃO TRASEIRA;1;;;;1;;;;0;;Bom;Não existe;Perfeito estado;Seca;Perfeito estado;Não existe;Não há placas;;2019
11/04/2019;07:21:00;SEM VÍTIMA;BOA VIAGEM;RUA JOSE DOMINGUES DA SILVA;;ABALROAMENTO TRANSVERSAL;2;;;;;;;;0;;Bom;Não existe;Ilegível;Seca;Perfeito estado;Não existe;Não há placas;;2019
11/04/2019;07:23:00;SEM VÍTIMA;BOA VIAGEM;AVENIDA CELSO FURTADO (VIA MANGUE);SUBURBIO;COLISÃO TRASEIRA;3;;;;;;;;0;;Bom;Não existe;Perfeito estado;Seca;Perfeito estado;Não existe;Não há placas;60 km/h;2019
11/04/2019;08:01:00;SEM VÍTIMA;CORDEIRO;RUA GOMES TABORDA;CIDADE;ABALROAMENTO LONGITUDINAL;1;;;;;1;;;0;;Bom;Sem defeito;Perfeito estado;Seca;;;Outras;;2019
11/04/2019;08:11:00;SEM VÍTIMA;ESPINHEIRO;AV GOVERNADOR AGAMENON MAGALHAES;BOA VIAGEM;COLISÃO;2;;;;;;;;0;;;;;;;;;;2019
11/04/2019;08:53:00;SEM VÍTIMA;CAXANGÁ;RUA RIBEIRO PESSOA;SUBURBIO;COLISÃO;1;;;;;1;;;0;;;;;;;;;;2019
11/04/2019;09:53:00;SEM VÍTIMA;ARRUDA;RUA DAS MOCAS;CIDADE;COLISÃO FRONTAL;2;;;;;;;;0;;Bom;Não existe;Incompleta;Seca;Perfeito estado;Faixa de retenção;Placas Pare;;2019
11/04/2019;09:55:00;SEM VÍTIMA;VÁRZEA;AV JOAQUIM RIBEIRO;CIDADE;ABALROAMENTO TRANSVERSAL;2;;;;;;;;0;;Nublado;Sem defeito;Perfeito estado;Molhada;Perfeito estado;Faixa de pedestre;;;2019
11/04/2019;09:59:00;SEM VÍTIMA;GRAÇAS;AV BEIRA RIO;;ABALROAMENTO LONGITUDINAL;2;;;;;;;;0;;Bom;Não existe;Perfeito estado;Seca;Perfeito estado;Faixa de retenção;R-6a;;2019
11/04/2019;10:00:00;SEM VÍTIMA;VÁRZEA;RUA PROFESSOR CHAVES BATISTA;;ABALROAMENTO LONGITUDINAL;2;;;;;;;;0;;Nublado;Não existe;Não existente;Seca;Perfeito estado;Não existe;Não há placas;;2019
11/04/2019;10:07:00;SEM VÍTIMA;IPSEP;AV RECIFE;SUBURBIO;COLISÃO TRASEIRA;2;;;;;;;;0;;Bom;Sem defeito;Perfeito estado;Seca;Perfeito estado;Não existe;Outras;;2019
11/04/2019;11:45:00;SEM VÍTIMA;IPUTINGA;EST DO BARBALHO;;COLISÃO;2;;;;;;;;0;;;;;;;;;;2019
11/04/2019;11:53:00;SEM VÍTIMA;MADALENA;AV BEIRA RIO;SUBURBIO;COLISÃO TRASEIRA;3;;;;;;;;0;;Bom;Não existe;Perfeito estado;Seca;Perfeito estado;Faixa de pedestre;R-6a;;2019
11/04/2019;12:40:00;SEM VÍTIMA;ARRUDA;AV PROFESSOR JOSE DOS ANJOS;ARRUDA;COLISÃO;0;;;;;;;;0;;;;;;;;;;2019
11/04/2019;12:56:00;COM VÍTIMA;BOA VISTA;RUA BISPO CARDOSO AYRES;CIDADE;ABALROAMENTO LONGITUDINAL;1;1;;;;;;;1;;Bom;Não existe;Perfeito estado;Seca;Perfeito estado;Não existe;Outras;30 km/h;2019
11/04/2019;13:13:00;SEM VÍTIMA;VÁRZEA;RUA VISCONDE DE BARBACENA;SUBURBIO;ABALROAMENTO LONGITUDINAL;1;;;;;1;;;0;;Bom;Não existe;Não existente;Seca;Perfeito estado;Não existe;Não há placas;;2019
11/04/2019;13:26:00;SEM VÍTIMA;VÁRZEA;AV PROFESSOR ARTUR DE SA;;COLISÃO;1;;;;;1;;;0;;;;;;;;;;2019
11/04/2019;14:05:00;COM VÍTIMA;MADALENA;AV CAXANGA;CIDADE;COLISÃO TRASEIRA;1;1;;;;;;;1;;Bom;Não existe;Perfeito estado;Seca;Perfeito estado;Não existe;Não há placas;;2019
11/04/2019;14:08:00;SEM VÍTIMA;MADALENA;RUA BENFICA;;COLISÃO;1;;;;1;;;;0;;;;;;;;;;2019
11/04/2019;14:46:00;SEM VÍTIMA;BOA VIAGEM;RUA ANTONIO LUMACK DO MONTE;SUBURBIO;COLISÃO TRASEIRA;2;;;;;;;;0;;Bom;Não existe;Perfeito estado;Seca;Perfeito estado;Não existe;Não há placas;;2019
11/04/2019;14:47:00;COM VÍTIMA;IMBIRIBEIRA;RUA SARGENTO SILVINO DE MACEDO;;ABALROAMENTO TRANSVERSAL;1;1;;;;;;;1;;Bom;Não existe;Não existente;Seca;Perfeito estado;Não existe;Não há placas;40 km/h;2019
11/04/2019;16:17:00;SEM VÍTIMA;CORDEIRO;RUA DR MIGUEL VIEIRA FERREIRA;SUBURBIO;ABALROAMENTO LONGITUDINAL;1;;;;1;;;;0;;Bom;Não existe;Ilegível;Seca;Mal conservada;Não existe;Não há placas;;2019
11/04/2019;16:29:00;SEM VÍTIMA;TEJIPIÓ;AV DR JOSE RUFINO;CIDADE;COLISÃO;1;1;;;;;;;0;;;;;;;;;;2019
11/04/2019;17:46:00;SEM VÍTIMA;DOIS IRMÃOS;RUA DOIS IRMAOS;;COLISÃO;;1;;;1;;;;0;;;;;;;;;;2019
11/04/2019;18:30:00;COM VÍTIMA;SOLEDADE;RUA AFONSO PENA;SUBURBIO;COLISÃO TRASEIRA;2;1;;;;;;;1;;Bom;Não existe;Perfeito estado;Seca;Perfeito estado;Não existe;Outras;;2019
11/04/2019;18:34:00;SEM VÍTIMA;BOA VIAGEM;AV ENGENHEIRO DOMINGOS FERREIRA;;COLISÃO;2;;;;;;;;0;;;;;;;;;;2019
11/04/2019;19:25:00;SEM VÍTIMA;ESTÂNCIA;AV DR JOSE RUFINO;SUBURBIO;COLISÃO TRASEIRA;2;;;;;;;;0;;Bom;Sem defeito;Perfeito estado;Seca;Perfeito estado;Outros;Outras;;2019
11/04/2019;19:44:00;SEM VÍTIMA;BOA VIAGEM;RUA DES JOAO PAES;SUBURBIO;CHOQUE VEÍCULO PARADO;2;;;;;;;;0;;Bom;Não existe;Perfeito estado;Seca;Perfeito estado;;Placas Pare;30 km/h;2019
11/04/2019;21:36:00;SEM VÍTIMA;SAN MARTIN;AV GENERAL SAN MARTIN;;COLISÃO;2;;;;;;;;0;;;;;;;;;;2019
11/04/2019;23:14:00;SEM VÍTIMA;ESPINHEIRO;RUA SANTO ELIAS;;ABALROAMENTO TRANSVERSAL;2;;;;;;;;0;;Bom;Não existe;;Seca;Perfeito estado;Faixa de pedestre;Placas Pare;40 km/h;2019
12/04/2019;00:16:00;SEM VÍTIMA;ILHA DO RETIRO;RUA ASTORGA;;COLISÃO;2;;;;;;;;0;;;;;;;;;;2019
12/04/2019;00:16:00;SEM VÍTIMA;ILHA DO RETIRO;RUA ASTORGA;SUBURBIO;ABALROAMENTO TRANSVERSAL;2;;;;;;;;0;;Bom;Não existe;Não existente;Seca;Perfeito estado;Não existe;Não há placas;;2019
12/04/2019;06:46:00;COM VÍTIMA;MADALENA;RUA BENFICA;CIDADE;COLISÃO COM CICLISTA;;;1;;1;;;;1;;Bom;Não existe;Perfeito estado;Seca;Perfeito estado;Não existe;Não há placas;;2019
12/04/2019;07:21:00;SEM VÍTIMA;GRAÇAS;PRC DO ENTRONCAMENTO;CIDADE;ABALROAMENTO LONGITUDINAL;1;;;;;1;;;0;;Chuvoso;Não existe;Perfeito estado;Molhada;Perfeito estado;Outros;R-6a;;2019
12/04/2019;07:31:00;SEM VÍTIMA;IBURA;RUA CAPITAO VICENTE CURADO;SUBURBIO;COLISÃO TRASEIRA;2;;;;;;;;0;;Bom;Não existe;Não existente;Seca;Perfeito estado;Não existe;Não há placas;;2019
12/04/2019;07:45:00;COM VÍTIMA;CORDEIRO;RUA PIERRE CURIE;CIDADE;ABALROAMENTO LONGITUDINAL;1;1;;;;;;;2;;Chuvoso;Não existe;Incompleta;Molhada;Perfeito estado;Não existe;Não há placas;40 km/h;2019
12/04/2019;07:54:00;SEM VÍTIMA;DOIS IRMÃOS;RUA DOIS IRMAOS;SUBURBIO;COLISÃO TRASEIRA;2;;;;;;;;0;;Chuvoso;Sem defeito;Perfeito estado;Molhada;Perfeito estado;Não existe;Não há placas;;2019