data;hora;natureza_acidente;bairro;endereco;sentido_via;tipo;auto;moto;ciclista;pedestre;onibus;caminhao;viatura;outros;vitimas;vitimasfatais;tempo_clima;situacao_semaforo;sinalizacao;condicao_via;conservacao_via;ponto_controle;situacao_placa;velocidade_max_via;ano
12/04/2019;08:02:00;SEM VÍTIMA;CAXANGÁ;AV CAXANGA;CIDADE;ABALROAMENTO LONGITUDINAL;1;;;;1;;;;0;;Chuvoso;Não existe;Perfeito estado;Molhada;Perfeito estado;Não existe;Outras;;2019
12/04/2019;08:22:00;SEM VÍTIMA;IPUTINGA;AV CAXANGA;CIDADE;COLISÃO TRASEIRA;1;;;;1;;;;0;;Chuvoso;Sem defeito;Perfeito estado;Molhada;Perfeito estado;Faixa de pedestre;Outras;;2019
12/04/2019;08:22:00;SEM VÍTIMA;CAMPO GRANDE;RUA ODORICO MENDES;SUBURBIO;COLISÃO;1;1;;;;;;;0;;;;;;;;;;2019
12/04/2019;08:29:00;COM VÍTIMA;PINA;AV ANTONIO DE GOES;;TOMBAMENTO;;1;;;;;;;1;;Chuvoso;Desligado;Perfeito estado;Molhada;Perfeito estado;Não existe;Não há placas;60 km/h;2019
12/04/2019;08:38:00;SEM VÍTIMA;TORRE;RUA MARQUES DE MARICA;SUBURBIO;ABALROAMENTO TRANSVERSAL;1;1;;;;;;;0;;Chuvoso;Não existe;Não existente;Molhada;Perfeito estado;Não existe;Não há placas;;2019
12/04/2019;08:50:00;SEM VÍTIMA;DERBY;AV GOVERNADOR AGAMENON MAGALHAES;SUBURBIO;ABALROAMENTO LONGITUDINAL;;;;;1;1;;;0;;Chuvoso;Sem defeito;;Molhada;Perfeito estado;Faixa de pedestre;Não há placas;60 km/h;2019
12/04/2019;09:00:00;SEM VÍTIMA;BOA VIAGEM;AV ENGENHEIRO DOMINGOS FERREIRA;SUBURBIO;COLISÃO TRASEIRA;2;;;;;;;;0;;Chuvoso;Não existe;Perfeito estado;Molhada;Perfeito estado;Não existe;;60 km/h;2019
12/04/2019;09:39:00;SEM VÍTIMA;SANTO AMARO;AV GOVERNADOR AGAMENON MAGALHAES;;COLISÃO TRASEIRA;2;;;;;;;;0;;Chuvoso;Não existe;Perfeito estado;Molhada;Perfeito estado;Outros;R-6a;;2019
12/04/2019;10:17:00;SEM VÍTIMA;BOA VISTA;RUA DOM BOSCO;SUBURBIO;COLISÃO TRASEIRA;1;;;;;1;;;0;;Chuvoso;Sem defeito;Perfeito estado;Molhada;Perfeito estado;Faixa de pedestre;R-6a;;2019
12/04/2019;11:07:00;SEM VÍTIMA;SÃO JOSÉ;RUA IMPERIAL;SUBURBIO;COLISÃO TRASEIRA;1;;;;1;;;;0;;Chuvoso;Sem defeito;Perfeito estado;Molhada;Perfeito estado;Não existe;Não há placas;40 km/h;2019
12/04/2019;11:15:00;SEM VÍTIMA;ESPINHEIRO;RUA DO ESPINHEIRO;CIDADE;ABALROAMENTO LONGITUDINAL;2;;;;;;;;0;;Chuvoso;Não existe;Perfeito estado;Molhada;Perfeito estado;Não existe;Placas Pare;;2019
12/04/2019;11:17:00;SEM VÍTIMA;CASA AMARELA;RUA ALTO SANTA ISABEL;SUBURBIO;ABALROAMENTO TRANSVERSAL;2;;;;;;;;0;;Chuvoso;Não existe;Perfeito estado;Molhada;Perfeito estado;Agente;Outras;40 km/h;2019
12/04/2019;12:01:00;SEM VÍTIMA;BAIRRO DO RECIFE;RUA ALVARES CABRAL;;ABALROAMENTO TRANSVERSAL;2;;;;;;;;0;;Chuvoso;Sem defeito;Perfeito estado;Molhada;Perfeito estado;Não existe;Não há placas;;2019
12/04/2019;12:21:00;SEM VÍTIMA;SANTO AMARO;AV GOVERNADOR AGAMENON MAGALHAES;SUBURBIO;COLISÃO;2;;;;;;;;0;;;;;;;;;;2019
12/04/2019;12:21:00;SEM VÍTIMA;SANTO AMARO;AV GOVERNADOR AGAMENON MAGALHAES;;COLISÃO TRASEIRA;2;;;;;;;;0;;Chuvoso;Sem defeito;Perfeito estado;Molhada;Perfeito estado;Faixa de pedestre;Outras;;2019
12/04/2019;12:31:00;SEM VÍTIMA;BOA VIAGEM;AV ENGENHEIRO DOMINGOS FERREIRA;;COLISÃO;1;;;;1;;;;0;;;;;;;;;;2019
12/04/2019;12:34:00;SEM VÍTIMA;BOA VISTA;RUA DO HOSPICIO;SUBURBIO;ABALROAMENTO TRANSVERSAL;;;;;2;;;;0;;Chuvoso;Sem defeito;Perfeito estado;Molhada;Perfeito estado;Agente;R-6a;30 km/h;2019
12/04/2019;12:35:00;COM VÍTIMA;TORRE;RUA REAL DA TORRE;CIDADE;ABALROAMENTO TRANSVERSAL;1;1;;;;;;;1;;Chuvoso;Não existe;Perfeito estado;Molhada;Perfeito estado;Faixa de pedestre;Placas Pare;;2019
12/04/2019;12:43:00;SEM VÍTIMA;TORRÕES;RUA DR MIGUEL VIEIRA FERREIRA;SUBURBIO;ABALROAMENTO TRANSVERSAL;2;;;;;;;;0;;Chuvoso;Não existe;Não existente;Molhada;Perfeito estado;Não existe;Não há placas;;2019
12/04/2019;12:47:00;SEM VÍTIMA;BOA VIAGEM;AV CONSELHEIRO AGUIAR;;COLISÃO;2;;;;;;;;0;;;;;;;;;;2019
12/04/2019;13:13:00;SEM VÍTIMA;CASA FORTE;RUA LEONARDO BEZERRA CAVALCANTE;SUBURBIO;ABALROAMENTO TRANSVERSAL;2;;;;;;;;0;;Chuvoso;Sem defeito;Perfeito estado;Molhada;Perfeito estado;Faixa de pedestre;Placas Dê a preferência;;2019
12/04/2019;14:33:00;SEM VÍTIMA;SAN MARTIN;RUA VINTE E UM DE ABRIL;CIDADE;ABALROAMENTO LONGITUDINAL;1;;;;1;;;;0;;Bom;Não existe;Incompleta;Seca;Perfeito estado;Não existe;Não há placas;;2019
12/04/2019;14:55:00;SEM VÍTIMA;IMBIRIBEIRA;RUA ARQUITETO LUIZ NUNES;SUBURBIO;ABALROAMENTO LONGITUDINAL;2;;;;;;;;0;;Chuvoso;Não existe;Perfeito estado;Molhada;Perfeito estado;Não existe;Não há placas;50 km/h;2019
12/04/2019;15:14:00;SEM VÍTIMA;CURADO;AV GETULIO VARGAS;;ENGAVETAMENTO;;;;;;;;;0;;;;;;;;;;2019
12/04/2019;15:15:00;SEM VÍTIMA;CAMPO GRANDE;RUA ODORICO MENDES;SUBURBIO;COLISÃO TRASEIRA;1;;;;;1;;;0;;Bom;Não existe;Perfeito estado;Seca;Perfeito estado;Não existe;R-6a;;2019
12/04/2019;15:20:00;COM VÍTIMA;TEJIPIÓ;RUA FALCAO DE LACERDA;;COLISÃO FRONTAL;2;1;;;;;;;1;;Bom;Não existe;Não existente;Seca;Perfeito estado;Não existe;Não há placas;;2019
12/04/2019;15:50:00;SEM VÍTIMA;MACAXEIRA;AV DA RECUPERACAO;CIDADE;ABALROAMENTO LONGITUDINAL;1;;;;1;;;;0;;Chuvoso;Não existe;;Seca;;Não existe;Outras;;2019
12/04/2019;16:41:00;SEM VÍTIMA;BOA VISTA;AV CONDE DA BOA VISTA;SUBURBIO;ABALROAMENTO TRANSVERSAL;1;;;;1;;;;0;;Bom;;Perfeito estado;Seca;Perfeito estado;Não existe;Outras;;2019
12/04/2019;16:51:00;SEM VÍTIMA;SÃO JOSÉ;RUA SIQUEIRA CAMPOS;;COLISÃO;2;;;;;;;;0;;;;;;;;;;2019
12/04/2019;17:05:00;SEM VÍTIMA;AFOGADOS;RUA COSME VIANA;;COLISÃO;2;;;;;;;;0;;;;;;;;;;2019
12/04/2019;17:30:00;COM VÍTIMA;BOA VIAGEM;;;ACID. DE PERCURSO;;1;;;;;;;1;;Bom;Sem defeito;Perfeito estado;Seca;Perfeito estado;Faixa de pedestre;R-6a;;2019
12/04/2019;17:49:00;SEM VÍTIMA;BOA VIAGEM;RUA CORONEL BENEDITO CHAVES;SUBURBIO;COLISÃO TRASEIRA;2;;;;;;;;0;;Bom;Sem defeito;Perfeito estado;Seca;Perfeito estado;Não existe;Não há placas;;2019
12/04/2019;20:16:00;SEM VÍTIMA;IPSEP;AV RECIFE;;ABALROAMENTO LONGITUDINAL;2;;;;;;;;0;;Bom;Sem defeito;Perfeito estado;Seca;Perfeito estado;Faixa de pedestre;Não há placas;60 km/h;2019
12/04/2019;20:28:00;SEM VÍTIMA;CORDEIRO;AV GENERAL SAN MARTIN;SUBURBIO;ABALROAMENTO LONGITUDINAL;2;;;;;;;;0;;Bom;Sem defeito;Perfeito estado;Seca;Perfeito estado;Faixa de pedestre;Outras;;2019
12/04/2019;23:30:00;SEM VÍTIMA;SAN MARTIN;RUA COMENDADOR FRANCO FERREIRA;SUBURBIO;CHOQUE VEÍCULO PARADO;2;;;;;;;;0;;Chuvoso;Não existe;Não existente;Molhada;Mal conservada;Não existe;Não há placas;20 km/h;2019
12/04/2019;23:57:00;SEM VÍTIMA;TORRÕES;AV BICENTENARIO DA REVOLUCAO FRANCESA;SUBURBIO;ATROPELAMENTO ANIMAL;1;;;;;;;;0;;Chuvoso;Não existe;Não existente;Molhada;Perfeito estado;Não existe;Não há placas;;2019
13/04/2019;07:56:00;COM VÍTIMA;SANTO AMARO;AV GOVERNADOR AGAMENON MAGALHAES;OLINDA;COLISÃO TRASEIRA;3;;;;;;;;1;;Chuvoso;Não existe;;Molhada;;;Outras;60 km/h;2019
13/04/2019;08:29:00;SEM VÍTIMA;IMBIRIBEIRA;AV MARECHAL MASCARENHAS DE MORAES;CIDADE;COLISÃO TRASEIRA;1;;;;;1;;;0;;Chuvoso;Sem defeito;Perfeito estado;Molhada;Perfeito estado;Faixa de pedestre;Outras;;2019
13/04/2019;08:52:00;SEM VÍTIMA;ILHA DO LEITE;AV GOVERNADOR AGAMENON MAGALHAES;CIDADE;ABALROAMENTO LONGITUDINAL;1;;;;1;;;;0;;Chuvoso;Não existe;Perfeito estado;Molhada;Perfeito estado;Não existe;Outras;60 km/h;2019
13/04/2019;09:14:00;SEM VÍTIMA;BOA VIAGEM;RUA BALTAZAR PASSOS;;ABALROAMENTO LONGITUDINAL;2;;;;;;;;0;;Bom;Não existe;Perfeito estado;Seca;Perfeito estado;Faixa de retenção;Placas Pare;;2019
13/04/2019;09:20:00;SEM VÍTIMA;CASA AMARELA;RUA CORREGO DO EUCLIDES;CIDADE;ABALROAMENTO TRANSVERSAL;1;1;;;;;;;0;;Bom;Não existe;Perfeito estado;Seca;Perfeito estado;;Placas Pare;;2019
13/04/2019;09:30:00;SEM VÍTIMA;MADALENA;EST DOS REMEDIOS;;COLISÃO;1;;;;;1;;;0;;;;;;;;;;2019
13/04/2019;09:33:00;SEM VÍTIMA;JORDÃO;AV JULIO CESAR;SUBURBIO;ABALROAMENTO LONGITUDINAL;1;;;;;1;;;0;;Bom;Não existe;Não existente;Seca;Mal conservada;Não existe;Não há placas;;2019
13/04/2019;09:43:00;SEM VÍTIMA;BOA VIAGEM;RUA SA E SOUZA;;COLISÃO;2;;;;;;;;0;;;;;;;;;;2019
13/04/2019;09:46:00;SEM VÍTIMA;MADALENA;EST DOS REMEDIOS;;COLISÃO;1;;;;;1;;;0;;;;;;;;;;2019
13/04/2019;10:24:00;SEM VÍTIMA;MACAXEIRA;RUA TIJUCAL;;COLISÃO;2;;;;;;;;0;;;;;;;;;;2019
13/04/2019;12:04:00;SEM VÍTIMA;ILHA DO RETIRO;RUA SPORT CLUBE DO RECIFE;SUBURBIO;COLISÃO TRASEIRA;2;;;;;;;;0;;Bom;Sem defeito;Perfeito estado;Seca;;;Outras;60 km/h;2019
13/04/2019;12:20:00;SEM VÍTIMA;TORRE;RUA JOSE BONIFACIO;;COLISÃO;1;;;;;1;;;0;;;;;;;;;;2019
13/04/2019;12:39:00;SEM VÍTIMA;ESPINHEIRO;RUA AMELIA;;COLISÃO;1;1;;;;;;;0;;;;;;;;;;2019
13/04/2019;13:05:00;COM VÍTIMA;DERBY;AV GOVERNADOR AGAMENON MAGALHAES;BOA VIAGEM;ATROPELAMENTO;;;;1;1;;;;1;;Bom;Sem defeito;Perfeito estado;Seca;Perfeito estado;Faixa de pedestre;Outras;;2019
13/04/2019;13:30:00;SEM VÍTIMA;IMBIRIBEIRA;AVENIDA CELSO FURTADO (VIA MANGUE);CIDADE;ABALROAMENTO LONGITUDINAL;1;;;;1;;;;0;;Bom;Sem defeito;Perfeito estado;Seca;Perfeito estado;Faixa de pedestre;Outras;;2019
13/04/2019;13:52:00;SEM VÍTIMA;GRAÇAS;AV CONS ROSA E SILVA;;ABALROAMENTO LONGITUDINAL;2;;;;;;;;0;;Bom;Não existe;Perfeito estado;Seca;Perfeito estado;Não existe;R-6c;60 km/h;2019
13/04/2019;14:12:00;SEM VÍTIMA;IBURA;AV DOIS RIOS;;ABALROAMENTO LONGITUDINAL;2;;;;;;;;0;;Bom;Sem defeito;Não existente;Seca;Perfeito estado;Faixa de pedestre;Não há placas;;2019
13/04/2019;14:34:00;COM VÍTIMA;AFOGADOS;EST DOS REMEDIOS;MADALENA;COLISÃO TRASEIRA;1;1;;;;;;;1;;Chuvoso;Sem defeito;Perfeito estado;Seca;Perfeito estado;Faixa de pedestre;R-6c;;2019
13/04/2019;14:42:00;SEM VÍTIMA;ALTO JOSÉ DO PINHO;RUA SEVERINO BERNARDINO PEREIRA;CIDADE;ABALROAMENTO LONGITUDINAL;1;1;;;;;;;0;;Bom;Não existe;Não existente;Seca;Perfeito estado;Não existe;Não há placas;;2019
13/04/2019;14:44:00;SEM VÍTIMA;ESTÂNCIA;AV DR JOSE RUFINO;SUBURBIO;COLISÃO TRASEIRA;2;;;;;;;;0;;Bom;Não existe;Perfeito estado;Molhada;Perfeito estado;Não existe;Outras;;2019
13/04/2019;15:17:00;SEM VÍTIMA;BOA VIAGEM;RUA SARGENTO MELO JUNIOR;SUBURBIO;ABALROAMENTO LONGITUDINAL;2;;;;;;;;0;;Bom;Não existe;Perfeito estado;Seca;Perfeito estado;Não existe;Outras;;2019
13/04/2019;15:20:00;SEM VÍTIMA;BRASÍLIA TEIMOSA;AV ANTONIO DE GOES;CIDADE;ABALROAMENTO LONGITUDINAL;1;1;;;;;;;0;;Bom;Não existe;Perfeito estado;Seca;Perfeito estado;Não existe;;60 km/h;2019
13/04/2019;15:46:00;SEM VÍTIMA;ESPINHEIRO;RUA DO ESPINHEIRO;SUBURBIO;ABALROAMENTO LONGITUDINAL;1;;;;;1;;;0;;Bom;Sem defeito;Perfeito estado;Seca;Perfeito estado;Faixa de pedestre;R-6a;;2019
13/04/2019;16:14:00;SEM VÍTIMA;BOA VIAGEM;RUA DR LUIZ INACIO PESSOA DE MELO;;COLISÃO;3;;;;;;;;0;;;;;;;;;;2019
13/04/2019;16:34:00;SEM VÍTIMA;ALTO DO MANDU;AV NORTE;SUBURBIO;COLISÃO TRASEIRA;2;;;;;;;;0;;Bom;Não existe;Perfeito estado;Seca;Perfeito estado;Não existe;Outras;;2019
13/04/2019;17:01:00;SEM VÍTIMA;JORDÃO;AV MARIA IRENE;;COLISÃO;2;;;;;;;;0;;;;;;;;;;2019
13/04/2019;17:20:00;SEM VÍTIMA;DERBY;AV GOVERNADOR AGAMENON MAGALHAES;;COLISÃO;1;;;;1;;;;0;;;;;;;;;;2019
13/04/2019;18:55:00;SEM VÍTIMA;CASA AMARELA;AV NORTE;;COLISÃO TRASEIRA;1;;;;1;;;;0;;Bom;Sem defeito;Perfeito estado;Seca;Perfeito estado;Faixa de pedestre;Outras;;2019
13/04/2019;22:24:00;SEM VÍTIMA;TEJIPIÓ;RUA FALCAO DE LACERDA;;COLISÃO;2;;;;;;;;0;;;;;;;;;;2019
14/04/2019;01:56:00;COM VÍTIMA;ESPINHEIRO;AV GOVERNADOR AGAMENON MAGALHAES;CIDADE;COLISÃO TRASEIRA;1;1;;;;;;;1;;Bom;Não existe;Perfeito estado;Seca;Perfeito estado;Não existe;Outras;;2019
14/04/2019;08:32:00;SEM VÍTIMA;MADALENA;AV VISCONDE DE ALBUQUERQUE;;COLISÃO TRASEIRA;2;;;;;;;;0;;Bom;Sem defeito;Perfeito estado;Seca;Perfeito estado;Faixa de pedestre;Outras;;2019
14/04/2019;12:11:00;SEM VÍTIMA;MADALENA;RUA BENFICA;;COLISÃO;2;;;;;;;;0;;;;;;;;;;2019
14/04/2019;12:24:00;SEM VÍTIMA;PAISSANDU;AV GOVERNADOR AGAMENON MAGALHAES;;COLISÃO TRASEIRA;2;;;;;;;;0;;Bom;Sem defeito;Perfeito estado;Seca;Perfeito estado;Agente;Outras;;2019
14/04/2019;13:12:00;SEM VÍTIMA;SANTO AMARO;AV NORTE;SUBURBIO;ABALROAMENTO LONGITUDINAL;1;;;;1;;;;0;;Bom;Sem defeito;Perfeito estado;Seca;Perfeito estado;Faixa de pedestre;R-4a;40 km/h;2019
14/04/2019;13:59:00;SEM VÍTIMA;GRAÇAS;RUA ALBERTO PAIVA;SUBURBIO;ABALROAMENTO LONGITUDINAL;2;;;;;;;;0;;Bom;Não existe;Perfeito estado;Seca;Perfeito estado;Não existe;R-6a;;2019
14/04/2019;15:44:00;SEM VÍTIMA;BOA VIAGEM;AV CONSELHEIRO AGUIAR;CIDADE;ABALROAMENTO TRANSVERSAL;2;;;;;;;;0;;Bom;Não existe;Incompleta;Seca;Perfeito estado;Não existe;Não há placas;60 km/h;2019
14/04/2019;16:04:00;SEM VÍTIMA;BAIRRO DO RECIFE;CAIS DO APOLO;;COLISÃO;2;;;;;;;;0;;;;;;;;;;2019
14/04/2019;16:30:00;COM VÍTIMA;ESPINHEIRO;RUA AMELIA;CIDADE;COLISÃO TRASEIRA;1;1;;;;;;;1;;Bom;Não existe;Perfeito estado;Seca;Perfeito estado;Não existe;Placas Pare;40 km/h;2019
14/04/2019;16:41:00;SEM VÍTIMA;AFOGADOS;EST DOS REMEDIOS;;COLISÃO;2;;;;;;;;0;;;;;;;;;;2019
14/04/2019;16:50:00;SEM VÍTIMA;MADALENA;RUA BENFICA;SUBURBIO;COLISÃO TRASEIRA;2;;;;;;;;0;;Bom;Sem defeito;Perfeito estado;Seca;Perfeito estado;Faixa de pedestre;Outras;60 km/h;2019
14/04/2019;17:01:00;SEM VÍTIMA;DERBY;PRC DO DERBY;CIDADE;ABALROAMENTO LONGITUDINAL;2;;;;;;;;0;;Bom;Sem defeito;Perfeito estado;Seca;Perfeito estado;Faixa de pedestre;R-6a;;2019
14/04/2019;17:09:00;COM VÍTIMA;CORDEIRO;AV CAXANGA;CIDADE;ATROPELAMENTO;;;;1;;;;;1;;Bom;Sem defeito;Perfeito estado;Seca;Perfeito estado;;Não há placas;;2019
14/04/2019;17:13:00;SEM VÍTIMA;SÃO JOSÉ;RUA IMPERIAL;SUBURBIO;COLISÃO TRASEIRA;3;;;;;;;;0;;Bom;Não existe;Incompleta;Molhada;Mal conservada;Outros;Outras;;2019
14/04/2019;19:14:00;COM VÍTIMA;MADALENA;RUA MONSENHOR JULIO MARIA;CIDADE;ABALROAMENTO TRANSVERSAL;2;;;;;;;;1;;Bom;Não existe;Perfeito estado;Seca;Perfeito estado;;Placas Pare;;2019
14/04/2019;19:38:00;SEM VÍTIMA;BOA VIAGEM;RUA VISCONDE DE JEQUITINHONHA;CIDADE;COLISÃO;2;;;;;;;;0;;;;;;;;;;2019
14/04/2019;19:48:00;SEM VÍTIMA;AREIAS;AV RECIFE;SUBURBIO;ABALROAMENTO LONGITUDINAL;1;;;;1;;;;0;;Bom;Sem defeito;Perfeito estado;Seca;Perfeito estado;Faixa de pedestre;Outras;;2019
14/04/2019;20:15:00;SEM VÍTIMA;CORDEIRO;AV CAXANGA;CIDADE;COLISÃO TRASEIRA;3;;;;;;;;0;;Bom;Sem defeito;Perfeito estado;Seca;Perfeito estado;;;;2019
14/04/2019;21:11:00;SEM VÍTIMA;IMBIRIBEIRA;AV MARECHAL MASCARENHAS DE MORAES;;COLISÃO;;2;;;;;;;0;;;;;;;;;;2019
14/04/2019;22:10:00;SEM VÍTIMA;CASA AMARELA;RUA DR GENARO GUIMARAES;CIDADE;ABALROAMENTO LONGITUDINAL;2;;;;;;;;0;;Bom;Não existe;Perfeito estado;Seca;Perfeito estado;Não existe;R-6a;;2019
14/04/2019;22:42:00;COM VÍTIMA;IPSEP;RUA JEAN EMILE FAVRE;SUBURBIO;ABALROAMENTO LONGITUDINAL;1;1;;;;;;;1;;Bom;Não existe;Perfeito estado;Seca;Perfeito estado;Não existe;Placas Pare;;2019
15/04/2019;05:20:00;SEM VÍTIMA;PARNAMIRIM;RUA TITO ROSAS;CIDADE;ABALROAMENTO LONGITUDINAL;2;;;;;;;;0;;Bom;Sem defeito;Perfeito estado;Seca;Perfeito estado;Agente;Outras;;2019
15/04/2019;07:02:00;SEM VÍTIMA;BOA VIAGEM;RUA PROF AURELIO DE CASTRO CAVALCANTI;SUBURBIO;ABALROAMENTO LONGITUDINAL;1;;;;;1;;;0;;Bom;Não existe;Perfeito estado;Seca;Perfeito estado;Não existe;Não há placas;40 km/h;2019
15/04/2019;07:16:00;SEM VÍTIMA;BOA VISTA;RUA JOAO FERNANDES VIEIRA;;ABALROAMENTO LONGITUDINAL;2;;;;;;;;0;;Bom;Não existe;Não existente;Seca;Perfeito estado;;Não há placas;60 km/h;2019
15/04/2019;07:32:00;SEM VÍTIMA;CASA FORTE;EST DO ENCANAMENTO;CIDADE;COLISÃO FRONTAL;2;;;;;;;;0;;Bom;Não existe;Perfeito estado;Seca;Perfeito estado;Faixa de retenção;Placas Pare;;2019
15/04/2019;07:33:00;COM VÍTIMA;BEBERIBE;AV BEBERIBE;CIDADE;ABALROAMENTO LONGITUDINAL;1;1;;;;;;;1;;Bom;Não existe;Perfeito estado;Seca;Perfeito estado;;Outras;;2019
15/04/2019;08:00:00;COM VÍTIMA;AFOGADOS;EST DO BONGI;SUBURBIO;ABALROAMENTO LONGITUDINAL;1;1;;;;;;;1;;Bom;Sem defeito;Perfeito estado;Seca;Perfeito estado;Faixa de pedestre;Outras;;2019
15/04/2019;08:08:00;SEM VÍTIMA;;RUA QUINZE DE NOVEMBRO;SUBURBIO;ABALROAMENTO LONGITUDINAL;2;;;;;;;;0;;Bom;Não existe;Não existente;Seca;Perfeito estado;Não existe;Não há placas;;2019
15/04/2019;09:01:00;SEM VÍTIMA;MADALENA;AV CAXANGA;CIDADE;COLISÃO;1;;;;1;;;;0;;;;;;;;;;2019
15/04/2019;09:09:00;SEM VÍTIMA;MADALENA;EST DOS REMEDIOS;SUBURBIO;ABALROAMENTO LONGITUDINAL;1;;;;;1;;;0;;Bom;Sem defeito;Perfeito estado;Seca;Perfeito estado;;Outras;;2019
15/04/2019;09:24:00;SEM VÍTIMA;TORRÕES;RUA DR MIGUEL VIEIRA FERREIRA;;ABALROAMENTO TRANSVERSAL;1;;;;;1;;;0;;Bom;Não existe;Incompleta;Seca;;Não existe;Outras;30 km/h;2019
15/04/2019;10:26:00;SEM VÍTIMA;CAMPO GRANDE;RUA JERONIMO VILELA;SUBURBIO;ABALROAMENTO LONGITUDINAL;1;;;;;1;;;0;;Bom;Sem defeito;Perfeito estado;Seca;Perfeito estado;Faixa de pedestre;Outras;;2019
15/04/2019;10:42:00;SEM VÍTIMA;CASA FORTE;AV FLOR DE SANTANA;CIDADE;ABALROAMENTO TRANSVERSAL;2;;;;;;;;0;;Bom;Sem defeito;Perfeito estado;Seca;Perfeito estado;Faixa de pedestre;Outras;;2019
15/04/2019;10:57:00;SEM VÍTIMA;GRAÇAS;RUA DAS GRACAS;;COLISÃO;1;1;;;;;;;0;;;;;;;;;;2019
15/04/2019;10:56:00;SEM VÍTIMA;PINA;AV HERCULANO BANDEIRA;SUBURBIO;ABALROAMENTO LONGITUDINAL;2;;;;;;;;0;;Bom;Não existe;Perfeito estado;Seca;Perfeito estado;Não existe;Não há placas;;2019
15/04/2019;11:04:00;SEM VÍTIMA;CAMPO GRANDE;RUA PRUDENTE DE MORAES;SUBURBIO;ABALROAMENTO TRANSVERSAL;1;;;;;1;;;0;;Bom;Não existe;Perfeito estado;Seca;Perfeito estado;Não existe;Placas Pare;40 km/h;2019
15/04/2019;11:38:00;COM VÍTIMA;IPSEP;AV RECIFE;SUBURBIO;ATROPELAMENTO;;;;1;1;;;;1;;Bom;Não existe;Perfeito estado;Seca;Perfeito estado;Não existe;Não há placas;60 km/h;2019
15/04/2019;11:29:00;SEM VÍTIMA;BOA VIAGEM;RUA FRANCISCO DA CUNHA;SUBURBIO;ABALROAMENTO TRANSVERSAL;1;;;;;1;;;0;;Bom;Não existe;Perfeito estado;Seca;Perfeito estado;Faixa de retenção;Placas Pare;;2019
15/04/2019;12:03:00;SEM VÍTIMA;SANTO AMARO;RUA TREZE DE MAIO;;ABALROAMENTO TRANSVERSAL;2;;;;;;;;0;;Bom;Não existe;Incompleta;Seca;Perfeito estado;Não existe;Placas Pare;;2019
15/04/2019;13:13:00;SEM VÍTIMA;CASA AMARELA;AV NORTE;CIDADE;COLISÃO;2;;;;;;;;0;;;;;;;;;;2019
15/04/2019;13:19:00;COM VÍTIMA;BOA VIAGEM;RUA FELIX DE BRITO E MELO;;ABALROAMENTO TRANSVERSAL;2;;;;;;;;1;;Bom;Sem defeito;Perfeito estado;Seca;Perfeito estado;;R-6a;;2019
15/04/2019;14:20:00;SEM VÍTIMA;SANTO AMARO;AV CRUZ CABUGA;SUBURBIO;ABALROAMENTO LONGITUDINAL;2;;;;;;;;0;;Bom;Sem defeito;Perfeito estado;Seca;Perfeito estado;Agente;Placas Pare;;2019
15/04/2019;14:39:00;SEM VÍTIMA;TORRE;RUA CONDE DE IRAJA;;COLISÃO;2;;;;;;;;0;;;;;;;;;;2019
15/04/2019;14:41:00;SEM VÍTIMA;SANTO AMARO;AV CRUZ CABUGA;;ABALROAMENTO TRANSVERSAL;2;;;;;;;;0;;Bom;Sem defeito;Incompleta;Seca;Mal conservada;;Outras;60 km/h;2019
15/04/2019;14:45:00;SEM VÍTIMA;COELHOS;RUA PAULINO DE ANDRADE;CIDADE;COLISÃO;2;;;;;;;;0;;;;;;;;;;2019
15/04/2019;14:54:00;SEM VÍTIMA;MADALENA;RUA BENFICA;SUBURBIO;ABALROAMENTO LONGITUDINAL;1;;;;;1;;;0;;Bom;Não existe;Perfeito estado;Seca;Perfeito estado;Não existe;R-6a;30 km/h;2019
15/04/2019;14:55:00;COM VÍTIMA;CORDEIRO;AV PROFESSOR ESTEVAO FRANCISCO DA COSTA;SUBURBIO;ABALROAMENTO TRANSVERSAL;2;;;;;;;;2;;Bom;Sem defeito;Incompleta;Seca;Perfeito estado;Não existe;Outras;;2019
15/04/2019;15:06:00;SEM VÍTIMA;BOA VIAGEM;RUA RIBEIRO DE BRITO;;COLISÃO;1;;;;1;;;;0;;;;;;;;;;2019
15/04/2019;15:25:00;SEM VÍTIMA;MANGABEIRA;AV NORTE;CIDADE;COLISÃO;3;;;;;;;;0;;;;;;;;;;2019
15/04/2019;16:20:00;SEM VÍTIMA;BOA VISTA;AV MONTEVIDEU;SUBURBIO;ABALROAMENTO LONGITUDINAL;2;;;;;;;;0;;Bom;Não existe;Não existente;Seca;Perfeito estado;Não existe;Não há placas;;2019
15/04/2019;16:59:00;COM VÍTIMA;BARRO;AV DR JOSE RUFINO;SUBURBIO;COLISÃO FRONTAL;1;1;;;;;;;1;;Bom;Não existe;Não existente;Seca;Perfeito estado;Não existe;Não há placas;;2019
15/04/2019;17:15:00;SEM VÍTIMA;ILHA DO LEITE;AV GOVERNADOR AGAMENON MAGALHAES;;COLISÃO;1;1;;;;;;;0;;;;;;;;;;2019
15/04/2019;17:34:00;SEM VÍTIMA;BOA VIAGEM;AV CONSELHEIRO AGUIAR;;ABALROAMENTO LONGITUDINAL;2;;;;;;;;0;;Bom;Não existe;Perfeito estado;Seca;Perfeito estado;Não existe;R-6a;60 km/h;2019