data;hora;natureza_acidente;bairro;endereco;sentido_via;tipo;auto;moto;ciclista;pedestre;onibus;caminhao;viatura;outros;vitimas;vitimasfatais;tempo_clima;situacao_semaforo;sinalizacao;condicao_via;conservacao_via;ponto_controle;situacao_placa;velocidade_max_via;ano
15/04/2019;18:02:00;COM VÍTIMA;SANTO ANTÔNIO;RUA PRINCESA IZABEL;CIDADE;ABALROAMENTO LONGITUDINAL;2;1;;;;;;;1;;Bom;Não existe;Perfeito estado;Seca;Perfeito estado;Não existe;Outras;40 km/h;2019
15/04/2019;18:09:00;SEM VÍTIMA;TORRE;RUA ALBERTO PAIVA;SUBURBIO;ABALROAMENTO TRANSVERSAL;1;;;;;1;;;0;;Bom;Não existe;Perfeito estado;Seca;Perfeito estado;Não existe;Não há placas;;2019
15/04/2019;18:18:00;SEM VÍTIMA;ILHA DO RETIRO;EST DOS REMEDIOS;SUBURBIO;COLISÃO TRASEIRA;1;;;;1;;;;0;;Bom;Não existe;Perfeito estado;Seca;Perfeito estado;Não existe;Outras;;2019
15/04/2019;18:34:00;SEM VÍTIMA;IMBIRIBEIRA;RUA ITACARI;SUBURBIO;ABALROAMENTO TRANSVERSAL;2;;;;;;;;0;;Bom;Não existe;Perfeito estado;Seca;Perfeito estado;Faixa de pedestre;Placas Pare;;2019
15/04/2019;18:59:00;SEM VÍTIMA;DOIS UNIDOS;RUA PADRE CICERO;SUBURBIO;COLISÃO TRASEIRA;1;;;;;1;;1;0;;Bom;Não existe;Ilegível;Seca;Mal iluminada;Não existe;Não há placas;;2019
15/04/2019;20:05:00;SEM VÍTIMA;CORDEIRO;RUA GOMES TABORDA;;CHOQUE;1;;;;;;;;0;;;;;;;;;;2019
15/04/2019;22:08:00;COM VÍTIMA;GRAÇAS;RUA ALBERTO PAIVA;SUBURBIO;ABALROAMENTO LONGITUDINAL;1;1;;;;;;;1;;Bom;Sem defeito;Perfeito estado;Seca;Perfeito estado;;R-6a;;2019
15/04/2019;22:30:00;COM VÍTIMA;TEJIPIÓ;AV DR JOSE RUFINO;;COLISÃO;1;;;;;1;;;2;;;;;;;;;;2019
16/04/2019;06:31:00;COM VÍTIMA;BOA VIAGEM;RUA RIBEIRO DE BRITO;SUBURBIO;COLISÃO TRASEIRA;1;;;;1;;;;1;;Bom;Não existe;Perfeito estado;Seca;Perfeito estado;Não existe;Não há placas;;2019
16/04/2019;07:17:00;SEM VÍTIMA;IMBIRIBEIRA;AV GENERAL MAC ARTHUR;SUBURBIO;COLISÃO TRASEIRA;2;;;;;;;;0;;Bom;Sem defeito;Perfeito estado;Seca;Perfeito estado;Faixa de retenção;Não há placas;60 km/h;2019
16/04/2019;07:36:00;SEM VÍTIMA;CAXANGÁ;RUA RIBEIRO PESSOA;SUBURBIO;ABALROAMENTO LONGITUDINAL;1;;;;1;;;;0;;Bom;Sem defeito;Perfeito estado;Seca;Perfeito estado;Faixa de pedestre;R-6a;;2019
16/04/2019;07:39:00;COM VÍTIMA;BOA VIAGEM;AV ENGENHEIRO DOMINGOS FERREIRA;;ATROPELAMENTO;2;;;;;;;;1;;;;;;;;;;2019
16/04/2019;08:21:00;SEM VÍTIMA;AFOGADOS;RUA AUGUSTO CALHEIROS;SUBURBIO;COLISÃO TRASEIRA;2;;;;;;;;0;;Bom;Sem defeito;Perfeito estado;Seca;Perfeito estado;Não existe;Não há placas;;2019
16/04/2019;08:22:00;SEM VÍTIMA;TEJIPIÓ;AV DR JOSE RUFINO;CIDADE;COLISÃO TRASEIRA;2;;;;;;;;0;;Bom;Sem defeito;Perfeito estado;Seca;Perfeito estado;Não existe;Outras;;2019
16/04/2019;08:50:00;SEM VÍTIMA;BOA VISTA;RUA DO HOSPICIO;CIDADE;ABALROAMENTO LONGITUDINAL;1;;;;1;;;;0;;Bom;Sem defeito;Perfeito estado;Seca;Perfeito estado;Faixa de pedestre;R-6a;;2019
16/04/2019;08:51:00;SEM VÍTIMA;MADALENA;RUA JOAO IVO DA SILVA;;COLISÃO TRASEIRA;3;;;;;;;;0;;Bom;Sem defeito;Perfeito estado;Seca;Perfeito estado;Faixa de pedestre;Não há placas;;2019
16/04/2019;08:55:00;SEM VÍTIMA;SANTO ANTÔNIO;RUA SIQUEIRA CAMPOS;SUBURBIO;COLISÃO TRASEIRA;2;;;;;;;;0;;Bom;Sem defeito;Perfeito estado;Seca;Perfeito estado;Outros;Outras;40 km/h;2019
16/04/2019;09:14:00;SEM VÍTIMA;MADALENA;RUA REAL DA TORRE;CIDADE;ABALROAMENTO LONGITUDINAL;1;1;;;;;;;0;;Bom;Sem defeito;Perfeito estado;Seca;Perfeito estado;Faixa de pedestre;Outras;;2019
16/04/2019;09:44:00;COM VÍTIMA;HIPÓDROMO;RUA DONA ELVIRA;;ABALROAMENTO LONGITUDINAL;1;1;;;;;;;1;;Bom;Não existe;Não existente;Seca;Outros;Não existe;Outras;;2019
16/04/2019;09:47:00;SEM VÍTIMA;ENCRUZILHADA;AV NORTE;;COLISÃO;2;;;;;;;;0;;;;;;;;;;2019
16/04/2019;09:48:00;SEM VÍTIMA;SÃO JOSÉ;RUA VIDAL DE NEGREIROS;;COLISÃO;2;;;;;;;;0;;;;;;;;;;2019
16/04/2019;09:55:00;SEM VÍTIMA;SANTO AMARO;AV CRUZ CABUGA;CIDADE;COLISÃO TRASEIRA;2;;;;;;;;0;;Bom;Sem defeito;Perfeito estado;Seca;Perfeito estado;Faixa de pedestre;Outras;;2019
16/04/2019;09:59:00;SEM VÍTIMA;BOA VIAGEM;AV DES JOSE NEVES;CIDADE;ABALROAMENTO LONGITUDINAL;2;;;;;;;;0;;Bom;Sem defeito;Perfeito estado;Seca;Perfeito estado;Faixa de pedestre;Não há placas;60 km/h;2019
16/04/2019;10:28:00;SEM VÍTIMA;CAMPO GRANDE;RUA DR MACHADO;SUBURBIO;ABALROAMENTO LONGITUDINAL;2;;;;;;;;0;;Bom;Sem defeito;Incompleta;Seca;Mal conservada;Faixa de pedestre;Não há placas;;2019
16/04/2019;10:28:00;SEM VÍTIMA;BOA VIAGEM;RUA SETUBAL;CIDADE;ABALROAMENTO LONGITUDINAL;1;;;;1;;;;0;;Bom;Sem defeito;Perfeito estado;Seca;Perfeito estado;Faixa de pedestre;Não há placas;;2019
16/04/2019;10:43:00;SEM VÍTIMA;ESTÂNCIA;AV DR JOSE RUFINO;;ABALROAMENTO LONGITUDINAL;2;;;;;;;;0;;Bom;Sem defeito;Perfeito estado;Seca;Perfeito estado;Faixa de pedestre;Não há placas;;2019
16/04/2019;11:15:00;SEM VÍTIMA;SANTO AMARO;AV GOVERNADOR AGAMENON MAGALHAES;SUBURBIO;ABALROAMENTO LONGITUDINAL;1;1;;;;;;;0;;Bom;Não existe;Não existente;Seca;Perfeito estado;Não existe;Não há placas;60 km/h;2019
16/04/2019;11:52:00;SEM VÍTIMA;BOA VIAGEM;AV ENGENHEIRO DOMINGOS FERREIRA;SUBURBIO;COLISÃO TRASEIRA;3;;;;;;;;0;;Bom;Não existe;Perfeito estado;Seca;Perfeito estado;Não existe;Não há placas;;2019
16/04/2019;12:21:00;SEM VÍTIMA;PINA;AV HERCULANO BANDEIRA;SUBURBIO;ABALROAMENTO LONGITUDINAL;2;;;;;;;;0;;Bom;Não existe;Perfeito estado;Seca;Perfeito estado;Não existe;Não há placas;60 km/h;2019
16/04/2019;12:24:00;COM VÍTIMA;TAMARINEIRA;RUA GOMES COUTINHO;SUBURBIO;ABALROAMENTO LONGITUDINAL;1;1;;;;;;;1;;Bom;Sem defeito;Perfeito estado;Seca;Perfeito estado;;R-4b;30 km/h;2019
16/04/2019;12:35:00;SEM VÍTIMA;CAXANGÁ;RUA EMILIANO BRAGA;CIDADE;ABALROAMENTO LONGITUDINAL;2;;;;;;;;0;;Bom;Não existe;Incompleta;Seca;Perfeito estado;Não existe;Placas Pare;;2019
16/04/2019;13:26:00;SEM VÍTIMA;BOA VISTA;RUA DO HOSPICIO;CIDADE;ABALROAMENTO LONGITUDINAL;1;;;;;1;;;0;;Bom;Sem defeito;Perfeito estado;Seca;Perfeito estado;Não existe;R-6a;;2019
16/04/2019;13:40:00;SEM VÍTIMA;TORRE;RUA JOSE BONIFACIO;;COLISÃO;1;1;;;;;;;0;;;;;;;;;;2019
16/04/2019;15:32:00;SEM VÍTIMA;IMBIRIBEIRA;RUA ENGENHEIRO OTAVIO ARANTES;;ABALROAMENTO LONGITUDINAL;1;;;;;;;;0;;Bom;Não existe;Não existente;;Mal conservada;Não existe;Não há placas;;2019
16/04/2019;15:51:00;SEM VÍTIMA;BOA VIAGEM;AV BOA VIAGEM;;COLISÃO;2;;;;;;;;0;;;;;;;;;;2019
16/04/2019;15:55:00;SEM VÍTIMA;IMBIRIBEIRA;AV MARECHAL MASCARENHAS DE MORAES;SUBURBIO;ABALROAMENTO LONGITUDINAL;2;;;;;1;;;0;;Bom;Não existe;Perfeito estado;Seca;Perfeito estado;Não existe;Não há placas;60 km/h;2019
16/04/2019;15:55:00;SEM VÍTIMA;VÁRZEA;AV PROFESSOR MORAES REGO;;ABALROAMENTO LONGITUDINAL;1;1;;;;;;;0;;Bom;Não existe;Incompleta;Seca;Perfeito estado;Não existe;Outras;;2019
16/04/2019;15:58:00;SEM VÍTIMA;IMBIRIBEIRA;AV MARECHAL MASCARENHAS DE MORAES;CIDADE;COLISÃO TRASEIRA;1;;;;;1;;;0;;Bom;Não existe;Perfeito estado;Seca;Perfeito estado;Outros;Outras;;2019
16/04/2019;16:10:00;SEM VÍTIMA;TORRE;RUA JOSE BONIFACIO;SUBURBIO;COLISÃO;2;;;;;;;;0;;;;;;;;;;2019
16/04/2019;16:26:00;COM VÍTIMA;JIQUIÁ;RUA SAO MIGUEL;CIDADE;ABALROAMENTO TRANSVERSAL;1;1;;;;;;;1;;Bom;Sem defeito;Perfeito estado;Seca;Perfeito estado;Faixa de pedestre;Não há placas;;2019
16/04/2019;16:46:00;SEM VÍTIMA;IBURA;AV DOIS RIOS;SUBURBIO;COLISÃO TRASEIRA;1;;;;;1;;;0;;Bom;Não existe;Perfeito estado;Seca;Perfeito estado;Não existe;Não há placas;40 km/h;2019
16/04/2019;16:58:00;SEM VÍTIMA;ÁGUA FRIA;RUA DAS MOCAS;SUBURBIO;ABALROAMENTO LONGITUDINAL;1;;;;1;;;;0;;Bom;Não existe;Perfeito estado;Seca;Perfeito estado;Não existe;R-6a;;2019
16/04/2019;17:14:00;SEM VÍTIMA;VÁRZEA;AV CAXANGA;SUBURBIO;ABALROAMENTO LONGITUDINAL;2;;;;;;;;0;;Bom;Sem defeito;Perfeito estado;Seca;Perfeito estado;Faixa de pedestre;;60 km/h;2019
16/04/2019;18:22:00;COM VÍTIMA;CÓRREGO DO JENIPAPO;RUA DAS FLORES;;COLISÃO;1;1;;;;;;;2;;;;;;;;;;2019
16/04/2019;18:27:00;SEM VÍTIMA;BOA VIAGEM;RUA JOSE MOREIRA LEAL;SUBURBIO;CHOQUE VEÍCULO PARADO;3;;;;;;;;0;;Bom;Não existe;Incompleta;Seca;;Não existe;Não há placas;;2019
16/04/2019;18:39:00;SEM VÍTIMA;MADALENA;AV ENGENHEIRO ABDIAS DE CARVALHO;SUBURBIO;COLISÃO TRASEIRA;1;1;;;;;;;0;;Bom;Sem defeito;Perfeito estado;Seca;Perfeito estado;Faixa de pedestre;Outras;60 km/h;2019
16/04/2019;18:52:00;COM VÍTIMA;IPUTINGA;RUA N S DA SAUDE;;ATROPELAMENTO;;1;;1;;;;;1;;;;;;;;;;2019
16/04/2019;19:04:00;SEM VÍTIMA;BOA VIAGEM;RUA ERNESTO DE PAULA SANTOS;;COLISÃO;2;;;;;;;;0;;;;;;;;;;2019
16/04/2019;19:06:00;SEM VÍTIMA;BOA VIAGEM;RUA ERNESTO DE PAULA SANTOS;SUBURBIO;COLISÃO TRASEIRA;2;;;;;;;;0;;Bom;Sem defeito;Perfeito estado;Seca;Perfeito estado;Faixa de pedestre;Não há placas;;2019
16/04/2019;19:27:00;SEM VÍTIMA;JORDÃO;RUA DR ANDRADE LYRA;CIDADE;ABALROAMENTO LONGITUDINAL;1;;;;1;;;;0;;Bom;Não existe;Perfeito estado;Seca;Perfeito estado;Não existe;R-6a;;2019
16/04/2019;20:34:00;SEM VÍTIMA;AFOGADOS;RUA DA PAZ;SUBURBIO;CHOQUE VEÍCULO PARADO;1;;;;2;;;;0;;Bom;Sem defeito;Perfeito estado;Seca;Perfeito estado;Faixa de pedestre;R-6a;;2019
16/04/2019;21:02:00;SEM VÍTIMA;BONGI;AV ENGENHEIRO ABDIAS DE CARVALHO;SUBURBIO;COLISÃO TRASEIRA;3;;;;;;;;0;;Bom;Sem defeito;Perfeito estado;Seca;Perfeito estado;Faixa de pedestre;Outras;60 km/h;2019
16/04/2019;22:52:00;SEM VÍTIMA;IBURA;AV DOIS RIOS;SUBURBIO;ABALROAMENTO LONGITUDINAL;1;1;;;;;;;0;;Bom;Sem defeito;Perfeito estado;Seca;Perfeito estado;Faixa de pedestre;Não há placas;40 km/h;2019
17/04/2019;01:34:00;SEM VÍTIMA;BAIRRO DO RECIFE;AV MARQUES DE OLINDA;SUBURBIO;ABALROAMENTO LONGITUDINAL;2;;;;;;;;0;;Bom;Sem defeito;Perfeito estado;Seca;Perfeito estado;Faixa de pedestre;R-6a;;2019
17/04/2019;06:09:00;SEM VÍTIMA;SANTO ANTÔNIO;RUA IMPERADOR PEDRO SEGUNDO;CIDADE;ABALROAMENTO LONGITUDINAL;2;;;;;;;;0;;Chuvoso;Sem defeito;Perfeito estado;Molhada;Perfeito estado;Faixa de pedestre;Outras;;2019
17/04/2019;06:13:00;SEM VÍTIMA;IMBIRIBEIRA;AV MARECHAL MASCARENHAS DE MORAES;CIDADE;COLISÃO TRASEIRA;2;;;;;;;;0;;Chuvoso;Intermitente;Perfeito estado;Molhada;Perfeito estado;Faixa de pedestre;;;2019
17/04/2019;06:38:00;SEM VÍTIMA;IPSEP;AV RECIFE;CIDADE;COLISÃO TRASEIRA;2;;;;;;;;0;;Chuvoso;Sem defeito;Perfeito estado;Molhada;Perfeito estado;Faixa de pedestre;Não há placas;60 km/h;2019
17/04/2019;07:02:00;COM VÍTIMA;BARRO;AV DR JOSE RUFINO;CIDADE;ABALROAMENTO LONGITUDINAL;1;1;;;;;;;1;;Bom;Sem defeito;Perfeito estado;Seca;Perfeito estado;Faixa de pedestre;R-6a;;2019
17/04/2019;07:59:00;COM VÍTIMA;DOIS IRMÃOS;RUA MANUEL DE MEDEIROS;CIDADE;ABALROAMENTO TRANSVERSAL;1;1;;;;;;;1;;Chuvoso;Não existe;Perfeito estado;Molhada;Perfeito estado;Não existe;Outras;;2019
17/04/2019;09:37:00;SEM VÍTIMA;CORDEIRO;AV INACIO MONTEIRO;CIDADE;ABALROAMENTO TRANSVERSAL;2;;;;;;;1;0;;Bom;Com defeito;Incompleta;Seca;Perfeito estado;Faixa de retenção;Não há placas;;2019
17/04/2019;09:43:00;COM VÍTIMA;BONGI;TRV ESTRADA DO BONGI;;COLISÃO;1;1;;;;;;;1;;;;;;;;;;2019
17/04/2019;10:36:00;SEM VÍTIMA;SANTO ANTÔNIO;PRC DA REPUBLICA;;COLISÃO;1;2;;;;;;;0;;;;;;;;;;2019
17/04/2019;11:16:00;SEM VÍTIMA;PINA;AV ENGENHEIRO DOMINGOS FERREIRA;SUBURBIO;CHOQUE VEÍCULO PARADO;2;;;;;;;;0;;Bom;Não existe;Perfeito estado;Seca;Perfeito estado;Não existe;Não há placas;60 km/h;2019
17/04/2019;11:18:00;SEM VÍTIMA;JAQUEIRA;RUA DO FUTURO;CIDADE;ABALROAMENTO TRANSVERSAL;2;;;;;;;;0;;Bom;Não existe;Perfeito estado;Seca;Perfeito estado;Não existe;R-6a;40 km/h;2019
17/04/2019;11:22:00;SEM VÍTIMA;CAXANGÁ;AV CAXANGA;CIDADE;COLISÃO;2;;;;;;;;0;;;;;;;;;;2019
17/04/2019;12:04:00;SEM VÍTIMA;SANCHO;RUA APRIGIO GUIMARAES;SUBURBIO;COLISÃO TRASEIRA;2;;;;;;;;0;;Bom;Não existe;Não existente;Seca;Mal conservada;Não existe;Não há placas;;2019
17/04/2019;12:32:00;SEM VÍTIMA;SANTO ANTÔNIO;RUA BARAO DA VITORIA;;COLISÃO;1;;;;;1;;;0;;;;;;;;;;2019
17/04/2019;12:39:00;COM VÍTIMA;CIDADE UNIVERSITÁRIA;AV PROFESSOR LUIZ FREIRE;SUBURBIO;ATROPELAMENTO;1;;;1;;;;;1;;Bom;Não existe;Perfeito estado;Seca;Perfeito estado;Não existe;;;2019
17/04/2019;12:40:00;SEM VÍTIMA;IMBIRIBEIRA;AV MARECHAL MASCARENHAS DE MORAES;;ABALROAMENTO LONGITUDINAL;2;;;;;;;;0;;Bom;Sem defeito;Perfeito estado;Seca;Perfeito estado;Faixa de pedestre;R-6a;20 km/h;2019
17/04/2019;12:43:00;SEM VÍTIMA;ESPINHEIRO;RUA QUARENTA E OITO;CIDADE;ABALROAMENTO LONGITUDINAL;2;;;;;;;;0;;Chuvoso;Sem defeito;Perfeito estado;Molhada;Perfeito estado;Não existe;Outras;;2019
17/04/2019;13:05:00;COM VÍTIMA;SÃO JOSÉ;C SANTA RITA;CIDADE;TOMBAMENTO;;1;;;;;;;1;;Chuvoso;Sem defeito;Perfeito estado;Molhada;Mal conservada;Não existe;Outras;;2019
17/04/2019;13:06:00;SEM VÍTIMA;BOA VIAGEM;AV CONSELHEIRO AGUIAR;CIDADE;ABALROAMENTO TRANSVERSAL;2;;;;;;;;0;;Bom;Não existe;Perfeito estado;Seca;Perfeito estado;Outros;Outras;60 km/h;2019
17/04/2019;13:13:00;SEM VÍTIMA;BOA VIAGEM;RUA PROFESSOR JOAO MEDEIROS;CIDADE;COLISÃO;2;;;;;;;;0;;;;;;;;;;2019
17/04/2019;13:34:00;SEM VÍTIMA;SANTO ANTÔNIO;AV MARQUES DE OLINDA;;COLISÃO;2;;;;;;;;0;;;;;;;;;;2019
17/04/2019;13:36:00;SEM VÍTIMA;ILHA DO LEITE;AV GOVERNADOR AGAMENON MAGALHAES;;COLISÃO TRASEIRA;2;;;;;;;;0;;Bom;Sem defeito;Perfeito estado;Seca;Perfeito estado;;Não há placas;60 km/h;2019
17/04/2019;13:37:00;SEM VÍTIMA;MADALENA;RUA BENFICA;;COLISÃO;2;;;;;;;;0;;;;;;;;;;2019
17/04/2019;13:46:00;SEM VÍTIMA;SANTO AMARO;AV GOVERNADOR AGAMENON MAGALHAES;SUBURBIO;ABALROAMENTO LONGITUDINAL;1;1;;;;;;;0;;Bom;Não existe;Perfeito estado;Seca;Perfeito estado;Não existe;Outras;60 km/h;2019
17/04/2019;14:47:00;SEM VÍTIMA;MADALENA;RUA BENFICA;CIDADE;ABALROAMENTO LONGITUDINAL;2;;;;;;;;0;;Bom;Sem defeito;Perfeito estado;Seca;Perfeito estado;;Outras;;2019
17/04/2019;15:01:00;SEM VÍTIMA;IMBIRIBEIRA;RUA MURITIBA;;ABALROAMENTO LONGITUDINAL;1;;;;;1;;;0;;Bom;Sem defeito;Não existente;Seca;Perfeito estado;;Não há placas;;2019
17/04/2019;15:53:00;SEM VÍTIMA;IBURA;AV DOIS RIOS;CIDADE;ABALROAMENTO LONGITUDINAL;1;;;;1;;;;0;;Bom;Sem defeito;Perfeito estado;Seca;Perfeito estado;Faixa de pedestre;Não há placas;;2019
17/04/2019;15:57:00;SEM VÍTIMA;SANTO AMARO;RUA DR JOAQUIM ARRUDA FALCAO;SUBURBIO;ABALROAMENTO TRANSVERSAL;2;;;;;;;;0;;Bom;Não existe;Perfeito estado;Seca;Perfeito estado;Não existe;Não há placas;40 km/h;2019
17/04/2019;16:18:00;SEM VÍTIMA;AFOGADOS;RUA SAO MIGUEL;CIDADE;COLISÃO TRASEIRA;2;;;;;;;;0;;Bom;Sem defeito;Perfeito estado;Seca;Perfeito estado;Faixa de pedestre;Não há placas;;2019
17/04/2019;17:21:00;SEM VÍTIMA;IPSEP;AV RECIFE;;COLISÃO;1;;;;;1;;;0;;;;;;;;;;2019
17/04/2019;18:06:00;SEM VÍTIMA;CAMPO GRANDE;RUA OLIVEIRA FONSECA;;COLISÃO;1;;1;;;;;;0;;;;;;;;;;2019
17/04/2019;18:19:00;SEM VÍTIMA;BOA VISTA;RUA AURORA;;COLISÃO;2;;;;;;;;0;;;;;;;;;;2019
17/04/2019;18:34:00;SEM VÍTIMA;TORRE;;SUBURBIO;ABALROAMENTO LONGITUDINAL;2;;;;;;;;0;;Bom;Sem defeito;Perfeito estado;Seca;Perfeito estado;Faixa de pedestre;R-6a;;2019
17/04/2019;18:41:00;SEM VÍTIMA;IPSEP;AV RECIFE;CIDADE;COLISÃO TRASEIRA;2;;;;;;;;0;;Bom;Sem defeito;Perfeito estado;Seca;Perfeito estado;Faixa de pedestre;Outras;;2019
17/04/2019;19:37:00;SEM VÍTIMA;IPSEP;AV RECIFE;SUBURBIO;COLISÃO TRASEIRA;1;1;;;;;;;0;;Bom;Sem defeito;Incompleta;Seca;Perfeito estado;Faixa de pedestre;Não há placas;;2019
17/04/2019;20:09:00;SEM VÍTIMA;IPSEP;AV RECIFE;SUBURBIO;COLISÃO TRASEIRA;2;;;;;;;;0;;Bom;Não existe;Perfeito estado;Seca;Perfeito estado;Não existe;Outras;;2019
17/04/2019;21:35:00;SEM VÍTIMA;BOA VIAGEM;RUA TOME GIBSON;;ABALROAMENTO TRANSVERSAL;2;;;;;;;;0;;Bom;Sem defeito;Perfeito estado;Seca;Perfeito estado;;R-6a;;2019
17/04/2019;21:36:00;VÍTIMA FATAL;AFOGADOS;PTE DO MOTOCOLOMBO;SUBURBIO;TOMBAMENTO;;1;;;;;;;;1;Bom;Não existe;Incompleta;Seca;Perfeito estado;;Não há placas;40 km/h;2019
17/04/2019;21:54:00;SEM VÍTIMA;IPSEP;AV RECIFE;SUBURBIO;COLISÃO TRASEIRA;2;;;;;;;;0;;Bom;Sem defeito;Perfeito estado;Seca;Perfeito estado;Faixa de pedestre;R-6a;;2019
18/04/2019;06:17:00;SEM VÍTIMA;BOA VIAGEM;AV ENGENHEIRO DOMINGOS FERREIRA;SUBURBIO;ABALROAMENTO TRANSVERSAL;2;;;;;;;;0;;Bom;Sem defeito;Perfeito estado;Seca;Perfeito estado;Faixa de pedestre;Não há placas;60 km/h;2019
18/04/2019;06:48:00;COM VÍTIMA;IMBIRIBEIRA;AV MARECHAL MASCARENHAS DE MORAES;CIDADE;COLISÃO TRASEIRA;3;;;;;;;;1;;Bom;Intermitente;Perfeito estado;Seca;Perfeito estado;Faixa de pedestre;R-6a;60 km/h;2019
18/04/2019;08:07:00;SEM VÍTIMA;MADALENA;AV CAXANGA;CIDADE;COLISÃO TRASEIRA;2;;;;;;;;0;;Bom;Não existe;Perfeito estado;Seca;Perfeito estado;Não existe;R-6a;;2019
18/04/2019;09:23:00;SEM VÍTIMA;SANTO AMARO;AV GOVERNADOR AGAMENON MAGALHAES;;ABALROAMENTO TRANSVERSAL;2;;;;;;;;0;;Bom;Não existe;Perfeito estado;Seca;Perfeito estado;Outros;R-6a;60 km/h;2019
18/04/2019;10:04:00;SEM VÍTIMA;CASA FORTE;EST DO ENCANAMENTO;CIDADE;ABALROAMENTO LONGITUDINAL;3;;;;;;;;0;;Bom;Não existe;Perfeito estado;Seca;Perfeito estado;;;;2019
18/04/2019;10:49:00;SEM VÍTIMA;BOMBA DO HEMETÉRIO;RUA CORREGO JOSE GRANDE;SUBURBIO;CHOQUE VEÍCULO PARADO;1;;;;1;;;;0;;Bom;Não existe;Perfeito estado;Seca;Perfeito estado;Não existe;Não há placas;;2019
18/04/2019;10:52:00;SEM VÍTIMA;TAMARINEIRA;RUA DR JOSE MARIA;SUBURBIO;ABALROAMENTO TRANSVERSAL;2;;;;;;;;0;;Bom;Sem defeito;Perfeito estado;Seca;Perfeito estado;Faixa de pedestre;R-6a;30 km/h;2019
18/04/2019;10:56:00;SEM VÍTIMA;SANCHO;AV LIBERDADE;CIDADE;ABALROAMENTO LONGITUDINAL;2;;;;1;;;;0;;Bom;Não existe;Perfeito estado;Seca;Perfeito estado;Não existe;;50 km/h;2019
18/04/2019;11:14:00;SEM VÍTIMA;BOA VIAGEM;AV BOA VIAGEM;CIDADE;COLISÃO TRASEIRA;1;1;;;;;;;0;;Bom;Sem defeito;Perfeito estado;Seca;Perfeito estado;Faixa de pedestre;Não há placas;;2019
18/04/2019;12:05:00;SEM VÍTIMA;AREIAS;AV RECIFE;SUBURBIO;ABALROAMENTO LONGITUDINAL;2;;;;;;;;0;;Bom;Não existe;Perfeito estado;Seca;Perfeito estado;Não existe;Não há placas;;2019
18/04/2019;13:14:00;SEM VÍTIMA;CASA FORTE;AV DEZESSETE DE AGOSTO;SUBURBIO;ABALROAMENTO LONGITUDINAL;1;;;;;1;;;0;;Bom;Sem defeito;Perfeito estado;Seca;Perfeito estado;Faixa de pedestre;Outras;;2019
18/04/2019;14:12:00;SEM VÍTIMA;HIPÓDROMO;RUA FONSECA OLIVEIRA;;ABALROAMENTO TRANSVERSAL;1;1;;;;;;;0;;Bom;Não existe;Perfeito estado;Seca;Perfeito estado;Não existe;Placas Pare;;2019
18/04/2019;14:29:00;SEM VÍTIMA;SÃO JOSÉ;RUA DA CONCORDIA;CIDADE;ABALROAMENTO LONGITUDINAL;1;;;;;1;;;0;;Bom;Não existe;Perfeito estado;Seca;Perfeito estado;Não existe;R-6a;40 km/h;2019
18/04/2019;14:55:00;SEM VÍTIMA;SANTO AMARO;AV MARIO MELO;SUBURBIO;ABALROAMENTO LONGITUDINAL;2;;;;;;;;0;;Bom;Não existe;Perfeito estado;Seca;Perfeito estado;Não existe;R-6a;40 km/h;2019
18/04/2019;15:10:00;SEM VÍTIMA;BOA VIAGEM;RUA BRUNO VELOSO;CIDADE;COLISÃO TRASEIRA;2;;;;;;;;0;;Bom;Sem defeito;Perfeito estado;Seca;Perfeito estado;Faixa de pedestre;Não há placas;;2019
18/04/2019;15:14:00;COM VÍTIMA;CASA FORTE;AV DEZESSETE DE AGOSTO;CIDADE;ABALROAMENTO LONGITUDINAL;1;1;;;;;;;1;;Bom;Não existe;Perfeito estado;Seca;Perfeito estado;Não existe;Outras;;2019
18/04/2019;15:21:00;SEM VÍTIMA;BOA VIAGEM;RUA BRUNO VELOSO;;COLISÃO;2;;;;;;;;0;;;;;;;;;;2019
18/04/2019;15:47:00;COM VÍTIMA;BOA VIAGEM;AV BOA VIAGEM;CIDADE;ATROPELAMENTO;1;;;1;;;;;1;;Bom;Sem defeito;Perfeito estado;Seca;Perfeito estado;Outros;Outras;60 km/h;2019
18/04/2019;16:10:00;SEM VÍTIMA;MANGABEIRA;AV PROFESSOR JOSE DOS ANJOS;CIDADE;COLISÃO TRASEIRA;1;;;;;1;;;0;;Bom;Sem defeito;Perfeito estado;Seca;Perfeito estado;Faixa de pedestre;Outras;40 km/h;2019
18/04/2019;16:28:00;SEM VÍTIMA;ESPINHEIRO;RUA AMELIA;SUBURBIO;ABALROAMENTO LONGITUDINAL;1;1;;;;;;;0;;Bom;Não existe;Perfeito estado;Seca;Perfeito estado;;R-6a;;2019
18/04/2019;17:09:00;SEM VÍTIMA;AFOGADOS;RUA COSME VIANA;;COLISÃO TRASEIRA;2;;;;;;;;0;;Bom;Não existe;Incompleta;Seca;;Não existe;Não há placas;;2019
18/04/2019;17:30:00;SEM VÍTIMA;BOA VIAGEM;AV CONSELHEIRO AGUIAR;CIDADE;COLISÃO TRASEIRA;2;;;;;;;;0;;Bom;Sem defeito;Perfeito estado;Seca;Perfeito estado;Faixa de pedestre;R-6a;60 km/h;2019