data;hora;natureza_acidente;bairro;endereco;sentido_via;tipo;auto;moto;ciclista;pedestre;onibus;caminhao;viatura;outros;vitimas;vitimasfatais;tempo_clima;situacao_semaforo;sinalizacao;condicao_via;conservacao_via;ponto_controle;situacao_placa;velocidade_max_via;ano
18/04/2019;18:00:00;SEM VÍTIMA;BAIRRO DO RECIFE;AV ALFREDO LISBOA;SUBURBIO;ABALROAMENTO LONGITUDINAL;1;;;;;1;;;0;;Bom;Não existe;Perfeito estado;Seca;Perfeito estado;Faixa de pedestre;R-19;30 km/h;2019
18/04/2019;18:26:00;SEM VÍTIMA;IMBIRIBEIRA;AV MARECHAL MASCARENHAS DE MORAES;;COLISÃO;2;;;;;;;;0;;;;;;;;;;2019
18/04/2019;19:05:00;SEM VÍTIMA;BOMBA DO HEMETÉRIO;RUA BOMBA DO HEMETERIO;SUBURBIO;ABALROAMENTO LONGITUDINAL;1;;;;1;;;;0;;Bom;Não existe;Perfeito estado;Seca;Perfeito estado;;;30 km/h;2019
18/04/2019;19:38:00;SEM VÍTIMA;;RUA DEZ DE JULHO;;COLISÃO TRASEIRA;1;;;;1;;;;0;;Bom;Sem defeito;Perfeito estado;Seca;Perfeito estado;Faixa de pedestre;;;2019
18/04/2019;21:27:00;COM VÍTIMA;ENCRUZILHADA;RUA FERNANDO CESAR;CIDADE;ABALROAMENTO TRANSVERSAL;1;1;;;;;;;1;;Bom;Não existe;Perfeito estado;Seca;Perfeito estado;Não existe;Placas Pare;;2019
19/04/2019;00:17:00;COM VÍTIMA;FUNDÃO;RUA MANOEL SILVA;;CHOQUE;1;1;;;;;;;1;;;;;;;;;;2019
19/04/2019;05:41:00;SEM VÍTIMA;MANGUEIRA;RUA DR JOAO ELISIO;SUBURBIO;COLISÃO TRASEIRA;3;;;;;;;;0;;Bom;Não existe;Incompleta;Seca;Perfeito estado;Não existe;Outras;30 km/h;2019
19/04/2019;05:48:00;COM VÍTIMA;AREIAS;AV DR JOSE RUFINO;CIDADE;CHOQUE VEÍCULO PARADO;1;1;;;;;;;2;;Bom;Sem defeito;Perfeito estado;Seca;Perfeito estado;Faixa de pedestre;Não há placas;;2019
19/04/2019;10:34:00;SEM VÍTIMA;PAISSANDU;AV GOVERNADOR AGAMENON MAGALHAES;BOA VIAGEM;COLISÃO;2;;;;;;;;0;;;;;;;;;;2019
19/04/2019;12:31:00;SEM VÍTIMA;BOA VIAGEM;RUA ERNESTO DE PAULA SANTOS;SUBURBIO;ABALROAMENTO LONGITUDINAL;3;;;;;;;;0;;Bom;Sem defeito;Perfeito estado;Seca;Perfeito estado;Faixa de pedestre;Outras;;2019
19/04/2019;12:46:00;COM VÍTIMA;PINA;PTE AGAMENON MAGALHAES;CABANGA;COLISÃO COM CICLISTA;0;;1;;;;;;1;;;;;;;;;;2019
19/04/2019;15:36:00;SEM VÍTIMA;SANTO AMARO;AV GOVERNADOR AGAMENON MAGALHAES;SUBURBIO;ABALROAMENTO LONGITUDINAL;3;;;;;;;;0;;Bom;Sem defeito;Perfeito estado;Seca;Perfeito estado;;Outras;60 km/h;2019
19/04/2019;17:00:00;COM VÍTIMA;DOIS UNIDOS;AV HILDEBRANDO DE VASCONCELOS;SUBURBIO;ABALROAMENTO TRANSVERSAL;2;1;;;;;;;1;;Bom;Não existe;Perfeito estado;Seca;Perfeito estado;Não existe;Não há placas;40 km/h;2019
19/04/2019;17:23:00;COM VÍTIMA;CASA AMARELA;RUA TAQUARITINGA;;CHOQUE VEÍCULO PARADO;2;;;;;;;;1;;Bom;Não existe;Perfeito estado;Seca;Perfeito estado;Não existe;Não há placas;;2019
20/04/2019;00:31:00;SEM VÍTIMA;GRAÇAS;AV RUI BARBOSA;SUBURBIO;CHOQUE OBJETO FIXO;1;;;;;;;;0;;Bom;Não existe;Incompleta;Seca;Perfeito estado;Não existe;Não há placas;;2019
20/04/2019;02:08:00;SEM VÍTIMA;ALTO DO MANDU;AV DR EURICO CHAVES;;CHOQUE VEÍCULO PARADO;2;;;;;;;;0;;Chuvoso;Não existe;Perfeito estado;Seca;Perfeito estado;Não existe;Não há placas;40 km/h;2019
20/04/2019;02:17:00;SEM VÍTIMA;BOA VIAGEM;RUA FRANCISCO DA CUNHA;SUBURBIO;ABALROAMENTO TRANSVERSAL;2;;;;;;;;0;;Chuvoso;Não existe;Ilegível;Seca;Mal iluminada;Faixa de retenção;Placas Pare;;2019
20/04/2019;07:18:00;COM VÍTIMA;ILHA DO LEITE;RUA SENADOR JOSE HENRIQUE;SUBURBIO;ABALROAMENTO LONGITUDINAL;;2;;;;;;;1;;Chuvoso;Não existe;Perfeito estado;Molhada;Perfeito estado;Faixa de pedestre;Placas Pare;;2019
20/04/2019;08:02:00;SEM VÍTIMA;IBURA;AV DOM HELDER CAMARA;CIDADE;COLISÃO TRASEIRA;1;;;;;1;;;0;;Chuvoso;Sem defeito;Perfeito estado;Molhada;Perfeito estado;Faixa de pedestre;Não há placas;;2019
20/04/2019;08:25:00;SEM VÍTIMA;BONGI;AV ENGENHEIRO ABDIAS DE CARVALHO;;COLISÃO;2;;;;;;;;0;;;;;;;;;;2019
20/04/2019;08:25:00;SEM VÍTIMA;BOA VISTA;RUA GERVASIO PIRES;;ABALROAMENTO TRANSVERSAL;2;;;;;;;;0;;Chuvoso;Sem defeito;Perfeito estado;Molhada;Perfeito estado;Faixa de pedestre;R-6a;;2019
20/04/2019;09:36:00;SEM VÍTIMA;MACAXEIRA;AV NORTE;CIDADE;ABALROAMENTO LONGITUDINAL;1;1;;;;;;;0;;Chuvoso;Intermitente;Incompleta;Molhada;Perfeito estado;Faixa de retenção;Não há placas;;2019
20/04/2019;11:14:00;SEM VÍTIMA;ESTÂNCIA;AV RECIFE;CIDADE;COLISÃO TRASEIRA;4;;;;;;;;0;;Nublado;Sem defeito;Perfeito estado;Molhada;Perfeito estado;Faixa de pedestre;Outras;;2019
20/04/2019;12:06:00;COM VÍTIMA;BOA VIAGEM;AV BOA VIAGEM;;COLISÃO;1;1;;;;;;;1;;;;;;;;;;2019
20/04/2019;12:35:00;SEM VÍTIMA;SÃO JOSÉ;AV DANTAS BARRETO;SUBURBIO;ABALROAMENTO LONGITUDINAL;1;;;;1;;;;0;;Chuvoso;Sem defeito;Perfeito estado;Molhada;Perfeito estado;Faixa de pedestre;Outras;;2019
20/04/2019;13:06:00;SEM VÍTIMA;TORREÃO;AV GOVERNADOR AGAMENON MAGALHAES;;COLISÃO TRASEIRA;2;;;;;;;;0;;Chuvoso;Sem defeito;Perfeito estado;Molhada;Perfeito estado;Faixa de pedestre;R-19;60 km/h;2019
20/04/2019;14:03:00;SEM VÍTIMA;CASA AMARELA;AV NORTE;CIDADE;COLISÃO TRASEIRA;2;;;;;;;;0;;Chuvoso;Sem defeito;Perfeito estado;Molhada;Perfeito estado;Faixa de pedestre;R-6a;;2019
20/04/2019;16:49:00;SEM VÍTIMA;IPUTINGA;AV CAXANGA;CIDADE;COLISÃO TRASEIRA;1;1;;;;;;;0;;Chuvoso;Não existe;Perfeito estado;Molhada;Perfeito estado;Não existe;Não há placas;60 km/h;2019
20/04/2019;18:25:00;SEM VÍTIMA;SAN MARTIN;AV GENERAL SAN MARTIN;SUBURBIO;COLISÃO TRASEIRA;2;;;;;;;;0;;Bom;Não existe;Perfeito estado;Molhada;Perfeito estado;Não existe;Outras;;2019
20/04/2019;18:58:00;COM VÍTIMA;ALTO DO MANDU;RUA MASSARANDUBA;;ATROPELAMENTO;;1;;2;;;;;2;;;;;;;;;;2019
20/04/2019;19:14:00;SEM VÍTIMA;IMBIRIBEIRA;AV MARECHAL MASCARENHAS DE MORAES;CIDADE;ABALROAMENTO LONGITUDINAL;1;;;;1;;;;0;;Bom;Não existe;Perfeito estado;Molhada;Perfeito estado;;;;2019
20/04/2019;20:53:00;SEM VÍTIMA;BEBERIBE;PRC DA CONVENCAO;;COLISÃO;2;;;;;;;;0;;;;;;;;;;2019
20/04/2019;21:06:00;SEM VÍTIMA;BEBERIBE;PRC DA CONVENCAO;SUBURBIO;ABALROAMENTO LONGITUDINAL;2;;;;;;;;0;;Bom;Não existe;Perfeito estado;Seca;Perfeito estado;Faixa de pedestre;R-6a;;2019
20/04/2019;21:13:00;SEM VÍTIMA;CAMPINA DO BARRETO;RUA CORONEL MARIO LIBORIO;;CHOQUE VEÍCULO PARADO;1;1;;;;;;;0;;Bom;Não existe;Perfeito estado;Seca;Perfeito estado;;;;2019
20/04/2019;21:48:00;SEM VÍTIMA;BEBERIBE;AV BEBERIBE;SUBURBIO;ABALROAMENTO LONGITUDINAL;2;;;;;;;;0;;Bom;Não existe;Perfeito estado;Seca;Perfeito estado;Faixa de pedestre;Não há placas;;2019
20/04/2019;23:21:00;SEM VÍTIMA;SANTO ANTÔNIO;C SANTA RITA;CIDADE;CHOQUE OBJETO FIXO;;;;;;;1;1;0;;Bom;Não existe;Não existente;Seca;Mal conservada;Não existe;Outras;;2019
20/04/2019;23:47:00;SEM VÍTIMA;SANTO AMARO;AV GOVERNADOR AGAMENON MAGALHAES;;COLISÃO TRASEIRA;2;;;;;;;;0;;Bom;Intermitente;Perfeito estado;Seca;Perfeito estado;Outros;;60 km/h;2019
21/04/2019;00:17:00;SEM VÍTIMA;SANTO AMARO;AV VISCONDE DE SUASSUNA;SUBURBIO;ABALROAMENTO TRANSVERSAL;1;;;;1;;;;0;;Bom;Sem defeito;Perfeito estado;Seca;Perfeito estado;Faixa de pedestre;Placas Pare;;2019
21/04/2019;00:35:00;SEM VÍTIMA;IBURA;AV RECIFE;CIDADE;ABALROAMENTO TRANSVERSAL;1;1;;;;;;;0;;Bom;Sem defeito;Perfeito estado;Seca;Perfeito estado;;R-6a;;2019
21/04/2019;07:25:00;SEM VÍTIMA;PINA;RUA JOSE RODRIGUES;;COLISÃO;;;;;1;;;;0;;;;;;;;;;2019
21/04/2019;08:57:00;SEM VÍTIMA;BOA VIAGEM;RUA PADRE CARAPUCEIRO;;COLISÃO;2;;;;;;;;0;;;;;;;;;;2019
21/04/2019;10:08:00;SEM VÍTIMA;DOIS IRMÃOS;RUA DOIS IRMAOS;CIDADE;COLISÃO TRASEIRA;2;;;;;;;;0;;Bom;Não existe;Não existente;Seca;Perfeito estado;Não existe;Não há placas;;2019
21/04/2019;13:35:00;SEM VÍTIMA;BONGI;EST DOS REMEDIOS;SUBURBIO;ABALROAMENTO LONGITUDINAL;2;;;;;;;;0;;Bom;Sem defeito;Perfeito estado;Seca;Perfeito estado;Faixa de pedestre;Outras;50 km/h;2019
21/04/2019;13:37:00;SEM VÍTIMA;TEJIPIÓ;RUA FALCAO DE LACERDA;SUBURBIO;ABALROAMENTO LONGITUDINAL;1;1;;;;;;;0;;Bom;Não existe;Perfeito estado;Seca;Perfeito estado;Não existe;Não há placas;40 km/h;2019
21/04/2019;13:39:00;SEM VÍTIMA;SANTO AMARO;AV GOVERNADOR AGAMENON MAGALHAES;SUBURBIO;COLISÃO TRASEIRA;2;;;;;;;;0;;Bom;Sem defeito;Perfeito estado;Seca;Perfeito estado;Faixa de pedestre;Não há placas;60 km/h;2019
21/04/2019;14:14:00;SEM VÍTIMA;CORDEIRO;AV CAXANGA;CIDADE;COLISÃO TRASEIRA;2;;;;;;;;0;;Bom;Não existe;Perfeito estado;Seca;Perfeito estado;Não existe;Não há placas;60 km/h;2019
21/04/2019;14:49:00;SEM VÍTIMA;VÁRZEA;AV CAXANGA;CIDADE;COLISÃO TRASEIRA;2;;;;;;;;0;;Bom;Sem defeito;Perfeito estado;Seca;Perfeito estado;Não existe;Outras;;2019
21/04/2019;15:16:00;SEM VÍTIMA;DERBY;RUA HENRIQUE DIAS;CIDADE;ABALROAMENTO TRANSVERSAL;1;;;;1;;;;0;;Bom;Sem defeito;Perfeito estado;Seca;Perfeito estado;Faixa de pedestre;R-6a;40 km/h;2019
21/04/2019;16:44:00;SEM VÍTIMA;IMBIRIBEIRA;VIADUTO TANCREDO NEVES;SUBURBIO;ABALROAMENTO LONGITUDINAL;3;;;;;;;;0;;Bom;Não existe;Não existente;Seca;Perfeito estado;Não existe;Não há placas;;2019
21/04/2019;18:51:00;SEM VÍTIMA;NOVA DESCOBERTA;RUA NOVA DESCOBERTA;CIDADE;COLISÃO TRASEIRA;2;;;;;;;;0;;Bom;Sem defeito;Incompleta;Seca;Perfeito estado;Outros;Não há placas;;2019
21/04/2019;19:07:00;SEM VÍTIMA;IMBIRIBEIRA;VIADUTO TANCREDO NEVES;SUBURBIO;COLISÃO TRASEIRA;6;;;;;;;;0;;Bom;Não existe;Não existente;Seca;Perfeito estado;;Não há placas;60 km/h;2019
21/04/2019;19:14:00;SEM VÍTIMA;CASA FORTE;AV DEZESSETE DE AGOSTO;CIDADE;COLISÃO TRASEIRA;2;;;;;;;;0;;Bom;Sem defeito;Perfeito estado;Seca;Perfeito estado;Faixa de pedestre;R-6a;;2019
21/04/2019;21:41:00;SEM VÍTIMA;BARRO;RUA RIO SOLIMOES;SUBURBIO;ABALROAMENTO TRANSVERSAL;1;1;;;;;;;0;;Bom;Não existe;Não existente;Seca;Perfeito estado;Não existe;Não há placas;;2019
22/04/2019;00:04:00;SEM VÍTIMA;CASA AMARELA;RUA ALTO JOSE BONIFACIO;SUBURBIO;ABALROAMENTO TRANSVERSAL;1;;;;1;;;;0;;Bom;Não existe;Incompleta;Seca;Perfeito estado;;Não há placas;30 km/h;2019
22/04/2019;01:15:00;COM VÍTIMA;ARRUDA;RUA DA REGENERACAO;;COLISÃO;1;1;;;;;;;1;;;;;;;;;;2019
22/04/2019;07:02:00;SEM VÍTIMA;JARDIM SÃO PAULO;RUA LEANDRO BARRETO;;COLISÃO;1;;;;1;;;;0;;;;;;;;;;2019
22/04/2019;07:16:00;COM VÍTIMA;DOIS UNIDOS;AV HILDEBRANDO DE VASCONCELOS;SUBURBIO;ABALROAMENTO LONGITUDINAL;;1;;;1;;;;1;;Bom;Não existe;Não existente;Seca;Mal conservada;Não existe;Não há placas;;2019
22/04/2019;07:29:00;SEM VÍTIMA;AFOGADOS;EST DOS REMEDIOS;;ABALROAMENTO TRANSVERSAL;2;;;;;;;;0;;Bom;Não existe;Perfeito estado;Seca;Perfeito estado;Outros;Outras;60 km/h;2019
22/04/2019;07:29:00;SEM VÍTIMA;JARDIM SÃO PAULO;AV DR JOSE RUFINO;CIDADE;COLISÃO TRASEIRA;1;;;;;1;;;0;;Bom;Sem defeito;Perfeito estado;Seca;Perfeito estado;Faixa de retenção;;;2019
22/04/2019;08:05:00;SEM VÍTIMA;ÁGUA FRIA;EST VELHA DE AGUA FRIA;CIDADE;ABALROAMENTO LONGITUDINAL;1;;;;;1;;;0;;Bom;Não existe;Perfeito estado;Seca;Perfeito estado;Não existe;Não há placas;;2019
22/04/2019;08:57:00;SEM VÍTIMA;SANTO ANTÔNIO;AV MARTINS DE BARROS;SUBURBIO;ABALROAMENTO LONGITUDINAL;1;;;;1;;;;0;;Bom;Sem defeito;Perfeito estado;Seca;Perfeito estado;Faixa de pedestre;R-6c;;2019
22/04/2019;09:14:00;SEM VÍTIMA;DOIS UNIDOS;RUA CANAVIEIRA;SUBURBIO;ABALROAMENTO TRANSVERSAL;1;;;;;;1;;0;;Bom;Não existe;Incompleta;Seca;Perfeito estado;Não existe;Não há placas;;2019
22/04/2019;09:36:00;SEM VÍTIMA;IPSEP;RUA ABDIAS CABRAL DE MOURA;;ABALROAMENTO TRANSVERSAL;2;;;;;;;;0;;Bom;Não existe;Ilegível;Seca;Perfeito estado;Não existe;Placas Pare;;2019
22/04/2019;10:12:00;COM VÍTIMA;BAIRRO DO RECIFE;AV MILITAR;SUBURBIO;ABALROAMENTO LONGITUDINAL;1;1;;;;;;;1;;Bom;Não existe;Perfeito estado;Seca;Perfeito estado;Não existe;Não há placas;60 km/h;2019
22/04/2019;10:40:00;SEM VÍTIMA;BOA VISTA;RUA AURORA;SUBURBIO;ABALROAMENTO LONGITUDINAL;1;;;;1;;;;0;;Bom;Sem defeito;Perfeito estado;Seca;Perfeito estado;;Outras;;2019
22/04/2019;11:09:00;SEM VÍTIMA;IPUTINGA;RUA EMILIANO BRAGA;SUBURBIO;ABALROAMENTO TRANSVERSAL;2;;;;;;;;0;;Bom;Não existe;Incompleta;Seca;Perfeito estado;Não existe;Placas Pare;;2019
22/04/2019;11:47:00;SEM VÍTIMA;SÃO JOSÉ;RUA FLORIANO PEIXOTO;SUBURBIO;ABALROAMENTO LONGITUDINAL;2;;;;;;;;0;;Bom;Não existe;Perfeito estado;Seca;Perfeito estado;;R-6a;;2019
22/04/2019;12:36:00;SEM VÍTIMA;MADALENA;AV BEIRA RIO;SUBURBIO;ABALROAMENTO TRANSVERSAL;2;;;;;;;;0;;Bom;Sem defeito;Perfeito estado;Seca;Perfeito estado;Faixa de pedestre;Não há placas;;2019
22/04/2019;12:38:00;SEM VÍTIMA;ESPINHEIRO;RUA DA HORA;;COLISÃO TRASEIRA;1;;;;1;;;;0;;Bom;Não existe;Perfeito estado;Seca;Perfeito estado;Não existe;R-6a;40 km/h;2019
22/04/2019;13:30:00;SEM VÍTIMA;BONGI;EST DO BONGI;CIDADE;COLISÃO;1;1;;;;;;;0;;;;;;;;;;2019
22/04/2019;15:45:00;SEM VÍTIMA;CORDEIRO;AV CAXANGA;SUBURBIO;ABALROAMENTO LONGITUDINAL;2;;;;;;;;0;;Bom;Sem defeito;Perfeito estado;Seca;Perfeito estado;Faixa de pedestre;Outras;;2019
22/04/2019;15:54:00;SEM VÍTIMA;ESTÂNCIA;AV DR JOSE RUFINO;SUBURBIO;COLISÃO TRASEIRA;1;;;;;;;;0;;Bom;Não existe;Perfeito estado;Seca;Perfeito estado;Não existe;;40 km/h;2019
22/04/2019;15:55:00;SEM VÍTIMA;COELHOS;RUA FRANCISCO ALVES;;ACID. DE PERCURSO;1;;;;;;;;0;;;;;;;;;;2019
22/04/2019;16:12:00;SEM VÍTIMA;SAN MARTIN;AV ENGENHEIRO ABDIAS DE CARVALHO;CIDADE;COLISÃO TRASEIRA;1;;;;1;;;;0;;Bom;Sem defeito;Perfeito estado;Seca;Perfeito estado;Outros;Outras;60 km/h;2019
22/04/2019;16:54:00;SEM VÍTIMA;SANTO AMARO;AV NORTE;SUBURBIO;COLISÃO TRASEIRA;2;;;;;;;;0;;Bom;Não existe;Perfeito estado;Seca;Perfeito estado;Não existe;Não há placas;;2019
22/04/2019;17:06:00;SEM VÍTIMA;IPUTINGA;RUA MAURICIO DE NASSAU;;ABALROAMENTO LONGITUDINAL;1;;;;;1;;;0;;Bom;Não existe;Perfeito estado;Seca;Perfeito estado;Não existe;Não há placas;;2019
22/04/2019;17:29:00;SEM VÍTIMA;BOA VISTA;AV GOVERNADOR AGAMENON MAGALHAES;SUBURBIO;ABALROAMENTO LONGITUDINAL;1;1;;;;;;;0;;Bom;Sem defeito;Perfeito estado;Seca;Perfeito estado;Faixa de pedestre;Outras;60 km/h;2019
22/04/2019;17:42:00;COM VÍTIMA;BOA VIAGEM;RUA COSMORAMA;CIDADE;COLISÃO TRASEIRA;1;1;;;;;;;1;;Bom;Não existe;Perfeito estado;Seca;Perfeito estado;Não existe;A-33a;40 km/h;2019
22/04/2019;18:18:00;SEM VÍTIMA;MACAXEIRA;AV NORTE;CIDADE;COLISÃO TRASEIRA;3;;;;;;;;0;;Bom;Não existe;Perfeito estado;Seca;Perfeito estado;Não existe;Não há placas;;2019
22/04/2019;18:26:00;SEM VÍTIMA;AFOGADOS;RUA VINTE E UM DE ABRIL;SUBURBIO;ABALROAMENTO LONGITUDINAL;2;;;;;;;;0;;Chuvoso;Não existe;Perfeito estado;Molhada;Perfeito estado;Outros;Não há placas;;2019
22/04/2019;18:52:00;SEM VÍTIMA;IPSEP;AV RECIFE;SUBURBIO;COLISÃO TRASEIRA;2;;;;;;;;0;;Bom;Sem defeito;Perfeito estado;Seca;Perfeito estado;Não existe;Não há placas;60 km/h;2019
22/04/2019;18:55:00;SEM VÍTIMA;BOA VIAGEM;RUA RIBEIRO DE BRITO;SUBURBIO;ABALROAMENTO LONGITUDINAL;2;;;;;;;;0;;Bom;Não existe;Perfeito estado;Seca;Perfeito estado;Não existe;Placas Pare;;2019
22/04/2019;19:03:00;SEM VÍTIMA;BOA VIAGEM;RUA ARTUR MUNIZ;;COLISÃO;2;;;;;;;;0;;;;;;;;;;2019
22/04/2019;21:42:00;SEM VÍTIMA;SANTO AMARO;RUA DR CARLOS CHAGAS;SUBURBIO;ABALROAMENTO LONGITUDINAL;2;;;;;;;;0;;Bom;Não existe;Incompleta;Seca;Perfeito estado;Não existe;R-6a;;2019
22/04/2019;21:55:00;COM VÍTIMA;BOA VIAGEM;RUA VISCONDE DE JEQUITINHONHA;SUBURBIO;ABALROAMENTO LONGITUDINAL;1;1;;;;;;;1;;Chuvoso;Não existe;Perfeito estado;Molhada;Perfeito estado;Não existe;Não há placas;60 km/h;2019
22/04/2019;22:33:00;SEM VÍTIMA;IPSEP;RUA PAMPULHA;SUBURBIO;ABALROAMENTO LONGITUDINAL;2;;;;;;;;0;;Bom;Não existe;Perfeito estado;Seca;Perfeito estado;Não existe;Não há placas;;2019
23/04/2019;07:18:00;SEM VÍTIMA;CORDEIRO;AV ENGENHEIRO ABDIAS DE CARVALHO;CIDADE;ABALROAMENTO LONGITUDINAL;1;;;;;1;;;0;;Bom;Sem defeito;Perfeito estado;Seca;Perfeito estado;Faixa de pedestre;Outras;;2019
23/04/2019;07:54:00;SEM VÍTIMA;SANTO AMARO;AV DA SAUDADE,;CIDADE;ABALROAMENTO LONGITUDINAL;1;;;;1;;;;0;;Bom;Sem defeito;Perfeito estado;Molhada;Perfeito estado;Faixa de pedestre;R-6a;;2019
23/04/2019;08:09:00;SEM VÍTIMA;MADALENA;RUA MENEZES DRUMOND;;COLISÃO;2;;;;;;;;0;;;;;;;;;;2019
23/04/2019;08:29:00;SEM VÍTIMA;AFOGADOS;AV SUL;CIDADE;ABALROAMENTO LONGITUDINAL;1;;;;;1;;;0;;Bom;Não existe;Não existente;Seca;Perfeito estado;Não existe;Não há placas;;2019
23/04/2019;08:44:00;SEM VÍTIMA;PAISSANDU;AV GOVERNADOR AGAMENON MAGALHAES;;COLISÃO;2;;;;;;;;0;;;;;;;;;;2019
23/04/2019;08:45:00;SEM VÍTIMA;MADALENA;RUA JOSE OSORIO;;ABALROAMENTO LONGITUDINAL;2;;;;;;;;0;;Bom;;Perfeito estado;Seca;Perfeito estado;Não existe;Outras;60 km/h;2019
23/04/2019;09:19:00;SEM VÍTIMA;DERBY;AV GOVERNADOR AGAMENON MAGALHAES;;ABALROAMENTO LONGITUDINAL;2;;;;;;;;0;;Chuvoso;Não existe;Perfeito estado;Molhada;Perfeito estado;Não existe;Outras;;2019
23/04/2019;09:48:00;SEM VÍTIMA;JARDIM SÃO PAULO;AV ADOLPHO BLOCH;SUBURBIO;ABALROAMENTO LONGITUDINAL;;;;;;0;;;0;;Bom;Não existe;Perfeito estado;Seca;Perfeito estado;Não existe;Não há placas;;2019
23/04/2019;10:06:00;SEM VÍTIMA;SANTO AMARO;AV MARIO MELO;SUBURBIO;ABALROAMENTO TRANSVERSAL;2;;;;;;;;0;;Bom;Não existe;Perfeito estado;Seca;Perfeito estado;Não existe;Outras;;2019
23/04/2019;10:17:00;SEM VÍTIMA;IMBIRIBEIRA;AV MARECHAL MASCARENHAS DE MORAES;CIDADE;COLISÃO TRASEIRA;2;;;;;;;;0;;Bom;Sem defeito;Perfeito estado;Seca;Perfeito estado;Não existe;Não há placas;60 km/h;2019
23/04/2019;10:20:00;SEM VÍTIMA;AREIAS;AV DR JOSE RUFINO;CIDADE;COLISÃO TRASEIRA;2;;;;;;;;0;;Nublado;Sem defeito;Perfeito estado;Seca;;Faixa de pedestre;Outras;;2019
23/04/2019;10:44:00;SEM VÍTIMA;ESTÂNCIA;AV ESTANCIA;SUBURBIO;COLISÃO TRASEIRA;2;;;;;;;;0;;Bom;Não existe;Perfeito estado;Seca;Perfeito estado;Não existe;Não há placas;30 km/h;2019
23/04/2019;10:49:00;SEM VÍTIMA;ILHA DO LEITE;AV LINS PETIT;SUBURBIO;COLISÃO TRASEIRA;2;;;;;;;;0;;Bom;Não existe;Perfeito estado;Seca;Perfeito estado;Não existe;R-6a;;2019
23/04/2019;11:09:00;SEM VÍTIMA;SÃO JOSÉ;AV DANTAS BARRETO;SUBURBIO;ABALROAMENTO LONGITUDINAL;2;;;;;;;;0;;Bom;Não existe;Perfeito estado;Seca;Perfeito estado;Não existe;Não há placas;;2019
23/04/2019;11:17:00;SEM VÍTIMA;IPUTINGA;RUA MAURICEIA;;COLISÃO TRASEIRA;2;;;;;;;;0;;Bom;Não existe;Perfeito estado;Seca;Perfeito estado;Não existe;Placas Pare;;2019
23/04/2019;12:03:00;SEM VÍTIMA;TAMARINEIRA;RUA CONEGO BARATA;SUBURBIO;ABALROAMENTO LONGITUDINAL;2;;;;;;;;0;;Bom;Sem defeito;Perfeito estado;Seca;Perfeito estado;Não existe;R-6a;;2019
23/04/2019;13:31:00;SEM VÍTIMA;BOA VIAGEM;RUA VISCONDE DE JEQUITINHONHA;;COLISÃO;2;;;;;;;;0;;;;;;;;;;2019
23/04/2019;13:40:00;SEM VÍTIMA;IPUTINGA;EST DO BARBALHO;SUBURBIO;ABALROAMENTO LONGITUDINAL;1;;;;1;;;;0;;Bom;Não existe;Não existente;Seca;Perfeito estado;Não existe;Não há placas;;2019
23/04/2019;14:30:00;SEM VÍTIMA;BONGI;AV ENGENHEIRO ABDIAS DE CARVALHO;;COLISÃO;1;;;;1;;;;0;;;;;;;;;;2019
23/04/2019;15:50:00;COM VÍTIMA;IPSEP;AV RECIFE;SUBURBIO;COLISÃO TRASEIRA;1;1;;;;;;;2;;Bom;Não existe;Perfeito estado;Seca;Perfeito estado;Não existe;Outras;60 km/h;2019
23/04/2019;16:01:00;SEM VÍTIMA;ILHA DO LEITE;;;COLISÃO;2;;;;;;;;0;;;;;;;;;;2019
23/04/2019;16:05:00;SEM VÍTIMA;BOA VIAGEM;AV CONSELHEIRO AGUIAR;;COLISÃO;1;;;;1;;;;0;;;;;;;;;;2019
23/04/2019;16:18:00;SEM VÍTIMA;ÁGUA FRIA;RUA MOEMA;;COLISÃO;2;;;;;;;;0;;;;;;;;;;2019
23/04/2019;16:34:00;SEM VÍTIMA;IMBIRIBEIRA;AV MARECHAL MASCARENHAS DE MORAES;SUBURBIO;ABALROAMENTO LONGITUDINAL;1;;;;;1;;;0;;Bom;Não existe;Perfeito estado;Seca;Perfeito estado;Não existe;Outras;60 km/h;2019
23/04/2019;16:35:00;SEM VÍTIMA;CAMPO GRANDE;RUA FRANKLIN TAVORA;SUBURBIO;COLISÃO FRONTAL;1;;;;;1;;;0;;Bom;Não existe;Perfeito estado;Seca;Perfeito estado;Faixa de retenção;Placas Pare;30 km/h;2019
23/04/2019;16:36:00;SEM VÍTIMA;ÁGUA FRIA;AV BEBERIBE;CIDADE;COLISÃO TRASEIRA;2;;;;;;;;0;;Bom;Sem defeito;Perfeito estado;Seca;Perfeito estado;Não existe;Outras;;2019
23/04/2019;17:24:00;SEM VÍTIMA;ENCRUZILHADA;EST DE BELEM;;ABALROAMENTO TRANSVERSAL;1;;;;1;;;;0;;Chuvoso;Não existe;Perfeito estado;Molhada;Perfeito estado;Não existe;Outras;;2019
23/04/2019;17:53:00;SEM VÍTIMA;ILHA DO LEITE;AV LINS PETIT;SUBURBIO;ABALROAMENTO LONGITUDINAL;1;;;;;1;;;0;;Bom;Não existe;Não existente;Seca;Perfeito estado;Não existe;Não há placas;;2019