data;hora;natureza_acidente;bairro;endereco;sentido_via;tipo;auto;moto;ciclista;pedestre;onibus;caminhao;viatura;outros;vitimas;vitimasfatais;tempo_clima;situacao_semaforo;sinalizacao;condicao_via;conservacao_via;ponto_controle;situacao_placa;velocidade_max_via;ano
23/04/2019;18:09:00;SEM VÍTIMA;IMBIRIBEIRA;AV MARECHAL MASCARENHAS DE MORAES;CIDADE;ABALROAMENTO LONGITUDINAL;2;;;;;;;;0;;Bom;Não existe;Perfeito estado;Seca;Perfeito estado;Outros;Outras;60 km/h;2019
23/04/2019;18:14:00;SEM VÍTIMA;IMBIRIBEIRA;AV MARECHAL MASCARENHAS DE MORAES;CIDADE;ABALROAMENTO LONGITUDINAL;2;;;;;;;;0;;Bom;Não existe;Perfeito estado;Seca;Perfeito estado;Não existe;Não há placas;60 km/h;2019
23/04/2019;18:38:00;SEM VÍTIMA;BOA VIAGEM;AVENIDA CELSO FURTADO (VIA MANGUE);;COLISÃO;3;;;;;;;;0;;;;;;;;;;2019
23/04/2019;19:09:00;SEM VÍTIMA;SANTO ANTÔNIO;PTE DUARTE COELHO;CIDADE;ABALROAMENTO LONGITUDINAL;1;;;;1;;;;0;;Chuvoso;Sem defeito;Perfeito estado;Molhada;Perfeito estado;Faixa de pedestre;;;2019
23/04/2019;19:22:00;COM VÍTIMA;BOA VIAGEM;AV ENGENHEIRO DOMINGOS FERREIRA;SUBURBIO;COLISÃO TRASEIRA;1;1;;;;;;;2;;Chuvoso;Sem defeito;Perfeito estado;Molhada;Perfeito estado;Faixa de pedestre;;60 km/h;2019
23/04/2019;20:20:00;COM VÍTIMA;TORREÃO;AV GOVERNADOR AGAMENON MAGALHAES;;ABALROAMENTO LONGITUDINAL;1;1;;;;;;;1;;Bom;Sem defeito;Ilegível;Seca;Perfeito estado;Não existe;Não há placas;;2019
23/04/2019;21:02:00;SEM VÍTIMA;SANTO AMARO;PRC GENERAL CARLOS PINTO;;COLISÃO;2;;;;;;;;0;;;;;;;;;;2019
23/04/2019;23:06:00;SEM VÍTIMA;ESTÂNCIA;AV DR JOSE RUFINO;SUBURBIO;ABALROAMENTO TRANSVERSAL;1;;;;1;;;;0;;Chuvoso;Não existe;Perfeito estado;Molhada;Perfeito estado;Não existe;R-6a;;2019
24/04/2019;00:02:00;SEM VÍTIMA;ARRUDA;RUA PROFESSOR JERONIMO GUEIROS;SUBURBIO;COLISÃO TRASEIRA;2;;;;;;;;0;;Bom;Sem defeito;Perfeito estado;Seca;Perfeito estado;;Não há placas;;2019
24/04/2019;00:21:00;COM VÍTIMA;BAIRRO DO RECIFE;RUA MADRE DEUS;;ABALROAMENTO TRANSVERSAL;;;;;;1;1;;2;;Bom;Intermitente;Perfeito estado;Seca;Perfeito estado;Faixa de pedestre;;;2019
24/04/2019;04:13:00;SEM VÍTIMA;BOA VIAGEM;AV CONSELHEIRO AGUIAR;CIDADE;CHOQUE OBJETO FIXO;1;;;;;;;;0;;Bom;Sem defeito;Perfeito estado;Seca;Perfeito estado;Faixa de pedestre;;60 km/h;2019
24/04/2019;06:31:00;COM VÍTIMA;CASA AMARELA;AV NORTE;CIDADE;COLISÃO COM CICLISTA;;;1;;1;;;;1;;Bom;Sem defeito;Perfeito estado;Seca;Perfeito estado;Faixa de pedestre;R-6a;;2019
24/04/2019;07:02:00;SEM VÍTIMA;CAMPO GRANDE;RUA JERONIMO VILELA;;COLISÃO;2;;;;;;;;0;;;;;;;;;;2019
24/04/2019;07:13:00;SEM VÍTIMA;ILHA DO RETIRO;RUA SENADOR FABIO DE BARROS;CIDADE;ABALROAMENTO TRANSVERSAL;2;;;;;;;;0;;Bom;Não existe;Perfeito estado;Seca;Perfeito estado;Não existe;Não há placas;;2019
24/04/2019;07:58:00;SEM VÍTIMA;BOA VISTA;AV JOAO DE BARROS;CIDADE;ABALROAMENTO TRANSVERSAL;1;;;;1;;;;0;;Nublado;Não existe;Não existente;Seca;Perfeito estado;Não existe;Não há placas;60 km/h;2019
24/04/2019;08:44:00;COM VÍTIMA;ARRUDA;RUA DO MACHADO;;ABALROAMENTO LONGITUDINAL;1;1;;;;;;;2;;Bom;Não existe;Perfeito estado;Seca;Perfeito estado;Faixa de pedestre;Placas Pare;;2019
24/04/2019;08:53:00;SEM VÍTIMA;JOANA BEZERRA;VIADUTO CAPITAO TEMUDO;SUBURBIO;ABALROAMENTO LONGITUDINAL;1;;;;1;;;;0;;Bom;Não existe;Perfeito estado;Seca;Perfeito estado;Não existe;Não há placas;;2019
24/04/2019;10:32:00;SEM VÍTIMA;SANTO AMARO;RUA MARQUÊS DO POMBAL;SUBURBIO;CHOQUE VEÍCULO PARADO;1;2;;;;;;;0;;Bom;Não existe;Perfeito estado;Seca;Perfeito estado;Não existe;Placas Pare;30 km/h;2019
24/04/2019;11:01:00;COM VÍTIMA;ENCRUZILHADA;AV NORTE;CIDADE;ABALROAMENTO TRANSVERSAL;1;1;;;;;;;2;;Chuvoso;Não existe;Perfeito estado;Molhada;Perfeito estado;Não existe;R-6a;60 km/h;2019
24/04/2019;11:46:00;SEM VÍTIMA;BAIRRO DO RECIFE;CAIS DO APOLO;CIDADE;ABALROAMENTO LONGITUDINAL;2;;;;;;;;0;;Bom;Não existe;Perfeito estado;Seca;Perfeito estado;Não existe;Não há placas;;2019
24/04/2019;11:58:00;COM VÍTIMA;PRADO;RUA GOMES TABORDA;CIDADE;ABALROAMENTO TRANSVERSAL;1;1;;;;;;;1;;Bom;Não existe;Perfeito estado;Seca;Perfeito estado;Outros;Outras;;2019
24/04/2019;12:30:00;SEM VÍTIMA;BOA VIAGEM;AV CONSELHEIRO AGUIAR;SUBURBIO;COLISÃO TRASEIRA;2;;;;;;;;0;;Bom;Sem defeito;Perfeito estado;Seca;Perfeito estado;Faixa de pedestre;Outras;;2019
25/04/2019;06:49:00;SEM VÍTIMA;SÃO JOSÉ;RUA IMPERIAL;SUBURBIO;ABALROAMENTO TRANSVERSAL;1;1;;;;;;;0;;Bom;Sem defeito;Perfeito estado;Seca;Perfeito estado;;;40 km/h;2019
24/04/2019;13:01:00;SEM VÍTIMA;BOA VIAGEM;AV ENGENHEIRO DOMINGOS FERREIRA;SUBURBIO;ABALROAMENTO TRANSVERSAL;1;;;;1;;;;0;;Bom;Sem defeito;Perfeito estado;Seca;Perfeito estado;Não existe;Outras;60 km/h;2019
24/04/2019;15:21:00;SEM VÍTIMA;ESTÂNCIA;AV ESTANCIA;SUBURBIO;ABALROAMENTO TRANSVERSAL;2;;;;;;;;0;;Chuvoso;Não existe;Ilegível;Molhada;Perfeito estado;Não existe;Não há placas;;2019
24/04/2019;15:30:00;SEM VÍTIMA;BOA VIAGEM;RUA CARLOS PEREIRA FALCAO;;ABALROAMENTO TRANSVERSAL;2;;;;;;;;0;;Chuvoso;Não existe;Incompleta;Molhada;Mal iluminada;Não existe;Outras;;2019
24/04/2019;15:33:00;SEM VÍTIMA;MADALENA;RUA JOSE OSORIO;SUBURBIO;ABALROAMENTO LONGITUDINAL;2;;;;;;;;0;;Bom;Não existe;Perfeito estado;Seca;Perfeito estado;Não existe;Não há placas;50 km/h;2019
24/04/2019;16:03:00;SEM VÍTIMA;TOTÓ;RUA ANANIAS CATANHO;SUBURBIO;CHOQUE VEÍCULO PARADO;1;1;;;;;;;0;;Bom;Não existe;Não existente;Seca;Perfeito estado;Não existe;Não há placas;;2019
24/04/2019;16:46:00;SEM VÍTIMA;SANTO ANTÔNIO;AV MARTINS DE BARROS;SUBURBIO;ABALROAMENTO LONGITUDINAL;1;;;;1;;;;0;;Bom;Sem defeito;Perfeito estado;Seca;Perfeito estado;Faixa de pedestre;R-6a;;2019
24/04/2019;16:50:00;SEM VÍTIMA;IPSEP;RUA JEAN EMILE FAVRE;SUBURBIO;ABALROAMENTO LONGITUDINAL;2;;;;;;;;0;;Bom;Não existe;Perfeito estado;Seca;Perfeito estado;Não existe;Placas Pare;40 km/h;2019
24/04/2019;17:02:00;SEM VÍTIMA;IMBIRIBEIRA;AV MARECHAL MASCARENHAS DE MORAES;SUBURBIO;COLISÃO TRASEIRA;2;;;;;;;;0;;Bom;Não existe;Perfeito estado;Molhada;Perfeito estado;Outros;Outras;60 km/h;2019
24/04/2019;17:03:00;SEM VÍTIMA;PRADO;AV ENGENHEIRO ABDIAS DE CARVALHO;SUBURBIO;ABALROAMENTO LONGITUDINAL;1;;;;1;;;;0;;Bom;Sem defeito;Perfeito estado;Seca;Perfeito estado;Outros;Outras;60 km/h;2019
24/04/2019;17:49:00;SEM VÍTIMA;BOA VIAGEM;RUA ERNESTO DE PAULA SANTOS;;ABALROAMENTO TRANSVERSAL;2;;;;;;;;0;;Bom;Não existe;Perfeito estado;Seca;Perfeito estado;Não existe;Não há placas;;2019
24/04/2019;18:02:00;COM VÍTIMA;BOA VISTA;AV VISCONDE DE SUASSUNA;SUBURBIO;ABALROAMENTO LONGITUDINAL;;1;;;;1;;;1;;Chuvoso;Não existe;Perfeito estado;Molhada;Perfeito estado;Não existe;Placas Pare;;2019
24/04/2019;18:38:00;SEM VÍTIMA;BONGI;RUA ISAAC MARKMAN;SUBURBIO;COLISÃO FRONTAL;2;;;;;;;;0;;Bom;Não existe;Perfeito estado;Seca;Perfeito estado;Não existe;Não há placas;;2019
24/04/2019;18:49:00;SEM VÍTIMA;SAN MARTIN;AV GENERAL SAN MARTIN;;COLISÃO;1;1;;;;;;;0;;;;;;;;;;2019
24/04/2019;18:53:00;SEM VÍTIMA;JORDÃO;RUA EMILIO MONTEIRO FONSECA;;COLISÃO;1;1;;;;;;;0;;;;;;;;;;2019
24/04/2019;19:02:00;SEM VÍTIMA;GRAÇAS;AV RUI BARBOSA;CIDADE;COLISÃO TRASEIRA;3;;;;;;;;0;;Chuvoso;Não existe;Perfeito estado;Molhada;Perfeito estado;Não existe;Placas Pare;;2019
24/04/2019;19:58:00;SEM VÍTIMA;TORREÃO;AV NORTE;SUBURBIO;COLISÃO TRASEIRA;;2;;;;;;;0;;Bom;Não existe;Perfeito estado;Molhada;Perfeito estado;;;;2019
24/04/2019;20:38:00;SEM VÍTIMA;BOA VISTA;AV LINS PETIT;SUBURBIO;ABALROAMENTO LONGITUDINAL;2;;;;;;;;0;;Bom;Não existe;Perfeito estado;Seca;Perfeito estado;;;;2019
24/04/2019;21:22:00;SEM VÍTIMA;DERBY;RUA JORNALISTA PAULO BITTENCOURT;;COLISÃO;2;;;;;;;;0;;;;;;;;;;2019
25/04/2019;08:26:00;SEM VÍTIMA;BOA VIAGEM;RUA DOM JOSE LOPES;SUBURBIO;ABALROAMENTO TRANSVERSAL;2;;;;;;;;0;;Bom;Não existe;Perfeito estado;Seca;Perfeito estado;Não existe;Placas Pare;40 km/h;2019
25/04/2019;08:39:00;SEM VÍTIMA;CASA FORTE;EST DO ENCANAMENTO;CIDADE;ABALROAMENTO LONGITUDINAL;;;;;1;1;;;0;;Bom;Não existe;Perfeito estado;Seca;Perfeito estado;Não existe;Não há placas;60 km/h;2019
25/04/2019;08:39:00;SEM VÍTIMA;MADALENA;AV CAXANGA;CIDADE;COLISÃO TRASEIRA;2;;;;;;;;0;;Bom;Não existe;Perfeito estado;Seca;Perfeito estado;Não existe;R-6a;;2019
25/04/2019;09:11:00;SEM VÍTIMA;JOANA BEZERRA;RUA JARAGUARI;SUBURBIO;ABALROAMENTO LONGITUDINAL;;;;;2;;;;0;;Chuvoso;Não existe;Perfeito estado;Seca;Perfeito estado;Não existe;Não há placas;;2019
25/04/2019;09:18:00;SEM VÍTIMA;AFOGADOS;EST DOS REMEDIOS;CIDADE;ABALROAMENTO LONGITUDINAL;2;;;;;;;;0;;Bom;Não existe;Perfeito estado;Seca;Perfeito estado;Não existe;R-6a;;2019
25/04/2019;10:29:00;SEM VÍTIMA;BOA VIAGEM;RUA VISCONDE DE JEQUITINHONHA;SUBURBIO;ABALROAMENTO LONGITUDINAL;1;;;;;;1;;0;;Chuvoso;Não existe;Perfeito estado;Molhada;Perfeito estado;;Não há placas;60 km/h;2019
25/04/2019;10:43:00;SEM VÍTIMA;ESTÂNCIA;AV RECIFE;;ABALROAMENTO LONGITUDINAL;1;;;;;1;;;0;;Chuvoso;Não existe;Não existente;Molhada;Perfeito estado;Não existe;Não há placas;;2019
25/04/2019;11:11:00;SEM VÍTIMA;IPSEP;AV RECIFE;SUBURBIO;COLISÃO TRASEIRA;1;1;;;;;;;0;;Chuvoso;Não existe;Perfeito estado;Molhada;Perfeito estado;Não existe;Não há placas;;2019
25/04/2019;11:27:00;SEM VÍTIMA;AFOGADOS;RUA CINCO DE NOVEMBRO;CIDADE;COLISÃO TRASEIRA;1;1;;;;;;;0;;Chuvoso;Não existe;Não existente;Molhada;Perfeito estado;Não existe;Não há placas;;2019
25/04/2019;11:53:00;SEM VÍTIMA;SANTO AMARO;AV PREFEITO ARTUR LIMA CAVALCANTI;SUBURBIO;ABALROAMENTO LONGITUDINAL;1;;;;;1;;1;0;;Chuvoso;Sem defeito;Perfeito estado;Molhada;Perfeito estado;Faixa de pedestre;Outras;;2019
25/04/2019;12:23:00;SEM VÍTIMA;ESPINHEIRO;RUA CONS PORTELA;;COLISÃO;2;;;;;;;;0;;;;;;;;;;2019
25/04/2019;12:32:00;SEM VÍTIMA;BOA VIAGEM;AV ENGENHEIRO DOMINGOS FERREIRA;SUBURBIO;COLISÃO TRASEIRA;3;;;;;;;;0;;Chuvoso;Sem defeito;Perfeito estado;Molhada;Perfeito estado;Não existe;R-6a;;2019
25/04/2019;12:40:00;SEM VÍTIMA;IMBIRIBEIRA;RUA ITACARI;;COLISÃO;1;;;;1;;;;0;;;;;;;;;;2019
26/04/2019;06:54:00;SEM VÍTIMA;BAIRRO DO RECIFE;CAIS DO APOLO;;COLISÃO TRASEIRA;1;;;;;1;;;0;;Chuvoso;Sem defeito;Perfeito estado;Molhada;Perfeito estado;Faixa de pedestre;Outras;;2019
25/04/2019;13:58:00;SEM VÍTIMA;AREIAS;RUA JORGE ABRANTES;SUBURBIO;ABALROAMENTO LONGITUDINAL;2;;;;;;;;0;;Chuvoso;Não existe;Não existente;Molhada;Mal conservada;Não existe;Placas Pare;;2019
25/04/2019;14:19:00;SEM VÍTIMA;BOA VIAGEM;RUA BRUNO VELOSO;;ABALROAMENTO LONGITUDINAL;1;;;;1;;;;0;;Chuvoso;Sem defeito;Perfeito estado;Molhada;Perfeito estado;Faixa de pedestre;Outras;;2019
25/04/2019;14:26:00;SEM VÍTIMA;TORRE;RUA CONDE DE IRAJA;SUBURBIO;ABALROAMENTO LONGITUDINAL;2;;;;;;;1;0;;Chuvoso;Não existe;Perfeito estado;Molhada;Perfeito estado;Não existe;R-6a;;2019
25/04/2019;14:40:00;SEM VÍTIMA;TORREÃO;AV GOVERNADOR AGAMENON MAGALHAES;SUBURBIO;ABALROAMENTO LONGITUDINAL;2;;;;;;;;0;;Bom;Não existe;Perfeito estado;Seca;Perfeito estado;Não existe;Placas Pare;;2019
25/04/2019;14:44:00;SEM VÍTIMA;PRADO;AV ENGENHEIRO ABDIAS DE CARVALHO;CIDADE;COLISÃO TRASEIRA;3;;;;;;;;0;;Chuvoso;Não existe;Não existente;Molhada;Perfeito estado;Não existe;Não há placas;;2019
25/04/2019;14:58:00;SEM VÍTIMA;JIQUIÁ;RUA JORGE ABRANTES;;COLISÃO;2;;;;;;;;0;;;;;;;;;;2019
25/04/2019;16:41:00;SEM VÍTIMA;GRAÇAS;AV RUI BARBOSA;;COLISÃO;2;;;;;;;;0;;;;;;;;;;2019
25/04/2019;17:05:00;SEM VÍTIMA;ROSARINHO;RUA GENERAL ABREU E LIMA;SUBURBIO;ABALROAMENTO LONGITUDINAL;2;;;;;;;;0;;Chuvoso;Não existe;Perfeito estado;Molhada;Perfeito estado;Não existe;Outras;40 km/h;2019
25/04/2019;17:08:00;COM VÍTIMA;ROSARINHO;RUA GERSON DE BARROS PINANGE;CIDADE;ABALROAMENTO LONGITUDINAL;1;1;;;;;;;1;;Chuvoso;Não existe;Não existente;Molhada;Perfeito estado;Não existe;Não há placas;;2019
25/04/2019;17:13:00;SEM VÍTIMA;MADALENA;AV VISCONDE DE ALBUQUERQUE;CIDADE;ABALROAMENTO LONGITUDINAL;1;;;;;1;;;0;;Chuvoso;Não existe;Perfeito estado;Molhada;Perfeito estado;Não existe;Não há placas;;2019
25/04/2019;17:15:00;SEM VÍTIMA;ARRUDA;AV BEBERIBE;;COLISÃO;1;1;;;;;;;0;;;;;;;;;;2019
25/04/2019;17:23:00;SEM VÍTIMA;CAXANGÁ;RUA RIBEIRO PESSOA;SUBURBIO;ABALROAMENTO LONGITUDINAL;2;;;;;;;;0;;Bom;Não existe;Perfeito estado;Molhada;Perfeito estado;Não existe;Não há placas;40 km/h;2019
25/04/2019;17:26:00;COM VÍTIMA;CIDADE UNIVERSITÁRIA;AV PROFESSOR ARTUR DE SA;BR101;ATROPELAMENTO;2;;;1;1;;;;1;;Chuvoso;Não existe;Perfeito estado;Molhada;Perfeito estado;Não existe;Não há placas;;2019
25/04/2019;17:52:00;SEM VÍTIMA;SÃO JOSÉ;AV N S DO CARMO;CIDADE;ABALROAMENTO LONGITUDINAL;1;;;;1;;;;0;;Chuvoso;Não existe;Perfeito estado;Molhada;Perfeito estado;Não existe;R-6a;;2019
25/04/2019;17:56:00;SEM VÍTIMA;JOANA BEZERRA;PTE JOSE DE BARROS LIMA;;COLISÃO TRASEIRA;1;;;;1;;;;0;;Bom;Não existe;Perfeito estado;Seca;Perfeito estado;Não existe;Não há placas;;2019
25/04/2019;18:10:00;SEM VÍTIMA;ESTÂNCIA;AV RECIFE;;ABALROAMENTO LONGITUDINAL;1;;;;;1;;;0;;Bom;Não existe;Perfeito estado;Seca;Perfeito estado;Outros;R-6a;60 km/h;2019
25/04/2019;18:33:00;SEM VÍTIMA;TORRE;RUA JOSE OSORIO;;COLISÃO;2;;;;;;;;0;;;;;;;;;;2019
25/04/2019;18:37:00;SEM VÍTIMA;ESTÂNCIA;AV RECIFE;CIDADE;ABALROAMENTO LONGITUDINAL;1;;;;;1;;;0;;Bom;Não existe;Perfeito estado;Seca;Perfeito estado;Não existe;R-6a;;2019
25/04/2019;18:38:00;COM VÍTIMA;ALTO DO MANDU;RUA SANTA IZABEL;;ATROPELAMENTO;1;;;2;;;;;2;;;;;;;;;;2019
25/04/2019;20:49:00;SEM VÍTIMA;CASA AMARELA;RUA DA HARMONIA;;ABALROAMENTO TRANSVERSAL;2;;;;;;;;0;;Bom;Não existe;Não existente;Seca;Perfeito estado;Não existe;Outras;;2019
25/04/2019;22:19:00;COM VÍTIMA;BREJO DE BEBERIBE;AV VEREADOR OTACILIO AZEVEDO;CIDADE;COLISÃO FRONTAL;2;;;;;;;;1;;Chuvoso;Não existe;Não existente;Molhada;Perfeito estado;;Não há placas;;2019
25/04/2019;23:10:00;SEM VÍTIMA;MADALENA;AV ENGENHEIRO ABDIAS DE CARVALHO;;COLISÃO;1;1;;;;;;;0;;;;;;;;;;2019
26/04/2019;06:06:00;SEM VÍTIMA;PRADO;AV ENGENHEIRO ABDIAS DE CARVALHO;CIDADE;COLISÃO TRASEIRA;1;;;;1;;;;0;;Chuvoso;Sem defeito;Perfeito estado;Molhada;Perfeito estado;Faixa de pedestre;Não há placas;60 km/h;2019
26/04/2019;07:31:00;SEM VÍTIMA;CASA AMARELA;EST DO ARRAIAL;;ABALROAMENTO LONGITUDINAL;2;;;;;;;;0;;Bom;Sem defeito;Perfeito estado;Seca;Perfeito estado;Faixa de pedestre;Não há placas;;2019
26/04/2019;07:39:00;SEM VÍTIMA;SANTO AMARO;AV GOVERNADOR AGAMENON MAGALHAES;;ABALROAMENTO LONGITUDINAL;2;;;;;;;;0;;Bom;Não existe;Perfeito estado;Seca;Perfeito estado;Não existe;Não há placas;60 km/h;2019
26/04/2019;07:46:00;COM VÍTIMA;TORRE;RUA JOSE BONIFACIO;CID/SUB;CAPOTAMENTO;1;;;;;;;;1;;Bom;Não existe;Não existente;Seca;Perfeito estado;Não existe;Não há placas;60 km/h;2019
26/04/2019;07:56:00;SEM VÍTIMA;CASA AMARELA;AV NORTE;SUBURBIO;ABALROAMENTO LONGITUDINAL;2;;;;;;;;0;;Bom;Sem defeito;Perfeito estado;Seca;Perfeito estado;Faixa de pedestre;R-6a;60 km/h;2019
26/04/2019;07:59:00;COM VÍTIMA;IPSEP;AV RECIFE;AEROPORTO;COLISÃO COM CICLISTA;1;;1;;;;;;1;;Bom;Não existe;Perfeito estado;Molhada;Perfeito estado;Não existe;Não há placas;60 km/h;2019
26/04/2019;08:29:00;SEM VÍTIMA;CASA AMARELA;RUA RODRIGUES SETE;CIDADE;ABALROAMENTO LONGITUDINAL;1;1;;;;;;;0;;Bom;Não existe;Perfeito estado;Seca;Perfeito estado;Não existe;Não há placas;;2019
26/04/2019;08:32:00;SEM VÍTIMA;PINA;AV ANTONIO DE GOES;CIDADE;COLISÃO;;;;;;;;;0;;;;;;;;;;2019
26/04/2019;08:55:00;SEM VÍTIMA;BOMBA DO HEMETÉRIO;RUA CHA DE ALEGRIA;SUBURBIO;ABALROAMENTO LONGITUDINAL;1;;;;1;;;;0;;Bom;Não existe;Perfeito estado;Seca;Perfeito estado;Faixa de pedestre;Outras;30 km/h;2019
26/04/2019;08:59:00;SEM VÍTIMA;AREIAS;AV RECIFE;BR;COLISÃO;1;;;;;1;;;0;;;;;;;;;;2019
26/04/2019;09:08:00;SEM VÍTIMA;ESPINHEIRO;RUA MARQUES DO PARANA;;ABALROAMENTO TRANSVERSAL;2;;;;;;;;0;;Bom;Não existe;Perfeito estado;Seca;Perfeito estado;Não existe;Placas Pare;;2019
26/04/2019;09:41:00;SEM VÍTIMA;BOA VIAGEM;AV CONSELHEIRO AGUIAR;CIDADE;COLISÃO TRASEIRA;1;;;;;1;;;0;;Bom;Não existe;Perfeito estado;Seca;Perfeito estado;Não existe;Não há placas;60 km/h;2019
26/04/2019;10:27:00;SEM VÍTIMA;BOA VIAGEM;AV MARECHAL JUAREZ TAVORA;SUBURBIO;CHOQUE VEÍCULO PARADO;2;;;;;;;;0;;Bom;Não existe;Perfeito estado;Seca;Perfeito estado;Não existe;Outras;;2019
26/04/2019;12:09:00;COM VÍTIMA;CASA AMARELA;AV DR EURICO CHAVES;CIDADE;ATROPELAMENTO;1;;;1;;;;;1;;Bom;Não existe;Ilegível;Seca;Mal conservada;Não existe;R-6a;;2019
26/04/2019;12:09:00;SEM VÍTIMA;ENCRUZILHADA;RUA CASTRO ALVES;SUBURBIO;ABALROAMENTO LONGITUDINAL;1;;;;1;;;;0;;Bom;Sem defeito;Perfeito estado;Seca;Perfeito estado;Faixa de pedestre;R-6a;;2019
26/04/2019;12:29:00;SEM VÍTIMA;BEBERIBE;AV BEBERIBE;;COLISÃO;1;1;;;;;;;0;;;;;;;;;;2019
26/04/2019;12:37:00;SEM VÍTIMA;IMBIRIBEIRA;AV MARECHAL MASCARENHAS DE MORAES;SUBURBIO;ABALROAMENTO LONGITUDINAL;1;;;;;1;;;0;;Bom;Não existe;Perfeito estado;Seca;Perfeito estado;Não existe;;60 km/h;2019
26/04/2019;12:52:00;SEM VÍTIMA;PINA;PTE GOVERNADOR PAULO GUERRA;SUBURBIO;ABALROAMENTO LONGITUDINAL;2;;;;;;;;0;;Bom;Não existe;Perfeito estado;Seca;Perfeito estado;Não existe;Outras;60 km/h;2019
26/04/2019;13:03:00;SEM VÍTIMA;IPUTINGA;AV CAXANGA;CIDADE;COLISÃO;1;;;;1;;;;0;;;;;;;;;;2019
26/04/2019;13:18:00;COM VÍTIMA;IBURA;AV DOIS RIOS;SUBURBIO;CHOQUE VEÍCULO PARADO;1;1;;;;;;;1;;Bom;Sem defeito;Perfeito estado;Seca;Perfeito estado;Faixa de pedestre;;;2019
26/04/2019;13:21:00;SEM VÍTIMA;ESPINHEIRO;RUA CONS PORTELA;CIDADE;COLISÃO TRASEIRA;1;1;;;;;;;0;;Bom;Sem defeito;Perfeito estado;Seca;Perfeito estado;Faixa de pedestre;R-6a;;2019
26/04/2019;13:31:00;SEM VÍTIMA;PINA;AV ANTONIO DE GOES;CIDADE;ABALROAMENTO LONGITUDINAL;1;;;;1;;;;0;;Bom;Sem defeito;Perfeito estado;Seca;Perfeito estado;Não existe;Não há placas;;2019
26/04/2019;14:31:00;SEM VÍTIMA;APIPUCOS;RUA DE APIPUCOS;SUBURBIO;COLISÃO TRASEIRA;2;;;;;;;;0;;Bom;Sem defeito;Perfeito estado;Seca;Perfeito estado;;R-6a;;2019
26/04/2019;14:40:00;COM VÍTIMA;ESPINHEIRO;AV JOAO DE BARROS;CIDADE;ABALROAMENTO LONGITUDINAL;1;1;;;;;;;1;;Bom;Não existe;Perfeito estado;Seca;Perfeito estado;;Não há placas;40 km/h;2019
26/04/2019;14:55:00;SEM VÍTIMA;TORREÃO;AV NORTE;SUBURBIO;COLISÃO TRASEIRA;3;;;;;;;;0;;Bom;Sem defeito;Perfeito estado;Seca;Perfeito estado;Não existe;Não há placas;;2019
26/04/2019;15:25:00;SEM VÍTIMA;SÃO JOSÉ;AV SUL;CIDADE;COLISÃO TRASEIRA;2;;;;;;;;0;;Bom;Sem defeito;Perfeito estado;Seca;Mal conservada;Faixa de retenção;Outras;60 km/h;2019
26/04/2019;15:28:00;SEM VÍTIMA;BOA VIAGEM;RUA SETUBAL;CIDADE;COLISÃO TRASEIRA;2;;;;;;;;0;;Bom;Não existe;Perfeito estado;Seca;Perfeito estado;Não existe;R-6a;;2019
26/04/2019;15:47:00;COM VÍTIMA;IBURA;AV DOIS RIOS;;ABALROAMENTO TRANSVERSAL;1;1;;;;;;;1;;Bom;Sem defeito;Perfeito estado;Seca;Perfeito estado;Não existe;Não há placas;;2019
26/04/2019;15:54:00;COM VÍTIMA;SANTO AMARO;AV NORTE;SUBURBIO;COLISÃO COM CICLISTA;1;;1;;;;;;1;;Bom;Sem defeito;Perfeito estado;Seca;Perfeito estado;Faixa de pedestre;R-4a;;2019
26/04/2019;16:04:00;SEM VÍTIMA;ARRUDA;AV BEBERIBE;CIDADE;ABALROAMENTO LONGITUDINAL;2;;;;;;;;0;;Bom;Não existe;Perfeito estado;Seca;Perfeito estado;Não existe;R-6a;60 km/h;2019
26/04/2019;16:14:00;COM VÍTIMA;JOANA BEZERRA;RUA CAPITAO TEMUDO;;COLISÃO;1;1;;;;;;;1;;;;;;;;;;2019
26/04/2019;16:25:00;SEM VÍTIMA;ENCRUZILHADA;AV NORTE;;COLISÃO;3;;;;;;;;0;;;;;;;;;;2019
26/04/2019;16:28:00;SEM VÍTIMA;BOA VIAGEM;AV BOA VIAGEM;CIDADE;COLISÃO TRASEIRA;1;1;;;;;;;0;;Bom;Sem defeito;Perfeito estado;Seca;Perfeito estado;Faixa de pedestre;Placas Pare;50 km/h;2019
26/04/2019;16:44:00;SEM VÍTIMA;IPUTINGA;EST DO BARBALHO;SUBURBIO;ABALROAMENTO TRANSVERSAL;1;;;;;1;;;0;;Bom;Não existe;Ilegível;Seca;Perfeito estado;Faixa de pedestre;Placas Pare;;2019
26/04/2019;16:57:00;SEM VÍTIMA;SÃO JOSÉ;AV SUL;CIDADE;COLISÃO TRASEIRA;1;;;;;1;;;0;;Bom;Não existe;Perfeito estado;Seca;Perfeito estado;Não existe;Não há placas;;2019