data;hora;natureza_acidente;bairro;endereco;sentido_via;tipo;auto;moto;ciclista;pedestre;onibus;caminhao;viatura;outros;vitimas;vitimasfatais;tempo_clima;situacao_semaforo;sinalizacao;condicao_via;conservacao_via;ponto_controle;situacao_placa;velocidade_max_via;ano
26/04/2019;17:31:00;SEM VÍTIMA;CABANGA;AV SATURNINO DE BRITO;;COLISÃO;1;;;;;1;;;0;;;;;;;;;;2019
26/04/2019;17:59:00;SEM VÍTIMA;PINA;AV ENGENHEIRO DOMINGOS FERREIRA;SUBURBIO;COLISÃO TRASEIRA;1;;;;1;;;;0;;Bom;Sem defeito;Perfeito estado;Seca;Perfeito estado;Faixa de pedestre;Não há placas;60 km/h;2019
26/04/2019;18:20:00;SEM VÍTIMA;ILHA DO LEITE;AV FREI MATIAS TEVES;SUBURBIO;ABALROAMENTO TRANSVERSAL;2;;;;;;;;0;;Bom;Não existe;Perfeito estado;Seca;Perfeito estado;Faixa de pedestre;Placas Pare;30 km/h;2019
26/04/2019;18:48:00;SEM VÍTIMA;CAXANGÁ;AV CAXANGA;;ABALROAMENTO TRANSVERSAL;1;;;;1;;;;0;;Bom;Sem defeito;Perfeito estado;Seca;Perfeito estado;;;;2019
26/04/2019;18:55:00;COM VÍTIMA;ARRUDA;AV PROFESSOR JOSE DOS ANJOS;SUBURBIO;ABALROAMENTO LONGITUDINAL;2;;;;;;;;1;;Bom;Sem defeito;Perfeito estado;Seca;Perfeito estado;Faixa de pedestre;Outras;40 km/h;2019
26/04/2019;20:13:00;COM VÍTIMA;CORDEIRO;RUA GOMES TABORDA;SUBURBIO;ABALROAMENTO TRANSVERSAL;1;1;;;;;;;1;;Bom;Sem defeito;Perfeito estado;Seca;;Faixa de pedestre;Não há placas;;2019
26/04/2019;20:32:00;SEM VÍTIMA;VASCO DA GAMA;RUA DOIS DE FEVEREIRO;SUBURBIO;ABALROAMENTO LONGITUDINAL;1;;;;1;;;;0;;Bom;Não existe;Incompleta;Seca;Perfeito estado;Não existe;Não há placas;;2019
26/04/2019;21:05:00;SEM VÍTIMA;ARRUDA;RUA DAS MOCAS;SUBURBIO;ABALROAMENTO LONGITUDINAL;1;;;;1;;;;0;;Bom;Sem defeito;Perfeito estado;Seca;Perfeito estado;Não existe;R-6a;;2019
26/04/2019;21:52:00;SEM VÍTIMA;BOA VIAGEM;RUA RIBEIRO DE BRITO;CIDADE;ABALROAMENTO LONGITUDINAL;1;;;;;;;;0;;Bom;Não existe;Perfeito estado;Seca;Perfeito estado;Não existe;R-6a;;2019
27/04/2019;05:42:00;SEM VÍTIMA;ENCRUZILHADA;AV NORTE;;COLISÃO;1;;;;1;;;;0;;;;;;;;;;2019
27/04/2019;06:47:00;SEM VÍTIMA;TORRE;RUA DEMOCRITO DE SOUZA FILHO;CIDADE;CHOQUE OBJETO FIXO;1;;;;;;;;0;;Bom;Não existe;Incompleta;Seca;Mal conservada;Não existe;R-6a;;2019
27/04/2019;07:38:00;COM VÍTIMA;PARNAMIRIM;RUA SEBASTIAO MALTA ARCOVERDE;SUBURBIO;CHOQUE OBJETO FIXO;1;;;;;;;;1;;Chuvoso;Não existe;Perfeito estado;Molhada;Perfeito estado;;Outras;;2019
27/04/2019;07:39:00;COM VÍTIMA;ESPINHEIRO;RUA CONS PORTELA;CIDADE;ABALROAMENTO LONGITUDINAL;1;1;;;;;;;1;;Bom;Sem defeito;Perfeito estado;Seca;Perfeito estado;Faixa de pedestre;Outras;;2019
27/04/2019;08:16:00;COM VÍTIMA;SANTO AMARO;AV CRUZ CABUGA;CIDADE;COLISÃO TRASEIRA;1;1;;;;;;;1;;Bom;Sem defeito;Perfeito estado;Seca;Perfeito estado;Faixa de pedestre;;;2019
27/04/2019;08:16:00;SEM VÍTIMA;COELHOS;RUA DOS COELHOS;;COLISÃO;2;;;;;;;;0;;;;;;;;;;2019
27/04/2019;08:17:00;COM VÍTIMA;BOA VIAGEM;RUA MARIA CAROLINA;SUBURBIO;COLISÃO COM CICLISTA;1;;1;;;;;;1;;Bom;Não existe;Perfeito estado;Seca;Perfeito estado;Não existe;Não há placas;;2019
27/04/2019;08:21:00;COM VÍTIMA;PARNAMIRIM;RUA SEBASTIAO MALTA ARCOVERDE;;CHOQUE OBJETO FIXO;1;;;;;;;;1;;;;;;;;;;2019
27/04/2019;08:24:00;SEM VÍTIMA;CAXANGÁ;RUA OSMAR DE AQUINO;SUBURBIO;ABALROAMENTO LONGITUDINAL;2;;;;;;;;0;;Bom;Não existe;Não existente;Seca;Perfeito estado;Não existe;Não há placas;20 km/h;2019
27/04/2019;08:54:00;COM VÍTIMA;SANTO AMARO;AV GOVERNADOR AGAMENON MAGALHAES;SUBURBIO;ABALROAMENTO TRANSVERSAL;1;1;;;;;;;2;;Bom;Sem defeito;Perfeito estado;Seca;Perfeito estado;Faixa de pedestre;Outras;;2019
27/04/2019;10:14:00;SEM VÍTIMA;AREIAS;AV CAPITAO GREGORIO DE CALDAS;SUBURBIO;CHOQUE VEÍCULO PARADO;1;;;;;1;;;0;;Bom;Não existe;Não existente;Seca;Perfeito estado;Não existe;Não há placas;30 km/h;2019
27/04/2019;10:21:00;SEM VÍTIMA;ARRUDA;EST VELHA DE AGUA FRIA;SUBURBIO;COLISÃO TRASEIRA;2;;;;;;;;0;;Bom;Sem defeito;Perfeito estado;Seca;Perfeito estado;Faixa de pedestre;Outras;;2019
27/04/2019;10:57:00;SEM VÍTIMA;CAMPO GRANDE;EST DE BELEM;SUBURBIO;ABALROAMENTO LONGITUDINAL;1;;;;1;;;;0;;Bom;Sem defeito;Perfeito estado;Seca;Perfeito estado;Não existe;Outras;;2019
27/04/2019;10:58:00;SEM VÍTIMA;ENCRUZILHADA;RUA ANTONIO RANGEL;;COLISÃO;1;;;;1;;;;0;;;;;;;;;;2019
27/04/2019;10:59:00;SEM VÍTIMA;CORDEIRO;RUA HONORIO CORREIA;CIDADE;ABALROAMENTO LONGITUDINAL;2;;;;;;;;0;;Bom;Não existe;Incompleta;Seca;Perfeito estado;Faixa de pedestre;Outras;;2019
27/04/2019;11:21:00;SEM VÍTIMA;BARRO;AV PRESIDENTE MEDICI;SUBURBIO;ABALROAMENTO LONGITUDINAL;1;;;;;1;;;0;;Bom;Não existe;Incompleta;Seca;Perfeito estado;Não existe;R-6a;;2019
27/04/2019;11:50:00;SEM VÍTIMA;JAQUEIRA;RUA ANTENOR NAVARRO;CIDADE;ABALROAMENTO LONGITUDINAL;2;;;;;;;;0;;Bom;Não existe;Perfeito estado;Seca;Perfeito estado;Não existe;Outras;;2019
27/04/2019;12:16:00;SEM VÍTIMA;ARRUDA;RUA INDEPENDENCIA;;COLISÃO;2;;;;;;;;0;;;;;;;;;;2019
27/04/2019;12:22:00;COM VÍTIMA;IPUTINGA;RUA AMBROSIO MACHADO;;COLISÃO;1;1;;;;;;;2;;;;;;;;;;2019
27/04/2019;12:36:00;SEM VÍTIMA;SANTO ANTÔNIO;RUA SAO JOAO;SUBURBIO;ABALROAMENTO TRANSVERSAL;1;;;;;1;;;0;;Bom;Não existe;Ilegível;Seca;Perfeito estado;Não existe;Outras;40 km/h;2019
27/04/2019;12:43:00;COM VÍTIMA;PARNAMIRIM;RUA JOAO TUDE DE MELO;;COLISÃO;;;;;;;;;1;;;;;;;;;;2019
27/04/2019;12:48:00;SEM VÍTIMA;ILHA DO LEITE;AV GOVERNADOR AGAMENON MAGALHAES;;ABALROAMENTO LONGITUDINAL;1;;;;1;;;;0;;Bom;Não existe;Perfeito estado;Seca;Perfeito estado;Não existe;R-6a;;2019
27/04/2019;12:50:00;COM VÍTIMA;IMBIRIBEIRA;AV MARECHAL MASCARENHAS DE MORAES;SUBURBIO;ABALROAMENTO LONGITUDINAL;1;1;;;;;;;1;;Bom;Não existe;Perfeito estado;Seca;Perfeito estado;Não existe;Outras;;2019
27/04/2019;13:24:00;COM VÍTIMA;PRADO;AV ENGENHEIRO ABDIAS DE CARVALHO;SUBURBIO;ABALROAMENTO LONGITUDINAL;1;1;;;;;;;1;;Bom;Não existe;Perfeito estado;Seca;Perfeito estado;Não existe;Outras;60 km/h;2019
27/04/2019;13:35:00;SEM VÍTIMA;LINHA DO TIRO;RUA URIEL DE HOLANDA;SUBURBIO;ABALROAMENTO LONGITUDINAL;;2;;;;;;;0;;Bom;Não existe;Não existente;Seca;Mal conservada;Não existe;Não há placas;;2019
27/04/2019;14:54:00;SEM VÍTIMA;SÃO JOSÉ;RUA IMPERIAL;SUBURBIO;ABALROAMENTO TRANSVERSAL;1;1;;;;;;;0;;Bom;Sem defeito;Perfeito estado;Seca;Perfeito estado;Faixa de pedestre;;;2019
27/04/2019;15:11:00;SEM VÍTIMA;SÃO JOSÉ;RUA IMPERIAL;;COLISÃO;1;1;;;;;;;0;;;;;;;;;;2019
27/04/2019;15:17:00;SEM VÍTIMA;SANTO AMARO;AV VISCONDE DE SUASSUNA;;ABALROAMENTO LONGITUDINAL;2;;;;;;;;0;;Bom;Sem defeito;Perfeito estado;Seca;Perfeito estado;Faixa de pedestre;;;2019
27/04/2019;15:27:00;SEM VÍTIMA;VÁRZEA;RUA EMILIANO BRAGA;SUBURBIO;ABALROAMENTO TRANSVERSAL;2;;;;;;;;0;;Bom;Não existe;Não existente;Seca;Perfeito estado;Não existe;Placas Pare;;2019
27/04/2019;16:23:00;COM VÍTIMA;SANTO AMARO;RUA MARQUÊS DO POMBAL;CIDADE;ABALROAMENTO TRANSVERSAL;1;1;;;;;;;1;;Bom;Não existe;Ilegível;Seca;Perfeito estado;Não existe;Não há placas;;2019
27/04/2019;16:42:00;SEM VÍTIMA;JORDÃO;RUA CAMOCIM;;COLISÃO;2;;;;;;;;0;;;;;;;;;;2019
27/04/2019;16:43:00;SEM VÍTIMA;BARRO;AV CENTRAL;;COLISÃO;1;;;;1;;;;0;;;;;;;;;;2019
27/04/2019;16:57:00;SEM VÍTIMA;PARNAMIRIM;RUA LEONARDO BEZERRA CAVALCANTE;CIDADE;COLISÃO TRASEIRA;2;;;;;;;;0;;Bom;Não existe;Não existente;Seca;Perfeito estado;Não existe;Não há placas;;2019
27/04/2019;17:02:00;SEM VÍTIMA;NOVA DESCOBERTA;RUA NOVA DESCOBERTA;;COLISÃO;;;;;;;;;0;;;;;;;;;;2019
27/04/2019;18:58:00;COM VÍTIMA;BOA VIAGEM;AV BOA VIAGEM;CIDADE;COLISÃO TRASEIRA;2;1;;;;;;;1;;Bom;;Perfeito estado;Seca;Perfeito estado;Não existe;Não há placas;60 km/h;2019
27/04/2019;19:05:00;SEM VÍTIMA;ALTO JOSÉ BONIFÁCIO;RUA CORREGO DO EUCLIDES;;ENGAVETAMENTO;2;1;;;;;;;0;;Bom;Não existe;Não existente;Seca;Perfeito estado;Não existe;Não há placas;;2019
27/04/2019;19:47:00;SEM VÍTIMA;ESPINHEIRO;RUA DO ESPINHEIRO;;ABALROAMENTO TRANSVERSAL;2;;;;;;;;0;;Bom;Não existe;Ilegível;Seca;Mal iluminada;Faixa de pedestre;Placas Pare;;2019
27/04/2019;20:13:00;SEM VÍTIMA;CASA FORTE;AV DEZESSETE DE AGOSTO;;COLISÃO TRASEIRA;3;;;;;;;;0;;Bom;Sem defeito;Ilegível;Seca;Mal iluminada;Faixa de pedestre;;;2019
27/04/2019;22:43:00;SEM VÍTIMA;ÁGUA FRIA;RUA DR EUDES COSTA;CIDADE;ABALROAMENTO TRANSVERSAL;2;;;;;;;;0;;Bom;Não existe;Não existente;Seca;Perfeito estado;Não existe;Não há placas;;2019
27/04/2019;23:04:00;COM VÍTIMA;TEJIPIÓ;RUA FALCAO DE LACERDA;;COLISÃO FRONTAL;2;;;;;;;;1;;Bom;Sem defeito;Perfeito estado;Seca;Perfeito estado;Faixa de pedestre;Outras;;2019
27/04/2019;23:17:00;SEM VÍTIMA;;AV ANIBAL BENEVOLO;SUBURBIO;ABALROAMENTO LONGITUDINAL;1;;;;1;;;;0;;Bom;Não existe;Ilegível;Seca;Mal iluminada;Não existe;Não há placas;;2019
28/04/2019;00:23:00;SEM VÍTIMA;CAMPO GRANDE;RUA VOLUNTARIOS DA PATRIA;SUBURBIO;ABALROAMENTO TRANSVERSAL;2;;;;;;;;0;;Bom;Não existe;Perfeito estado;Seca;Perfeito estado;Faixa de pedestre;Placas Pare;;2019
28/04/2019;00:30:00;SEM VÍTIMA;CAXANGÁ;AV CAXANGA;SUBURBIO;ABALROAMENTO LONGITUDINAL;1;;;;;1;;;0;;Bom;Não existe;Ilegível;Seca;Mal iluminada;Não existe;Não há placas;60 km/h;2019
28/04/2019;01:15:00;SEM VÍTIMA;IPSEP;RUA ITAJAI;CIDADE;COLISÃO TRASEIRA;2;;;;;;;;0;;Bom;Não existe;Perfeito estado;Seca;Perfeito estado;;Placas Pare;;2019
28/04/2019;01:46:00;SEM VÍTIMA;BOA VIAGEM;RUA ATLANTICO;CIDADE;CHOQUE OBJETO FIXO;1;;;;;;;;0;;Bom;Não existe;Perfeito estado;Seca;Perfeito estado;;R-6a;;2019
28/04/2019;02:36:00;SEM VÍTIMA;CAXANGÁ;AV CAXANGA;;COLISÃO;2;;;;;;;;0;;;;;;;;;;2019
28/04/2019;05:50:00;SEM VÍTIMA;ÁGUA FRIA;EST VELHA DE AGUA FRIA;CIDADE;CHOQUE VEÍCULO PARADO;2;;;;;;;;0;;Bom;Não existe;Não existente;Seca;Perfeito estado;Não existe;Não há placas;;2019
28/04/2019;06:44:00;SEM VÍTIMA;AREIAS;AV RECIFE;SENT/CEASA;COLISÃO;2;;;;;;;;0;;;;;;;;;;2019
28/04/2019;07:38:00;SEM VÍTIMA;BOA VIAGEM;AV CONSELHEIRO AGUIAR;CIDADE;ABALROAMENTO LONGITUDINAL;2;;;;;;;;0;;Bom;Sem defeito;Perfeito estado;Seca;Perfeito estado;Faixa de pedestre;Outras;;2019
28/04/2019;07:55:00;SEM VÍTIMA;CASA AMARELA;AV NORTE;;COLISÃO;3;;;;;;;;0;;;;;;;;;;2019
28/04/2019;08:53:00;SEM VÍTIMA;MADALENA;TUNEL DA ABOLICAO;SUBURBIO;COLISÃO TRASEIRA;5;;;;;;;;0;;Bom;Não existe;Perfeito estado;Seca;Perfeito estado;Outros;Não há placas;;2019
28/04/2019;09:17:00;SEM VÍTIMA;BOA VIAGEM;AV FERNANDO SIMOES BARBOSA;SUBURBIO;ABALROAMENTO TRANSVERSAL;2;;;;;;;;0;;Bom;Sem defeito;Perfeito estado;Seca;Perfeito estado;Faixa de pedestre;Outras;;2019
28/04/2019;10:19:00;SEM VÍTIMA;APIPUCOS;RUA DE APIPUCOS;SUBURBIO;ABALROAMENTO LONGITUDINAL;1;1;;;;;;;0;;Bom;Sem defeito;Perfeito estado;Seca;Perfeito estado;Faixa de pedestre;;60 km/h;2019
28/04/2019;10:57:00;SEM VÍTIMA;VÁRZEA;RUA BARAO DE CERRO LARGO;;COLISÃO;2;;;;;;;;0;;;;;;;;;;2019
28/04/2019;14:43:00;SEM VÍTIMA;BOA VIAGEM;AV ENGENHEIRO DOMINGOS FERREIRA;SUBURBIO;COLISÃO TRASEIRA;2;;;;;;;;0;;Bom;Sem defeito;Perfeito estado;Seca;;Não existe;;;2019
28/04/2019;15:56:00;SEM VÍTIMA;ILHA DO LEITE;AV GOVERNADOR AGAMENON MAGALHAES;;COLISÃO;1;;;;1;;;;0;;;;;;;;;;2019
28/04/2019;16:15:00;SEM VÍTIMA;ESTÂNCIA;AV RECIFE;CIDADE;ABALROAMENTO LONGITUDINAL;1;;;;1;;;;0;;Bom;Sem defeito;Perfeito estado;Seca;Perfeito estado;Faixa de pedestre;R-6a;;2019
28/04/2019;16:41:00;SEM VÍTIMA;BOA VIAGEM;RUA RIBEIRO DE BRITO;;COLISÃO TRASEIRA;2;;;;;;;;0;;Bom;Sem defeito;Perfeito estado;Seca;Perfeito estado;Faixa de pedestre;R-6a;;2019
28/04/2019;16:57:00;COM VÍTIMA;BOA VIAGEM;RUA TOME GIBSON;SUBURBIO;ABALROAMENTO LONGITUDINAL;1;1;;;;;;;1;;Bom;Não existe;Incompleta;Seca;Perfeito estado;Não existe;Outras;;2019
28/04/2019;16:58:00;SEM VÍTIMA;BOA VISTA;RUA DAS NINFAS;;ABALROAMENTO TRANSVERSAL;2;;;;;;;;0;;Bom;Não existe;Não existente;Seca;;Não existe;Não há placas;;2019
28/04/2019;17:55:00;COM VÍTIMA;SANTO AMARO;RUA DOS PALMARES;SUBURBIO;ABALROAMENTO LONGITUDINAL;1;1;;;;;;;1;;Bom;Não existe;Perfeito estado;Seca;Perfeito estado;Não existe;Outras;;2019
28/04/2019;17:55:00;SEM VÍTIMA;BOA VIAGEM;RUA ERNESTO DE PAULA SANTOS;SUBURBIO;ABALROAMENTO LONGITUDINAL;2;;;;;;;;0;;Bom;Não existe;;Seca;Perfeito estado;;Placas Pare;;2019
28/04/2019;18:53:00;SEM VÍTIMA;JORDÃO;AV MARECHAL MASCARENHAS DE MORAES;CIDADE;COLISÃO TRASEIRA;2;;;;;;;;0;;Bom;Não existe;Perfeito estado;Seca;Perfeito estado;Outros;Não há placas;;2019
28/04/2019;21:49:00;SEM VÍTIMA;GRAÇAS;RUA DAS MOCAS;CIDADE;ABALROAMENTO TRANSVERSAL;1;1;;;;;;;0;;Bom;Não existe;Perfeito estado;Seca;Perfeito estado;Faixa de pedestre;;;2019
28/04/2019;21:55:00;COM VÍTIMA;IPUTINGA;AV MAURICIO DE NASSAU;BR-101;COLISÃO TRASEIRA;2;1;;;;;;;1;;Bom;Não existe;Perfeito estado;Seca;Perfeito estado;;R-6a;;2019
28/04/2019;22:11:00;COM VÍTIMA;CORDEIRO;RUA GOMES TABORDA;SUBURBIO;COLISÃO;1;1;;;;;;;1;;;;;;;;;;2019
29/04/2019;00:14:00;SEM VÍTIMA;ESPINHEIRO;RUA QUARENTA E OITO;;COLISÃO;2;;;;;;;;0;;;;;;;;;;2019
29/04/2019;01:30:00;SEM VÍTIMA;MANGABEIRA;AV NORTE;CIDADE;ABALROAMENTO LONGITUDINAL;2;;;;;;;;0;;Chuvoso;Sem defeito;Perfeito estado;Molhada;Perfeito estado;Faixa de pedestre;R-6a;;2019
29/04/2019;02:04:00;SEM VÍTIMA;IMBIRIBEIRA;AV RECIFE;SUBURBIO;COLISÃO TRASEIRA;2;;;;;;;;0;;Chuvoso;Sem defeito;Perfeito estado;Molhada;Perfeito estado;Faixa de pedestre;R-6a;;2019
29/04/2019;06:28:00;SEM VÍTIMA;BOA VIAGEM;AV PRESIDENTE DUTRA;CIDADE;ABALROAMENTO LONGITUDINAL;2;;;;;;;;0;;Bom;Não existe;Perfeito estado;Seca;Perfeito estado;Não existe;Não há placas;60 km/h;2019
29/04/2019;06:50:00;SEM VÍTIMA;CAXANGÁ;AV CAXANGA;CIDADE;ABALROAMENTO LONGITUDINAL;1;1;;;;;;;0;;Bom;Sem defeito;Perfeito estado;Seca;Perfeito estado;Não existe;;;2019
29/04/2019;07:41:00;SEM VÍTIMA;IMBIRIBEIRA;AV SUL;CIDADE;ABALROAMENTO LONGITUDINAL;1;;;;1;;;;0;;Bom;Não existe;Ilegível;Seca;Perfeito estado;Agente;Placas Pare;30 km/h;2019
29/04/2019;08:05:00;SEM VÍTIMA;AFOGADOS;RUA QUITERIO INACIO DE MELLO;;COLISÃO TRASEIRA;1;1;;;;;;;0;;Bom;Não existe;Perfeito estado;Seca;Perfeito estado;Não existe;R-6a;40 km/h;2019
29/04/2019;08:48:00;COM VÍTIMA;BOA VISTA;RUA MARQUES AMORIM;SUBURBIO;ABALROAMENTO TRANSVERSAL;1;1;;;;;;;1;;Bom;Não existe;Não existente;Seca;Perfeito estado;Não existe;Não há placas;40 km/h;2019
29/04/2019;09:37:00;SEM VÍTIMA;CASA AMARELA;AV PEDRO ALLAIN;;COLISÃO;1;;;;;1;;;0;;;;;;;;;;2019
29/04/2019;09:55:00;SEM VÍTIMA;JOANA BEZERRA;PTE JOSE DE BARROS LIMA;CIDADE;COLISÃO TRASEIRA;2;;;;;;;;0;;Bom;Não existe;Ilegível;Seca;Mal conservada;Não existe;Não há placas;60 km/h;2019
29/04/2019;10:04:00;SEM VÍTIMA;BOA VIAGEM;AV CONSELHEIRO AGUIAR;CIDADE;CHOQUE VEÍCULO PARADO;1;;;;1;;;;0;;Bom;Não existe;Perfeito estado;Seca;Perfeito estado;Não existe;Não há placas;60 km/h;2019
29/04/2019;10:37:00;SEM VÍTIMA;BOA VIAGEM;AV DOM JOAO VI;SUBURBIO;COLISÃO TRASEIRA;2;;;;;;;;0;;Bom;Sem defeito;Perfeito estado;Seca;Perfeito estado;;;60 km/h;2019
29/04/2019;11:42:00;SEM VÍTIMA;PASSARINHO;RUA CORREGO DA BICA;;COLISÃO;;1;;;1;;;;0;;;;;;;;;;2019
29/04/2019;12:03:00;SEM VÍTIMA;SAN MARTIN;AV GENERAL SAN MARTIN;CIDADE;COLISÃO TRASEIRA;2;;;;;;;;0;;Bom;Não existe;;Seca;;Não existe;R-6a;;2019
29/04/2019;12:05:00;SEM VÍTIMA;CASA AMARELA;AV NORTE;CIDADE;COLISÃO;1;;;;;1;;;0;;;;;;;;;;2019
29/04/2019;12:15:00;SEM VÍTIMA;IPUTINGA;AV CAXANGA;SUBURBIO;COLISÃO TRASEIRA;3;;;;;;;;0;;Bom;Não existe;Perfeito estado;Seca;Perfeito estado;Não existe;Não há placas;;2019
29/04/2019;12:21:00;SEM VÍTIMA;NOVA DESCOBERTA;RUA CORREGO DA BICA;;COLISÃO;;;;;1;;;1;0;;;;;;;;;;2019
29/04/2019;12:46:00;COM VÍTIMA;IPSEP;RUA SAO NICOLAU;;ABALROAMENTO TRANSVERSAL;;1;;;1;;;;1;;Bom;Sem defeito;Perfeito estado;Seca;Perfeito estado;Faixa de pedestre;Outras;;2019
29/04/2019;12:47:00;SEM VÍTIMA;TORREÃO;RUA DJALMA FARIAS;SUBURBIO;COLISÃO TRASEIRA;2;;;;;;;;0;;Bom;Não existe;Perfeito estado;Seca;Perfeito estado;Não existe;Outras;;2019
30/04/2019;06:52:00;SEM VÍTIMA;AREIAS;AV RECIFE;CIDADE;COLISÃO TRASEIRA;1;;;;;1;;;0;;Bom;Sem defeito;Perfeito estado;Seca;Perfeito estado;Não existe;R-6a;;2019
29/04/2019;13:08:00;SEM VÍTIMA;PAISSANDU;AV GOVERNADOR AGAMENON MAGALHAES;SUBURBIO;COLISÃO TRASEIRA;3;;;;;;;;0;;Bom;Não existe;Perfeito estado;Seca;Perfeito estado;Não existe;Não há placas;;2019
29/04/2019;13:16:00;SEM VÍTIMA;DERBY;AV GOVERNADOR AGAMENON MAGALHAES;;COLISÃO TRASEIRA;1;;;;1;;;;0;;Bom;Sem defeito;Perfeito estado;Seca;Perfeito estado;Faixa de pedestre;Não há placas;60 km/h;2019
29/04/2019;13:26:00;SEM VÍTIMA;IMBIRIBEIRA;RUA ALAMEDA DAS HORTENCIAS;;COLISÃO;2;;;;;;;;0;;;;;;;;;;2019
29/04/2019;14:03:00;COM VÍTIMA;PAISSANDU;RUA SPORT CLUBE DO RECIFE;SUBURBIO;COLISÃO TRASEIRA;2;;;;;;;;1;;Bom;Sem defeito;Perfeito estado;Seca;Perfeito estado;Não existe;R-6a;;2019
29/04/2019;14:10:00;COM VÍTIMA;IPSEP;AV RECIFE;SUBURBIO;COLISÃO TRASEIRA;1;1;;;;;;;1;;Bom;Não existe;Perfeito estado;Seca;Perfeito estado;Agente;Não há placas;60 km/h;2019
29/04/2019;14:26:00;SEM VÍTIMA;AFLITOS;AV CONS ROSA E SILVA;SUBURBIO;ABALROAMENTO TRANSVERSAL;2;;;;;;;;0;;Bom;Não existe;Perfeito estado;Seca;Perfeito estado;Não existe;Outras;40 km/h;2019
29/04/2019;15:17:00;SEM VÍTIMA;BAIRRO DO RECIFE;C SANTA RITA;CIDADE;COLISÃO TRASEIRA;2;;;;;;;;0;;Bom;Sem defeito;Perfeito estado;Seca;Perfeito estado;Agente;Não há placas;60 km/h;2019
29/04/2019;15:30:00;SEM VÍTIMA;ESPINHEIRO;RUA DR BANDEIRA FILHO;SUBURBIO;COLISÃO TRASEIRA;2;;;;;;;;0;;Bom;Sem defeito;Perfeito estado;Seca;Perfeito estado;Outros;Outras;;2019
29/04/2019;15:49:00;SEM VÍTIMA;SANTO AMARO;AV NORTE;;COLISÃO;;;;;2;;;;0;;;;;;;;;;2019
29/04/2019;15:58:00;SEM VÍTIMA;IPUTINGA;RUA MAURICIO DE NASSAU;CIDADE;COLISÃO TRASEIRA;2;;;;;1;;;0;;Bom;Não existe;Perfeito estado;Seca;Perfeito estado;Faixa de pedestre;Não há placas;;2019
29/04/2019;16:20:00;SEM VÍTIMA;IMBIRIBEIRA;AV MARECHAL MASCARENHAS DE MORAES;;ABALROAMENTO LONGITUDINAL;2;;;;;;;;0;;Bom;Sem defeito;Perfeito estado;Seca;Perfeito estado;Não existe;R-6a;;2019
29/04/2019;16:25:00;SEM VÍTIMA;IPUTINGA;RUA MAURICIO DE NASSAU;CIDADE;COLISÃO TRASEIRA;2;;;;;;;;0;;Bom;Não existe;Perfeito estado;Seca;Perfeito estado;Não existe;;;2019
29/04/2019;16:28:00;COM VÍTIMA;CORDEIRO;AV CAXANGA;SUBURBIO;ATROPELAMENTO;;;;2;;;1;;2;;Bom;Não existe;Perfeito estado;Seca;Perfeito estado;Não existe;R-6a;;2019
29/04/2019;16:36:00;SEM VÍTIMA;BOA VISTA;AV MANOEL BORBA;SUBURBIO;COLISÃO TRASEIRA;2;;;;;;;;0;;Bom;Sem defeito;Perfeito estado;Seca;Perfeito estado;Faixa de pedestre;Outras;;2019
29/04/2019;17:09:00;SEM VÍTIMA;BOA VIAGEM;RUA AVIADOR SEVERIANO LINS;;COLISÃO;2;;;;;;;;0;;;;;;;;;;2019
29/04/2019;18:02:00;COM VÍTIMA;PARNAMIRIM;EST DO ARRAIAL;SUBURBIO;ABALROAMENTO TRANSVERSAL;;1;;;1;;;;1;;Bom;Sem defeito;Perfeito estado;Seca;Perfeito estado;Não existe;Outras;50 km/h;2019
29/04/2019;18:22:00;SEM VÍTIMA;CASA AMARELA;EST DO ARRAIAL;;COLISÃO;2;;;;;;;;0;;;;;;;;;;2019
29/04/2019;18:32:00;COM VÍTIMA;GRAÇAS;RUA CARDEAL ARCOVERDE;;ABALROAMENTO LONGITUDINAL;1;1;;;;;;;1;;Bom;Sem defeito;Perfeito estado;Seca;Perfeito estado;Faixa de pedestre;Outras;;2019
29/04/2019;19:20:00;SEM VÍTIMA;ESPINHEIRO;AV CONS ROSA E SILVA;SUBURBIO;ABALROAMENTO LONGITUDINAL;1;;;;;1;;;0;;Bom;Não existe;Perfeito estado;Seca;Perfeito estado;Não existe;R-6a;;2019
29/04/2019;19:35:00;SEM VÍTIMA;MADALENA;RUA DOM MANOEL DA COSTA;CIDADE;COLISÃO TRASEIRA;2;;;;;;;;0;;Bom;Não existe;Perfeito estado;Seca;Perfeito estado;Não existe;Outras;;2019
29/04/2019;19:39:00;SEM VÍTIMA;MADALENA;AV VISCONDE DE ALBUQUERQUE;;COLISÃO;1;;;;1;;;;0;;;;;;;;;;2019
29/04/2019;20:14:00;SEM VÍTIMA;CASA AMARELA;RUA CONS PERETTI;;COLISÃO;2;;;;;;;;0;;;;;;;;;;2019
29/04/2019;21:31:00;SEM VÍTIMA;PRADO;AV ENGENHEIRO ABDIAS DE CARVALHO;SUBURBIO;ABALROAMENTO TRANSVERSAL;1;;;;;;1;;0;;Bom;Sem defeito;Perfeito estado;Seca;Perfeito estado;Faixa de pedestre;R-6a;60 km/h;2019
30/04/2019;00:47:00;SEM VÍTIMA;TOTÓ;AV LIBERDADE;SUBURBIO;ABALROAMENTO TRANSVERSAL;1;1;;;;;;;0;;Chuvoso;Não existe;Ilegível;Molhada;Mal iluminada;Não existe;Não há placas;;2019