data;hora;natureza_acidente;bairro;endereco;sentido_via;tipo;auto;moto;ciclista;pedestre;onibus;caminhao;viatura;outros;vitimas;vitimasfatais;tempo_clima;situacao_semaforo;sinalizacao;condicao_via;conservacao_via;ponto_controle;situacao_placa;velocidade_max_via;ano
30/04/2019;05:21:00;COM VÍTIMA;BOA VIAGEM;RUA ERNESTO DE PAULA SANTOS;CIDADE;ABALROAMENTO TRANSVERSAL;2;;;;;;;;1;;Bom;Não existe;Não existente;Seca;;;Não há placas;;2019
30/04/2019;07:50:00;SEM VÍTIMA;IMBIRIBEIRA;AV MARECHAL MASCARENHAS DE MORAES;CIDADE;COLISÃO TRASEIRA;3;;;;;;;;0;;Chuvoso;Não existe;Perfeito estado;Molhada;Perfeito estado;Não existe;Não há placas;;2019
30/04/2019;08:24:00;SEM VÍTIMA;AFOGADOS;RUA DA PAZ;SUBURBIO;ABALROAMENTO LONGITUDINAL;1;1;;;;;;1;0;;Bom;Sem defeito;Perfeito estado;Molhada;Perfeito estado;Faixa de pedestre;Outras;;2019
30/04/2019;09:36:00;SEM VÍTIMA;GRAÇAS;RUA DAS PERNAMBUCANAS;SUBURBIO;ABALROAMENTO LONGITUDINAL;2;;;;;;;;0;;Bom;Sem defeito;Perfeito estado;Seca;Perfeito estado;Não existe;R-6a;;2019
30/04/2019;09:57:00;SEM VÍTIMA;VÁRZEA;AV PROFESSOR ARTUR DE SA;SUBURBIO;ABALROAMENTO LONGITUDINAL;2;;;;;;;;0;;Bom;Não existe;Perfeito estado;Seca;Perfeito estado;Outros;Outras;;2019
30/04/2019;10:21:00;SEM VÍTIMA;MADALENA;AV ENGENHEIRO ABDIAS DE CARVALHO;CIDADE;ABALROAMENTO TRANSVERSAL;1;;;;;1;;;0;;Bom;Sem defeito;Perfeito estado;Seca;Perfeito estado;Não existe;Não há placas;;2019
30/04/2019;10:47:00;COM VÍTIMA;AFOGADOS;RUA VINTE E UM DE ABRIL;SUBURBIO;ABALROAMENTO TRANSVERSAL;1;1;;;;;;;1;;Bom;Não existe;Perfeito estado;Seca;Perfeito estado;Não existe;;;2019
30/04/2019;11:01:00;SEM VÍTIMA;CORDEIRO;AV INACIO MONTEIRO;SUBURBIO;COLISÃO TRASEIRA;3;;;;;;;;0;;Bom;Não existe;Perfeito estado;Seca;Perfeito estado;Não existe;Não há placas;;2019
30/04/2019;11:15:00;SEM VÍTIMA;BOA VIAGEM;RUA TENENTE DOMINGOS DE BRITO;SUBURBIO;COLISÃO TRASEIRA;4;;;;;;;;0;;Bom;Sem defeito;Perfeito estado;Seca;Perfeito estado;Não existe;Outras;;2019
30/04/2019;11:16:00;COM VÍTIMA;IBURA;AV DOIS RIOS;SUBURBIO;ABALROAMENTO LONGITUDINAL;2;1;;;;;;;1;;Bom;Não existe;Perfeito estado;Seca;Mal conservada;Não existe;R-6a;;2019
30/04/2019;11:36:00;COM VÍTIMA;IBURA;AV DOIS RIOS;;COLISÃO;2;1;;;;;;;1;;;;;;;;;;2019
30/04/2019;11:43:00;SEM VÍTIMA;IPSEP;AV RECIFE;IMBIRIBEIRA;COLISÃO;1;;;;;1;;;0;;;;;;;;;;2019
30/04/2019;11:54:00;SEM VÍTIMA;AFOGADOS;AV CAXANGA;CIDADE;ABALROAMENTO LONGITUDINAL;1;;;;1;1;;;0;;Bom;Sem defeito;Perfeito estado;Seca;Perfeito estado;Faixa de pedestre;;;2019
30/04/2019;12:00:00;SEM VÍTIMA;GRAÇAS;RUA RICARDO HARDMAN;;ABALROAMENTO LONGITUDINAL;2;;;;;;;;0;;Bom;Não existe;Perfeito estado;Seca;Perfeito estado;Não existe;Não há placas;;2019
30/04/2019;12:06:00;SEM VÍTIMA;ENCRUZILHADA;AV NORTE;SUBURBIO;ABALROAMENTO LONGITUDINAL;1;;;;1;;;;0;;Bom;Sem defeito;Perfeito estado;Seca;Perfeito estado;Não existe;Não há placas;;2019
30/04/2019;12:18:00;SEM VÍTIMA;BARRO;AV DR JOSE RUFINO;CIDADE;COLISÃO TRASEIRA;1;1;;;;;;;0;;Bom;Não existe;Perfeito estado;Seca;Perfeito estado;Outros;Outras;60 km/h;2019
30/04/2019;12:57:00;COM VÍTIMA;VASCO DA GAMA;RUA ALTO DO EUCALIPTO;;ABALROAMENTO LONGITUDINAL;;1;;;;1;;;1;;Bom;Não existe;Não existente;Seca;Perfeito estado;;R-6a;30 km/h;2019
30/04/2019;13:20:00;SEM VÍTIMA;ÁGUA FRIA;EST VELHA DE AGUA FRIA;SUBURBIO;ABALROAMENTO LONGITUDINAL;1;;;;;;;1;0;;Bom;Não existe;Perfeito estado;Seca;Perfeito estado;Outros;Outras;;2019
30/04/2019;13:24:00;COM VÍTIMA;SANTO AMARO;RUA LEAO FALCAO;;COLISÃO;;2;;;;;;;1;;;;;;;;;;2019
30/04/2019;14:28:00;COM VÍTIMA;MADALENA;AV BEIRA RIO;SUBURBIO;ABALROAMENTO TRANSVERSAL;1;1;;;;;;;1;;Bom;Não existe;Perfeito estado;Seca;Perfeito estado;Não existe;;;2019
30/04/2019;14:34:00;SEM VÍTIMA;CAXANGÁ;AV CAXANGA;;COLISÃO;1;;;;;1;;;0;;;;;;;;;;2019
30/04/2019;14:52:00;SEM VÍTIMA;SAN MARTIN;AV GENERAL SAN MARTIN;SUBURBIO;ABALROAMENTO LONGITUDINAL;1;;;;;1;;;0;;Bom;Sem defeito;Perfeito estado;Seca;Perfeito estado;Faixa de pedestre;Outras;40 km/h;2019
30/04/2019;15:22:00;SEM VÍTIMA;JORDÃO;RUA CANAL DO JORDAO;;COLISÃO TRASEIRA;1;;;;;1;;;0;;Bom;Não existe;Perfeito estado;Seca;Perfeito estado;;Não há placas;40 km/h;2019
30/04/2019;15:53:00;SEM VÍTIMA;JOANA BEZERRA;AV BEIRA RIO;CIDADE;ABALROAMENTO LONGITUDINAL;;1;;;;;1;;0;;Bom;Não existe;Perfeito estado;Seca;Perfeito estado;Não existe;R-6a;;2019
30/04/2019;15:54:00;SEM VÍTIMA;PAISSANDU;RUA EPAMINONDAS DE MELO;;ABALROAMENTO LONGITUDINAL;2;;;;;;;;0;;Bom;Não existe;Perfeito estado;Seca;Mal conservada;Não existe;Outras;;2019
30/04/2019;16:30:00;SEM VÍTIMA;PINA;AV BRASILIA FORMOSA;;ABALROAMENTO LONGITUDINAL;;;;;1;1;;;0;;Bom;Não existe;Perfeito estado;Seca;Perfeito estado;Outros;R-6a;;2019
30/04/2019;16:36:00;SEM VÍTIMA;MADALENA;RUA BENFICA;;ABALROAMENTO LONGITUDINAL;1;;;;;1;;;0;;Bom;Não existe;Perfeito estado;Seca;Perfeito estado;Não existe;;;2019
30/04/2019;16:36:00;SEM VÍTIMA;BARRO;AV DR JOSE RUFINO;SUBURBIO;ABALROAMENTO TRANSVERSAL;2;;;;;;;;0;;Bom;Não existe;Perfeito estado;Seca;Perfeito estado;Outros;Outras;60 km/h;2019
30/04/2019;16:54:00;COM VÍTIMA;MADALENA;AV BEIRA RIO;SUBURBIO;COLISÃO COM CICLISTA;1;;1;;;;;;1;;Bom;Sem defeito;Perfeito estado;Seca;Perfeito estado;Faixa de pedestre;Outras;;2019
30/04/2019;17:45:00;SEM VÍTIMA;TEJIPIÓ;RUA PIRAMBOIA;;COLISÃO;2;;;;;;;;0;;;;;;;;;;2019
30/04/2019;19:39:00;SEM VÍTIMA;DERBY;RUA DR SEVERINO PINHEIRO;CIDADE;COLISÃO TRASEIRA;2;;;;;;;;0;;Bom;Não existe;Perfeito estado;Seca;Perfeito estado;Outros;Outras;;2019
30/04/2019;19:49:00;SEM VÍTIMA;IMBIRIBEIRA;AV MARECHAL MASCARENHAS DE MORAES;CIDADE;ABALROAMENTO LONGITUDINAL;1;;;;1;;;;0;;Bom;Sem defeito;Perfeito estado;Seca;Perfeito estado;;R-6a;;2019
30/04/2019;20:00:00;SEM VÍTIMA;TORRÕES;AV ENGENHEIRO ABDIAS DE CARVALHO;;ENGAVETAMENTO;3;;;;;;;;0;;;;;;;;;;2019
30/04/2019;22:08:00;SEM VÍTIMA;BOA VIAGEM;RUA BARAO DE SOUZA LEAO;SUBURBIO;ABALROAMENTO TRANSVERSAL;1;1;;;;;;;0;;Bom;Sem defeito;Perfeito estado;Seca;Perfeito estado;Faixa de pedestre;R-6a;;2019
30/04/2019;22:33:00;SEM VÍTIMA;DOIS UNIDOS;AV HILDEBRANDO DE VASCONCELOS;;COLISÃO;;1;;;1;;;;0;;;;;;;;;;2019
01/05/2019;08:06:00;SEM VÍTIMA;ÁGUA FRIA;AV PROFESSOR JOSE DOS ANJOS;SUBURBIO;ABALROAMENTO LONGITUDINAL;1;1;;;;;;;0;;Bom;Não existe;Perfeito estado;Seca;Perfeito estado;Não existe;Não há placas;60 km/h;2019
01/05/2019;11:31:00;SEM VÍTIMA;BOA VIAGEM;AV ENGENHEIRO DOMINGOS FERREIRA;SUBURBIO;COLISÃO TRASEIRA;2;;;;;;;;0;;Bom;Sem defeito;Perfeito estado;Seca;Perfeito estado;Faixa de pedestre;Outras;60 km/h;2019
01/05/2019;15:19:00;COM VÍTIMA;BEBERIBE;AV BEBERIBE;CIDADE;COLISÃO TRASEIRA;1;1;;;;;;;1;;Bom;Sem defeito;Perfeito estado;Seca;Perfeito estado;Faixa de pedestre;Não há placas;60 km/h;2019
01/05/2019;15:30:00;COM VÍTIMA;IPSEP;AV RECIFE;SUBURBIO;ATROPELAMENTO;1;;;1;;;;;1;;Bom;Não existe;Perfeito estado;Seca;Perfeito estado;Não existe;Não há placas;;2019
01/05/2019;15:35:00;SEM VÍTIMA;AFLITOS;AV CONS ROSA E SILVA;;COLISÃO;2;;;;;;;;0;;;;;;;;;;2019
01/05/2019;15:36:00;COM VÍTIMA;BEBERIBE;AV BEBERIBE;;COLISÃO;1;1;;;;;;;1;;;;;;;;;;2019
01/05/2019;15:37:00;SEM VÍTIMA;BOA VIAGEM;AV CONSELHEIRO AGUIAR;CIDADE;ABALROAMENTO LONGITUDINAL;2;;;;;;;;0;;Bom;Sem defeito;Perfeito estado;Seca;Perfeito estado;Faixa de pedestre;Outras;;2019
01/05/2019;15:37:00;SEM VÍTIMA;AFOGADOS;RUA VINTE E UM DE ABRIL;;COLISÃO;1;1;;;;;;;0;;;;;;;;;;2019
01/05/2019;15:40:00;SEM VÍTIMA;AFOGADOS;RUA COSME VIANA;SUBURBIO;COLISÃO TRASEIRA;3;;;;;;;;0;;Bom;Sem defeito;Perfeito estado;Seca;Perfeito estado;Faixa de pedestre;R-6a;;2019
01/05/2019;15:59:00;SEM VÍTIMA;CASA FORTE;RUA DONA ANUNCIADA DE MORAIS;;CHOQUE VEÍCULO PARADO;1;;;;;1;;;0;;Bom;Não existe;Perfeito estado;Seca;Perfeito estado;Faixa de retenção;Placas Pare;;2019
01/05/2019;17:08:00;COM VÍTIMA;BOA VISTA;RUA JOAO FERNANDES VIEIRA;CIDADE;CHOQUE OBJETO FIXO;1;;;;;;;;1;;Bom;Não existe;Perfeito estado;Seca;Perfeito estado;Faixa de pedestre;Outras;;2019
01/05/2019;21:14:00;COM VÍTIMA;BOA VISTA;AV GOVERNADOR AGAMENON MAGALHAES;SUBURBIO;ABALROAMENTO LONGITUDINAL;;1;;;1;;;;1;;Bom;Sem defeito;Perfeito estado;Seca;Perfeito estado;Faixa de pedestre;Outras;;2019
01/05/2019;22:11:00;SEM VÍTIMA;CASA FORTE;EST DAS UBAIAS,;SUBURBIO;ABALROAMENTO TRANSVERSAL;1;1;;;;;;;0;;Bom;Não existe;Perfeito estado;Seca;Perfeito estado;;R-6a;30 km/h;2019
02/05/2019;06:25:00;COM VÍTIMA;TORRE;RUA REAL DA TORRE;CIDADE;COLISÃO COM CICLISTA;;;1;;1;;;;1;;Bom;Sem defeito;Perfeito estado;Seca;Perfeito estado;Agente;;30 km/h;2019
02/05/2019;06:44:00;SEM VÍTIMA;BARRO;RUA AMADOR ARAUJO;SUBURBIO;ABALROAMENTO TRANSVERSAL;2;;;;;;;;0;;Bom;Não existe;Perfeito estado;Seca;Perfeito estado;Outros;Não há placas;30 km/h;2019
02/05/2019;06:47:00;SEM VÍTIMA;CASA FORTE;EST DO ENCANAMENTO;CIDADE;COLISÃO TRASEIRA;3;;;;;;;;0;;Bom;Sem defeito;Perfeito estado;Seca;Perfeito estado;Faixa de pedestre;Outras;;2019
02/05/2019;06:59:00;COM VÍTIMA;PINA;AV HERCULANO BANDEIRA;SUBURBIO;CHOQUE OBJETO FIXO;1;;;;;;;;1;;Bom;Sem defeito;Perfeito estado;Seca;Perfeito estado;Não existe;Outras;;2019
02/05/2019;07:26:00;SEM VÍTIMA;BOA VISTA;AV VISCONDE DE SUASSUNA;SUBURBIO;ABALROAMENTO TRANSVERSAL;2;;;;;;;;0;;Bom;Não existe;Perfeito estado;Seca;Perfeito estado;Faixa de retenção;Não há placas;60 km/h;2019
02/05/2019;08:22:00;COM VÍTIMA;BOA VIAGEM;RUA VISCONDE DE JEQUITINHONHA;SUBURBIO;COLISÃO COM CICLISTA;1;;1;;;;;;1;;Bom;Não existe;Perfeito estado;Seca;Perfeito estado;Não existe;Não há placas;60 km/h;2019
02/05/2019;08:24:00;SEM VÍTIMA;BOA VIAGEM;AV CONSELHEIRO AGUIAR;SUBURBIO;ABALROAMENTO LONGITUDINAL;1;;;;1;;;;0;;Bom;Não existe;Perfeito estado;Seca;Perfeito estado;Não existe;R-6a;40 km/h;2019
02/05/2019;08:25:00;COM VÍTIMA;IMBIRIBEIRA;RUA OLIVIA MENELAU;CIDADE;COLISÃO COM CICLISTA;1;;1;;;;;;1;;Bom;;Perfeito estado;Seca;Perfeito estado;;R-6a;40 km/h;2019
02/05/2019;08:26:00;SEM VÍTIMA;BOA VIAGEM;RUA ALMIRANTE BATISTA LEAO;;COLISÃO TRASEIRA;1;;;;;1;;;0;;Bom;Não existe;Perfeito estado;Seca;Perfeito estado;Não existe;Não há placas;;2019
02/05/2019;09:00:00;COM VÍTIMA;MADALENA;AV CAXANGA;CIDADE;ABALROAMENTO TRANSVERSAL;1;1;;;;;;;1;;Bom;Sem defeito;Perfeito estado;Seca;Perfeito estado;Faixa de pedestre;Não há placas;60 km/h;2019
02/05/2019;09:01:00;SEM VÍTIMA;ILHA DO RETIRO;AV JOSE GONCALVES DE MEDEIROS;SUBURBIO;COLISÃO TRASEIRA;2;;;;;;;;0;;Bom;Sem defeito;Perfeito estado;Seca;Perfeito estado;Faixa de retenção;Não há placas;;2019
02/05/2019;09:06:00;SEM VÍTIMA;HIPÓDROMO;RUA MARTINS RIBEIRO;SUBURBIO;CHOQUE VEÍCULO PARADO;1;;;;;1;;;0;;Bom;Não existe;Incompleta;Seca;Perfeito estado;Não existe;Não há placas;;2019
02/05/2019;09:17:00;COM VÍTIMA;ENCRUZILHADA;RUA DR EDUARDO WANDERLEY;SUBURBIO;COLISÃO TRASEIRA;1;1;;;;;;;1;;Bom;Não existe;Não existente;Seca;Perfeito estado;Não existe;Não há placas;;2019
02/05/2019;10:06:00;SEM VÍTIMA;DERBY;PRC DO DERBY;CIDADE;ABALROAMENTO LONGITUDINAL;2;;;;;;;;0;;Bom;Sem defeito;Perfeito estado;Seca;Perfeito estado;Faixa de pedestre;R-4a;;2019
02/05/2019;11:09:00;SEM VÍTIMA;AFOGADOS;RUA SAO MIGUEL;SUBURBIO;ABALROAMENTO LONGITUDINAL;2;;;;;;;;0;;Bom;Sem defeito;Perfeito estado;Seca;Perfeito estado;Faixa de pedestre;Outras;;2019
02/05/2019;11:27:00;SEM VÍTIMA;COELHOS;RUA DOS COELHOS;SUBURBIO;ABALROAMENTO LONGITUDINAL;2;;;;;;;;0;;Bom;Não existe;Perfeito estado;Seca;Perfeito estado;;R-6a;;2019
02/05/2019;11:28:00;SEM VÍTIMA;VÁRZEA;RUA PROFESSOR ANTONIO COELHO;;ABALROAMENTO TRANSVERSAL;2;;;;;;;;0;;Bom;Não existe;Perfeito estado;Seca;Perfeito estado;Não existe;Placas Pare;;2019
02/05/2019;11:38:00;SEM VÍTIMA;IMBIRIBEIRA;AV ANTONIO TORRES GALVAO;CIDADE;ABALROAMENTO LONGITUDINAL;2;;;;;;;;0;;Bom;Não existe;Ilegível;Seca;Mal conservada;Não existe;Não há placas;;2019
02/05/2019;11:45:00;SEM VÍTIMA;CAXANGÁ;RUA EMILIANO BRAGA;;COLISÃO;2;;;;;;;;0;;;;;;;;;;2019
02/05/2019;11:48:00;SEM VÍTIMA;JORDÃO;AV MARIA IRENE;SUBURBIO;ABALROAMENTO LONGITUDINAL;1;;;;;1;;;0;;Bom;Não existe;Não existente;Seca;Mal conservada;Não existe;Não há placas;;2019
02/05/2019;11:50:00;SEM VÍTIMA;MADALENA;AV VISCONDE DE ALBUQUERQUE;SUBURBIO;ABALROAMENTO TRANSVERSAL;2;;;;;;;;0;;Bom;Não existe;Perfeito estado;Seca;Perfeito estado;Não existe;Placas Pare;;2019
02/05/2019;12:20:00;SEM VÍTIMA;AFOGADOS;RUA SAO MIGUEL;SUBURBIO;CHOQUE VEÍCULO PARADO;1;;;;1;;;;0;;Bom;Sem defeito;Perfeito estado;Seca;Perfeito estado;Não existe;Outras;;2019
02/05/2019;12:26:00;SEM VÍTIMA;IBURA;AV RIO LARGO;;COLISÃO;1;1;;;;;;;0;;;;;;;;;;2019
02/05/2019;12:32:00;SEM VÍTIMA;IBURA;AV RIO LARGO;;COLISÃO;1;1;;;;;;;0;;;;;;;;;;2019
02/05/2019;13:56:00;COM VÍTIMA;BOA VISTA;RUA DA AURORA;;ATROPELAMENTO;;;;1;1;;;;1;;Bom;Sem defeito;Perfeito estado;Seca;Perfeito estado;Agente;Outras;60 km/h;2019
02/05/2019;14:17:00;SEM VÍTIMA;IMBIRIBEIRA;AV MARECHAL MASCARENHAS DE MORAES;SUBURBIO;COLISÃO;;;;;2;;;;0;;;;;;;;;;2019
02/05/2019;15:08:00;SEM VÍTIMA;IMBIRIBEIRA;RUA PINTOR LULA CARDOSO AYRES;SUBURBIO;ABALROAMENTO LONGITUDINAL;2;;;;;;;;0;;Bom;Não existe;Não existente;Seca;Perfeito estado;Não existe;Não há placas;;2019
02/05/2019;15:25:00;SEM VÍTIMA;BOA VIAGEM;RUA FRANCISCO DA CUNHA;;ABALROAMENTO TRANSVERSAL;2;;;;;;;;0;;Bom;Não existe;Perfeito estado;Seca;Perfeito estado;;Placas Pare;40 km/h;2019
02/05/2019;15:43:00;SEM VÍTIMA;VÁRZEA;RUA FRANCISCO LACERDA;CIDADE;CHOQUE VEÍCULO PARADO;1;;;;;1;;;0;;Bom;Não existe;Incompleta;Seca;Perfeito estado;Não existe;Placas Pare;;2019
02/05/2019;16:34:00;SEM VÍTIMA;BOA VISTA;AV CONDE DA BOA VISTA;SUBURBIO;ABALROAMENTO TRANSVERSAL;2;;;;;;;;0;;Bom;Sem defeito;Perfeito estado;Seca;Perfeito estado;Não existe;Placas Pare;;2019
02/05/2019;16:50:00;COM VÍTIMA;SANTO AMARO;RUA DOS PALMARES;SUBURBIO;ABALROAMENTO TRANSVERSAL;2;;;;;;;1;2;;Bom;Sem defeito;Perfeito estado;Seca;Perfeito estado;Faixa de pedestre;Outras;40 km/h;2019
02/05/2019;16:57:00;SEM VÍTIMA;TAMARINEIRA;AV CONS ROSA E SILVA;SUBURBIO;ABALROAMENTO LONGITUDINAL;;;;;1;;;;0;;Bom;Sem defeito;Perfeito estado;Seca;Perfeito estado;Faixa de pedestre;Outras;;2019
02/05/2019;17:02:00;SEM VÍTIMA;AFOGADOS;AV SUL;;COLISÃO;1;;;;;;;1;0;;;;;;;;;;2019
02/05/2019;17:05:00;SEM VÍTIMA;PINA;AV ANTONIO DE GOES;CIDADE;ABALROAMENTO LONGITUDINAL;1;;;;1;;;;0;;Bom;Não existe;Perfeito estado;Seca;Perfeito estado;Não existe;Não há placas;60 km/h;2019
02/05/2019;17:55:00;SEM VÍTIMA;BOA VISTA;RUA JOSE DE ALENCAR;SUBURBIO;ABALROAMENTO LONGITUDINAL;1;1;;;;;;;0;;Bom;Não existe;Perfeito estado;Seca;Perfeito estado;Não existe;Placas Pare;40 km/h;2019
02/05/2019;18:11:00;SEM VÍTIMA;BOA VIAGEM;AV ENGENHEIRO DOMINGOS FERREIRA;SUBURBIO;ABALROAMENTO LONGITUDINAL;1;;;;1;;;;0;;Bom;Não existe;Perfeito estado;Seca;Perfeito estado;Outros;Outras;;2019
02/05/2019;18:22:00;SEM VÍTIMA;JAQUEIRA;RUA ANTENOR NAVARRO;CIDADE;COLISÃO TRASEIRA;2;;;;;;;;0;;Bom;Não existe;Perfeito estado;Seca;Perfeito estado;Não existe;Não há placas;;2019
02/05/2019;19:01:00;COM VÍTIMA;VÁRZEA;RUA JOAO SALES MENEZES;;COLISÃO;;2;;1;;;;;1;;;;;;;;;;2019
02/05/2019;19:04:00;SEM VÍTIMA;MADALENA;RUA BENFICA;CIDADE;ABALROAMENTO LONGITUDINAL;1;;;;1;;;;0;;Bom;Não existe;Perfeito estado;Seca;Perfeito estado;Não existe;Outras;;2019
02/05/2019;19:14:00;SEM VÍTIMA;ILHA DO RETIRO;PRC DA BANDEIRA;SUBURBIO;ABALROAMENTO LONGITUDINAL;2;;;;;;;;0;;Bom;Não existe;Perfeito estado;Seca;Perfeito estado;Não existe;Não há placas;;2019
02/05/2019;19:30:00;COM VÍTIMA;VÁRZEA;RUA GASTAO VIDIGAL;SUBURBIO;ABALROAMENTO TRANSVERSAL;1;;;;1;;;;1;;Bom;Não existe;Incompleta;Seca;Perfeito estado;Não existe;Não há placas;;2019
03/05/2019;00:31:00;SEM VÍTIMA;AFOGADOS;RUA COSME VIANA;SUBURBIO;ABALROAMENTO TRANSVERSAL;2;;;;;;;;0;;Bom;Sem defeito;Perfeito estado;Seca;Perfeito estado;;;;2019
03/05/2019;07:00:00;SEM VÍTIMA;ILHA DO RETIRO;RUA DR JOAO MARQUES;;COLISÃO;2;;;;;;;;0;;;;;;;;;;2019
03/05/2019;07:07:00;SEM VÍTIMA;SOLEDADE;AV OLIVEIRA LIMA;CIDADE;ABALROAMENTO LONGITUDINAL;1;1;;;;;;;0;;Bom;Não existe;Incompleta;Seca;Perfeito estado;Não existe;R-6a;;2019
03/05/2019;07:31:00;SEM VÍTIMA;MADALENA;RUA JOSE OSORIO;SUBURBIO;COLISÃO TRASEIRA;2;;;;;;;;0;;Bom;Sem defeito;Perfeito estado;Seca;Perfeito estado;;R-6a;;2019
03/05/2019;07:38:00;SEM VÍTIMA;PINA;AV ANTONIO DE GOES;CIDADE;ABALROAMENTO LONGITUDINAL;2;;;;;;;;0;;Bom;Sem defeito;Perfeito estado;Seca;Perfeito estado;Agente;Não há placas;60 km/h;2019
03/05/2019;07:46:00;SEM VÍTIMA;JORDÃO;RUA ALBERTO LUNDGREN;;COLISÃO;1;;;;;1;;;0;;;;;;;;;;2019
03/05/2019;08:07:00;COM VÍTIMA;JORDÃO;RUA BOANERGES PEREIRA;SUBURBIO;COLISÃO TRASEIRA;1;1;;;;1;;;1;;Bom;Não existe;Não existente;Seca;Mal conservada;Não existe;Não há placas;;2019
03/05/2019;08:29:00;COM VÍTIMA;PAISSANDU;AV GOVERNADOR AGAMENON MAGALHAES;BOA VIAGEM;COLISÃO TRASEIRA;1;1;;;;;;;1;;Bom;Sem defeito;Perfeito estado;Seca;Perfeito estado;;;;2019
03/05/2019;08:32:00;SEM VÍTIMA;JIQUIÁ;RUA SAO MIGUEL;CIDADE;COLISÃO TRASEIRA;2;;;;;;;;0;;Bom;Sem defeito;Perfeito estado;Seca;Perfeito estado;;Não há placas;;2019
03/05/2019;08:35:00;SEM VÍTIMA;CASA AMARELA;RUA DA HARMONIA;;COLISÃO;2;;;;;;;;0;;;;;;;;;;2019
03/05/2019;08:35:00;SEM VÍTIMA;DERBY;RUA MANOEL CAETANO;;COLISÃO;2;;;;;;;;0;;;;;;;;;;2019
03/05/2019;08:40:00;SEM VÍTIMA;BOA VIAGEM;RUA RIBEIRO DE BRITO;SUBURBIO;COLISÃO TRASEIRA;1;;;;1;;;;0;;Bom;Não existe;Perfeito estado;Seca;Perfeito estado;Não existe;Outras;;2019
03/05/2019;08:46:00;SEM VÍTIMA;MADALENA;RUA PADRE ANCHIETA;CIDADE;COLISÃO TRASEIRA;2;;;;;;;;0;;Bom;Não existe;Perfeito estado;Seca;Perfeito estado;Não existe;R-6a;;2019
03/05/2019;09:03:00;SEM VÍTIMA;IMBIRIBEIRA;AV MARECHAL MASCARENHAS DE MORAES;;ABALROAMENTO LONGITUDINAL;1;;;;;1;;;0;;Bom;Sem defeito;Perfeito estado;Seca;Perfeito estado;Não existe;Não há placas;;2019
03/05/2019;09:14:00;SEM VÍTIMA;BOA VIAGEM;AV ENGENHEIRO DOMINGOS FERREIRA;;COLISÃO TRASEIRA;2;;;;;;;;0;;Bom;Sem defeito;Perfeito estado;Seca;Perfeito estado;;Outras;;2019
03/05/2019;09:34:00;SEM VÍTIMA;VÁRZEA;AV AFONSO OLINDENSE;SUBURBIO;ABALROAMENTO LONGITUDINAL;1;;;;;1;;;0;;Bom;Sem defeito;Perfeito estado;Seca;Perfeito estado;Não existe;Não há placas;40 km/h;2019
03/05/2019;09:44:00;SEM VÍTIMA;IMBIRIBEIRA;AV MARECHAL MASCARENHAS DE MORAES;SUBURBIO;COLISÃO TRASEIRA;2;;;;;;;;0;;Bom;Sem defeito;Perfeito estado;Seca;Perfeito estado;Faixa de pedestre;Outras;60 km/h;2019
03/05/2019;09:51:00;SEM VÍTIMA;MADALENA;EST DOS REMEDIOS;CIDADE;ABALROAMENTO LONGITUDINAL;2;;;;;;;;0;;Bom;Sem defeito;Perfeito estado;Seca;Perfeito estado;Faixa de pedestre;Outras;;2019
03/05/2019;09:56:00;SEM VÍTIMA;MACAXEIRA;AV NORTE;SUBURBIO;ABALROAMENTO LONGITUDINAL;1;;;;;1;;;0;;Bom;Sem defeito;Perfeito estado;Seca;Perfeito estado;Faixa de pedestre;Outras;;2019
03/05/2019;10:04:00;COM VÍTIMA;IMBIRIBEIRA;RUA ALVARO AMORIM;;COLISÃO;1;1;;;;;;;1;;;;;;;;;;2019
03/05/2019;10:38:00;SEM VÍTIMA;TORRE;RUA MARCOS ANDRE;;ABALROAMENTO LONGITUDINAL;2;;;;;;;;0;;Bom;Sem defeito;Perfeito estado;Seca;Perfeito estado;Faixa de retenção;R-6a;;2019
03/05/2019;10:54:00;SEM VÍTIMA;BEBERIBE;AV BEBERIBE;CIDADE;ABALROAMENTO LONGITUDINAL;1;;;;1;;;;0;;Bom;Sem defeito;Perfeito estado;Seca;Perfeito estado;Faixa de pedestre;;;2019
03/05/2019;10:55:00;COM VÍTIMA;SANTO AMARO;AV CRUZ CABUGA;CIDADE;ATROPELAMENTO;1;;;1;;;;;1;;Bom;Não existe;Perfeito estado;Seca;Perfeito estado;Não existe;Não há placas;;2019
03/05/2019;11:11:00;SEM VÍTIMA;SAN MARTIN;AV GENERAL SAN MARTIN;;ABALROAMENTO LONGITUDINAL;;1;;;;1;;;0;;Bom;Sem defeito;Perfeito estado;Seca;Perfeito estado;Faixa de pedestre;R-6a;;2019
03/05/2019;11:13:00;SEM VÍTIMA;SANTO ANTÔNIO;RUA SIQUEIRA CAMPOS;SUBURBIO;ABALROAMENTO LONGITUDINAL;1;;;;1;;;;0;;Bom;Sem defeito;Perfeito estado;Seca;Mal iluminada;Não existe;Não há placas;;2019
03/05/2019;12:26:00;COM VÍTIMA;BOMBA DO HEMETÉRIO;RUA BOMBA DO HEMETERIO;CIDADE;ATROPELAMENTO;;;;1;;1;;;1;;Bom;Não existe;Perfeito estado;Seca;Perfeito estado;Não existe;Não há placas;;2019