data;hora;natureza_acidente;bairro;endereco;sentido_via;tipo;auto;moto;ciclista;pedestre;onibus;caminhao;viatura;outros;vitimas;vitimasfatais;tempo_clima;situacao_semaforo;sinalizacao;condicao_via;conservacao_via;ponto_controle;situacao_placa;velocidade_max_via;ano
03/05/2019;12:48:00;COM VÍTIMA;ÁGUA FRIA;EST VELHA DE AGUA FRIA;;COLISÃO;1;;;1;;;;;1;;;;;;;;;;2019
03/05/2019;12:55:00;SEM VÍTIMA;PARNAMIRIM;RUA JOAO TUDE DE MELO;SUBURBIO;COLISÃO TRASEIRA;3;;;;;;;;0;;Bom;Não existe;Perfeito estado;Seca;Perfeito estado;Não existe;Não há placas;60 km/h;2019
03/05/2019;13:15:00;SEM VÍTIMA;ESTÂNCIA;AV RECIFE;SUBURBIO;ABALROAMENTO LONGITUDINAL;1;;;;;1;;;0;;Bom;Sem defeito;Perfeito estado;Seca;Perfeito estado;Não existe;;;2019
03/05/2019;13:51:00;SEM VÍTIMA;BAIRRO DO RECIFE;AV MARQUES DE OLINDA;;ABALROAMENTO LONGITUDINAL;1;1;;;;;;;0;;Bom;Não existe;Perfeito estado;Seca;Perfeito estado;Agente;Outras;30 km/h;2019
03/05/2019;13:52:00;COM VÍTIMA;CORDEIRO;RUA DIANOPOLIS;;COLISÃO;1;1;;;;;;;1;;;;;;;;;;2019
03/05/2019;14:18:00;SEM VÍTIMA;BOA VIAGEM;AV ENGENHEIRO DOMINGOS FERREIRA;SUBURBIO;ABALROAMENTO LONGITUDINAL;2;;;;;;;;0;;Bom;Não existe;Perfeito estado;Seca;Perfeito estado;Outros;Outras;60 km/h;2019
03/05/2019;14:21:00;SEM VÍTIMA;BOA VIAGEM;AV FERNANDO SIMOES BARBOSA;;COLISÃO;2;;;;;;;;0;;;;;;;;;;2019
03/05/2019;14:22:00;SEM VÍTIMA;IPUTINGA;AV CAXANGA;CIDADE;COLISÃO TRASEIRA;2;;;;;;;;0;;Bom;Sem defeito;Perfeito estado;Seca;Perfeito estado;Faixa de retenção;Outras;;2019
03/05/2019;14:27:00;SEM VÍTIMA;VÁRZEA;RUA PROFESSOR ANTONIO COELHO;CIDADE;ABALROAMENTO LONGITUDINAL;1;;;;1;;;;0;;Bom;Sem defeito;Perfeito estado;Seca;Perfeito estado;Não existe;R-6a;;2019
03/05/2019;14:49:00;SEM VÍTIMA;BOA VIAGEM;RUA TOME GIBSON;;COLISÃO FRONTAL;1;1;;;;;;;0;;Bom;Sem defeito;Perfeito estado;Seca;Perfeito estado;Faixa de pedestre;Não há placas;;2019
03/05/2019;14:57:00;SEM VÍTIMA;AFOGADOS;EST DO BONGI;;COLISÃO;2;;;;;;;;0;;;;;;;;;;2019
03/05/2019;15:00:00;SEM VÍTIMA;BOA VIAGEM;RUA BALTAZAR PASSOS;CIDADE;ABALROAMENTO LONGITUDINAL;2;;;;;;;;0;;Bom;Não existe;Perfeito estado;Seca;Perfeito estado;Não existe;Não há placas;;2019
03/05/2019;15:00:00;SEM VÍTIMA;IMBIRIBEIRA;RUA ARQUITETO FERNANDO ALMEIDA;CIDADE;COLISÃO TRASEIRA;2;;;;;;;;0;;Bom;Sem defeito;Perfeito estado;Seca;Perfeito estado;Não existe;Não há placas;40 km/h;2019
03/05/2019;15:31:00;SEM VÍTIMA;BOA VIAGEM;RUA DES JOAO PAES;;COLISÃO;1;1;;;;;;;0;;;;;;;;;;2019
03/05/2019;15:32:00;SEM VÍTIMA;BOA VIAGEM;AV CONSELHEIRO AGUIAR;CIDADE;ABALROAMENTO LONGITUDINAL;2;;;;;;;;0;;Bom;Não existe;Perfeito estado;Seca;Perfeito estado;Não existe;Não há placas;;2019
03/05/2019;15:39:00;SEM VÍTIMA;SANTO AMARO;AV CRUZ CABUGA;CIDADE;ABALROAMENTO LONGITUDINAL;1;1;;;;;;;0;;Bom;Sem defeito;Perfeito estado;Seca;Perfeito estado;Faixa de pedestre;;;2019
03/05/2019;15:54:00;SEM VÍTIMA;PAISSANDU;RUA PAISSANDU;;COLISÃO;2;;;;;;;;0;;;;;;;;;;2019
03/05/2019;15:58:00;SEM VÍTIMA;MADALENA;RUA BENFICA;;ABALROAMENTO LONGITUDINAL;2;;;;;;;;0;;Bom;Sem defeito;Perfeito estado;Seca;Perfeito estado;Faixa de pedestre;Outras;;2019
03/05/2019;16:15:00;SEM VÍTIMA;BAIRRO DO RECIFE;CAIS DO APOLO;;ABALROAMENTO LONGITUDINAL;2;;;;;;;;0;;Bom;Sem defeito;Perfeito estado;Seca;Perfeito estado;Agente;Outras;30 km/h;2019
03/05/2019;16:15:00;SEM VÍTIMA;IMBIRIBEIRA;AV MARECHAL MASCARENHAS DE MORAES;CIDADE;ABALROAMENTO LONGITUDINAL;1;;;;;1;;;0;;Bom;Sem defeito;Perfeito estado;Seca;Perfeito estado;Faixa de retenção;Outras;;2019
03/05/2019;17:18:00;SEM VÍTIMA;BOA VIAGEM;AV FERNANDO SIMOES BARBOSA;SUBURBIO;COLISÃO TRASEIRA;2;;;;;;;;0;;Bom;Sem defeito;Perfeito estado;Seca;Perfeito estado;Faixa de pedestre;Outras;60 km/h;2019
03/05/2019;18:10:00;SEM VÍTIMA;AFOGADOS;LARGO DA PAZ;;COLISÃO;1;;;;;1;;;0;;;;;;;;;;2019
03/05/2019;18:35:00;COM VÍTIMA;BOA VISTA;RUA PRINCESA IZABEL;CIDADE;ABALROAMENTO LONGITUDINAL;1;1;;;;;;;2;;Bom;Sem defeito;Perfeito estado;Seca;Perfeito estado;Faixa de pedestre;Outras;40 km/h;2019
03/05/2019;18:44:00;COM VÍTIMA;ESPINHEIRO;PTE JOAO DE BARROS;OLINDA;COLISÃO TRASEIRA;1;1;;;;;;;1;;Bom;Não existe;Perfeito estado;Seca;Perfeito estado;Não existe;Não há placas;;2019
03/05/2019;19:08:00;SEM VÍTIMA;IMBIRIBEIRA;AV MARECHAL MASCARENHAS DE MORAES;SUBURBIO;COLISÃO TRASEIRA;2;;;;;;;;0;;Bom;Sem defeito;Perfeito estado;Seca;Perfeito estado;Faixa de pedestre;R-6a;60 km/h;2019
03/05/2019;19:28:00;SEM VÍTIMA;IPSEP;RUA HELIO BRANDAO;SUBURBIO;ABALROAMENTO TRANSVERSAL;2;;;;;;;;0;;Bom;Não existe;Não existente;Seca;Mal iluminada;;Não há placas;30 km/h;2019
03/05/2019;19:49:00;SEM VÍTIMA;ROSARINHO;RUA REGUEIRA COSTA;;COLISÃO;1;;;;;1;;;0;;;;;;;;;;2019
03/05/2019;21:52:00;SEM VÍTIMA;TORRE;RUA REAL DA TORRE;SUBURBIO;ABALROAMENTO LONGITUDINAL;1;;;;;1;;;0;;Bom;Não existe;Perfeito estado;Seca;Perfeito estado;Não existe;Não há placas;40 km/h;2019
06/05/2019;08:52:00;SEM VÍTIMA;CASA AMARELA;AV DR EURICO CHAVES;CIDADE;ABALROAMENTO LONGITUDINAL;1;;;;1;;;;0;;Bom;Não existe;Perfeito estado;Seca;Perfeito estado;Não existe;R-6a;30 km/h;2019
04/05/2019;00:55:00;SEM VÍTIMA;ENGENHO DO MEIO;AV CAXANGA;CIDADE;ABALROAMENTO TRANSVERSAL;2;;;;;;;;0;;Bom;Sem defeito;Perfeito estado;Seca;Mal iluminada;Faixa de pedestre;Não há placas;60 km/h;2019
04/05/2019;08:03:00;COM VÍTIMA;MACAXEIRA;AV JOSE AMERICO DE ALMEIDA;CIDADE;ABALROAMENTO TRANSVERSAL;1;1;;;;;;;1;;Bom;Não existe;Perfeito estado;Seca;Perfeito estado;;Não há placas;;2019
04/05/2019;08:11:00;SEM VÍTIMA;IMBIRIBEIRA;AV MARECHAL MASCARENHAS DE MORAES;CIDADE;COLISÃO TRASEIRA;1;;;;;1;;;0;;Bom;Com defeito;Perfeito estado;Seca;Perfeito estado;Faixa de retenção;Outras;60 km/h;2019
04/05/2019;09:09:00;SEM VÍTIMA;IMBIRIBEIRA;AV MARECHAL MASCARENHAS DE MORAES;;ABALROAMENTO TRANSVERSAL;1;;;;1;;;;0;;Bom;Sem defeito;Perfeito estado;Seca;Perfeito estado;Faixa de pedestre;Não há placas;;2019
04/05/2019;09:29:00;COM VÍTIMA;IMBIRIBEIRA;AV GENERAL MAC ARTHUR;IMBIRIBEIRA;COLISÃO COM CICLISTA;1;;1;;;;;;1;;Bom;Sem defeito;Perfeito estado;Seca;Perfeito estado;Faixa de retenção;Não há placas;;2019
04/05/2019;10:49:00;COM VÍTIMA;BARRO;RUA DOM ANTONIO VICOSO;;COLISÃO;1;1;;;;;;;1;;Bom;;Perfeito estado;Seca;Perfeito estado;Não existe;Não há placas;;2019
04/05/2019;11:50:00;SEM VÍTIMA;IMBIRIBEIRA;AV MARECHAL MASCARENHAS DE MORAES;AEROPORTO;COLISÃO;1;;;;;1;;;0;;;;;;;;;;2019
04/05/2019;12:42:00;SEM VÍTIMA;MANGUEIRA;RUA DR JOAO ELISIO;;COLISÃO TRASEIRA;2;;;;;;;;0;;Bom;Não existe;Perfeito estado;Seca;Perfeito estado;Não existe;Não há placas;;2019
04/05/2019;14:44:00;SEM VÍTIMA;BOA VIAGEM;AV ENGENHEIRO DOMINGOS FERREIRA;SUBURBIO;COLISÃO TRASEIRA;2;;;;;;;;0;;Bom;Não existe;Perfeito estado;Seca;Perfeito estado;Não existe;R-6a;60 km/h;2019
04/05/2019;15:21:00;COM VÍTIMA;SANTO AMARO;AV CRUZ CABUGA;CIDADE;ABALROAMENTO LONGITUDINAL;;2;;;;;;;2;;Bom;Sem defeito;Perfeito estado;Seca;Perfeito estado;Outros;R-6a;;2019
04/05/2019;18:26:00;COM VÍTIMA;ESPINHEIRO;RUA CONS PORTELA;;COLISÃO;1;1;;;;;;;1;;;;;;;;;;2019
04/05/2019;20:23:00;COM VÍTIMA;ESTÂNCIA;AV DR JOSE RUFINO;CIDADE;ABALROAMENTO LONGITUDINAL;1;1;;;;;;;1;;Bom;Não existe;Perfeito estado;Seca;Perfeito estado;;Não há placas;;2019
04/05/2019;20:44:00;COM VÍTIMA;VASCO DA GAMA;RUA DOIS DE FEVEREIRO;SUBURBIO;ABALROAMENTO LONGITUDINAL;1;1;;;;;;;1;;Bom;Não existe;Não existente;Seca;Perfeito estado;;;30 km/h;2019
04/05/2019;21:02:00;COM VÍTIMA;BOA VIAGEM;RUA DEZ DE JULHO;BOA VIAGEM;ABALROAMENTO TRANSVERSAL;1;1;;;;;;;1;;Bom;Não existe;Perfeito estado;Seca;Perfeito estado;;Placas Pare;;2019
05/05/2019;01:05:00;SEM VÍTIMA;IMBIRIBEIRA;AV DOM JOAO VI;;ABALROAMENTO TRANSVERSAL;2;;;;;;;;0;;Bom;Sem defeito;Perfeito estado;Seca;Perfeito estado;Faixa de pedestre;Não há placas;60 km/h;2019
05/05/2019;08:14:00;COM VÍTIMA;BOA VISTA;RUA BARAO DE SAO BORJA;SUBURBIO;ABALROAMENTO TRANSVERSAL;1;1;;;;;;;2;;Bom;Não existe;Perfeito estado;Seca;Perfeito estado;Não existe;Não há placas;;2019
05/05/2019;10:58:00;SEM VÍTIMA;ILHA DO LEITE;RUA ESTADO DE ISRAEL;CIDADE;CHOQUE VEÍCULO PARADO;4;;;;;;;;0;;Bom;Não existe;Perfeito estado;Seca;Perfeito estado;Não existe;R-6a;;2019
05/05/2019;12:23:00;SEM VÍTIMA;;AV GOVERNADOR AGAMENON MAGALHAES;;ABALROAMENTO LONGITUDINAL;2;;;;;;;;0;;Bom;Não existe;Perfeito estado;Seca;Perfeito estado;Não existe;Não há placas;60 km/h;2019
05/05/2019;14:12:00;COM VÍTIMA;IMBIRIBEIRA;VIADUTO TANCREDO NEVES;BOA VIAGEM;CHOQUE OBJETO FIXO;;1;;;;;;;2;;Bom;Não existe;Não existente;Seca;Perfeito estado;Não existe;Não há placas;60 km/h;2019
05/05/2019;14:36:00;SEM VÍTIMA;CASA AMARELA;AV NORTE;CIDADE;COLISÃO TRASEIRA;2;;;;;;;;0;;Bom;Sem defeito;Perfeito estado;Seca;Perfeito estado;Faixa de pedestre;Outras;;2019
05/05/2019;15:00:00;SEM VÍTIMA;ILHA DO RETIRO;RUA SPORT CLUBE DO RECIFE;CIDADE;ABALROAMENTO LONGITUDINAL;1;;;;1;;;;0;;Bom;Não existe;Perfeito estado;Seca;Perfeito estado;Não existe;Outras;;2019
05/05/2019;15:43:00;COM VÍTIMA;SÃO JOSÉ;AV ENGENHEIRO JOSE ESTELITA;SUBURBIO;CHOQUE OBJETO FIXO;1;;;;;;;;1;;Bom;Não existe;Perfeito estado;Seca;Perfeito estado;Não existe;Não há placas;;2019
05/05/2019;15:53:00;SEM VÍTIMA;IBURA;AV DOIS RIOS;;COLISÃO;2;;;;;;;;0;;;;;;;;;;2019
05/05/2019;16:29:00;COM VÍTIMA;IBURA;RUA DR BENIGNO JORDAO DE VASCONCELOS;;ABALROAMENTO LONGITUDINAL;2;1;;;;;;;1;;Bom;Não existe;Não existente;Seca;Perfeito estado;Não existe;Não há placas;;2019
05/05/2019;16:45:00;SEM VÍTIMA;JIQUIÁ;RUA PRINCIPE DA BEIRA;CIDADE;ABALROAMENTO LONGITUDINAL;2;;;;;;;;0;;Bom;Não existe;Não existente;Seca;Perfeito estado;Não existe;Não há placas;;2019
05/05/2019;18:18:00;SEM VÍTIMA;SAN MARTIN;RUA ARSENIO CALACA;SUBURBIO;CHOQUE OBJETO FIXO;1;;;;;;;1;0;;Bom;Não existe;Perfeito estado;Seca;;Não existe;Placas Pare;;2019
05/05/2019;18:43:00;COM VÍTIMA;ESPINHEIRO;AV JOAO DE BARROS;SUBURBIO;ABALROAMENTO TRANSVERSAL;1;1;;;;;;;1;;Bom;Não existe;Perfeito estado;Seca;Perfeito estado;Não existe;Outras;;2019
05/05/2019;18:48:00;SEM VÍTIMA;BOA VIAGEM;AV CONSELHEIRO AGUIAR;;COLISÃO;3;;;;;;;;0;;;;;;;;;;2019
05/05/2019;20:05:00;SEM VÍTIMA;ÁGUA FRIA;RUA ALEGRE;SUBURBIO;COLISÃO TRASEIRA;3;;;;;;;;0;;Bom;Não existe;Perfeito estado;Seca;Perfeito estado;Não existe;Não há placas;30 km/h;2019
05/05/2019;22:43:00;COM VÍTIMA;AREIAS;AV DR JOSE RUFINO;;COLISÃO FRONTAL;1;1;;;;;;;1;;Bom;Não existe;Incompleta;Seca;Mal iluminada;Não existe;Outras;;2019
05/05/2019;23:20:00;SEM VÍTIMA;BOA VIAGEM;RUA VISCONDE DE JEQUITINHONHA;CIDADE;CHOQUE VEÍCULO PARADO;3;;;;;1;;;0;;Bom;Não existe;Perfeito estado;Seca;Perfeito estado;;R-6a;30 km/h;2019
06/05/2019;06:26:00;SEM VÍTIMA;SÃO JOSÉ;RUA IMPERADOR PEDRO SEGUNDO;CIDADE;ABALROAMENTO TRANSVERSAL;1;;;;1;;;;0;;Bom;Intermitente;;Seca;Perfeito estado;Outros;Outras;;2019
06/05/2019;07:00:00;SEM VÍTIMA;JORDÃO;AV MARIA IRENE;SUBURBIO;COLISÃO TRASEIRA;2;;;;;;;;0;;Bom;Não existe;Não existente;Seca;Mal conservada;Não existe;Não há placas;;2019
06/05/2019;07:33:00;SEM VÍTIMA;IPSEP;AV RAIMUNDO DINIZ;SUBURBIO;ABALROAMENTO LONGITUDINAL;2;;;;;;;;0;;Bom;Não existe;Incompleta;Seca;Mal conservada;Não existe;;;2019
06/05/2019;08:28:00;SEM VÍTIMA;IMBIRIBEIRA;AV MARECHAL MASCARENHAS DE MORAES;SUBURBIO;ABALROAMENTO LONGITUDINAL;1;;;;;1;;;0;;Bom;Sem defeito;Perfeito estado;Seca;Perfeito estado;Não existe;Não há placas;60 km/h;2019
06/05/2019;09:11:00;SEM VÍTIMA;BOA VIAGEM;AV DES JOSE NEVES;SUBURBIO;ABALROAMENTO LONGITUDINAL;1;1;;;;;;;0;;Bom;Sem defeito;Perfeito estado;Seca;Perfeito estado;Faixa de pedestre;Outras;;2019
06/05/2019;09:34:00;SEM VÍTIMA;MADALENA;AV ENGENHEIRO ABDIAS DE CARVALHO;;COLISÃO;3;;;;;;;;0;;;;;;;;;;2019
06/05/2019;09:52:00;SEM VÍTIMA;ESPINHEIRO;RUA DO ESPINHEIRO;CIDADE;ABALROAMENTO LONGITUDINAL;1;;;;;1;;;0;;Bom;Sem defeito;Perfeito estado;Seca;Perfeito estado;Faixa de pedestre;Outras;;2019
06/05/2019;10:37:00;COM VÍTIMA;IMBIRIBEIRA;RUA ARQUITETO LUIZ NUNES;CIDADE;ABALROAMENTO TRANSVERSAL;1;1;;;;;;;1;;Bom;Sem defeito;Perfeito estado;Seca;Perfeito estado;Faixa de pedestre;Outras;;2019
06/05/2019;10:49:00;SEM VÍTIMA;DERBY;RUA JORNALISTA PAULO BITTENCOURT;SUBURBIO;ABALROAMENTO LONGITUDINAL;2;;;;;;;;0;;Bom;Não existe;Incompleta;Seca;Perfeito estado;Não existe;R-6b;;2019
06/05/2019;12:14:00;SEM VÍTIMA;BOA VISTA;RUA AURORA;SUBURBIO;ABALROAMENTO LONGITUDINAL;1;;;;1;;;;0;;Bom;Sem defeito;Perfeito estado;Seca;Perfeito estado;Faixa de pedestre;;;2019
06/05/2019;13:09:00;SEM VÍTIMA;ÁGUA FRIA;RUA LADEIRA DE PEDRA;SUBURBIO;ABALROAMENTO LONGITUDINAL;1;;;;1;;;;0;;Bom;Não existe;Não existente;Seca;Perfeito estado;;Não há placas;;2019
06/05/2019;14:49:00;SEM VÍTIMA;DERBY;AV GOVERNADOR AGAMENON MAGALHAES;SUBURBIO;COLISÃO TRASEIRA;2;;;;;;;;0;;Bom;Não existe;Perfeito estado;Seca;Perfeito estado;Não existe;Não há placas;60 km/h;2019
06/05/2019;15:10:00;SEM VÍTIMA;SANTO AMARO;RUA DR CARLOS CHAGAS;SUBURBIO;ABALROAMENTO LONGITUDINAL;2;;;;;;;;0;;Bom;Não existe;Perfeito estado;Seca;Perfeito estado;Não existe;R-6a;;2019
06/05/2019;16:52:00;SEM VÍTIMA;AREIAS;AV RECIFE;SUBURBIO;ABALROAMENTO LONGITUDINAL;1;;;;;1;;;0;;Bom;Sem defeito;Perfeito estado;Seca;Perfeito estado;Não existe;Não há placas;60 km/h;2019
06/05/2019;17:16:00;SEM VÍTIMA;ESPINHEIRO;RUA DR BANDEIRA FILHO;SUBURBIO;COLISÃO TRASEIRA;1;1;;;;;;;0;;Bom;Sem defeito;Perfeito estado;Seca;Perfeito estado;;Não há placas;60 km/h;2019
06/05/2019;18:46:00;COM VÍTIMA;TORREÃO;AV GOVERNADOR AGAMENON MAGALHAES;CIDADE;ATROPELAMENTO;;1;;1;;;;;1;;Bom;Não existe;Perfeito estado;Seca;Perfeito estado;Não existe;Outras;60 km/h;2019
06/05/2019;19:09:00;COM VÍTIMA;SANTO AMARO;AV GOVERNADOR AGAMENON MAGALHAES;;ENGAVETAMENTO;3;;;;;;;;1;;;;;;;;;;2019
06/05/2019;19:53:00;SEM VÍTIMA;ÁGUA FRIA;AV BEBERIBE;CIDADE;ABALROAMENTO LONGITUDINAL;2;;;;;;;;0;;Bom;Sem defeito;Perfeito estado;Seca;Perfeito estado;Faixa de pedestre;Outras;;2019
06/05/2019;20:38:00;SEM VÍTIMA;TOTÓ;AV TEMPO FELIZ;SUBURBIO;ABALROAMENTO LONGITUDINAL;1;;;;1;;;;0;;Bom;Não existe;Perfeito estado;Seca;Perfeito estado;Agente;Não há placas;;2019
06/05/2019;21:18:00;SEM VÍTIMA;VASCO DA GAMA;RUA VASCO DA GAMA;;COLISÃO;2;;;;;;;;0;;;;;;;;;;2019
06/05/2019;21:50:00;SEM VÍTIMA;GRAÇAS;AV RUI BARBOSA;CIDADE;ABALROAMENTO LONGITUDINAL;1;;;;1;;;;0;;Bom;Sem defeito;Perfeito estado;Seca;Perfeito estado;;Outras;;2019
06/05/2019;22:19:00;SEM VÍTIMA;BOA VISTA;RUA GERVASIO PIRES;SUBURBIO;COLISÃO TRASEIRA;2;;;;;;;;0;;Bom;Sem defeito;Perfeito estado;Seca;Perfeito estado;Faixa de pedestre;R-6a;;2019
07/05/2019;06:31:00;SEM VÍTIMA;PAISSANDU;RUA PAISSANDU;CIDADE;ABALROAMENTO LONGITUDINAL;1;;;;1;;;;0;;Bom;Não existe;Perfeito estado;Seca;Perfeito estado;Não existe;Não há placas;;2019
07/05/2019;06:57:00;COM VÍTIMA;AFLITOS;AV SANTOS DUMONT;SUBURBIO;ABALROAMENTO LONGITUDINAL;1;1;;;;;;;1;;Bom;Não existe;Perfeito estado;Seca;Perfeito estado;Não existe;Não há placas;40 km/h;2019
07/05/2019;07:04:00;SEM VÍTIMA;DERBY;PRC DO DERBY;CIDADE;ABALROAMENTO TRANSVERSAL;1;;;;1;;;;0;;Bom;Não existe;Perfeito estado;Seca;Perfeito estado;;;;2019
07/05/2019;07:30:00;SEM VÍTIMA;AFLITOS;AV CONS ROSA E SILVA;SUBURBIO;ABALROAMENTO LONGITUDINAL;1;;;;1;;;;0;;Bom;Não existe;Perfeito estado;Seca;Perfeito estado;Não existe;R-6a;;2019
07/05/2019;08:24:00;SEM VÍTIMA;DERBY;PRC DO DERBY;CIDADE;ABALROAMENTO LONGITUDINAL;1;;;;;1;;;0;;Bom;Sem defeito;Perfeito estado;Seca;Perfeito estado;;;;2019
07/05/2019;08:58:00;SEM VÍTIMA;DERBY;AV GOVERNADOR AGAMENON MAGALHAES;;COLISÃO TRASEIRA;3;;;;;;;;0;;Bom;Sem defeito;Perfeito estado;Seca;Perfeito estado;;;60 km/h;2019
07/05/2019;09:08:00;SEM VÍTIMA;MADALENA;AV BEIRA RIO;;ABALROAMENTO TRANSVERSAL;1;1;;;;;;;0;;Bom;Sem defeito;Perfeito estado;Seca;Perfeito estado;Agente;;;2019
07/05/2019;10:42:00;SEM VÍTIMA;ILHA DO LEITE;RUA JOSE DE ALENCAR;CIDADE;ABALROAMENTO TRANSVERSAL;1;;;;;;1;;0;;Bom;Não existe;Incompleta;Seca;Perfeito estado;Não existe;Não há placas;;2019
07/05/2019;12:19:00;SEM VÍTIMA;VÁRZEA;AV AFONSO OLINDENSE;SUBURBIO;ABALROAMENTO TRANSVERSAL;1;1;;;;;;;0;;Bom;Não existe;;Seca;Perfeito estado;Faixa de pedestre;Não há placas;;2019
07/05/2019;12:39:00;SEM VÍTIMA;MADALENA;AV VISCONDE DE ALBUQUERQUE;;COLISÃO TRASEIRA;2;;;;;;;;0;;Bom;Não existe;Perfeito estado;Seca;Perfeito estado;Não existe;R-6a;;2019
07/05/2019;13:18:00;SEM VÍTIMA;BOA VIAGEM;RUA TENENTE DOMINGOS DE BRITO;;COLISÃO TRASEIRA;2;;;;;;;;0;;Bom;Sem defeito;Perfeito estado;Seca;Perfeito estado;Não existe;R-6a;;2019
07/05/2019;15:03:00;SEM VÍTIMA;NOVA DESCOBERTA;AV VEREADOR OTACILIO AZEVEDO;;COLISÃO TRASEIRA;1;;;;;;;;0;;Bom;Não existe;Incompleta;Seca;Perfeito estado;Não existe;Outras;;2019
07/05/2019;15:15:00;SEM VÍTIMA;IMBIRIBEIRA;AV MARECHAL MASCARENHAS DE MORAES;SUBURBIO;COLISÃO TRASEIRA;1;1;;;;;;;0;;Bom;Não existe;Perfeito estado;Seca;Perfeito estado;Outros;;60 km/h;2019
07/05/2019;15:54:00;COM VÍTIMA;CASA AMARELA;RUA XAVANTES;SUBURBIO;ABALROAMENTO TRANSVERSAL;1;1;;;;;;;1;;Bom;Não existe;Perfeito estado;Seca;Perfeito estado;Não existe;Placas Pare;40 km/h;2019
07/05/2019;16:15:00;SEM VÍTIMA;GRAÇAS;AV RUI BARBOSA;;ABALROAMENTO LONGITUDINAL;2;;;;;;;;0;;Bom;Sem defeito;Perfeito estado;Seca;Perfeito estado;Faixa de pedestre;Outras;;2019
07/05/2019;16:23:00;SEM VÍTIMA;SAN MARTIN;RUA DELMIRO GOUVEIA;;COLISÃO;2;;;;;;;;0;;;;;;;;;;2019
07/05/2019;16:52:00;SEM VÍTIMA;ESTÂNCIA;AV DR JOSE RUFINO;CIDADE;ABALROAMENTO LONGITUDINAL;1;;;;;1;;;0;;Bom;Não existe;Ilegível;Seca;Perfeito estado;Não existe;R-6a;;2019
07/05/2019;17:03:00;SEM VÍTIMA;CASA AMARELA;RUA VASCO DA GAMA;;ABALROAMENTO LONGITUDINAL;2;;;;;;;;0;;Bom;Sem defeito;Perfeito estado;Seca;Perfeito estado;Não existe;Outras;;2019
07/05/2019;18:01:00;SEM VÍTIMA;BOA VIAGEM;RUA BELMONTE;;COLISÃO;2;;;;;;;;0;;;;;;;;;;2019
07/05/2019;19:10:00;SEM VÍTIMA;CAXANGÁ;AV CAXANGA;SUBURBIO;ABALROAMENTO LONGITUDINAL;1;;;;1;;;;0;;Bom;Sem defeito;Perfeito estado;Seca;Perfeito estado;Faixa de pedestre;;60 km/h;2019
07/05/2019;19:58:00;COM VÍTIMA;BOA VISTA;RUA BARAO DE SAO BORJA;SUBURBIO;ABALROAMENTO TRANSVERSAL;3;;;;;;;;1;;Chuvoso;Não existe;Perfeito estado;Molhada;Perfeito estado;Outros;Outras;;2019
07/05/2019;20:39:00;SEM VÍTIMA;TORREÃO;AV GOVERNADOR AGAMENON MAGALHAES;SUBURBIO;ABALROAMENTO LONGITUDINAL;2;;;;;;;;0;;Chuvoso;Não existe;Perfeito estado;Molhada;Perfeito estado;Não existe;;;2019
07/05/2019;20:49:00;COM VÍTIMA;IBURA;AV DOIS RIOS;SUBURBIO;ATROPELAMENTO;;1;;1;;;;;2;;Chuvoso;Não existe;Ilegível;Molhada;Mal iluminada;Outros;Não há placas;;2019
07/05/2019;21:50:00;SEM VÍTIMA;BOA VISTA;RUA DO GIRIQUITI;;COLISÃO;2;;;;;;;;0;;;;;;;;;;2019
07/05/2019;22:31:00;COM VÍTIMA;AFOGADOS;RUA SAO MIGUEL;SUBURBIO;ABALROAMENTO TRANSVERSAL;1;1;;;;;;;1;;Chuvoso;Não existe;Não existente;Molhada;Perfeito estado;Não existe;Não há placas;60 km/h;2019
08/05/2019;01:26:00;SEM VÍTIMA;BOA VIAGEM;RUA DR LUIZ INACIO PESSOA DE MELO;;CHOQUE;1;;;;;;;;0;;;;;;;;;;2019
08/05/2019;07:41:00;SEM VÍTIMA;ESPINHEIRO;RUA DA HORA;SUBURBIO;ABALROAMENTO TRANSVERSAL;2;;;;;;;;0;;Chuvoso;Não existe;Perfeito estado;Molhada;Perfeito estado;Outros;R-6a;;2019
08/05/2019;07:42:00;SEM VÍTIMA;DERBY;RUA GUILHERME PINTO;CIDADE;COLISÃO TRASEIRA;2;;;;;;;;0;;Chuvoso;Não existe;Perfeito estado;Molhada;Perfeito estado;Faixa de pedestre;Não há placas;;2019
08/05/2019;08:00:00;SEM VÍTIMA;PRADO;RUA CARLOS GOMES;;ABALROAMENTO TRANSVERSAL;1;1;;;;;;;0;;Nublado;Não existe;Incompleta;Molhada;Perfeito estado;Não existe;R-6a;;2019
08/05/2019;08:08:00;SEM VÍTIMA;BOA VIAGEM;RUA DOS NAVEGANTES;SUBURBIO;ABALROAMENTO LONGITUDINAL;2;;;;;;;;0;;Chuvoso;Não existe;Perfeito estado;Molhada;Perfeito estado;Faixa de retenção;Placas Pare;;2019