data;hora;natureza_acidente;bairro;endereco;sentido_via;tipo;auto;moto;ciclista;pedestre;onibus;caminhao;viatura;outros;vitimas;vitimasfatais;tempo_clima;situacao_semaforo;sinalizacao;condicao_via;conservacao_via;ponto_controle;situacao_placa;velocidade_max_via;ano
08/05/2019;08:14:00;COM VÍTIMA;MADALENA;AV JOSE GONCALVES DE MEDEIROS;ILHA DO RETIRO;ABALROAMENTO TRANSVERSAL;2;1;;;;;;;1;;Chuvoso;Não existe;Incompleta;Molhada;Perfeito estado;Outros;R-6a;;2019
08/05/2019;08:16:00;SEM VÍTIMA;CAMPO GRANDE;RUA JERONIMO VILELA;;ABALROAMENTO LONGITUDINAL;1;1;;;;;;;0;;Chuvoso;Sem defeito;Perfeito estado;Molhada;Perfeito estado;Faixa de pedestre;R-4a;;2019
08/05/2019;08:19:00;SEM VÍTIMA;CORDEIRO;;SUBURBIO;ABALROAMENTO TRANSVERSAL;2;;;;;;;;0;;Nublado;Não existe;;Seca;Perfeito estado;Não existe;Não há placas;;2019
08/05/2019;08:30:00;SEM VÍTIMA;IPUTINGA;RUA CELESTINO NEVES;;COLISÃO;1;;;;;1;;;0;;;;;;;;;;2019
08/05/2019;09:35:00;SEM VÍTIMA;CASA AMARELA;EST DO ARRAIAL;SUBURBIO;COLISÃO TRASEIRA;2;;;;;;;;0;;Bom;Não existe;Perfeito estado;Seca;Perfeito estado;Não existe;R-6a;40 km/h;2019
08/05/2019;09:53:00;SEM VÍTIMA;CORDEIRO;AV GENERAL SAN MARTIN;SUBURBIO;ABALROAMENTO LONGITUDINAL;1;;;;;1;;;0;;Bom;Não existe;Perfeito estado;Seca;Perfeito estado;Não existe;;;2019
08/05/2019;10:42:00;SEM VÍTIMA;;RUA QUIPAPA;CIDADE;ABALROAMENTO TRANSVERSAL;1;;;;;1;;;0;;Bom;Não existe;Não existente;Seca;Perfeito estado;Não existe;Não há placas;;2019
08/05/2019;10:52:00;SEM VÍTIMA;IPUTINGA;AV MAURICIO DE NASSAU;SUBURBIO;ABALROAMENTO LONGITUDINAL;1;1;;;;;;;0;;Bom;Não existe;Perfeito estado;Seca;Perfeito estado;Outros;Outras;40 km/h;2019
08/05/2019;11:12:00;SEM VÍTIMA;ARRUDA;RUA DAS MOCAS;;ABALROAMENTO LONGITUDINAL;1;;;;;1;;;0;;Bom;Não existe;Não existente;Seca;;Não existe;Não há placas;;2019
08/05/2019;11:25:00;SEM VÍTIMA;ESPINHEIRO;AV JOAO DE BARROS;;COLISÃO;1;1;;;;;;;0;;;;;;;;;;2019
08/05/2019;11:54:00;COM VÍTIMA;PINA;AV HERCULANO BANDEIRA;SUBURBIO;COLISÃO COM CICLISTA;1;;1;;;;;;1;;Chuvoso;Sem defeito;Perfeito estado;Molhada;Perfeito estado;;Outras;;2019
08/05/2019;12:35:00;SEM VÍTIMA;AFOGADOS;RUA SAO MIGUEL;SUBURBIO;ABALROAMENTO LONGITUDINAL;1;;;;;1;;;0;;Chuvoso;Sem defeito;Perfeito estado;Molhada;Perfeito estado;Não existe;R-6a;;2019
08/05/2019;13:00:00;SEM VÍTIMA;BOA VISTA;RUA MONTE CASTELO;SUBURBIO;COLISÃO TRASEIRA;3;;;;;;;;0;;Chuvoso;Não existe;Incompleta;Molhada;Perfeito estado;Não existe;Não há placas;;2019
08/05/2019;14:33:00;SEM VÍTIMA;BOA VIAGEM;AV BOA VIAGEM;SUBURBIO;COLISÃO TRASEIRA;2;;;;;;;;0;;Chuvoso;Com defeito;;Molhada;Perfeito estado;;Não há placas;60 km/h;2019
08/05/2019;15:53:00;COM VÍTIMA;AFOGADOS;RUA COSME VIANA;CIDADE;ABALROAMENTO TRANSVERSAL;1;1;;;;;;;1;;Bom;Sem defeito;Perfeito estado;Seca;Perfeito estado;Faixa de pedestre;Outras;60 km/h;2019
08/05/2019;16:33:00;COM VÍTIMA;CAMPO GRANDE;RUA MARQUES DE BAIPENDI;SUBURBIO;ABALROAMENTO TRANSVERSAL;1;1;;;;;;;1;;Chuvoso;Não existe;Perfeito estado;Seca;Perfeito estado;Faixa de pedestre;Placas Pare;30 km/h;2019
08/05/2019;16:36:00;COM VÍTIMA;SÃO JOSÉ;RUA FLORIANO PEIXOTO;SUBURBIO;ATROPELAMENTO;;;;1;1;;;;1;;Bom;Sem defeito;Perfeito estado;Seca;Perfeito estado;Não existe;R-6a;;2019
08/05/2019;17:03:00;COM VÍTIMA;APIPUCOS;RUA DE APIPUCOS;SUBURBIO;ABALROAMENTO LONGITUDINAL;1;1;;;;;;;1;;Bom;Não existe;Perfeito estado;Seca;Perfeito estado;Não existe;R-6a;;2019
08/05/2019;17:03:00;SEM VÍTIMA;BARRO;AV DR JOSE RUFINO;;COLISÃO;1;1;;;;;;;0;;;;;;;;;;2019
08/05/2019;17:06:00;SEM VÍTIMA;BOA VIAGEM;AV GENERAL MAC ARTHUR;SUBURBIO;ABALROAMENTO LONGITUDINAL;2;;;;;;;;0;;Chuvoso;Não existe;Perfeito estado;Molhada;Perfeito estado;Não existe;Outras;40 km/h;2019
08/05/2019;17:18:00;SEM VÍTIMA;IPSEP;AV RECIFE;;COLISÃO TRASEIRA;3;;;;;;;;0;;Bom;Não existe;Perfeito estado;Seca;Perfeito estado;Não existe;Outras;;2019
08/05/2019;17:32:00;COM VÍTIMA;SANTO AMARO;AV NORTE;SUBURBIO;COLISÃO COM CICLISTA;;1;1;;;;;;1;;Bom;Sem defeito;Perfeito estado;Seca;Perfeito estado;Faixa de retenção;Outras;;2019
08/05/2019;17:38:00;COM VÍTIMA;ARRUDA;AV BEBERIBE;;COLISÃO;1;1;;;;;;;1;;;;;;;;;;2019
08/05/2019;17:38:00;SEM VÍTIMA;BAIRRO DO RECIFE;AV MILITAR;SUBURBIO;ABALROAMENTO LONGITUDINAL;1;1;;;;;;;0;;Bom;Não existe;Perfeito estado;Seca;Perfeito estado;;Não há placas;60 km/h;2019
08/05/2019;19:16:00;SEM VÍTIMA;SANTO AMARO;AV PREFEITO ARTUR LIMA CAVALCANTI;SUBURBIO;ABALROAMENTO LONGITUDINAL;1;1;;;;;;;0;;Bom;Sem defeito;Perfeito estado;Seca;Perfeito estado;;Outras;;2019
08/05/2019;19:49:00;SEM VÍTIMA;BOA VIAGEM;AV ENGENHEIRO DOMINGOS FERREIRA;SUBURBIO;ABALROAMENTO LONGITUDINAL;2;;;;;;;;0;;Chuvoso;Não existe;Perfeito estado;Molhada;Perfeito estado;Não existe;Não há placas;;2019
08/05/2019;19:34:00;SEM VÍTIMA;SANTO AMARO;AV JOAO DE BARROS;;ABALROAMENTO LONGITUDINAL;1;;;;1;;;;0;;Bom;Não existe;Perfeito estado;Seca;Perfeito estado;Não existe;Não há placas;;2019
08/05/2019;20:47:00;SEM VÍTIMA;BOA VIAGEM;RUA DONA BENVINDA DE FARIAS;SUBURBIO;ABALROAMENTO LONGITUDINAL;1;;;;;1;;;0;;Bom;Não existe;Perfeito estado;Seca;Perfeito estado;;;;2019
08/05/2019;20:53:00;COM VÍTIMA;JOANA BEZERRA;VIADUTO CAPITAO TEMUDO;SUBURBIO;COLISÃO TRASEIRA;1;1;;;;;;;1;;Bom;Não existe;Perfeito estado;Seca;Perfeito estado;Não existe;Não há placas;;2019
08/05/2019;21:03:00;SEM VÍTIMA;IMBIRIBEIRA;RUA FRANCISCO CORREIA DE MORAES;SUBURBIO;COLISÃO TRASEIRA;2;;;;;;;;0;;Chuvoso;Não existe;Perfeito estado;Molhada;Perfeito estado;Não existe;Não há placas;;2019
08/05/2019;23:15:00;SEM VÍTIMA;AFOGADOS;RUA COSME VIANA;SUBURBIO;CHOQUE VEÍCULO PARADO;1;;;;1;;;;0;;Chuvoso;Sem defeito;Perfeito estado;Molhada;Perfeito estado;Faixa de pedestre;Não há placas;;2019
08/05/2019;23:16:00;SEM VÍTIMA;IMBIRIBEIRA;AV MARECHAL MASCARENHAS DE MORAES;SUBURBIO;COLISÃO TRASEIRA;2;;;;;;;;0;;Bom;Não existe;Perfeito estado;Seca;Perfeito estado;;R-6a;20 km/h;2019
08/05/2019;23:22:00;SEM VÍTIMA;PRADO;RUA JOAO IVO DA SILVA;SUBURBIO;ABALROAMENTO LONGITUDINAL;1;;;;1;;;;0;;Bom;Sem defeito;Perfeito estado;Molhada;Perfeito estado;Faixa de pedestre;Não há placas;;2019
08/05/2019;23:48:00;SEM VÍTIMA;IPUTINGA;AV LUIZ DE LACERDA;SUBURBIO;ABALROAMENTO LONGITUDINAL;2;;;;;;;;0;;Chuvoso;Não existe;;Molhada;Perfeito estado;Não existe;;30 km/h;2019
09/05/2019;00:04:00;SEM VÍTIMA;VÁRZEA;RUA JACINTO FREIRE DE ANDRADE;;COLISÃO FRONTAL;2;;;;;;;;0;;Chuvoso;Não existe;Incompleta;Molhada;Perfeito estado;Não existe;Não há placas;;2019
09/05/2019;00:29:00;SEM VÍTIMA;ESPINHEIRO;RUA DO ESPINHEIRO;CIDADE;ABALROAMENTO TRANSVERSAL;2;;;;;;;;0;;Chuvoso;Sem defeito;Perfeito estado;Molhada;Perfeito estado;Faixa de pedestre;Não há placas;;2019
09/05/2019;05:30:00;SEM VÍTIMA;BOA VIAGEM;AV CONSELHEIRO AGUIAR;CIDADE;COLISÃO TRASEIRA;1;1;;;;;;;0;;Bom;Sem defeito;Perfeito estado;Molhada;Perfeito estado;Faixa de pedestre;;;2019
09/05/2019;07:20:00;SEM VÍTIMA;IBURA;AV DOM HELDER CAMARA;CIDADE;CHOQUE OBJETO FIXO;1;;;;;;;;0;;Chuvoso;Não existe;Perfeito estado;Molhada;Perfeito estado;Não existe;Não há placas;60 km/h;2019
09/05/2019;07:25:00;SEM VÍTIMA;ESPINHEIRO;RUA DO ESPINHEIRO;CIDADE;ABALROAMENTO LONGITUDINAL;2;;;;;;;;0;;Bom;Sem defeito;Perfeito estado;Seca;Perfeito estado;Faixa de pedestre;Outras;;2019
09/05/2019;07:26:00;SEM VÍTIMA;MADALENA;EST DOS REMEDIOS;CIDADE;ABALROAMENTO TRANSVERSAL;2;;;;;;;;0;;Bom;Não existe;Perfeito estado;Seca;Perfeito estado;Não existe;Placas Pare;;2019
09/05/2019;08:20:00;COM VÍTIMA;TAMARINEIRA;EST VELHA DE AGUA FRIA;SUBURBIO;ABALROAMENTO TRANSVERSAL;1;1;;;;;;;1;;Chuvoso;Não existe;Perfeito estado;Seca;Perfeito estado;Faixa de pedestre;Placas Pare;;2019
09/05/2019;08:55:00;SEM VÍTIMA;;AV DES JOSE NEVES;SUBURBIO;ABALROAMENTO LONGITUDINAL;1;;;;;;1;;0;;Bom;;;;;;;;2019
09/05/2019;09:08:00;SEM VÍTIMA;SANTO AMARO;AV GOVERNADOR AGAMENON MAGALHAES;;COLISÃO TRASEIRA;3;;;;;;;;0;;Bom;Não existe;Perfeito estado;Seca;Perfeito estado;Não existe;Não há placas;;2019
09/05/2019;09:15:00;SEM VÍTIMA;BOA VIAGEM;RUA CORONEL BENEDITO CHAVES;CIDADE;COLISÃO TRASEIRA;2;;;;;;;;0;;Bom;Não existe;Perfeito estado;Seca;Perfeito estado;Não existe;Outras;;2019
09/05/2019;09:21:00;SEM VÍTIMA;BOA VIAGEM;RUA REMIGIO;;CHOQUE;1;;;;;;;;0;;;;;;;;;;2019
09/05/2019;09:31:00;SEM VÍTIMA;BAIRRO DO RECIFE;CAIS DO APOLO;SUBURBIO;COLISÃO TRASEIRA;2;;;;;;;;0;;Bom;Não existe;Perfeito estado;Seca;Perfeito estado;Não existe;Placas Pare;;2019
09/05/2019;09:35:00;SEM VÍTIMA;BOA VISTA;RUA SILVA RAMOS;;CHOQUE VEÍCULO PARADO;2;;;;;;;;0;;Bom;Não existe;Incompleta;Seca;Perfeito estado;Não existe;Não há placas;;2019
09/05/2019;10:19:00;SEM VÍTIMA;IBURA;AV DOIS RIOS;CIDADE;COLISÃO TRASEIRA;1;;;;;1;;;0;;Chuvoso;Não existe;Perfeito estado;Molhada;Mal conservada;Não existe;Não há placas;;2019
09/05/2019;10:19:00;SEM VÍTIMA;BOA VIAGEM;AV BOA VIAGEM;CIDADE;COLISÃO TRASEIRA;1;;;;1;;;;0;;Chuvoso;Sem defeito;Perfeito estado;Molhada;Perfeito estado;Faixa de pedestre;Não há placas;60 km/h;2019
09/05/2019;10:24:00;SEM VÍTIMA;BOA VIAGEM;RUA CARLOS PEREIRA FALCAO;CIDADE;ABALROAMENTO LONGITUDINAL;2;;;;;;;;0;;Bom;Não existe;Incompleta;Seca;Perfeito estado;Não existe;Não há placas;30 km/h;2019
09/05/2019;10:52:00;SEM VÍTIMA;BARRO;RUA PADRE NOBREGA;SUBURBIO;ABALROAMENTO TRANSVERSAL;2;;;;;;;;0;;Bom;Não existe;Não existente;Seca;Perfeito estado;Não existe;;;2019
09/05/2019;11:37:00;SEM VÍTIMA;ZUMBI;RUA GOMES TABORDA;CIDADE;COLISÃO FRONTAL;1;1;;;;;;;0;;Bom;Sem defeito;Perfeito estado;Seca;Perfeito estado;Faixa de pedestre;R-6a;;2019
09/05/2019;12:50:00;SEM VÍTIMA;GRAÇAS;AV RUI BARBOSA;;COLISÃO;1;1;;;;;;;0;;;;;;;;;;2019
09/05/2019;13:02:00;SEM VÍTIMA;BOA VIAGEM;RUA RIBEIRO DE BRITO;;COLISÃO;1;;;;1;;;;0;;;;;;;;;;2019
09/05/2019;14:28:00;COM VÍTIMA;BOA VIAGEM;AV CONSELHEIRO AGUIAR;SUBURBIO;ABALROAMENTO TRANSVERSAL;1;1;;;;;;;1;;Bom;Não existe;Perfeito estado;Seca;Perfeito estado;Faixa de pedestre;Não há placas;60 km/h;2019
09/05/2019;14:29:00;SEM VÍTIMA;SANTO ANTÔNIO;RUA FLORIANO PEIXOTO;;ABALROAMENTO LONGITUDINAL;1;;;;1;;;;0;;Bom;Sem defeito;Perfeito estado;Seca;Perfeito estado;Não existe;Não há placas;40 km/h;2019
09/05/2019;15:03:00;COM VÍTIMA;PRADO;RUA SANTA EDWIRGES;CIDADE;ABALROAMENTO TRANSVERSAL;1;;;;1;;;;2;;Bom;Não existe;Não existente;Seca;Perfeito estado;Não existe;Não há placas;;2019
09/05/2019;15:10:00;SEM VÍTIMA;BARRO;AV DR JOSE RUFINO;;ABALROAMENTO TRANSVERSAL;2;;;;;;;;0;;Bom;Sem defeito;Perfeito estado;Seca;Perfeito estado;Faixa de pedestre;Outras;;2019
09/05/2019;16:33:00;SEM VÍTIMA;BOA VISTA;RUA DO RIACHUELO;SUBURBIO;ABALROAMENTO LONGITUDINAL;;1;;;1;;;;0;;Bom;Sem defeito;Perfeito estado;Seca;Perfeito estado;Não existe;Não há placas;;2019
09/05/2019;18:08:00;SEM VÍTIMA;ILHA DO LEITE;AV FREI MATIAS TEVES;;COLISÃO TRASEIRA;2;1;;;;;;;0;;Bom;Não existe;Perfeito estado;Seca;Perfeito estado;Faixa de retenção;Placas Pare;30 km/h;2019
09/05/2019;18:29:00;COM VÍTIMA;LINHA DO TIRO;RUA CORREGO DO EUCLIDES;SUBURBIO;ABALROAMENTO TRANSVERSAL;1;1;;;;;;;1;;Bom;Não existe;Não existente;Seca;Mal iluminada;Não existe;Placas Pare;;2019
09/05/2019;18:59:00;COM VÍTIMA;ÁGUA FRIA;EST VELHA DE AGUA FRIA;;COLISÃO;;1;;;1;;;;1;;;;;;;;;;2019
09/05/2019;19:09:00;SEM VÍTIMA;PARNAMIRIM;AV PARNAMIRIM;;ABALROAMENTO LONGITUDINAL;2;;;;;;;;0;;Bom;Não existe;Perfeito estado;Seca;Perfeito estado;Não existe;Outras;;2019
09/05/2019;19:24:00;SEM VÍTIMA;MADALENA;AV VISCONDE DE ALBUQUERQUE;SUBURBIO;COLISÃO TRASEIRA;2;;;;;;;;0;;Bom;Não existe;Perfeito estado;Seca;Perfeito estado;Faixa de pedestre;R-6a;;2019
09/05/2019;22:29:00;COM VÍTIMA;CAMPO GRANDE;EST DE BELEM;CIDADE;ABALROAMENTO LONGITUDINAL;1;1;;;;;;;1;;Chuvoso;Sem defeito;Perfeito estado;Molhada;Perfeito estado;Faixa de pedestre;R-6a;30 km/h;2019
09/05/2019;22:51:00;SEM VÍTIMA;ESTÂNCIA;AV DR JOSE RUFINO;SUBURBIO;COLISÃO TRASEIRA;1;;;;1;;;;0;;Chuvoso;Sem defeito;Perfeito estado;Molhada;Perfeito estado;Faixa de pedestre;R-6a;;2019
10/05/2019;08:53:00;SEM VÍTIMA;SANTO AMARO;;SUBURBIO;ABALROAMENTO LONGITUDINAL;1;1;;;;;;;0;;Bom;Não existe;Perfeito estado;Seca;Perfeito estado;Não existe;Placas Pare;40 km/h;2019
10/05/2019;09:11:00;SEM VÍTIMA;IPUTINGA;AV MAURICIO DE NASSAU;CIDADE;ABALROAMENTO LONGITUDINAL;1;;;;;1;;;0;;Bom;Não existe;Ilegível;Seca;Perfeito estado;Não existe;Outras;;2019
10/05/2019;09:16:00;SEM VÍTIMA;IPUTINGA;AV MAURICIO DE NASSAU;;COLISÃO;1;;;;;1;;;0;;;;;;;;;;2019
10/05/2019;09:19:00;SEM VÍTIMA;IBURA;AV DOM HELDER CAMARA;CIDADE;ABALROAMENTO LONGITUDINAL;2;;;;;;;;0;;Bom;Não existe;Perfeito estado;Seca;Perfeito estado;Não existe;Não há placas;60 km/h;2019
10/05/2019;09:21:00;COM VÍTIMA;SÃO JOSÉ;AV SUL;CIDADE;ABALROAMENTO LONGITUDINAL;1;1;;;;;;;2;;Bom;Sem defeito;Perfeito estado;Seca;Perfeito estado;Não existe;Não há placas;60 km/h;2019
10/05/2019;09:37:00;SEM VÍTIMA;ENCRUZILHADA;RUA MARECHAL DEODORO;SUBURBIO;ABALROAMENTO LONGITUDINAL;2;;;;;;;;0;;Bom;Não existe;Perfeito estado;Seca;Perfeito estado;Não existe;Placas Pare;;2019
10/05/2019;10:32:00;SEM VÍTIMA;MACAXEIRA;AV NORTE;CIDADE;ABALROAMENTO LONGITUDINAL;1;;;;;1;;;0;;Bom;Não existe;Incompleta;Seca;;Não existe;Outras;60 km/h;2019
10/05/2019;11:57:00;SEM VÍTIMA;MUSTARDINHA;AV MANOEL GONCALVES DA LUZ;;COLISÃO;1;;;;;;;;0;;;;;;;;;;2019
10/05/2019;12:04:00;COM VÍTIMA;ENCRUZILHADA;AV NORTE;SUBURBIO;ABALROAMENTO LONGITUDINAL;1;1;;;;;;;1;;Bom;Sem defeito;Perfeito estado;Seca;Perfeito estado;Faixa de pedestre;R-6a;60 km/h;2019
10/05/2019;12:10:00;SEM VÍTIMA;ARRUDA;AV BEBERIBE;SUBURBIO;ABALROAMENTO LONGITUDINAL;1;;;;;1;;;0;;Bom;Sem defeito;Perfeito estado;Seca;Perfeito estado;Faixa de pedestre;R-6a;;2019
10/05/2019;12:07:00;COM VÍTIMA;MANGUEIRA;RUA VINTE E UM DE ABRIL;;COLISÃO;1;1;;;;;;;1;;;;;;;;;;2019
10/05/2019;12:42:00;COM VÍTIMA;ARRUDA;RUA ZEFERINO AGRA;CIDADE;ABALROAMENTO TRANSVERSAL;1;1;;;;;;;1;;Chuvoso;Não existe;Perfeito estado;Molhada;Perfeito estado;Faixa de retenção;Placas Pare;;2019
10/05/2019;13:50:00;SEM VÍTIMA;BOA VIAGEM;RUA JOSE MARIA DE MIRANDA;SUBURBIO;ABALROAMENTO LONGITUDINAL;2;;;;;;;;0;;Bom;Não existe;Perfeito estado;Seca;Perfeito estado;Não existe;Placas Pare;;2019
10/05/2019;14:06:00;SEM VÍTIMA;PINA;AV BOA VIAGEM;CIDADE;ABALROAMENTO LONGITUDINAL;2;;;;;;;;0;;Bom;Não existe;Perfeito estado;Seca;Perfeito estado;Não existe;Não há placas;;2019
10/05/2019;14:16:00;SEM VÍTIMA;IBURA;RUA RIO DA PRATA;SUBURBIO;CHOQUE VEÍCULO PARADO;2;;;;;;;;0;;Bom;Não existe;Perfeito estado;Seca;Perfeito estado;Não existe;Não há placas;30 km/h;2019
10/05/2019;14:28:00;SEM VÍTIMA;MADALENA;RUA REAL DA TORRE;;ABALROAMENTO LONGITUDINAL;1;1;;;;;;;0;;Bom;Não existe;Incompleta;Seca;Perfeito estado;Não existe;Não há placas;;2019
10/05/2019;14:44:00;SEM VÍTIMA;AREIAS;AV RECIFE;;COLISÃO;2;;;;;;;;0;;;;;;;;;;2019
10/05/2019;15:08:00;SEM VÍTIMA;SÃO JOSÉ;RUA VIDAL DE NEGREIROS;CIDADE;ABALROAMENTO LONGITUDINAL;1;;;;1;;;;0;;Chuvoso;Sem defeito;Perfeito estado;Molhada;Perfeito estado;;;40 km/h;2019
10/05/2019;15:09:00;SEM VÍTIMA;IMBIRIBEIRA;AV MARECHAL MASCARENHAS DE MORAES;SUBURBIO;ABALROAMENTO TRANSVERSAL;2;;;;;;;;0;;Bom;Não existe;Perfeito estado;Seca;Perfeito estado;Não existe;Não há placas;60 km/h;2019
10/05/2019;15:18:00;COM VÍTIMA;BOA VIAGEM;AV CONSELHEIRO AGUIAR;CIDADE;ABALROAMENTO TRANSVERSAL;1;1;;;;;;;1;;Bom;Não existe;Perfeito estado;Seca;Perfeito estado;Outros;Outras;60 km/h;2019
10/05/2019;16:12:00;SEM VÍTIMA;IMBIRIBEIRA;AV MARECHAL MASCARENHAS DE MORAES;CIDADE;ABALROAMENTO LONGITUDINAL;2;;;;;1;;;0;;Bom;Sem defeito;Perfeito estado;Seca;Perfeito estado;Faixa de pedestre;Outras;60 km/h;2019
10/05/2019;16:25:00;SEM VÍTIMA;BAIRRO DO RECIFE;RUA VIGARIO TENORIO;SUBURBIO;ABALROAMENTO TRANSVERSAL;2;;;;;;;;0;;Chuvoso;Não existe;Incompleta;Molhada;Perfeito estado;Não existe;;;2019
10/05/2019;17:13:00;SEM VÍTIMA;MADALENA;RUA BENFICA;;COLISÃO;1;;;;1;;;;0;;;;;;;;;;2019
10/05/2019;17:23:00;SEM VÍTIMA;CIDADE UNIVERSITÁRIA;AV CAXANGA;CIDADE;ABALROAMENTO LONGITUDINAL;1;;;;;1;;;0;;Chuvoso;Sem defeito;Perfeito estado;Molhada;Perfeito estado;Não existe;R-6a;50 km/h;2019
10/05/2019;17:52:00;SEM VÍTIMA;JOANA BEZERRA;RUA AGUA DOCE;;COLISÃO;1;;;;1;;;;0;;;;;;;;;;2019
10/05/2019;19:05:00;SEM VÍTIMA;SANTO ANTÔNIO;RUA DO SOL;;ABALROAMENTO LONGITUDINAL;2;;;;;;;;0;;Chuvoso;Sem defeito;Perfeito estado;Seca;Perfeito estado;;Outras;;2019
10/05/2019;19:16:00;SEM VÍTIMA;BARRO;AV JORNALISTA COSTA PORTO;;COLISÃO;2;;;;;;;;0;;;;;;;;;;2019
10/05/2019;19:49:00;SEM VÍTIMA;ESPINHEIRO;RUA CONS PORTELA;;ENGAVETAMENTO;3;;;;;;;;0;;;;;;;;;;2019
10/05/2019;20:02:00;SEM VÍTIMA;BOA VIAGEM;RUA FELIX DE BRITO E MELO;;COLISÃO;2;;;;;;;;0;;;;;;;;;;2019
10/05/2019;20:05:00;SEM VÍTIMA;BAIRRO DO RECIFE;AV ALFREDO LISBOA;SUBURBIO;ABALROAMENTO LONGITUDINAL;1;;;;;1;;;0;;Bom;Sem defeito;Perfeito estado;Seca;Perfeito estado;Faixa de pedestre;R-6a;;2019
10/05/2019;20:43:00;SEM VÍTIMA;PINA;AV HERCULANO BANDEIRA;;ABALROAMENTO LONGITUDINAL;1;;;;1;;;;0;;Chuvoso;Sem defeito;Perfeito estado;Seca;Perfeito estado;Outros;Outras;;2019
10/05/2019;20:54:00;COM VÍTIMA;JORDÃO;AV MARIA IRENE;SUBURBIO;COLISÃO;1;1;;;;;;;2;;Bom;Sem defeito;;Seca;Perfeito estado;;Não há placas;;2019
10/05/2019;22:08:00;SEM VÍTIMA;IMBIRIBEIRA;AV MARECHAL MASCARENHAS DE MORAES;CIDADE;COLISÃO TRASEIRA;2;;;;;;;;0;;Bom;Não existe;Perfeito estado;Seca;Perfeito estado;Não existe;;;2019
10/05/2019;22:34:00;COM VÍTIMA;BREJO DE BEBERIBE;AV VEREADOR OTACILIO AZEVEDO;SUBURBIO;ABALROAMENTO TRANSVERSAL;1;1;;;;;;;1;;Bom;Não existe;Perfeito estado;Seca;Perfeito estado;Não existe;Não há placas;;2019
11/05/2019;07:53:00;COM VÍTIMA;IMBIRIBEIRA;AV MARECHAL MASCARENHAS DE MORAES;CIDADE;ATROPELAMENTO;;1;;1;;;;;2;;Bom;Sem defeito;Perfeito estado;Seca;Perfeito estado;Faixa de pedestre;Outras;60 km/h;2019
11/05/2019;08:12:00;SEM VÍTIMA;ESPINHEIRO;RUA DO ESPINHEIRO;CIDADE;ABALROAMENTO LONGITUDINAL;2;;;;;;;;0;;Bom;Não existe;Perfeito estado;Seca;Perfeito estado;Não existe;Não há placas;40 km/h;2019
11/05/2019;08:26:00;SEM VÍTIMA;MUSTARDINHA;RUA JOSE MOREIRA REIS;;COLISÃO;1;;;;;1;;;0;;;;;;;;;;2019
11/05/2019;09:04:00;SEM VÍTIMA;IMBIRIBEIRA;AV MARECHAL MASCARENHAS DE MORAES;CIDADE;COLISÃO TRASEIRA;3;;;;;;;;0;;Bom;Sem defeito;Perfeito estado;Seca;Perfeito estado;Faixa de pedestre;;60 km/h;2019
11/05/2019;09:09:00;COM VÍTIMA;NOVA DESCOBERTA;RUA CORREGO DA AREIA;CIDADE;ABALROAMENTO LONGITUDINAL;;2;;;;;;;1;;Bom;Não existe;Não existente;Seca;Perfeito estado;Não existe;Não há placas;;2019
11/05/2019;09:32:00;COM VÍTIMA;VÁRZEA;AV AFONSO OLINDENSE;SUBURBIO;COLISÃO TRASEIRA;1;1;;;;;;;1;;Bom;Não existe;Perfeito estado;Seca;Perfeito estado;Faixa de retenção;Não há placas;;2019
11/05/2019;10:16:00;SEM VÍTIMA;VÁRZEA;RUA PROFESSOR CHAVES BATISTA;SUBURBIO;CHOQUE VEÍCULO PARADO;2;;;;;;;;0;;Bom;Não existe;Não existente;Seca;Perfeito estado;Não existe;Não há placas;30 km/h;2019
11/05/2019;10:34:00;SEM VÍTIMA;VÁRZEA;AV CAXANGA;CIDADE;COLISÃO TRASEIRA;2;;;;;;;;0;;Bom;Sem defeito;Perfeito estado;Seca;Perfeito estado;Faixa de pedestre;Outras;60 km/h;2019
11/05/2019;10:54:00;SEM VÍTIMA;BEBERIBE;RUA CAMPOS NOVOS;SUBURBIO;CHOQUE;;;;;;;;;0;;;;;;;;;;2019
11/05/2019;11:21:00;SEM VÍTIMA;VÁRZEA;RUA PROFESSOR CHAVES BATISTA;SUBURBIO;ABALROAMENTO TRANSVERSAL;2;;;;;;;;0;;Bom;Não existe;Não existente;Seca;Perfeito estado;Não existe;Não há placas;30 km/h;2019
11/05/2019;11:37:00;SEM VÍTIMA;ÁGUA FRIA;AV BEBERIBE;;COLISÃO TRASEIRA;;;;;1;1;;;0;;Bom;Sem defeito;Perfeito estado;Seca;Perfeito estado;Não existe;Outras;30 km/h;2019
11/05/2019;13:24:00;SEM VÍTIMA;PINA;RUA MANOEL DE BRITO;CIDADE;ABALROAMENTO TRANSVERSAL;1;1;;;;;;;0;;Bom;Não existe;Perfeito estado;Seca;Perfeito estado;Não existe;Não há placas;;2019
11/05/2019;13:25:00;COM VÍTIMA;CASA FORTE;RUA AFONSO DE ALBUQUERQUE MELO;CIDADE;ABALROAMENTO TRANSVERSAL;1;1;;;;;;;1;;Bom;Não existe;Perfeito estado;Seca;Perfeito estado;Outros;Placas Pare;;2019