data;hora;natureza_acidente;bairro;endereco;sentido_via;tipo;auto;moto;ciclista;pedestre;onibus;caminhao;viatura;outros;vitimas;vitimasfatais;tempo_clima;situacao_semaforo;sinalizacao;condicao_via;conservacao_via;ponto_controle;situacao_placa;velocidade_max_via;ano
11/05/2019;14:10:00;SEM VÍTIMA;BOA VIAGEM;RUA BRUNO VELOSO;;COLISÃO;1;;;;1;;;;0;;;;;;;;;;2019
11/05/2019;14:22:00;SEM VÍTIMA;CAMPO GRANDE;RUA VOLUNTARIOS DA PATRIA;SUBURBIO;ABALROAMENTO LONGITUDINAL;1;;;;;;;1;0;;Bom;Não existe;Não existente;Seca;Perfeito estado;Não existe;Não há placas;;2019
11/05/2019;15:14:00;SEM VÍTIMA;CAMPO GRANDE;RUA VOLUNTARIOS DA PATRIA;;COLISÃO;1;;;;;;;1;0;;;;;;;;;;2019
11/05/2019;15:23:00;SEM VÍTIMA;BARRO;RUA AMADOR ARAUJO;;COLISÃO;2;;;;;;;;0;;;;;;;;;;2019
11/05/2019;15:35:00;COM VÍTIMA;SANTO AMARO;AV GOVERNADOR AGAMENON MAGALHAES;SUBURBIO;COLISÃO;;1;;;;;;;1;;Bom;Não existe;Perfeito estado;Seca;Perfeito estado;Não existe;Não há placas;;2019
11/05/2019;16:00:00;SEM VÍTIMA;BOA VIAGEM;AV FERNANDO SIMOES BARBOSA;SUBURBIO;COLISÃO TRASEIRA;3;;;;;;;;0;;Bom;Não existe;Perfeito estado;Seca;;Não existe;R-6a;;2019
11/05/2019;16:51:00;SEM VÍTIMA;MADALENA;RUA REAL DA TORRE;SUB/CID;ABALROAMENTO LONGITUDINAL;1;;;;1;;;;0;;Bom;Não existe;Perfeito estado;Seca;Perfeito estado;Não existe;Outras;50 km/h;2019
11/05/2019;17:09:00;SEM VÍTIMA;BOA VISTA;RUA GERVASIO PIRES;SUBURBIO;ABALROAMENTO TRANSVERSAL;2;;;;;;;;0;;Bom;Desligado;Perfeito estado;Seca;Perfeito estado;Faixa de pedestre;R-6a;60 km/h;2019
11/05/2019;19:09:00;COM VÍTIMA;CAMPO GRANDE;EST DE BELEM;;ABALROAMENTO TRANSVERSAL;1;1;;;;;;;1;;Bom;Não existe;Ilegível;Seca;Mal iluminada;Não existe;Não há placas;;2019
11/05/2019;19:26:00;SEM VÍTIMA;IBURA;RUA DR OTAVIO DE MORAES VASCONCELOS;;ABALROAMENTO TRANSVERSAL;2;;;;;;;;0;;Bom;Não existe;Não existente;Seca;Mal conservada;Não existe;Não há placas;;2019
11/05/2019;23:12:00;SEM VÍTIMA;BOA VIAGEM;AV CONSELHEIRO AGUIAR;SUBURBIO;ABALROAMENTO LONGITUDINAL;2;;;;;;;;0;;Bom;Sem defeito;Perfeito estado;Seca;Perfeito estado;Faixa de pedestre;R-6a;;2019
12/05/2019;00:39:00;COM VÍTIMA;SÃO JOSÉ;RUA IMPERIAL;CIDADE;ABALROAMENTO TRANSVERSAL;2;;;;;;;;1;;Bom;Sem defeito;Perfeito estado;Seca;Perfeito estado;Faixa de pedestre;;40 km/h;2019
12/05/2019;01:07:00;SEM VÍTIMA;IPUTINGA;AV MAURICIO DE NASSAU;SUBURBIO;CHOQUE VEÍCULO PARADO;2;;;;;;;;0;;Bom;Não existe;Perfeito estado;Seca;Perfeito estado;;;;2019
12/05/2019;06:46:00;SEM VÍTIMA;IMBIRIBEIRA;AV MARECHAL MASCARENHAS DE MORAES;AFOGADOS;COLISÃO;2;;;;;;;;0;;;;;;;;;;2019
12/05/2019;07:18:00;SEM VÍTIMA;ENCRUZILHADA;AV BEBERIBE;SUBURBIO;CHOQUE OBJETO FIXO;1;;;;;;;;0;;Bom;Sem defeito;Perfeito estado;Seca;Perfeito estado;Faixa de pedestre;Outras;40 km/h;2019
12/05/2019;10:06:00;SEM VÍTIMA;BOA VISTA;RUA DOM BOSCO;SUBURBIO;COLISÃO TRASEIRA;2;;;;;;;;0;;Bom;Sem defeito;Perfeito estado;Seca;Perfeito estado;Faixa de pedestre;Outras;;2019
12/05/2019;11:40:00;COM VÍTIMA;ARRUDA;AV BEBERIBE;CIDADE;ABALROAMENTO TRANSVERSAL;1;1;;;;;;;1;;Bom;Não existe;Não existente;Seca;Perfeito estado;Não existe;Não há placas;;2019
12/05/2019;11:53:00;SEM VÍTIMA;CASA AMARELA;AV NORTE;CIDADE;COLISÃO TRASEIRA;3;;;;;;;;0;;Bom;Não existe;Perfeito estado;Seca;Perfeito estado;Não existe;R-6a;;2019
12/05/2019;12:08:00;SEM VÍTIMA;SÃO JOSÉ;RUA DA CONCORDIA;;ABALROAMENTO TRANSVERSAL;1;;;;;1;;;0;;Bom;Não existe;Perfeito estado;Seca;Perfeito estado;;Não há placas;;2019
12/05/2019;12:29:00;SEM VÍTIMA;BEBERIBE;PRC DA CONVENCAO;;COLISÃO;2;;;;;;;;0;;;;;;;;;;2019
12/05/2019;13:09:00;SEM VÍTIMA;IPSEP;AV RECIFE;SUBURBIO;COLISÃO TRASEIRA;1;;;;1;;;;0;;Bom;Não existe;Perfeito estado;Seca;Perfeito estado;Outros;Outras;60 km/h;2019
12/05/2019;13:26:00;SEM VÍTIMA;BOA VISTA;AV GOVERNADOR AGAMENON MAGALHAES;;COLISÃO TRASEIRA;4;;;;;;;;0;;Bom;Não existe;Perfeito estado;Seca;Perfeito estado;;R-19;60 km/h;2019
12/05/2019;14:01:00;SEM VÍTIMA;IMBIRIBEIRA;AV MARECHAL MASCARENHAS DE MORAES;SUBURBIO;ABALROAMENTO LONGITUDINAL;1;1;;;;;;;0;;Bom;Não existe;Perfeito estado;Seca;Perfeito estado;Outros;Outras;;2019
12/05/2019;17:48:00;COM VÍTIMA;ÁGUA FRIA;RUA LADEIRA DE PEDRA;CIDADE;ATROPELAMENTO;;2;;1;;;;;1;;Bom;Não existe;Não existente;Seca;Perfeito estado;Não existe;Não há placas;;2019
12/05/2019;17:57:00;COM VÍTIMA;IMBIRIBEIRA;RUA REMIGIO;CIDADE;TOMBAMENTO;;1;;;;;;;1;;Bom;Não existe;Perfeito estado;Seca;Mal conservada;Não existe;Não há placas;;2019
12/05/2019;18:13:00;SEM VÍTIMA;IPUTINGA;RUA GASPAR PEREZ;;COLISÃO;1;1;;;;;;;0;;;;;;;;;;2019
12/05/2019;22:21:00;COM VÍTIMA;BONGI;RUA DONA MARIA AUGUSTA NOGUEIRA;SUBURBIO;ATROPELAMENTO;1;;;1;;;;;1;;Bom;Não existe;Perfeito estado;Seca;Perfeito estado;Não existe;Não há placas;;2019
12/05/2019;23:09:00;COM VÍTIMA;AFOGADOS;RUA MOTOCOLOMBO;CIDADE;ABALROAMENTO TRANSVERSAL;2;;;;;;;;4;;Bom;Sem defeito;Perfeito estado;Seca;Perfeito estado;Outros;R-6c;;2019
13/05/2019;07:36:00;COM VÍTIMA;CASA AMARELA;RUA ARNOLDO MAGALHAES;CIDADE;ABALROAMENTO TRANSVERSAL;1;;;;;;;;1;;Bom;Não existe;Perfeito estado;Seca;Perfeito estado;Não existe;R-6a;;2019
13/05/2019;07:56:00;SEM VÍTIMA;ESPINHEIRO;AV ENGENHEIRO AGAMENON DE MAGALHAES MELO;;COLISÃO;2;;;;;;;;0;;;;;;;;;;2019
13/05/2019;08:12:00;SEM VÍTIMA;MADALENA;RUA BENFICA;CIDADE;COLISÃO;1;;;;1;;;;0;;;;;;;;;;2019
13/05/2019;08:30:00;SEM VÍTIMA;AREIAS;AV DR JOSE RUFINO;CIDADE;ABALROAMENTO LONGITUDINAL;1;;;;;1;;;0;;Bom;Sem defeito;Perfeito estado;Seca;Perfeito estado;Faixa de pedestre;R-6a;;2019
13/05/2019;08:30:00;SEM VÍTIMA;ESTÂNCIA;AV DR JOSE RUFINO;CIDADE;ABALROAMENTO LONGITUDINAL;1;;;;;1;;1;0;;Nublado;Sem defeito;Incompleta;Seca;;;Outras;;2019
13/05/2019;08:51:00;SEM VÍTIMA;BAIRRO DO RECIFE;AV ALFREDO LISBOA;SUBURBIO;CHOQUE VEÍCULO PARADO;4;;;;;;;;0;;Bom;Sem defeito;Perfeito estado;Seca;Perfeito estado;;R-6a;;2019
13/05/2019;09:41:00;SEM VÍTIMA;CORDEIRO;RUA FORMOSA;;CHOQUE VEÍCULO PARADO;2;;;;;;;;0;;Bom;Não existe;Perfeito estado;Seca;Perfeito estado;Não existe;Não há placas;;2019
13/05/2019;09:53:00;SEM VÍTIMA;CORDEIRO;RUA GOMES TABORDA;SUBURBIO;ABALROAMENTO LONGITUDINAL;2;;;;;;;;0;;Bom;Não existe;Perfeito estado;Seca;Perfeito estado;Não existe;Não há placas;;2019
13/05/2019;11:35:00;SEM VÍTIMA;CORDEIRO;RUA HONORIO CORREIA;;ABALROAMENTO LONGITUDINAL;2;;;;;;;;0;;Bom;Não existe;Perfeito estado;Seca;Perfeito estado;Não existe;R-25a;;2019
13/05/2019;11:37:00;SEM VÍTIMA;CASA FORTE;RUA PROFESSOR ALVARO LIMA;SUBURBIO;ABALROAMENTO LONGITUDINAL;2;;;;;;;;0;;Bom;Não existe;Perfeito estado;Seca;Perfeito estado;Não existe;Outras;;2019
13/05/2019;12:07:00;SEM VÍTIMA;JORDÃO;RUA JOSE MARTORANO;;COLISÃO;2;;;;;;;;0;;;;;;;;;;2019
13/05/2019;12:26:00;SEM VÍTIMA;GRAÇAS;RUA DAS CREOULAS;;COLISÃO TRASEIRA;2;;;;;;;;0;;Bom;Não existe;Perfeito estado;Seca;Perfeito estado;Faixa de pedestre;R-6a;;2019
13/05/2019;12:33:00;SEM VÍTIMA;BOA VIAGEM;AV DOM JOAO VI;SUBURBIO;COLISÃO TRASEIRA;3;;;;;;;;0;;Bom;Não existe;Perfeito estado;Seca;Perfeito estado;Não existe;Não há placas;;2019
13/05/2019;13:10:00;SEM VÍTIMA;BOA VIAGEM;RUA BRUNO VELOSO;SUBURBIO;COLISÃO;1;;;;1;;;;0;;;;;;;;;;2019
13/05/2019;13:14:00;SEM VÍTIMA;JAQUEIRA;AV CONS ROSA E SILVA;;COLISÃO;2;;;;;;;;0;;;;;;;;;;2019
13/05/2019;13:21:00;COM VÍTIMA;NOVA DESCOBERTA;AV VEREADOR OTACILIO AZEVEDO;SUBURBIO;ABALROAMENTO TRANSVERSAL;1;1;;;;;;;1;;Bom;Não existe;Perfeito estado;Seca;Perfeito estado;Não existe;Não há placas;40 km/h;2019
13/05/2019;13:32:00;SEM VÍTIMA;DERBY;RUA AMAURI DE MEDEIROS;;ABALROAMENTO LONGITUDINAL;1;;;;1;;;;0;;Bom;Não existe;Incompleta;Seca;Mal conservada;Não existe;R-6a;;2019
13/05/2019;13:37:00;SEM VÍTIMA;CASA AMARELA;EST DO ARRAIAL;SUBURBIO;COLISÃO TRASEIRA;2;;;;;;;;0;;Bom;Sem defeito;Perfeito estado;Seca;Perfeito estado;;R-6a;;2019
13/05/2019;15:59:00;SEM VÍTIMA;ÁGUA FRIA;EST VELHA DE AGUA FRIA;CIDADE;ABALROAMENTO LONGITUDINAL;1;1;;;;;;;0;;Bom;Sem defeito;Perfeito estado;Seca;Perfeito estado;Faixa de pedestre;Outras;;2019
13/05/2019;16:06:00;SEM VÍTIMA;DERBY;RUA JOAQUIM NABUCO;SUBURBIO;ABALROAMENTO TRANSVERSAL;1;;;;;1;;;0;;Bom;Sem defeito;;Seca;Perfeito estado;;R-6a;;2019
13/05/2019;16:55:00;SEM VÍTIMA;VÁRZEA;AV JOAQUIM RIBEIRO;;COLISÃO;4;;;;;;;;0;;;;;;;;;;2019
13/05/2019;16:23:00;SEM VÍTIMA;COELHOS;RUA DOS COELHOS;;COLISÃO;2;;;;;;;;0;;;;;;;;;;2019
13/05/2019;16:32:00;SEM VÍTIMA;PINA;AV ENGENHEIRO DOMINGOS FERREIRA;SUBURBIO;COLISÃO;2;;;;;;;;0;;;;;;;;;;2019
13/05/2019;16:40:00;SEM VÍTIMA;ESTÂNCIA;AV DR JOSE RUFINO;SUBURBIO;ABALROAMENTO LONGITUDINAL;;;;;1;1;;;0;;Bom;Não existe;Perfeito estado;Seca;Perfeito estado;Não existe;Outras;;2019
13/05/2019;17:03:00;COM VÍTIMA;NOVA DESCOBERTA;AV VEREADOR OTACILIO AZEVEDO;SUBURBIO;ATROPELAMENTO;;;;1;1;;;;1;;Bom;Não existe;Perfeito estado;Seca;Perfeito estado;Não existe;Outras;;2019
13/05/2019;17:15:00;SEM VÍTIMA;PRADO;AV ENGENHEIRO ABDIAS DE CARVALHO;CIDADE;ABALROAMENTO LONGITUDINAL;2;;;;;;;;0;;Bom;Sem defeito;Perfeito estado;Seca;Perfeito estado;;R-6a;;2019
13/05/2019;17:45:00;SEM VÍTIMA;IPUTINGA;RUA PROFESSOR CHAVES BATISTA;CIDADE;ABALROAMENTO LONGITUDINAL;2;;;;;;;;0;;Bom;Não existe;Incompleta;Seca;Perfeito estado;Não existe;Não há placas;;2019
13/05/2019;18:16:00;SEM VÍTIMA;TORRE;AV BEIRA RIO;;ABALROAMENTO LONGITUDINAL;1;;;;;;1;;0;;Bom;Não existe;Perfeito estado;Seca;Perfeito estado;Outros;R-6a;40 km/h;2019
13/05/2019;18:23:00;SEM VÍTIMA;IMBIRIBEIRA;RUA DR TAVARES CORREIA;SUBURBIO;COLISÃO TRASEIRA;2;;;;;;;;0;;Bom;Não existe;;Seca;Perfeito estado;Não existe;Não há placas;;2019
13/05/2019;18:44:00;SEM VÍTIMA;IMBIRIBEIRA;AV MARECHAL MASCARENHAS DE MORAES;;COLISÃO;1;;;;;1;;;0;;;;;;;;;;2019
13/05/2019;18:58:00;SEM VÍTIMA;PINA;RUA NOGUEIRA DE SOUZA;CIDADE;COLISÃO TRASEIRA;2;;;;;;;;0;;Bom;Não existe;Perfeito estado;Seca;Perfeito estado;Não existe;R-6a;;2019
13/05/2019;20:03:00;SEM VÍTIMA;BOA VIAGEM;AVENIDA CELSO FURTADO (VIA MANGUE);SUBURBIO;COLISÃO TRASEIRA;2;;;;;;;;0;;Bom;Não existe;Não existente;Seca;Mal iluminada;;Não há placas;60 km/h;2019
13/05/2019;20:18:00;SEM VÍTIMA;IPUTINGA;RUA MANOEL JOAQUIM DE ALMEIDA;;ABALROAMENTO TRANSVERSAL;2;;;;;;;;0;;Bom;Não existe;Não existente;Seca;Mal iluminada;Não existe;Não há placas;;2019
14/05/2019;02:50:00;SEM VÍTIMA;DERBY;PRC DO DERBY;;COLISÃO TRASEIRA;;;;;1;1;;;0;;Bom;Não existe;Perfeito estado;Seca;Perfeito estado;Faixa de pedestre;Outras;;2019
14/05/2019;05:53:00;SEM VÍTIMA;JARDIM SÃO PAULO;AV SAO PAULO;;COLISÃO FRONTAL;2;;;;;;;;0;;Bom;Não existe;Incompleta;Seca;Perfeito estado;Não existe;R-6a;;2019
14/05/2019;06:45:00;SEM VÍTIMA;ESPINHEIRO;RUA DO ESPINHEIRO;CIDADE;ABALROAMENTO LONGITUDINAL;1;;;;1;;;;0;;Bom;Não existe;Perfeito estado;Seca;Perfeito estado;Não existe;R-6a;;2019
14/05/2019;07:13:00;COM VÍTIMA;AFOGADOS;AV SUL;CIDADE;ABALROAMENTO LONGITUDINAL;1;;;;1;;;;1;;;;Perfeito estado;Seca;Perfeito estado;;Outras;;2019
14/05/2019;07:36:00;SEM VÍTIMA;MADALENA;RUA JOSE BONIFACIO;SUBURBIO;ABALROAMENTO TRANSVERSAL;1;;;;1;;;;0;;Bom;Não existe;Perfeito estado;Seca;Perfeito estado;Outros;Outras;60 km/h;2019
14/05/2019;07:40:00;SEM VÍTIMA;PRADO;RUA SANTA EDWIRGES;CIDADE;ABALROAMENTO TRANSVERSAL;2;;;;;;;;0;;Bom;Sem defeito;Perfeito estado;Seca;Perfeito estado;Faixa de pedestre;;;2019
14/05/2019;07:54:00;SEM VÍTIMA;IMBIRIBEIRA;AV MARECHAL MASCARENHAS DE MORAES;SUBURBIO;ABALROAMENTO LONGITUDINAL;2;;;;;;;;0;;Bom;Sem defeito;Perfeito estado;Seca;Perfeito estado;;Placas Pare;;2019
14/05/2019;08:14:00;SEM VÍTIMA;SÃO JOSÉ;AV DANTAS BARRETO;CIDADE;ABALROAMENTO LONGITUDINAL;2;;;;;;;;0;;Bom;Sem defeito;Perfeito estado;Seca;Perfeito estado;Não existe;Não há placas;;2019
14/05/2019;08:18:00;SEM VÍTIMA;ESTÂNCIA;RUA JUAREZ MILLET;SUBURBIO;ABALROAMENTO TRANSVERSAL;2;;;;;;;;0;;Bom;Não existe;Perfeito estado;Seca;Perfeito estado;Não existe;Não há placas;;2019
14/05/2019;10:09:00;COM VÍTIMA;IPUTINGA;AV CAXANGA;SUBURBIO;ATROPELAMENTO;;1;;1;;;;;1;;Bom;Sem defeito;Perfeito estado;Seca;Perfeito estado;Não existe;Outras;;2019
14/05/2019;10:16:00;COM VÍTIMA;AFOGADOS;RUA SAO MIGUEL;CIDADE;ABALROAMENTO TRANSVERSAL;;1;;;;1;;;1;;Bom;Não existe;Não existente;Seca;Perfeito estado;Não existe;Não há placas;50 km/h;2019
14/05/2019;11:07:00;SEM VÍTIMA;ARRUDA;AV PROFESSOR JOSE DOS ANJOS;CIDADE;COLISÃO TRASEIRA;2;;;;;;;;0;;Bom;Sem defeito;Perfeito estado;Seca;Perfeito estado;Faixa de pedestre;Outras;;2019
14/05/2019;11:08:00;SEM VÍTIMA;ESPINHEIRO;AV GOVERNADOR AGAMENON MAGALHAES;SUBURBIO;ABALROAMENTO LONGITUDINAL;1;;;;;1;;;0;;Bom;Sem defeito;Perfeito estado;Seca;Perfeito estado;Não existe;Outras;60 km/h;2019
14/05/2019;11:17:00;SEM VÍTIMA;BOA VISTA;RUA DO PROGRESSO;CIDADE;ABALROAMENTO LONGITUDINAL;1;1;;;;;;;0;;Bom;Não existe;Perfeito estado;Seca;Perfeito estado;Não existe;Outras;40 km/h;2019
14/05/2019;11:37:00;SEM VÍTIMA;AREIAS;AV RECIFE;;COLISÃO;1;;;;;1;;;0;;;;;;;;;;2019
14/05/2019;11:37:00;SEM VÍTIMA;GRAÇAS;AV RUI BARBOSA;CIDADE;ABALROAMENTO LONGITUDINAL;1;;;;1;;;;0;;Bom;Não existe;Perfeito estado;Seca;Perfeito estado;Não existe;Outras;;2019
14/05/2019;11:57:00;SEM VÍTIMA;CORDEIRO;AV MAURICIO DE NASSAU;;COLISÃO;1;;;;1;;;;0;;;;;;;;;;2019
14/05/2019;12:13:00;SEM VÍTIMA;MADALENA;RUA BENFICA;;COLISÃO TRASEIRA;2;;;;;;;;0;;Bom;Não existe;Perfeito estado;Seca;Perfeito estado;Não existe;Não há placas;;2019
14/05/2019;12:35:00;SEM VÍTIMA;AFOGADOS;EST DOS REMEDIOS;;COLISÃO;1;;;;1;;;;0;;;;;;;;;;2019
14/05/2019;12:55:00;COM VÍTIMA;IMBIRIBEIRA;AV GENERAL MAC ARTHUR;;ATROPELAMENTO;;1;1;;;;;;1;;;;;;;;;;2019
14/05/2019;13:00:00;SEM VÍTIMA;DERBY;AV GOVERNADOR AGAMENON MAGALHAES;;ABALROAMENTO TRANSVERSAL;1;;;;1;;;;0;;Bom;Não existe;Perfeito estado;Seca;Perfeito estado;Não existe;Não há placas;60 km/h;2019
14/05/2019;13:31:00;SEM VÍTIMA;BOA VIAGEM;RUA PROFESSOR JOSE BRANDAO;SUBURBIO;ABALROAMENTO TRANSVERSAL;1;1;;;;;;;0;;Bom;Não existe;Perfeito estado;Seca;Perfeito estado;Faixa de retenção;Placas Pare;;2019
14/05/2019;13:49:00;SEM VÍTIMA;ESPINHEIRO;AV NORTE;CIDADE;COLISÃO TRASEIRA;2;;;;;;;;0;;Bom;Sem defeito;Perfeito estado;Seca;Perfeito estado;Não existe;R-6a;;2019
14/05/2019;13:56:00;SEM VÍTIMA;IBURA;RUA RIO XINGU;;COLISÃO;1;1;;;;;;;0;;;;;;;;;;2019
14/05/2019;14:10:00;SEM VÍTIMA;AFOGADOS;RUA SAO MIGUEL;SUBURBIO;COLISÃO TRASEIRA;2;;;;;;;;0;;Bom;Sem defeito;Perfeito estado;Seca;Perfeito estado;Faixa de pedestre;Não há placas;;2019
14/05/2019;14:20:00;SEM VÍTIMA;BOA VIAGEM;AV CONSELHEIRO AGUIAR;CIDADE;COLISÃO TRASEIRA;1;1;;;;;;;0;;Bom;Não existe;Não existente;Seca;Perfeito estado;Não existe;Não há placas;60 km/h;2019
14/05/2019;14:42:00;SEM VÍTIMA;BEBERIBE;AV BEBERIBE;;COLISÃO;;;;;;;;;0;;;;;;;;;;2019
14/05/2019;14:48:00;SEM VÍTIMA;BAIRRO DO RECIFE;RUA DO OBSERVATORIO;;ABALROAMENTO LONGITUDINAL;2;;;;;;;;0;;Bom;Não existe;Perfeito estado;Seca;Perfeito estado;Não existe;;;2019
14/05/2019;14:51:00;VÍTIMA FATAL;ÁGUA FRIA;AV BEBERIBE;CIDADE;ATROPELAMENTO;;;;1;1;;;;;1;Bom;Sem defeito;Perfeito estado;Seca;Perfeito estado;Faixa de pedestre;R-6a;;2019
14/05/2019;15:28:00;SEM VÍTIMA;ENCRUZILHADA;AV JOAO DE BARROS;CIDADE;ABALROAMENTO LONGITUDINAL;1;;;;;1;;;0;;Bom;Não existe;Perfeito estado;Seca;Perfeito estado;Não existe;R-6a;;2019
14/05/2019;15:43:00;COM VÍTIMA;SÃO JOSÉ;RUA IMPERIAL;;COLISÃO;;2;;;;;;;1;;;;;;;;;;2019
14/05/2019;15:55:00;SEM VÍTIMA;TORREÃO;AV NORTE;SUBURBIO;COLISÃO TRASEIRA;2;;;;;;;;0;;Bom;Não existe;Incompleta;Seca;Perfeito estado;Não existe;Outras;;2019
14/05/2019;16:31:00;SEM VÍTIMA;BOA VIAGEM;AVENIDA CELSO FURTADO (VIA MANGUE);SUBURBIO;COLISÃO TRASEIRA;1;;;;1;;;;0;;Bom;Não existe;Perfeito estado;Seca;Perfeito estado;;Placas Pare;60 km/h;2019
14/05/2019;17:28:00;SEM VÍTIMA;BOA VIAGEM;AV ENGENHEIRO DOMINGOS FERREIRA;;COLISÃO;2;;;;;;;;0;;;;;;;;;;2019
14/05/2019;17:34:00;COM VÍTIMA;PINA;AVENIDA CELSO FURTADO (VIA MANGUE);CIDADE;ABALROAMENTO LONGITUDINAL;1;1;;;;;;;1;;Bom;Não existe;Perfeito estado;Seca;Perfeito estado;Outros;Não há placas;60 km/h;2019
14/05/2019;18:27:00;SEM VÍTIMA;ILHA DO LEITE;AV FREI MATIAS TEVES;;ABALROAMENTO TRANSVERSAL;2;;;;;;;;0;;Bom;Não existe;Perfeito estado;Seca;Perfeito estado;Outros;Placas Pare;30 km/h;2019
14/05/2019;18:36:00;SEM VÍTIMA;ROSARINHO;RUA DES MARTINS PEREIRA;SUBURBIO;COLISÃO TRASEIRA;1;1;;;;;;;0;;Bom;Não existe;Perfeito estado;Seca;Perfeito estado;Faixa de pedestre;Placas Pare;;2019
14/05/2019;18:52:00;SEM VÍTIMA;DERBY;RUA JORNALISTA PAULO BITTENCOURT;SUBURBIO;ABALROAMENTO LONGITUDINAL;2;;;;;;;;0;;Bom;Não existe;Perfeito estado;Seca;Perfeito estado;Não existe;Não há placas;;2019
14/05/2019;21:52:00;COM VÍTIMA;CORDEIRO;AV MAURICIO DE NASSAU;;COLISÃO;1;1;;;;;;;1;;;;;;;;;;2019
14/05/2019;22:10:00;SEM VÍTIMA;MADALENA;RUA JOSE HIGINO;SUBURBIO;CHOQUE VEÍCULO PARADO;1;;;;;;1;;0;;Bom;Não existe;Perfeito estado;Seca;Perfeito estado;Faixa de retenção;Placas Pare;;2019
15/05/2019;05:57:00;COM VÍTIMA;BOA VIAGEM;RUA VISCONDE DE JEQUITINHONHA;CIDADE;ABALROAMENTO TRANSVERSAL;1;1;;;;;;;1;;Bom;Sem defeito;Perfeito estado;Seca;Perfeito estado;;;;2019
15/05/2019;06:50:00;SEM VÍTIMA;CORDEIRO;EST DO FORTE DO ARRAIAL N. DO B. JESUS;;COLISÃO;3;;;;;;;;0;;;;;;;;;;2019
15/05/2019;07:18:00;SEM VÍTIMA;PAISSANDU;AV GOVERNADOR AGAMENON MAGALHAES;;ABALROAMENTO LONGITUDINAL;2;;;;;;;;0;;Bom;Não existe;;Seca;Perfeito estado;;;60 km/h;2019
15/05/2019;07:25:00;SEM VÍTIMA;IPUTINGA;RUA PAUL HARRIS;SUBURBIO;COLISÃO TRASEIRA;2;;;;;;;;0;;Bom;Não existe;Perfeito estado;Seca;Perfeito estado;Não existe;R-6a;;2019
15/05/2019;08:01:00;SEM VÍTIMA;BOA VIAGEM;RUA DR LUIZ INACIO PESSOA DE MELO;SUBURBIO;ABALROAMENTO LONGITUDINAL;1;1;;;;;;;0;;Bom;Não existe;Incompleta;Seca;Mal conservada;Não existe;Não há placas;;2019
15/05/2019;09:10:00;COM VÍTIMA;ARRUDA;RUA SAO BENTO;CIDADE;CHOQUE VEÍCULO PARADO;2;;;;;;;;1;;Chuvoso;Não existe;Perfeito estado;Molhada;Perfeito estado;Não existe;R-6a;;2019
15/05/2019;09:40:00;SEM VÍTIMA;BOA VISTA;RUA JOAO FERNANDES VIEIRA;SUBURBIO;ABALROAMENTO LONGITUDINAL;1;;;;1;;;;0;;Bom;Não existe;Ilegível;Seca;Mal iluminada;Não existe;Não há placas;;2019
15/05/2019;09:55:00;SEM VÍTIMA;BOA VIAGEM;AV FERNANDO SIMOES BARBOSA;SUBURBIO;COLISÃO TRASEIRA;2;;;;;;;;0;;Bom;Sem defeito;Perfeito estado;Seca;Perfeito estado;Faixa de pedestre;Outras;;2019
15/05/2019;11:28:00;SEM VÍTIMA;SANTO ANTÔNIO;PRC DA REPUBLICA;CIDADE;ABALROAMENTO LONGITUDINAL;1;;;;;1;;;0;;Bom;Sem defeito;Perfeito estado;Seca;Perfeito estado;Faixa de pedestre;Outras;;2019
15/05/2019;11:44:00;COM VÍTIMA;BOA VISTA;AV JOAO DE BARROS;CIDADE;COLISÃO TRASEIRA;1;1;;;;;;;1;;Bom;Não existe;Perfeito estado;Seca;Perfeito estado;Faixa de pedestre;R-6a;;2019
15/05/2019;12:21:00;SEM VÍTIMA;BOA VISTA;RUA DOM BOSCO;SUBURBIO;COLISÃO TRASEIRA;2;;;;;;;;0;;Bom;Sem defeito;Perfeito estado;Seca;Perfeito estado;Faixa de pedestre;Não há placas;;2019
15/05/2019;12:28:00;COM VÍTIMA;SANTO AMARO;RUA AURORA;SUBURBIO;ABALROAMENTO LONGITUDINAL;1;1;;;;;;;1;;Bom;Não existe;Perfeito estado;Seca;Perfeito estado;;;;2019
15/05/2019;13:31:00;COM VÍTIMA;GRAÇAS;RUA GUILHERME PINTO;CIDADE;CHOQUE VEÍCULO PARADO;1;1;;;;;;;1;;Bom;Sem defeito;Perfeito estado;Seca;Perfeito estado;Agente;Outras;;2019
15/05/2019;13:46:00;SEM VÍTIMA;IMBIRIBEIRA;RUA ITACARI;SUBURBIO;ABALROAMENTO LONGITUDINAL;1;;;;1;;;;0;;Bom;Não existe;Não existente;Seca;Perfeito estado;Não existe;Não há placas;;2019
15/05/2019;14:27:00;SEM VÍTIMA;TAMARINEIRA;AV NORTE;SUBURBIO;COLISÃO;2;;;;;;;;0;;;;;;;;;;2019
15/05/2019;15:14:00;COM VÍTIMA;BOA VISTA;RUA DO RIACHUELO;SUBURBIO;ABALROAMENTO LONGITUDINAL;1;1;;;;;;;1;;Bom;Não existe;Perfeito estado;Seca;Perfeito estado;Faixa de pedestre;;;2019
15/05/2019;15:22:00;SEM VÍTIMA;MADALENA;RUA JOSE OSORIO;SUBURBIO;ABALROAMENTO LONGITUDINAL;3;;;;;;;;0;;Bom;Não existe;Perfeito estado;Seca;Perfeito estado;Não existe;R-6a;;2019