data;hora;natureza_acidente;bairro;endereco;sentido_via;tipo;auto;moto;ciclista;pedestre;onibus;caminhao;viatura;outros;vitimas;vitimasfatais;tempo_clima;situacao_semaforo;sinalizacao;condicao_via;conservacao_via;ponto_controle;situacao_placa;velocidade_max_via;ano
15/05/2019;15:29:00;COM VÍTIMA;BOA VIAGEM;AV ENGENHEIRO DOMINGOS FERREIRA;;COLISÃO COM CICLISTA;1;;1;;;;;;1;;;;;;;;;;2019
15/05/2019;15:51:00;COM VÍTIMA;ARRUDA;RUA PROFESSOR JERONIMO GUEIROS;SUBURBIO;ABALROAMENTO LONGITUDINAL;1;1;;;;;;;1;;Bom;Não existe;Perfeito estado;Seca;Perfeito estado;Não existe;Não há placas;;2019
15/05/2019;15:54:00;SEM VÍTIMA;CASA FORTE;AV DEZESSETE DE AGOSTO;SUBURBIO;COLISÃO TRASEIRA;3;;;;;;;;0;;Bom;Sem defeito;Perfeito estado;Seca;Perfeito estado;Faixa de pedestre;R-6a;;2019
15/05/2019;16:18:00;SEM VÍTIMA;IPSEP;RUA SAO NICOLAU;SUBURBIO;ABALROAMENTO LONGITUDINAL;1;;;;;1;;;0;;Bom;Sem defeito;Perfeito estado;Seca;Perfeito estado;;R-6a;;2019
15/05/2019;17:12:00;SEM VÍTIMA;ARRUDA;RUA BOLIVAR;;COLISÃO TRASEIRA;2;;;;;;;;0;;Bom;Não existe;Não existente;Seca;Perfeito estado;Não existe;Não há placas;;2019
15/05/2019;17:34:00;COM VÍTIMA;AFOGADOS;RUA MOTOCOLOMBO;SUBURBIO;ATROPELAMENTO;;;;1;1;;;;1;;Bom;Não existe;Perfeito estado;Seca;Perfeito estado;Não existe;Não há placas;;2019
15/05/2019;17:47:00;SEM VÍTIMA;BOA VISTA;AV CONDE DA BOA VISTA;;COLISÃO;1;1;;;;;;;0;;;;;;;;;;2019
15/05/2019;18:17:00;SEM VÍTIMA;IMBIRIBEIRA;RUA ARQUITETO LUIZ NUNES;;COLISÃO;1;1;;;;;;;0;;;;;;;;;;2019
15/05/2019;18:18:00;SEM VÍTIMA;ALTO JOSÉ DO PINHO;RUA SEVERINO BERNARDINO PEREIRA;;ABALROAMENTO LONGITUDINAL;1;;;;;1;;;0;;Bom;Não existe;Incompleta;Seca;Perfeito estado;Não existe;Outras;;2019
15/05/2019;18:39:00;SEM VÍTIMA;PINA;PTE GOVERNADOR PAULO GUERRA;;ENGAVETAMENTO;3;;;;;;;;0;;;;;;;;;;2019
15/05/2019;18:58:00;SEM VÍTIMA;ALTO JOSÉ DO PINHO;RUA MONTE HOREB;SUBURBIO;ABALROAMENTO LONGITUDINAL;2;;;;;;;;0;;Bom;Não existe;Perfeito estado;Seca;Perfeito estado;;R-6c;30 km/h;2019
15/05/2019;19:22:00;COM VÍTIMA;SANTO AMARO;AV PREFEITO ARTUR LIMA CAVALCANTI;SUBURBIO;ATROPELAMENTO;;1;;1;;;;;1;;Bom;Não existe;Incompleta;Seca;Perfeito estado;Não existe;Não há placas;;2019
15/05/2019;22:06:00;COM VÍTIMA;BEBERIBE;AV BEBERIBE;SUBURBIO;ABALROAMENTO TRANSVERSAL;;;;;1;1;;;4;;Bom;Não existe;Perfeito estado;Seca;Perfeito estado;Não existe;Outras;;2019
16/05/2019;06:41:00;SEM VÍTIMA;IBURA;RUA RIO BRIGIDA;SUBURBIO;ABALROAMENTO LONGITUDINAL;2;;;;;;;;0;;Bom;Não existe;Ilegível;Seca;Mal conservada;;Não há placas;;2019
16/05/2019;07:06:00;COM VÍTIMA;ESPINHEIRO;RUA QUARENTA E OITO;CIDADE;CHOQUE VEÍCULO PARADO;1;1;;;;;;;1;;Bom;Sem defeito;Perfeito estado;Seca;Perfeito estado;Faixa de pedestre;R-4a;;2019
16/05/2019;07:13:00;SEM VÍTIMA;ESPINHEIRO;RUA CONS PORTELA;CIDADE;ABALROAMENTO LONGITUDINAL;1;;;;1;;;;0;;Bom;Não existe;Perfeito estado;Seca;Perfeito estado;Não existe;Outras;;2019
16/05/2019;07:28:00;SEM VÍTIMA;MADALENA;AV VISCONDE DE ALBUQUERQUE;SUBURBIO;ABALROAMENTO TRANSVERSAL;2;;;;;;;;0;;Bom;Não existe;Perfeito estado;Seca;Perfeito estado;Outros;Outras;60 km/h;2019
16/05/2019;08:17:00;SEM VÍTIMA;ÁGUA FRIA;RUA DA REGENERACAO;SUBURBIO;ABALROAMENTO LONGITUDINAL;2;;;;;;;;0;;Bom;Não existe;Perfeito estado;Seca;Perfeito estado;Não existe;Não há placas;;2019
16/05/2019;08:34:00;SEM VÍTIMA;IPUTINGA;EST DO BARBALHO;SUBURBIO;ABALROAMENTO TRANSVERSAL;1;1;;;;;;;0;;Bom;Não existe;Não existente;Seca;Perfeito estado;Não existe;Não há placas;40 km/h;2019
16/05/2019;08:38:00;SEM VÍTIMA;BOA VIAGEM;AV BOA VIAGEM;CIDADE;ABALROAMENTO LONGITUDINAL;1;;;;1;;;;0;;Bom;Sem defeito;Perfeito estado;Seca;Perfeito estado;Outros;Outras;;2019
16/05/2019;09:25:00;SEM VÍTIMA;ARRUDA;RUA JOSE AUSTREGESILO;;ABALROAMENTO LONGITUDINAL;3;;;;;;;;0;;Bom;Não existe;Perfeito estado;Seca;Perfeito estado;Não existe;Não há placas;30 km/h;2019
16/05/2019;09:40:00;SEM VÍTIMA;BOA VISTA;RUA GERVASIO PIRES;SUBURBIO;ABALROAMENTO LONGITUDINAL;2;;;;;;;;0;;Bom;Sem defeito;Perfeito estado;Seca;Perfeito estado;Agente;Não há placas;;2019
16/05/2019;09:49:00;SEM VÍTIMA;ROSARINHO;AV NORTE;CIDADE;COLISÃO TRASEIRA;3;;;;;;;;0;;Bom;Sem defeito;Incompleta;Seca;;Não existe;Outras;;2019
16/05/2019;09:56:00;SEM VÍTIMA;SANTO AMARO;RUA PALMARES;CIDADE;COLISÃO TRASEIRA;1;1;;;;;;;0;;Bom;Sem defeito;Perfeito estado;Seca;Perfeito estado;Não existe;Não há placas;;2019
16/05/2019;10:02:00;SEM VÍTIMA;BOA VISTA;RUA PRINCESA IZABEL;CIDADE;COLISÃO TRASEIRA;2;1;;;;;;;0;;Bom;Sem defeito;Perfeito estado;Seca;Perfeito estado;Faixa de pedestre;Outras;;2019
16/05/2019;10:29:00;SEM VÍTIMA;AFOGADOS;RUA FRANCISCO SILVEIRA;CIDADE;ABALROAMENTO LONGITUDINAL;2;;;;;;;;0;;Bom;Não existe;Não existente;Seca;Perfeito estado;Não existe;Não há placas;;2019
16/05/2019;11:00:00;SEM VÍTIMA;GRAÇAS;AV SANTOS DUMONT;CIDADE;ABALROAMENTO LONGITUDINAL;1;;;;;;1;;0;;Bom;Não existe;Perfeito estado;Seca;Perfeito estado;Não existe;R-6a;;2019
16/05/2019;11:13:00;SEM VÍTIMA;JARDIM SÃO PAULO;RUA LEOBINA PEREIRA;;COLISÃO;2;;;;;;;;0;;;;;;;;;;2019
16/05/2019;11:42:00;SEM VÍTIMA;CIDADE UNIVERSITÁRIA;AV PROFESSOR ARTUR DE SA;SUBURBIO;ABALROAMENTO TRANSVERSAL;2;;;;;;;;0;;Bom;Não existe;Perfeito estado;Seca;Perfeito estado;Não existe;;;2019
16/05/2019;12:29:00;SEM VÍTIMA;PINA;RUA MANOEL DE BRITO;;COLISÃO TRASEIRA;2;;;;;;;;0;;Bom;Sem defeito;Perfeito estado;Seca;Perfeito estado;Faixa de pedestre;Não há placas;60 km/h;2019
16/05/2019;13:36:00;SEM VÍTIMA;BOA VISTA;RUA DA UNIAO;SUBURBIO;COLISÃO TRASEIRA;2;;;;;;;;0;;Bom;Não existe;Perfeito estado;Seca;Perfeito estado;Não existe;Não há placas;40 km/h;2019
16/05/2019;13:42:00;SEM VÍTIMA;IPUTINGA;AV MAURICIO DE NASSAU;CIDADE;COLISÃO TRASEIRA;2;;;;;;;;0;;Bom;Não existe;Perfeito estado;Seca;Perfeito estado;Não existe;Não há placas;;2019
16/05/2019;14:00:00;SEM VÍTIMA;MADALENA;RUA LOPES DE CARVALHO;SUBURBIO;ABALROAMENTO TRANSVERSAL;2;;;;;;;;0;;Bom;Não existe;Perfeito estado;Seca;Perfeito estado;Não existe;Placas Pare;;2019
16/05/2019;14:43:00;SEM VÍTIMA;CAXANGÁ;AV CAXANGA;;COLISÃO;1;;1;;;;;;0;;;;;;;;;;2019
16/05/2019;16:07:00;SEM VÍTIMA;TAMARINEIRA;AV CONS ROSA E SILVA;SUBURBIO;ABALROAMENTO LONGITUDINAL;2;;;;;;;;0;;Bom;Não existe;Perfeito estado;Seca;Perfeito estado;Não existe;Outras;;2019
16/05/2019;16:16:00;SEM VÍTIMA;SANTO ANTÔNIO;RUA SIQUEIRA CAMPOS;SUBURBIO;ABALROAMENTO LONGITUDINAL;1;;;;1;;;;0;;Bom;Não existe;Perfeito estado;Seca;Perfeito estado;Não existe;Outras;40 km/h;2019
16/05/2019;16:30:00;SEM VÍTIMA;BEBERIBE;AV BEBERIBE;CIDADE;ABALROAMENTO LONGITUDINAL;1;;;;1;;;;0;;Bom;Sem defeito;Incompleta;Seca;Mal conservada;Faixa de pedestre;Outras;;2019
16/05/2019;17:30:00;SEM VÍTIMA;JORDÃO;AV CENTENARIO ALBERTO SANTOS DUMONT;SUBURBIO;COLISÃO TRASEIRA;2;;;;;;;;0;;Bom;Não existe;Perfeito estado;Molhada;Mal conservada;Não existe;Não há placas;;2019
16/05/2019;17:41:00;SEM VÍTIMA;ALTO SANTA TERESINHA;AV ANIBAL BENEVOLO;SUBURBIO;ABALROAMENTO LONGITUDINAL;1;1;;;;;;;0;;Bom;;;;;Não existe;Não há placas;;2019
16/05/2019;18:08:00;SEM VÍTIMA;MADALENA;AV VISCONDE DE ALBUQUERQUE;SUBURBIO;ABALROAMENTO LONGITUDINAL;2;;;;;;;;0;;Bom;Sem defeito;Perfeito estado;Seca;Perfeito estado;Faixa de pedestre;Não há placas;;2019
16/05/2019;18:14:00;SEM VÍTIMA;MADALENA;AV VISCONDE DE ALBUQUERQUE;;COLISÃO;2;;;;;;;;0;;;;;;;;;;2019
16/05/2019;19:09:00;COM VÍTIMA;PAISSANDU;AV GOVERNADOR AGAMENON MAGALHAES;;COLISÃO;1;1;;;;;;;1;;;;;;;;;;2019
16/05/2019;20:36:00;SEM VÍTIMA;CAMPO GRANDE;AV GOVERNADOR AGAMENON MAGALHAES;SUBURBIO;ABALROAMENTO TRANSVERSAL;2;;;;;;;;0;;Bom;Sem defeito;Perfeito estado;Seca;Perfeito estado;;;;2019
16/05/2019;21:35:00;SEM VÍTIMA;SANTO AMARO;RUA ROCHA PITA;CIDADE;CHOQUE OBJETO FIXO;;;;;;1;;1;0;;Bom;Não existe;Perfeito estado;Seca;Perfeito estado;Não existe;Não há placas;30 km/h;2019
16/05/2019;21:55:00;SEM VÍTIMA;IMBIRIBEIRA;RUA CORONEL FABRICIANO;;COLISÃO;1;;;;;1;;;0;;;;;;;;;;2019
17/05/2019;06:19:00;SEM VÍTIMA;CORDEIRO;AV GENERAL SAN MARTIN;;COLISÃO;;;;;1;1;;;0;;;;;;;;;;2019
17/05/2019;06:28:00;COM VÍTIMA;DOIS UNIDOS;AV HILDEBRANDO DE VASCONCELOS;SUBURBIO;COLISÃO FRONTAL;1;1;;;;;;;2;;Bom;Não existe;;Seca;;Não existe;R-6a;;2019
17/05/2019;06:33:00;SEM VÍTIMA;ESTÂNCIA;RUA HAVAI;SUBURBIO;COLISÃO TRASEIRA;2;;;;;;;;0;;Bom;Não existe;Incompleta;Seca;Perfeito estado;Não existe;Não há placas;;2019
17/05/2019;06:49:00;SEM VÍTIMA;AFLITOS;AV CONS ROSA E SILVA;SUBURBIO;ABALROAMENTO LONGITUDINAL;2;;;;;;;;0;;Bom;Não existe;Perfeito estado;Seca;Perfeito estado;Não existe;Não há placas;60 km/h;2019
17/05/2019;07:17:00;SEM VÍTIMA;TEJIPIÓ;AV DR JOSE RUFINO;SUBURBIO;ABALROAMENTO TRANSVERSAL;2;;;;;;;;0;;Bom;Não existe;Incompleta;Seca;Perfeito estado;Não existe;Não há placas;;2019
17/05/2019;07:21:00;SEM VÍTIMA;FUNDÃO;AV BEBERIBE;CIDADE;COLISÃO TRASEIRA;2;;;;;;;;0;;Bom;Sem defeito;Perfeito estado;Seca;Perfeito estado;;Outras;;2019
17/05/2019;07:38:00;SEM VÍTIMA;CAXANGÁ;AV CAXANGA;CIDADE;ABALROAMENTO LONGITUDINAL;1;;;;1;;;;0;;Bom;Não existe;Perfeito estado;Seca;Perfeito estado;Não existe;Outras;;2019
17/05/2019;11:20:00;COM VÍTIMA;DERBY;AV GOVERNADOR AGAMENON MAGALHAES;;ABALROAMENTO LONGITUDINAL;1;1;;;;;;;1;;Bom;Sem defeito;Perfeito estado;Seca;Perfeito estado;Agente;R-19;60 km/h;2019
17/05/2019;07:46:00;SEM VÍTIMA;JAQUEIRA;RUA PADRE ROMA;SUBURBIO;COLISÃO TRASEIRA;3;;;;;;;;0;;Bom;Não existe;Perfeito estado;Seca;Perfeito estado;Não existe;Outras;40 km/h;2019
17/05/2019;07:48:00;COM VÍTIMA;SANTO AMARO;VDO ENG ROBERTO PEREIRA DE CARVALHO;SUBURBIO;CHOQUE VEÍCULO PARADO;1;1;;;;;;;1;;Bom;Não existe;Perfeito estado;Seca;Perfeito estado;Não existe;Não há placas;;2019
17/05/2019;07:56:00;SEM VÍTIMA;APIPUCOS;RUA DE APIPUCOS;CIDADE;COLISÃO TRASEIRA;3;;;;;;;;0;;Bom;Não existe;Perfeito estado;Seca;Perfeito estado;Não existe;Outras;;2019
17/05/2019;08:31:00;SEM VÍTIMA;ESPINHEIRO;RUA ALFREDO DE CARVALHO;;COLISÃO TRASEIRA;2;;;;;;;;0;;Bom;Não existe;;Seca;Perfeito estado;Não existe;Outras;;2019
17/05/2019;08:49:00;SEM VÍTIMA;ENCRUZILHADA;RUA ANDRE REBOUCAS;;ABALROAMENTO LONGITUDINAL;1;;;;;1;;;0;;Bom;Não existe;Perfeito estado;Seca;Perfeito estado;Não existe;Placas Pare;;2019
17/05/2019;09:10:00;SEM VÍTIMA;AFLITOS;AV CONS ROSA E SILVA;SUBURBIO;COLISÃO TRASEIRA;2;;;;;;;;0;;Bom;Não existe;Perfeito estado;Seca;Perfeito estado;Não existe;R-6a;;2019
17/05/2019;09:22:00;COM VÍTIMA;DERBY;PRC DO DERBY;CIDADE;ABALROAMENTO TRANSVERSAL;1;1;;;;;;;1;;Bom;Sem defeito;Perfeito estado;Seca;Perfeito estado;Faixa de pedestre;Outras;40 km/h;2019
17/05/2019;09:50:00;SEM VÍTIMA;BOA VIAGEM;RUA SETUBAL;CIDADE;ABALROAMENTO LONGITUDINAL;2;;;;;;;;0;;Bom;Não existe;Perfeito estado;Seca;Perfeito estado;Outros;Outras;;2019
17/05/2019;10:03:00;COM VÍTIMA;MACAXEIRA;AV NORTE;SUBURBIO;ABALROAMENTO LONGITUDINAL;1;1;;;;;;;1;;Bom;Não existe;Não existente;Seca;Perfeito estado;Não existe;Não há placas;;2019
17/05/2019;11:04:00;SEM VÍTIMA;IMBIRIBEIRA;AV MARECHAL MASCARENHAS DE MORAES;CIDADE;COLISÃO TRASEIRA;2;;;;1;;;;0;;Bom;Não existe;Não existente;Seca;Perfeito estado;Não existe;Não há placas;60 km/h;2019
17/05/2019;11:35:00;SEM VÍTIMA;BOA VIAGEM;RUA CORONEL BENEDITO CHAVES;;COLISÃO;2;;;;;;;;0;;;;;;;;;;2019
17/05/2019;12:04:00;COM VÍTIMA;PINA;RUA MANOEL DE BRITO;CIDADE;COLISÃO TRASEIRA;1;1;;;;;;;1;;Bom;Sem defeito;Perfeito estado;Seca;Perfeito estado;;Outras;;2019
17/05/2019;13:16:00;SEM VÍTIMA;CIDADE UNIVERSITÁRIA;;;COLISÃO;1;;;;1;;;;0;;;;;;;;;;2019
17/05/2019;13:24:00;COM VÍTIMA;MADALENA;RUA REAL DA TORRE;SUBURBIO;ABALROAMENTO TRANSVERSAL;1;1;;;;;;;1;;Bom;Não existe;Perfeito estado;Seca;Perfeito estado;Não existe;Não há placas;;2019
17/05/2019;13:33:00;SEM VÍTIMA;IMBIRIBEIRA;AV MARECHAL MASCARENHAS DE MORAES;SUBURBIO;COLISÃO TRASEIRA;2;;;;;;;;0;;Bom;Sem defeito;Perfeito estado;Seca;Perfeito estado;Faixa de pedestre;Outras;60 km/h;2019
17/05/2019;14:11:00;SEM VÍTIMA;SANTO AMARO;RUA ALVARES DE AZEVEDO;CIDADE;ABALROAMENTO LONGITUDINAL;2;;;;;;;;0;;Bom;Sem defeito;Perfeito estado;Seca;Perfeito estado;Faixa de pedestre;Não há placas;40 km/h;2019
17/05/2019;14:11:00;SEM VÍTIMA;PRADO;RUA PADRE TEOFILO TWORZ;;COLISÃO;2;;;;;;;;0;;;;;;;;;;2019
17/05/2019;14:33:00;SEM VÍTIMA;SANTO AMARO;RUA DOS PALMARES;CIDADE;CHOQUE VEÍCULO PARADO;2;;;;;;;;0;;Bom;Sem defeito;Perfeito estado;Seca;Perfeito estado;Faixa de pedestre;Outras;40 km/h;2019
17/05/2019;14:52:00;SEM VÍTIMA;SANTO AMARO;RUA TREZE DE MAIO;CIDADE;ABALROAMENTO TRANSVERSAL;2;;;;;;;;0;;Bom;Não existe;Perfeito estado;Seca;Perfeito estado;Não existe;Outras;;2019
17/05/2019;15:30:00;SEM VÍTIMA;ESTÂNCIA;AV DR JOSE RUFINO;;COLISÃO;1;;;;;1;;;0;;;;;;;;;;2019
17/05/2019;15:37:00;COM VÍTIMA;SANTO ANTÔNIO;PRC SERGIO LORETO;SUBURBIO;ABALROAMENTO LONGITUDINAL;;1;;;;;;1;1;;Bom;Não existe;Perfeito estado;Seca;Perfeito estado;Não existe;Outras;60 km/h;2019
17/05/2019;16:24:00;COM VÍTIMA;PRADO;RUA AUSTRO COSTA;SUBURBIO;COLISÃO FRONTAL;1;1;;;;;;;1;;Bom;Não existe;Não existente;Seca;Perfeito estado;Não existe;Não há placas;;2019
17/05/2019;17:44:00;SEM VÍTIMA;AREIAS;AV DR JOSE RUFINO;CIDADE;ABALROAMENTO LONGITUDINAL;1;1;;;;;;;0;;Bom;Sem defeito;Perfeito estado;Seca;;Não existe;Não há placas;60 km/h;2019
17/05/2019;18:19:00;COM VÍTIMA;BOA VIAGEM;RUA VISCONDE DE JEQUITINHONHA;SUBURBIO;ABALROAMENTO LONGITUDINAL;1;1;;;;;;;1;;Bom;Sem defeito;Perfeito estado;Seca;Perfeito estado;Faixa de pedestre;R-19;60 km/h;2019
17/05/2019;18:51:00;SEM VÍTIMA;COELHOS;RUA DR JOSE MARIANO;CIDADE;COLISÃO TRASEIRA;2;;;;;;;;0;;Bom;Não existe;Perfeito estado;Seca;Perfeito estado;Outros;Outras;;2019
17/05/2019;19:04:00;SEM VÍTIMA;MACAXEIRA;AV NORTE;SUBURBIO;ABALROAMENTO LONGITUDINAL;1;;;;1;;;;0;;Bom;Não existe;Perfeito estado;Seca;Perfeito estado;Não existe;Não há placas;;2019
17/05/2019;19:41:00;SEM VÍTIMA;MADALENA;AV BEIRA RIO;;COLISÃO;2;;;;;;;;0;;;;;;;;;;2019
17/05/2019;21:18:00;SEM VÍTIMA;SANTO AMARO;AV NORTE;CIDADE;COLISÃO TRASEIRA;1;1;;;;;;;0;;Bom;Sem defeito;Perfeito estado;Seca;Perfeito estado;Faixa de pedestre;Não há placas;;2019
17/05/2019;22:27:00;COM VÍTIMA;MADALENA;RUA JOAO IVO DA SILVA;SUBURBIO;ABALROAMENTO LONGITUDINAL;1;1;;;;;;;1;;Bom;Não existe;Perfeito estado;Seca;Perfeito estado;Não existe;R-6a;;2019
18/05/2019;00:10:00;COM VÍTIMA;BOA VIAGEM;RUA VISCONDE DE JEQUITINHONHA;SUBURBIO;ABALROAMENTO TRANSVERSAL;2;;;;;;;;1;;Bom;Sem defeito;Perfeito estado;Seca;Perfeito estado;Faixa de pedestre;R-6a;60 km/h;2019
18/05/2019;00:20:00;COM VÍTIMA;TEJIPIÓ;AV DR JOSE RUFINO;SUBURBIO;ABALROAMENTO LONGITUDINAL;1;1;;;;;;;1;;Bom;Não existe;Perfeito estado;Seca;Perfeito estado;Não existe;Não há placas;60 km/h;2019
18/05/2019;00:27:00;SEM VÍTIMA;BOA VIAGEM;AV DES JOSE NEVES;SUBURBIO;ABALROAMENTO LONGITUDINAL;2;;;;;;;;0;;Bom;Não existe;Perfeito estado;Seca;Perfeito estado;Não existe;Não há placas;;2019
18/05/2019;03:34:00;SEM VÍTIMA;PAISSANDU;AV GOVERNADOR AGAMENON MAGALHAES;CIDADE;ABALROAMENTO LONGITUDINAL;3;;;;;;;;0;;Bom;Sem defeito;Perfeito estado;Seca;Perfeito estado;Faixa de pedestre;Outras;;2019
18/05/2019;04:29:00;SEM VÍTIMA;DERBY;AV GOVERNADOR AGAMENON MAGALHAES;SUBURBIO;COLISÃO TRASEIRA;2;;;;;;;;0;;Bom;Sem defeito;Perfeito estado;Seca;Perfeito estado;Faixa de pedestre;Placas Pare;;2019
18/05/2019;07:43:00;SEM VÍTIMA;CASA AMARELA;RUA FERREIRA LOPES;;ABALROAMENTO LONGITUDINAL;2;;;;;;;;0;;Bom;Não existe;Perfeito estado;Seca;Perfeito estado;Não existe;R-6a;;2019
18/05/2019;08:53:00;SEM VÍTIMA;CASA AMARELA;RUA JOANA D'ARC;SUBURBIO;CHOQUE VEÍCULO PARADO;1;;;;;1;;;0;;Bom;Não existe;Não existente;Seca;Perfeito estado;Não existe;Não há placas;;2019
18/05/2019;09:52:00;COM VÍTIMA;ESPINHEIRO;RUA DO ESPINHEIRO;SUBURBIO;ABALROAMENTO LONGITUDINAL;1;1;;;;;;;1;;Bom;Sem defeito;Perfeito estado;Seca;Perfeito estado;Faixa de pedestre;R-6a;;2019
18/05/2019;10:51:00;SEM VÍTIMA;PINA;PTE GOVERNADOR PAULO GUERRA;PINA;COLISÃO;2;;;;;;;;0;;;;;;;;;;2019
18/05/2019;11:43:00;SEM VÍTIMA;BOA VIAGEM;AV BOA VIAGEM;SUBURBIO;ABALROAMENTO LONGITUDINAL;1;;;;;1;;;0;;Bom;Não existe;Perfeito estado;Seca;Perfeito estado;Outros;Outras;;2019
18/05/2019;11:46:00;COM VÍTIMA;CURADO;AV LIBERDADE;;ABALROAMENTO LONGITUDINAL;1;1;;;;;;;1;;Bom;Não existe;Incompleta;Seca;;Não existe;Não há placas;;2019
18/05/2019;12:15:00;COM VÍTIMA;CAMPO GRANDE;EST DE BELEM;CIDADE;ABALROAMENTO LONGITUDINAL;1;1;;;;;;;1;;Bom;;Perfeito estado;Seca;Perfeito estado;Não existe;R-6a;;2019
18/05/2019;12:26:00;SEM VÍTIMA;AFOGADOS;RUA SAO MIGUEL;;COLISÃO;1;;;;1;;;;0;;;;;;;;;;2019
18/05/2019;12:27:00;SEM VÍTIMA;IBURA;AV DOIS RIOS;SUBURBIO;COLISÃO TRASEIRA;2;;;;;;;;0;;Bom;Sem defeito;Perfeito estado;Seca;Perfeito estado;Faixa de pedestre;Outras;60 km/h;2019
18/05/2019;12:57:00;SEM VÍTIMA;TEJIPIÓ;AV LIBERDADE;CIDADE;COLISÃO TRASEIRA;2;;;;;;;;0;;Bom;Sem defeito;Perfeito estado;Seca;Perfeito estado;Faixa de pedestre;;;2019
18/05/2019;13:20:00;SEM VÍTIMA;VÁRZEA;AV CAXANGA;CIDADE;COLISÃO TRASEIRA;2;;;;;;;;0;;Bom;Sem defeito;Perfeito estado;Seca;Perfeito estado;;Outras;;2019
18/05/2019;13:27:00;SEM VÍTIMA;SAN MARTIN;RUA JOSE VELOSO;CIDADE;ABALROAMENTO TRANSVERSAL;2;;;;;;;;0;;Bom;Não existe;Não existente;Seca;Perfeito estado;Não existe;Não há placas;;2019
18/05/2019;13:36:00;COM VÍTIMA;CASA AMARELA;RUA BELA VISTA;SUBURBIO;ABALROAMENTO TRANSVERSAL;1;1;;;;;;;1;;Bom;Não existe;Incompleta;Seca;Perfeito estado;Não existe;Outras;;2019
18/05/2019;14:58:00;SEM VÍTIMA;ENCRUZILHADA;AV BEBERIBE;SUBURBIO;COLISÃO TRASEIRA;1;;;;1;;;;0;;Bom;Sem defeito;Perfeito estado;Seca;Perfeito estado;Faixa de pedestre;Outras;;2019
18/05/2019;15:01:00;SEM VÍTIMA;TEJIPIÓ;RUA GENERAL MANUEL RABELO;SUBURBIO;ABALROAMENTO TRANSVERSAL;2;;;;;;;;0;;Bom;Não existe;Perfeito estado;Seca;Perfeito estado;Não existe;Não há placas;;2019
18/05/2019;15:51:00;SEM VÍTIMA;JORDÃO;AV MARECHAL MASCARENHAS DE MORAES;SUBURBIO;COLISÃO TRASEIRA;2;;;;;;;;0;;Bom;Não existe;Perfeito estado;Seca;Perfeito estado;Outros;Outras;60 km/h;2019
18/05/2019;15:57:00;SEM VÍTIMA;JARDIM SÃO PAULO;RUA LORENA;;ABALROAMENTO LONGITUDINAL;2;;;;;;;;0;;Bom;Não existe;Não existente;Seca;Mal conservada;Não existe;Não há placas;;2019
18/05/2019;16:06:00;SEM VÍTIMA;TEJIPIÓ;AV DR JOSE RUFINO;SUBURBIO;COLISÃO TRASEIRA;1;;;;;1;;;0;;Bom;;Perfeito estado;Seca;Perfeito estado;;R-19;50 km/h;2019
18/05/2019;16:18:00;SEM VÍTIMA;CORDEIRO;RUA ANTONIO VALDEVINO COSTA;SUBURBIO;CHOQUE VEÍCULO PARADO;2;;;;;;;;0;;Bom;Não existe;Perfeito estado;Seca;Perfeito estado;Faixa de pedestre;Outras;;2019
18/05/2019;16:47:00;SEM VÍTIMA;IMBIRIBEIRA;RUA JUVINA FRANCISCA DE OLIVEIRA;SUBURBIO;COLISÃO TRASEIRA;2;;;;;;;;0;;Bom;Não existe;Perfeito estado;Seca;Perfeito estado;Não existe;Placas Pare;30 km/h;2019
18/05/2019;16:52:00;SEM VÍTIMA;ESTÂNCIA;AV RECIFE;CIDADE;COLISÃO TRASEIRA;1;;;;;;;1;0;;Bom;Sem defeito;Perfeito estado;Seca;Perfeito estado;Faixa de pedestre;;;2019
18/05/2019;17:07:00;SEM VÍTIMA;IBURA;AV JORNALISTA COSTA PORTO;SUBURBIO;COLISÃO TRASEIRA;2;;;;;;;;0;;Bom;Não existe;Perfeito estado;Seca;;Outros;Outras;;2019
18/05/2019;17:45:00;SEM VÍTIMA;TORREÃO;AV GOVERNADOR AGAMENON MAGALHAES;CIDADE;COLISÃO TRASEIRA;2;;;;;;;;0;;Bom;Sem defeito;Perfeito estado;Seca;Perfeito estado;Faixa de pedestre;;60 km/h;2019
18/05/2019;18:23:00;SEM VÍTIMA;MADALENA;AV CAXANGA;CIDADE;ABALROAMENTO LONGITUDINAL;1;1;;;;;;;0;;Bom;Sem defeito;Perfeito estado;Seca;Perfeito estado;;;;2019
18/05/2019;18:31:00;SEM VÍTIMA;CORDEIRO;AV ENGENHEIRO ABDIAS DE CARVALHO;SUBURBIO;COLISÃO;1;1;;;;;;;0;;;;;;;;;;2019
18/05/2019;19:15:00;SEM VÍTIMA;SANTO AMARO;AV NORTE;;COLISÃO;2;;;;;;;;0;;;;;;;;;;2019
18/05/2019;20:13:00;COM VÍTIMA;CORDEIRO;RUA AMBROSIO MACHADO;CIDADE;ABALROAMENTO LONGITUDINAL;1;1;;;;;;;1;;Bom;Não existe;Perfeito estado;Seca;Perfeito estado;Não existe;Não há placas;;2019