data;hora;natureza_acidente;bairro;endereco;sentido_via;tipo;auto;moto;ciclista;pedestre;onibus;caminhao;viatura;outros;vitimas;vitimasfatais;tempo_clima;situacao_semaforo;sinalizacao;condicao_via;conservacao_via;ponto_controle;situacao_placa;velocidade_max_via;ano
18/05/2019;22:57:00;SEM VÍTIMA;IPSEP;AV RECIFE;;CHOQUE OBJETO FIXO;1;;;;;;;;0;;;;;;;;;;2019
18/05/2019;23:52:00;COM VÍTIMA;BAIRRO DO RECIFE;AV MILITAR;SUBURBIO;CHOQUE OBJETO FIXO;;1;;;;;;;1;;Bom;Não existe;Perfeito estado;Seca;Perfeito estado;Não existe;R-6a;;2019
19/05/2019;05:16:00;SEM VÍTIMA;BOA VIAGEM;AV BOA VIAGEM;CIDADE;COLISÃO TRASEIRA;3;;;;;;;;0;;Bom;Sem defeito;Perfeito estado;Seca;Perfeito estado;;;;2019
19/05/2019;07:12:00;SEM VÍTIMA;VÁRZEA;AV AFONSO OLINDENSE;CIDADE;CHOQUE VEÍCULO PARADO;1;1;;;;;;;0;;Chuvoso;;;Molhada;Perfeito estado;;Não há placas;;2019
19/05/2019;08:19:00;SEM VÍTIMA;PINA;RUA MANOEL DE BRITO;;COLISÃO;2;;;;;;;;0;;;;;;;;;;2019
19/05/2019;08:45:00;SEM VÍTIMA;SANTO AMARO;AV CRUZ CABUGA;;ABALROAMENTO LONGITUDINAL;2;;;;;;;;0;;Bom;Não existe;Perfeito estado;Seca;Perfeito estado;Não existe;Não há placas;;2019
19/05/2019;10:29:00;COM VÍTIMA;CASA AMARELA;EST DO ARRAIAL;SUBURBIO;ABALROAMENTO LONGITUDINAL;1;1;;;;;;;1;;Bom;Não existe;Perfeito estado;Seca;Mal conservada;Não existe;R-6a;;2019
19/05/2019;12:03:00;SEM VÍTIMA;VASCO DA GAMA;AV NORTE;CIDADE;COLISÃO TRASEIRA;1;1;;;;;;;0;;Bom;Não existe;Perfeito estado;Seca;Perfeito estado;Faixa de pedestre;R-6a;;2019
19/05/2019;12:31:00;SEM VÍTIMA;BOA VIAGEM;RUA PADRE CARAPUCEIRO;SUBURBIO;ABALROAMENTO LONGITUDINAL;1;;;;1;;;;0;;Bom;Não existe;Perfeito estado;Seca;Perfeito estado;Não existe;Não há placas;40 km/h;2019
19/05/2019;14:04:00;COM VÍTIMA;SANTO ANTÔNIO;RUA PRIMEIRO DE MARCO;CIDADE;ABALROAMENTO TRANSVERSAL;2;;;;;;;;1;;Bom;Sem defeito;Perfeito estado;Seca;Perfeito estado;;Não há placas;;2019
19/05/2019;14:09:00;COM VÍTIMA;IPSEP;RUA HELIO BRANDAO;;COLISÃO;1;1;;;;;;;1;;;;;;;;;;2019
19/05/2019;15:15:00;COM VÍTIMA;AFOGADOS;EST DOS REMEDIOS;CIDADE;COLISÃO COM CICLISTA;;;1;;1;;;;1;;Bom;Não existe;Perfeito estado;Seca;Perfeito estado;Faixa de pedestre;Outras;40 km/h;2019
19/05/2019;16:27:00;SEM VÍTIMA;ILHA DO LEITE;AV GOVERNADOR AGAMENON MAGALHAES;SUBURBIO;ABALROAMENTO LONGITUDINAL;2;;;;;;;;0;;Bom;Sem defeito;Perfeito estado;Seca;Perfeito estado;Faixa de pedestre;Outras;60 km/h;2019
19/05/2019;19:16:00;COM VÍTIMA;ROSARINHO;RUA DR JOSE MARIA;CIDADE;ABALROAMENTO TRANSVERSAL;1;1;;;;;;;1;;Bom;Sem defeito;Perfeito estado;Seca;Perfeito estado;Faixa de pedestre;R-6a;30 km/h;2019
19/05/2019;19:32:00;SEM VÍTIMA;PINA;RUA TOME GIBSON;;ABALROAMENTO TRANSVERSAL;1;1;;;;;;;0;;Bom;Não existe;Incompleta;Seca;Perfeito estado;;Placas Pare;;2019
19/05/2019;21:11:00;SEM VÍTIMA;SAN MARTIN;AV GENERAL SAN MARTIN;CIDADE;ABALROAMENTO LONGITUDINAL;1;;;;;1;;;0;;Bom;Sem defeito;Perfeito estado;Seca;Perfeito estado;;R-6a;40 km/h;2019
20/05/2019;06:44:00;SEM VÍTIMA;DOIS IRMÃOS;RUA MANUEL DE MEDEIROS;CIDADE;COLISÃO TRASEIRA;2;;;;;;;;0;;Bom;Sem defeito;Perfeito estado;Seca;Perfeito estado;;Não há placas;30 km/h;2019
20/05/2019;07:10:00;SEM VÍTIMA;IPSEP;RUA JEAN EMILE FAVRE;SUBURBIO;ABALROAMENTO TRANSVERSAL;2;;;;;;;;0;;Bom;Sem defeito;Perfeito estado;Seca;Perfeito estado;Não existe;R-6a;;2019
20/05/2019;07:14:00;SEM VÍTIMA;ESPINHEIRO;RUA CONS PORTELA;CIDA;ABALROAMENTO LONGITUDINAL;2;;;;;;;;0;;Bom;Não existe;Perfeito estado;Seca;Perfeito estado;Não existe;Outras;;2019
20/05/2019;07:16:00;SEM VÍTIMA;PAISSANDU;AV GOVERNADOR AGAMENON MAGALHAES;SUBURBIO;ABALROAMENTO LONGITUDINAL;2;;;;;;;;0;;Bom;Não existe;Perfeito estado;Seca;Perfeito estado;Não existe;Placas Pare;;2019
20/05/2019;07:48:00;SEM VÍTIMA;IPUTINGA;AV PROFESSOR JOAQUIM CAVALCANTI;;COLISÃO TRASEIRA;2;;;;;;;;0;;Bom;Não existe;Não existente;Seca;Perfeito estado;Não existe;Não há placas;60 km/h;2019
20/05/2019;08:24:00;SEM VÍTIMA;MADALENA;RUA BENFICA;;COLISÃO TRASEIRA;2;;;;;;;;0;;Bom;Sem defeito;Perfeito estado;Seca;Perfeito estado;Faixa de pedestre;R-6a;;2019
20/05/2019;08:27:00;SEM VÍTIMA;;PRC DA REPUBLICA;CIDADE;ABALROAMENTO LONGITUDINAL;1;;;;1;;;;0;;Bom;Sem defeito;Perfeito estado;Seca;Perfeito estado;Faixa de pedestre;Não há placas;;2019
20/05/2019;08:37:00;SEM VÍTIMA;IPSEP;AV RECIFE;;COLISÃO TRASEIRA;2;;;;;;;;0;;Bom;Sem defeito;Perfeito estado;Molhada;Perfeito estado;Faixa de pedestre;Não há placas;60 km/h;2019
20/05/2019;09:00:00;SEM VÍTIMA;VÁRZEA;RUA PROFESSOR CHAVES BATISTA;CIDADE;ABALROAMENTO LONGITUDINAL;2;;;;;;;;0;;Bom;Não existe;Ilegível;Seca;Perfeito estado;Não existe;Outras;;2019
20/05/2019;09:53:00;SEM VÍTIMA;AFOGADOS;RUA COSME VIANA;;ABALROAMENTO TRANSVERSAL;2;;;;;;;;0;;Bom;Sem defeito;Perfeito estado;Seca;Perfeito estado;Não existe;;40 km/h;2019
20/05/2019;10:02:00;SEM VÍTIMA;VÁRZEA;RUA PROFESSOR CHAVES BATISTA;CIDADE;ABALROAMENTO LONGITUDINAL;1;;;;1;;;;0;;Bom;Não existe;Ilegível;Seca;Perfeito estado;Não existe;Outras;;2019
20/05/2019;10:26:00;SEM VÍTIMA;ILHA DO LEITE;AV ENGENHEIRO AGAMENON DE MAGALHAES MELO;;COLISÃO TRASEIRA;2;;;;;;;;0;;Bom;Sem defeito;Perfeito estado;Seca;Perfeito estado;Faixa de pedestre;;;2019
20/05/2019;10:36:00;SEM VÍTIMA;ESPINHEIRO;RUA DO ESPINHEIRO;CIDADE;ABALROAMENTO TRANSVERSAL;2;;;;;;;;0;;Bom;Não existe;Perfeito estado;Seca;Perfeito estado;Faixa de pedestre;Placas Pare;;2019
20/05/2019;10:47:00;COM VÍTIMA;PRADO;AV ENGENHEIRO ABDIAS DE CARVALHO;CIDADE;COLISÃO TRASEIRA;1;1;;;;;;;1;;Bom;Sem defeito;Perfeito estado;Seca;Perfeito estado;Faixa de pedestre;Não há placas;;2019
20/05/2019;11:34:00;COM VÍTIMA;IPSEP;AV RECIFE;CIDADE;ABALROAMENTO LONGITUDINAL;1;1;;;;;;;1;;Bom;Não existe;Perfeito estado;Seca;Perfeito estado;Não existe;Não há placas;;2019
20/05/2019;11:38:00;SEM VÍTIMA;AFOGADOS;RUA IMPERIAL;;COLISÃO;1;;;;;1;;;0;;;;;;;;;;2019
20/05/2019;11:49:00;SEM VÍTIMA;PINA;RUA ATLANTICO;;COLISÃO;1;1;;;;;;;0;;;;;;;;;;2019
20/05/2019;12:13:00;SEM VÍTIMA;ESTÂNCIA;AV DR JOSE RUFINO;CIDADE;COLISÃO TRASEIRA;2;;;;;;;;0;;Bom;Não existe;Perfeito estado;Seca;Perfeito estado;Não existe;;;2019
20/05/2019;12:17:00;SEM VÍTIMA;CASA FORTE;RUA ENGENHEIRO OSCAR FERREIRA;CIDADE;ABALROAMENTO LONGITUDINAL;1;;;;1;;;;0;;Bom;Não existe;Perfeito estado;Seca;Perfeito estado;Não existe;R-6a;;2019
20/05/2019;12:32:00;SEM VÍTIMA;TORRE;RUA REAL DA TORRE;CIDADE;ABALROAMENTO LONGITUDINAL;1;;;;1;;;;0;;Bom;Não existe;Perfeito estado;Seca;Perfeito estado;Não existe;Não há placas;;2019
20/05/2019;13:07:00;SEM VÍTIMA;ILHA JOANA BEZERRA;VIADUTO CAPITAO TEMUDO;CIDADE;COLISÃO TRASEIRA;1;;;;1;;;;0;;Bom;Não existe;Incompleta;Seca;Perfeito estado;Não existe;Não há placas;;2019
20/05/2019;13:14:00;SEM VÍTIMA;PINA;AV ANTONIO DE GOES;CIDADE;ABALROAMENTO LONGITUDINAL;1;;;;1;;;;0;;Bom;Sem defeito;Perfeito estado;Seca;Perfeito estado;Faixa de pedestre;;60 km/h;2019
20/05/2019;13:30:00;SEM VÍTIMA;AREIAS;AV RECIFE;;COLISÃO;2;;;;;;;;0;;;;;;;;;;2019
20/05/2019;14:20:00;SEM VÍTIMA;SANTO AMARO;RUA TREZE DE MAIO;SUBURBIO;ABALROAMENTO LONGITUDINAL;2;;;;;;;;0;;Bom;Sem defeito;Não existente;Seca;Perfeito estado;Faixa de pedestre;Outras;;2019
20/05/2019;14:38:00;SEM VÍTIMA;BOA VIAGEM;AV VINTE E TRES DE OUTUBRO;SUBURBIO;ABALROAMENTO TRANSVERSAL;2;;;;;;;;0;;Chuvoso;Não existe;Perfeito estado;Seca;Perfeito estado;;Não há placas;40 km/h;2019
20/05/2019;15:02:00;SEM VÍTIMA;IPSEP;RUA HELIO BRANDAO;SUBURBIO;ABALROAMENTO LONGITUDINAL;1;;;;1;;;;0;;Bom;Sem defeito;Perfeito estado;Seca;Perfeito estado;Faixa de pedestre;Outras;;2019
20/05/2019;15:48:00;SEM VÍTIMA;SÃO JOSÉ;RUA PASSO DA PATRIA;SUBURBIO;CHOQUE VEÍCULO PARADO;1;;;;;1;;;0;;Chuvoso;Não existe;Perfeito estado;Molhada;Perfeito estado;Não existe;Não há placas;;2019
20/05/2019;15:50:00;SEM VÍTIMA;SANTO AMARO;AV NORTE;CIDADE;COLISÃO TRASEIRA;1;;;;1;;;;0;;Chuvoso;Não existe;Perfeito estado;Molhada;Perfeito estado;Não existe;R-6a;60 km/h;2019
20/05/2019;16:07:00;COM VÍTIMA;IMBIRIBEIRA;AV MARECHAL MASCARENHAS DE MORAES;CIDADE;TOMBAMENTO;;1;;;;;;;1;;Chuvoso;Não existe;Perfeito estado;Molhada;Perfeito estado;Não existe;Não há placas;60 km/h;2019
20/05/2019;16:10:00;SEM VÍTIMA;BOA VIAGEM;AV CONSELHEIRO AGUIAR;CIDADE;COLISÃO TRASEIRA;2;;;;;;;;0;;Chuvoso;Sem defeito;Perfeito estado;Molhada;Perfeito estado;Faixa de pedestre;R-6a;;2019
20/05/2019;16:15:00;SEM VÍTIMA;JORDÃO;RUA LIMOEIRO;SUBURBIO;CHOQUE OBJETO FIXO;;;;;;1;;;0;;Bom;Não existe;Não existente;Seca;Mal conservada;Outros;Outras;;2019
20/05/2019;16:16:00;COM VÍTIMA;SANTO AMARO;AV GOVERNADOR AGAMENON MAGALHAES;SUBURBIO;COLISÃO TRASEIRA;1;;;;1;;;;1;;Chuvoso;Não existe;Perfeito estado;Molhada;Perfeito estado;;Outras;60 km/h;2019
20/05/2019;16:54:00;SEM VÍTIMA;BOA VIAGEM;AV ENGENHEIRO DOMINGOS FERREIRA;;ABALROAMENTO LONGITUDINAL;1;;;;1;;;;0;;Chuvoso;Não existe;Perfeito estado;Molhada;;Não existe;R-6a;60 km/h;2019
20/05/2019;17:19:00;SEM VÍTIMA;CIDADE UNIVERSITÁRIA;AV PROFESSOR LUIZ FREIRE;SUBURBIO;ABALROAMENTO LONGITUDINAL;1;;;;;;;;0;;Chuvoso;Não existe;Incompleta;Molhada;Perfeito estado;Não existe;Não há placas;;2019
20/05/2019;17:45:00;SEM VÍTIMA;AFOGADOS;RUA SAO MIGUEL;SUBURBIO;ABALROAMENTO LONGITUDINAL;1;;;;;1;;;0;;Chuvoso;Sem defeito;Perfeito estado;Molhada;Perfeito estado;Faixa de pedestre;Não há placas;;2019
20/05/2019;18:15:00;SEM VÍTIMA;BOA VIAGEM;AV VINTE DE JANEIRO;;COLISÃO;2;;;;;;;;0;;;;;;;;;;2019
20/05/2019;18:28:00;SEM VÍTIMA;CASA AMARELA;RUA CONS PERETTI;SUBURBIO;ABALROAMENTO TRANSVERSAL;1;;;;1;;;;0;;Chuvoso;Não existe;;Molhada;;;;;2019
20/05/2019;18:36:00;SEM VÍTIMA;ROSARINHO;RUA NETO DE MENDONCA;;COLISÃO;2;;;;;;;;0;;;;;;;;;;2019
20/05/2019;18:43:00;SEM VÍTIMA;AFOGADOS;RUA SAO MIGUEL;SUBURBIO;ABALROAMENTO LONGITUDINAL;1;;;;;1;;;0;;Chuvoso;Não existe;Perfeito estado;Molhada;;Faixa de pedestre;Não há placas;;2019
20/05/2019;19:05:00;SEM VÍTIMA;BOA VIAGEM;AV ENGENHEIRO DOMINGOS FERREIRA;SUBURBIO;COLISÃO TRASEIRA;1;;;;1;;;;0;;Chuvoso;Sem defeito;Perfeito estado;Molhada;Perfeito estado;Faixa de pedestre;Não há placas;60 km/h;2019
20/05/2019;19:18:00;VÍTIMA FATAL;MACAXEIRA;RUA ANITA;SUBURBIO;ATROPELAMENTO;;;;1;;;;1;;1;Chuvoso;Não existe;Não existente;Molhada;Mal conservada;Não existe;Não há placas;;2019
20/05/2019;20:14:00;SEM VÍTIMA;BARRO;AV DR JOSE RUFINO;SUBURBIO;COLISÃO FRONTAL;2;;;;;;;;0;;Chuvoso;Não existe;Perfeito estado;Molhada;Perfeito estado;Não existe;Não há placas;50 km/h;2019
20/05/2019;20:41:00;SEM VÍTIMA;VÁRZEA;PRC PINTO DAMASO;CIDADE;ABALROAMENTO LONGITUDINAL;2;;;;;;;;0;;Chuvoso;Não existe;Perfeito estado;Molhada;Perfeito estado;Não existe;;;2019
20/05/2019;20:42:00;SEM VÍTIMA;ILHA DO LEITE;RUA GENERAL JOAQUIM INACIO;CID/SUB;CHOQUE VEÍCULO PARADO;2;;;;;;;;0;;Chuvoso;Não existe;Perfeito estado;Molhada;Perfeito estado;;;;2019
20/05/2019;21:59:00;SEM VÍTIMA;SAN MARTIN;AV ENGENHEIRO ABDIAS DE CARVALHO;;ABALROAMENTO LONGITUDINAL;1;1;;;;;;;0;;Chuvoso;Sem defeito;Perfeito estado;Molhada;Perfeito estado;Faixa de pedestre;R-6a;60 km/h;2019
20/05/2019;22:56:00;SEM VÍTIMA;CAMPO GRANDE;RUA PRUDENTE DE MORAES;CIDADE;ABALROAMENTO TRANSVERSAL;2;;;;;;;;0;;Chuvoso;Não existe;Perfeito estado;Molhada;Perfeito estado;Não existe;Placas Pare;30 km/h;2019
21/05/2019;00:16:00;SEM VÍTIMA;;AV CORREIA DE BRITO;CIDADE;COLISÃO FRONTAL;2;;;;;;;;0;;Chuvoso;Não existe;Não existente;Molhada;Mal iluminada;Não existe;Não há placas;;2019
21/05/2019;08:18:00;COM VÍTIMA;SANTO AMARO;AV NORTE;CIDADE;TOMBAMENTO;;1;;;;;;;1;;Chuvoso;Sem defeito;Perfeito estado;Molhada;Perfeito estado;Faixa de pedestre;Não há placas;60 km/h;2019
21/05/2019;08:57:00;SEM VÍTIMA;TEJIPIÓ;RUA APRIGIO GUIMARAES;CIDADE;ABALROAMENTO LONGITUDINAL;2;;;;;;;;0;;Chuvoso;Não existe;Não existente;Seca;Perfeito estado;Não existe;Não há placas;;2019
21/05/2019;09:07:00;COM VÍTIMA;SAN MARTIN;RUA PEDRO MELO;;ABALROAMENTO TRANSVERSAL;1;1;;;;;;;1;;Nublado;Não existe;Não existente;Seca;Perfeito estado;Não existe;Não há placas;;2019
21/05/2019;09:17:00;COM VÍTIMA;ESTÂNCIA;AV DR JOSE RUFINO;;COLISÃO;1;1;;;;;;;1;;;;;;;;;;2019
21/05/2019;10:06:00;SEM VÍTIMA;MANGUEIRA;RUA DR JOAO ELISIO;;ABALROAMENTO LONGITUDINAL;1;1;;;;;;;0;;Bom;Não existe;Perfeito estado;Seca;Perfeito estado;Não existe;;30 km/h;2019
21/05/2019;11:16:00;SEM VÍTIMA;PAISSANDU;AV GOVERNADOR AGAMENON MAGALHAES;;COLISÃO TRASEIRA;3;;;;;;;;0;;Chuvoso;Com defeito;;Molhada;Perfeito estado;Agente;Outras;60 km/h;2019
21/05/2019;11:19:00;SEM VÍTIMA;TORRÕES;AV ENGENHEIRO ABDIAS DE CARVALHO;SUBURBIO;ABALROAMENTO LONGITUDINAL;1;;;;;1;;;0;;Bom;Sem defeito;Perfeito estado;Seca;Perfeito estado;;R-6a;60 km/h;2019
21/05/2019;12:50:00;SEM VÍTIMA;TAMARINEIRA;AV CONS ROSA E SILVA;SUBURBIO;ABALROAMENTO LONGITUDINAL;1;;;;;1;;;0;;Chuvoso;Sem defeito;Perfeito estado;Molhada;Perfeito estado;Faixa de pedestre;Outras;;2019
21/05/2019;12:57:00;SEM VÍTIMA;TAMARINEIRA;EST DO ARRAIAL;SUBURBIO;ABALROAMENTO LONGITUDINAL;1;1;;;;;;;0;;Chuvoso;Não existe;Perfeito estado;Molhada;Perfeito estado;Não existe;Não há placas;60 km/h;2019
21/05/2019;13:05:00;COM VÍTIMA;SÃO JOSÉ;AV DANTAS BARRETO;SUBURBIO;COLISÃO COM CICLISTA;;;1;;1;;;;1;;Bom;Sem defeito;Perfeito estado;Seca;Perfeito estado;Faixa de pedestre;Não há placas;;2019
21/05/2019;14:02:00;SEM VÍTIMA;IPSEP;RUA ADERBAL DE MELO;SUBURBIO;ABALROAMENTO TRANSVERSAL;2;;;;;;;;0;;Bom;Não existe;Perfeito estado;Seca;Perfeito estado;;Placas Pare;40 km/h;2019
21/05/2019;14:24:00;SEM VÍTIMA;SANTO AMARO;AV CRUZ CABUGA;;COLISÃO TRASEIRA;2;;;;;;;;0;;Chuvoso;Sem defeito;Incompleta;Molhada;Mal conservada;;Outras;;2019
21/05/2019;14:26:00;SEM VÍTIMA;IMBIRIBEIRA;RUA PINTOR LULA CARDOSO AYRES;;COLISÃO;1;;;;;1;;;0;;;;;;;;;;2019
21/05/2019;14:36:00;SEM VÍTIMA;ROSARINHO;RUA AMARO COUTINHO;;COLISÃO;2;;;;;;;;0;;;;;;;;;;2019
21/05/2019;14:36:00;SEM VÍTIMA;BOA VIAGEM;AV DES JOSE NEVES;SUBURBIO;COLISÃO TRASEIRA;2;;;;;;1;;0;;Bom;Não existe;Perfeito estado;Seca;Perfeito estado;Não existe;Não há placas;;2019
21/05/2019;14:49:00;SEM VÍTIMA;BOA VIAGEM;AV CONSELHEIRO AGUIAR;CIDADE;ABALROAMENTO LONGITUDINAL;1;;;;1;;;;0;;Bom;Não existe;Perfeito estado;Seca;Perfeito estado;Não existe;Não há placas;60 km/h;2019
21/05/2019;16:22:00;SEM VÍTIMA;ILHA DO RETIRO;RUA TABAIARES;;COLISÃO;3;;;;;;;;0;;;;;;;;;;2019
21/05/2019;18:05:00;SEM VÍTIMA;ESPINHEIRO;AV JOAO DE BARROS;SUBURBIO;ABALROAMENTO LONGITUDINAL;1;;;;;1;;;0;;Bom;Sem defeito;Perfeito estado;Seca;Perfeito estado;Não existe;Outras;;2019
21/05/2019;18:23:00;SEM VÍTIMA;CAÇOTE;AV CAPITAO GREGORIO DE CALDAS;SUBURBIO;CHOQUE VEÍCULO PARADO;2;;;;;;;;0;;Bom;Não existe;Perfeito estado;Seca;Perfeito estado;Não existe;;30 km/h;2019
21/05/2019;22:18:00;SEM VÍTIMA;MADALENA;RUA JOSE BONIFACIO;;CHOQUE VEÍCULO PARADO;2;;;;;;;;0;;Bom;Não existe;Perfeito estado;Seca;Perfeito estado;Não existe;Outras;;2019
21/05/2019;22:43:00;SEM VÍTIMA;BOA VIAGEM;AV ENGENHEIRO DOMINGOS FERREIRA;SUBURBIO;ABALROAMENTO LONGITUDINAL;2;;;;;;;;0;;Bom;Não existe;Perfeito estado;Seca;Perfeito estado;;R-6a;60 km/h;2019
22/05/2019;04:29:00;SEM VÍTIMA;BOA VIAGEM;AV BOA VIAGEM;CIDADE;CHOQUE OBJETO FIXO;1;;;;;;;;0;;Bom;Sem defeito;Perfeito estado;Seca;Perfeito estado;Faixa de pedestre;;;2019
22/05/2019;06:25:00;SEM VÍTIMA;ENCRUZILHADA;RUA CASTRO ALVES;;COLISÃO;1;;;;1;;;;0;;;;;;;;;;2019
22/05/2019;06:38:00;SEM VÍTIMA;BOA VISTA;RUA DO HOSPICIO;CIDADE;COLISÃO TRASEIRA;;;;;1;;1;;0;;Bom;Sem defeito;Perfeito estado;Seca;Perfeito estado;Faixa de pedestre;Não há placas;;2019
22/05/2019;06:54:00;COM VÍTIMA;BOA VIAGEM;RUA TOME GIBSON;;COLISÃO TRASEIRA;1;1;;1;;;;;1;;Bom;Não existe;Incompleta;Seca;Perfeito estado;Não existe;R-6a;;2019
22/05/2019;07:21:00;SEM VÍTIMA;;AV ARMINDO MOURA;;ABALROAMENTO LONGITUDINAL;2;;;;;;;;0;;Bom;Não existe;Perfeito estado;Seca;Perfeito estado;;;40 km/h;2019
22/05/2019;07:38:00;COM VÍTIMA;ILHA JOANA BEZERRA;VDO PAPA JOAO PAULO II;SUBURBIO;COLISÃO TRASEIRA;1;1;;;;;;;2;;Bom;Não existe;Perfeito estado;Seca;Perfeito estado;Não existe;Não há placas;60 km/h;2019
22/05/2019;07:47:00;SEM VÍTIMA;ILHA DO RETIRO;AV ENGENHEIRO ABDIAS DE CARVALHO;CIDADE;ABALROAMENTO LONGITUDINAL;2;;;;;;;;0;;Bom;Não existe;Perfeito estado;Seca;Perfeito estado;Outros;R-6a;;2019
22/05/2019;08:36:00;SEM VÍTIMA;IMBIRIBEIRA;AV MARECHAL MASCARENHAS DE MORAES;;COLISÃO;2;;;;;;;;0;;;;;;;;;;2019
22/05/2019;08:47:00;SEM VÍTIMA;IBURA;AV DOIS RIOS;SUBURBIO;ABALROAMENTO LONGITUDINAL;1;1;;;;;;;0;;Bom;Sem defeito;Perfeito estado;Seca;Perfeito estado;Faixa de pedestre;R-6a;;2019
22/05/2019;09:06:00;SEM VÍTIMA;ROSARINHO;AV SANTOS DUMONT;SUBURBIO;COLISÃO TRASEIRA;1;;;;1;;;;0;;Bom;Sem defeito;Perfeito estado;Seca;Perfeito estado;Faixa de pedestre;R-6a;;2019
22/05/2019;09:17:00;SEM VÍTIMA;COELHOS;RUA DOS COELHOS;;COLISÃO;2;;;;;;;;0;;;;;;;;;;2019
22/05/2019;09:42:00;SEM VÍTIMA;;RUA DO PEIXOTO;SUBURBIO;ABALROAMENTO LONGITUDINAL;;1;;;1;;;;0;;Bom;Sem defeito;Perfeito estado;Seca;Perfeito estado;Faixa de pedestre;Outras;50 km/h;2019
22/05/2019;10:34:00;SEM VÍTIMA;CORDEIRO;RUA HONORIO CORREIA;CIDADE;ABALROAMENTO LONGITUDINAL;2;;;;;;;;0;;Bom;Não existe;Perfeito estado;Seca;Perfeito estado;Não existe;Não há placas;;2019
22/05/2019;11:18:00;COM VÍTIMA;BOA VIAGEM;RUA JOAQUIM BANDEIRA;SUBURBIO;ABALROAMENTO TRANSVERSAL;1;1;;;;;;;1;;Bom;Não existe;Ilegível;Seca;Mal iluminada;Não existe;Não há placas;;2019
22/05/2019;11:40:00;SEM VÍTIMA;SANTO AMARO;AV CRUZ CABUGA;CIDADE;COLISÃO TRASEIRA;2;;;;;;;;0;;Bom;Sem defeito;Perfeito estado;Seca;Mal conservada;Não existe;Não há placas;60 km/h;2019
22/05/2019;12:45:00;COM VÍTIMA;IMBIRIBEIRA;AV MARECHAL MASCARENHAS DE MORAES;CIDADE;CHOQUE VEÍCULO PARADO;1;1;;;;;;;1;;Bom;Sem defeito;Perfeito estado;Seca;Perfeito estado;Não existe;Não há placas;60 km/h;2019
22/05/2019;13:01:00;SEM VÍTIMA;PARNAMIRIM;AV RUI BARBOSA;CIDADE;COLISÃO TRASEIRA;2;;;;;;;;0;;Bom;Sem defeito;Perfeito estado;Seca;Perfeito estado;Faixa de pedestre;Outras;;2019
22/05/2019;13:56:00;SEM VÍTIMA;CASA AMARELA;EST DO ENCANAMENTO;CIDADE;ABALROAMENTO TRANSVERSAL;1;1;;;;;;;0;;Bom;Não existe;Perfeito estado;Seca;Perfeito estado;Não existe;Placas Pare;40 km/h;2019
22/05/2019;14:27:00;COM VÍTIMA;IMBIRIBEIRA;RUA PAMPULHA;CIDADE;ABALROAMENTO LONGITUDINAL;1;1;;;;;;;1;;Bom;Sem defeito;Perfeito estado;Seca;Perfeito estado;Faixa de pedestre;Não há placas;60 km/h;2019
22/05/2019;14:52:00;SEM VÍTIMA;IMBIRIBEIRA;RUA CONEGO LIRA;CIDADE;ABALROAMENTO TRANSVERSAL;4;;;;;;;;0;;Bom;Não existe;;Seca;Perfeito estado;Não existe;Outras;;2019
22/05/2019;15:07:00;COM VÍTIMA;IPSEP;RUA ADERBAL DE MELO;CIDADE;ABALROAMENTO TRANSVERSAL;1;1;;;;;;;1;;Bom;Não existe;Perfeito estado;Seca;Perfeito estado;Não existe;Placas Pare;;2019
22/05/2019;14:58:00;SEM VÍTIMA;BOA VIAGEM;RUA JOAO CARDOSO AIRES;;COLISÃO;2;;;;;;;;0;;;;;;;;;;2019
22/05/2019;15:22:00;SEM VÍTIMA;BAIRRO DO RECIFE;;SUBURBIO;ABALROAMENTO LONGITUDINAL;2;;;;;;;;0;;Bom;Não existe;Perfeito estado;Seca;Perfeito estado;Não existe;Não há placas;;2019
22/05/2019;15:27:00;SEM VÍTIMA;ÁGUA FRIA;EST VELHA DE AGUA FRIA;SUBURBIO;ABALROAMENTO LONGITUDINAL;1;;;;1;;;;0;;Bom;Sem defeito;Perfeito estado;Seca;Perfeito estado;Faixa de pedestre;R-6a;;2019
22/05/2019;15:45:00;SEM VÍTIMA;CASA AMARELA;AV NORTE;SUBURBIO;ABALROAMENTO LONGITUDINAL;1;;;;;1;;;0;;Bom;Sem defeito;Perfeito estado;Seca;Perfeito estado;Faixa de pedestre;R-6a;60 km/h;2019
22/05/2019;17:49:00;SEM VÍTIMA;SANTO AMARO;AV DR JAYME DA FONTE;SUBURBIO;ABALROAMENTO LONGITUDINAL;1;;;;1;;;;0;;Bom;Não existe;Perfeito estado;Seca;Perfeito estado;Não existe;Não há placas;;2019
22/05/2019;18:01:00;SEM VÍTIMA;IPSEP;AV RECIFE;;ABALROAMENTO LONGITUDINAL;1;;;;1;;;;0;;Bom;Sem defeito;Perfeito estado;Seca;Perfeito estado;Não existe;Não há placas;60 km/h;2019