data;hora;natureza_acidente;bairro;endereco;sentido_via;tipo;auto;moto;ciclista;pedestre;onibus;caminhao;viatura;outros;vitimas;vitimasfatais;tempo_clima;situacao_semaforo;sinalizacao;condicao_via;conservacao_via;ponto_controle;situacao_placa;velocidade_max_via;ano
22/05/2019;18:23:00;SEM VÍTIMA;IMBIRIBEIRA;RUA ANTONIO FALCAO;CIDADE;ABALROAMENTO TRANSVERSAL;2;;;;;;;;0;;Bom;Não existe;Perfeito estado;Seca;;Não existe;Não há placas;60 km/h;2019
22/05/2019;18:51:00;SEM VÍTIMA;PAISSANDU;AV GOVERNADOR AGAMENON MAGALHAES;SUBURBIO;COLISÃO TRASEIRA;;2;;;;;;;0;;Bom;Sem defeito;Perfeito estado;Seca;Perfeito estado;Faixa de pedestre;Outras;;2019
22/05/2019;19:46:00;SEM VÍTIMA;ESPINHEIRO;AV JOAO DE BARROS;SUBURBIO;ABALROAMENTO TRANSVERSAL;1;1;;;;;;;0;;Bom;Sem defeito;Perfeito estado;Seca;Perfeito estado;Faixa de retenção;Outras;;2019
22/05/2019;19:52:00;COM VÍTIMA;IMBIRIBEIRA;AV MARECHAL MASCARENHAS DE MORAES;SUBURBIO;ATROPELAMENTO;;;;1;1;;;;1;;Bom;Sem defeito;Perfeito estado;Seca;Perfeito estado;Não existe;R-6a;;2019
22/05/2019;22:10:00;SEM VÍTIMA;AFOGADOS;RUA DOUTOR LEONIDAS CRAVO GAMA;SUBURBIO;ABALROAMENTO LONGITUDINAL;1;;;;1;;;;0;;Bom;Não existe;Perfeito estado;Seca;Perfeito estado;Não existe;Não há placas;;2019
23/05/2019;07:47:00;COM VÍTIMA;AREIAS;AV RECIFE;AEROPORTO;COLISÃO;1;1;;;;;;;1;;;;;;;;;;2019
23/05/2019;08:03:00;SEM VÍTIMA;ROSARINHO;RUA PROFESSOR OTAVIO DE FREITAS;SUBURBIO;ABALROAMENTO TRANSVERSAL;2;;;;;;;;0;;Bom;Não existe;Não existente;Seca;Perfeito estado;Não existe;Não há placas;;2019
23/05/2019;08:23:00;SEM VÍTIMA;IMBIRIBEIRA;AV MARECHAL MASCARENHAS DE MORAES;CIDADE;COLISÃO;2;;;;;;;;0;;;;;;;;;;2019
23/05/2019;08:56:00;SEM VÍTIMA;DERBY;AV GOVERNADOR AGAMENON MAGALHAES;;COLISÃO TRASEIRA;2;;;;;;;;0;;Bom;Sem defeito;Perfeito estado;Seca;Perfeito estado;Agente;Não há placas;60 km/h;2019
23/05/2019;08:57:00;SEM VÍTIMA;IMBIRIBEIRA;RUA NORUEGA;;COLISÃO;2;;;;;;;;0;;;;;;;;;;2019
23/05/2019;09:02:00;COM VÍTIMA;SÃO JOSÉ;AV SUL;CIDADE;ABALROAMENTO LONGITUDINAL;;2;;;;;;;1;;Bom;Sem defeito;Perfeito estado;Seca;Perfeito estado;Não existe;Outras;;2019
23/05/2019;09:15:00;SEM VÍTIMA;PINA;AVENIDA CELSO FURTADO (VIA MANGUE);CIDADE;COLISÃO;2;;;;;;;;0;;;;;;;;;;2019
23/05/2019;10:08:00;SEM VÍTIMA;PINA;RUA VINTE E SEIS DE JANEIRO;CIDADE;COLISÃO TRASEIRA;2;;;;;;;;0;;Bom;Não existe;Não existente;Seca;Mal conservada;Não existe;Não há placas;;2019
23/05/2019;11:36:00;COM VÍTIMA;IPSEP;RUA JEAN EMILE FAVRE;;COLISÃO;1;1;;;;;;;1;;;;;;;;;;2019
23/05/2019;11:47:00;COM VÍTIMA;BOA VIAGEM;AV ENGENHEIRO DOMINGOS FERREIRA;SUBURBIO;COLISÃO TRASEIRA;1;1;;;;;;;1;;Bom;Sem defeito;Perfeito estado;Seca;;;Não há placas;;2019
23/05/2019;12:07:00;COM VÍTIMA;CASA AMARELA;AV NORTE;SUBURBIO;ABALROAMENTO TRANSVERSAL;1;1;;;;;;;1;;Bom;Sem defeito;Perfeito estado;Seca;Perfeito estado;Não existe;;60 km/h;2019
23/05/2019;12:19:00;COM VÍTIMA;TORRE;RUA JOSE BONIFACIO;SUBURBIO;ABALROAMENTO LONGITUDINAL;1;1;;;;;;;1;;Bom;Não existe;Perfeito estado;Seca;Perfeito estado;Outros;Não há placas;;2019
23/05/2019;12:26:00;SEM VÍTIMA;BOA VIAGEM;AV DOM JOAO VI;SUBURBIO;COLISÃO TRASEIRA;3;;;;;;;;0;;Bom;Não existe;Perfeito estado;Seca;Perfeito estado;Não existe;Não há placas;50 km/h;2019
23/05/2019;13:00:00;COM VÍTIMA;SANTO AMARO;RUA FREI CASSIMIRO;CIDADE;COLISÃO FRONTAL;1;1;;;;;;;1;;Bom;Não existe;;Seca;Perfeito estado;Não existe;Não há placas;;2019
23/05/2019;13:05:00;COM VÍTIMA;IMBIRIBEIRA;AV MARECHAL MASCARENHAS DE MORAES;CIDADE;COLISÃO COM CICLISTA;1;;1;;;;;;1;;Bom;Sem defeito;Perfeito estado;Seca;Perfeito estado;Outros;Não há placas;60 km/h;2019
23/05/2019;14:15:00;SEM VÍTIMA;BOA VIAGEM;RUA DEZ DE JULHO;;ABALROAMENTO TRANSVERSAL;1;;;;1;;;;0;;Bom;Não existe;Incompleta;Seca;Perfeito estado;Não existe;Não há placas;;2019
23/05/2019;14:39:00;SEM VÍTIMA;BOA VISTA;PTE DUARTE COELHO;SUB;COLISÃO;;;;;;;;;0;;;;;;;;;;2019
23/05/2019;14:48:00;SEM VÍTIMA;BOA VIAGEM;RUA RIBEIRO DE BRITO;CIDADE;ABALROAMENTO LONGITUDINAL;1;;;;;1;;;0;;Bom;Não existe;Perfeito estado;Seca;Perfeito estado;Não existe;Não há placas;;2019
23/05/2019;14:57:00;SEM VÍTIMA;VÁRZEA;AV AFONSO OLINDENSE;SUBURBIO;COLISÃO TRASEIRA;2;;;;;;;;0;;Bom;Não existe;Não existente;Seca;Perfeito estado;Não existe;Não há placas;;2019
23/05/2019;16:55:00;SEM VÍTIMA;SANTO AMARO;AV CRUZ CABUGA;;COLISÃO;2;;;;;;;;0;;;;;;;;;;2019
23/05/2019;16:56:00;SEM VÍTIMA;SANTO AMARO;AV PREFEITO ARTUR LIMA CAVALCANTI;SUBURBIO;COLISÃO TRASEIRA;2;;;;;;;;0;;Bom;Sem defeito;Perfeito estado;Seca;Perfeito estado;Faixa de pedestre;Não há placas;60 km/h;2019
23/05/2019;17:15:00;SEM VÍTIMA;AFOGADOS;RUA NICOLAU PEREIRA;SUBURBIO;CHOQUE VEÍCULO PARADO;2;;;;1;;;;0;;Bom;Não existe;Perfeito estado;Seca;Perfeito estado;Não existe;Não há placas;;2019
23/05/2019;17:25:00;SEM VÍTIMA;IPSEP;AV RECIFE;;COLISÃO TRASEIRA;2;;;;;;;;0;;Bom;Sem defeito;Perfeito estado;Seca;Perfeito estado;Não existe;;;2019
23/05/2019;17:26:00;SEM VÍTIMA;VÁRZEA;AV CAXANGA;CIDADE;COLISÃO;1;;;;1;;;;0;;;;;;;;;;2019
23/05/2019;17:28:00;SEM VÍTIMA;AFOGADOS;RUA PROFESSOR AUGUSTO WANDERLEY FILHO;;COLISÃO;1;1;;;;;;;0;;;;;;;;;;2019
23/05/2019;17:35:00;SEM VÍTIMA;ENCRUZILHADA;RUA CASTRO ALVES;;ABALROAMENTO LONGITUDINAL;1;;;;1;;;;0;;Bom;Sem defeito;Perfeito estado;Seca;Perfeito estado;Faixa de pedestre;Não há placas;;2019
23/05/2019;17:46:00;SEM VÍTIMA;TAMARINEIRA;EST DO ARRAIAL;SUBURBIO;ABALROAMENTO LONGITUDINAL;1;;;;1;;;;0;;Bom;Sem defeito;Perfeito estado;Seca;Perfeito estado;Não existe;Outras;40 km/h;2019
23/05/2019;17:49:00;SEM VÍTIMA;SANTO AMARO;AV GOVERNADOR AGAMENON MAGALHAES;SUBURBIO;ABALROAMENTO LONGITUDINAL;1;1;;;;;;;0;;Bom;Sem defeito;Perfeito estado;Seca;Perfeito estado;Agente;Não há placas;60 km/h;2019
23/05/2019;17:55:00;SEM VÍTIMA;PARNAMIRIM;AV PARNAMIRIM;SUBURBIO;COLISÃO TRASEIRA;2;;;;;;;;0;;Bom;Sem defeito;Perfeito estado;Seca;Perfeito estado;;;;2019
23/05/2019;17:58:00;SEM VÍTIMA;APIPUCOS;RUA DE APIPUCOS;;COLISÃO;2;;;;;;;;0;;;;;;;;;;2019
23/05/2019;18:21:00;SEM VÍTIMA;CAJUEIRO;RUA TENENTE WANDERLEY;;COLISÃO;1;;;;1;;;;0;;;;;;;;;;2019
23/05/2019;18:25:00;SEM VÍTIMA;AFOGADOS;RUA COSME VIANA;CIDADE;ABALROAMENTO LONGITUDINAL;2;;;;;;;1;0;;Bom;Sem defeito;Perfeito estado;Seca;Perfeito estado;Faixa de pedestre;;;2019
23/05/2019;18:36:00;SEM VÍTIMA;BOA VISTA;AV GOVERNADOR AGAMENON MAGALHAES;;ABALROAMENTO LONGITUDINAL;2;;;;;;;;0;;Bom;Não existe;Não existente;Seca;Perfeito estado;Não existe;Não há placas;60 km/h;2019
23/05/2019;18:38:00;SEM VÍTIMA;BOA VIAGEM;AV FERNANDO SIMOES BARBOSA;;ABALROAMENTO LONGITUDINAL;1;;;;;1;;;0;;Bom;Sem defeito;Perfeito estado;Seca;Perfeito estado;Faixa de pedestre;R-6a;50 km/h;2019
23/05/2019;19:24:00;SEM VÍTIMA;BOA VIAGEM;RUA RIO AZUL;SUBURBIO;ABALROAMENTO LONGITUDINAL;1;1;;;;;;;0;;Bom;Não existe;Incompleta;Seca;Perfeito estado;Não existe;Não há placas;;2019
23/05/2019;19:33:00;SEM VÍTIMA;ILHA DO LEITE;AV FREI MATIAS TEVES;;ABALROAMENTO TRANSVERSAL;2;;;;;;;;0;;Bom;Não existe;Perfeito estado;Seca;Perfeito estado;;Placas Pare;;2019
23/05/2019;19:39:00;SEM VÍTIMA;BOA VIAGEM;AV BOA VIAGEM;CIDADE;ABALROAMENTO LONGITUDINAL;2;;;;;;;;0;;Bom;Não existe;Perfeito estado;Seca;Perfeito estado;;Placas Pare;40 km/h;2019
23/05/2019;19:43:00;SEM VÍTIMA;CABANGA;AV ENGENHEIRO JOSE ESTELITA;CIDADE;ABALROAMENTO LONGITUDINAL;2;;;;;;;;0;;Bom;Não existe;Perfeito estado;Seca;Perfeito estado;Não existe;;60 km/h;2019
23/05/2019;20:35:00;SEM VÍTIMA;MADALENA;AV ENGENHEIRO ABDIAS DE CARVALHO;SUBURBIO;COLISÃO TRASEIRA;2;;;;;;;;0;;Bom;Sem defeito;Perfeito estado;Seca;Perfeito estado;Faixa de pedestre;R-6a;;2019
23/05/2019;22:29:00;COM VÍTIMA;CORDEIRO;AV GENERAL SAN MARTIN;CIDADE;COLISÃO TRASEIRA;2;1;;;;;;;1;;Bom;Sem defeito;Ilegível;Seca;Perfeito estado;Faixa de pedestre;;;2019
23/05/2019;23:11:00;SEM VÍTIMA;BOA VIAGEM;RUA JOAO CARDOSO AIRES;SUBURBIO;ABALROAMENTO TRANSVERSAL;2;;;;;;;;0;;Bom;Sem defeito;Perfeito estado;Seca;Mal iluminada;Faixa de pedestre;;;2019
24/05/2019;05:28:00;SEM VÍTIMA;DERBY;AV GOVERNADOR AGAMENON MAGALHAES;CIDADE;ABALROAMENTO TRANSVERSAL;2;;;;;;;;0;;Bom;Sem defeito;Perfeito estado;Seca;Perfeito estado;Faixa de pedestre;;60 km/h;2019
24/05/2019;06:38:00;SEM VÍTIMA;DERBY;RUA DA BAIXA VERDE;CIDADE;ABALROAMENTO TRANSVERSAL;2;;;;;;;;0;;Bom;Não existe;Incompleta;Seca;Perfeito estado;Não existe;Placas Pare;;2019
24/05/2019;07:15:00;SEM VÍTIMA;SANTO AMARO;RUA BARAO DE IGARASSU;;COLISÃO;2;;;;;;;;0;;;;;;;;;;2019
24/05/2019;07:50:00;SEM VÍTIMA;PARNAMIRIM;AV DEZESSETE DE AGOSTO;;ABALROAMENTO LONGITUDINAL;2;;;;;;;;0;;Bom;Não existe;Perfeito estado;Seca;Perfeito estado;Não existe;R-6a;;2019
24/05/2019;07:56:00;SEM VÍTIMA;AFLITOS;AV CONS ROSA E SILVA;SUBURBIO;ABALROAMENTO LONGITUDINAL;2;;;;;;;;0;;Bom;Sem defeito;Perfeito estado;Seca;Perfeito estado;Faixa de pedestre;Outras;60 km/h;2019
24/05/2019;08:09:00;COM VÍTIMA;ESTÂNCIA;AV DR JOSE RUFINO;SUBURBIO;ABALROAMENTO TRANSVERSAL;1;1;;;;;;;1;;Bom;Não existe;Perfeito estado;Seca;Perfeito estado;Outros;Outras;60 km/h;2019
24/05/2019;08:51:00;SEM VÍTIMA;BOA VIAGEM;RUA BARAO DE SOUZA LEAO;;ABALROAMENTO LONGITUDINAL;1;;;;1;;;;0;;Bom;Não existe;Perfeito estado;Seca;Perfeito estado;Não existe;Não há placas;;2019
24/05/2019;11:02:00;SEM VÍTIMA;AFOGADOS;AV SUL;CIDADE;ABALROAMENTO LONGITUDINAL;1;;;;;1;;;0;;Bom;Não existe;Não existente;Seca;Perfeito estado;Não existe;Não há placas;;2019
24/05/2019;11:27:00;COM VÍTIMA;VÁRZEA;RUA GENERAL POLIDORO;;ABALROAMENTO TRANSVERSAL;;1;;;1;;;;1;;Bom;;Perfeito estado;Seca;Perfeito estado;Não existe;Não há placas;;2019
24/05/2019;11:34:00;SEM VÍTIMA;CASA FORTE;AV DEZESSETE DE AGOSTO;;COLISÃO;2;;;;;;;;0;;;;;;;;;;2019
24/05/2019;12:04:00;COM VÍTIMA;JARDIM SÃO PAULO;AV CENTRAL;SUBURBIO;ABALROAMENTO LONGITUDINAL;1;1;;;;;;;1;;Bom;Não existe;Não existente;Seca;Mal conservada;Não existe;Não há placas;;2019
24/05/2019;12:20:00;SEM VÍTIMA;JOANA BEZERRA;AV BEIRA RIO;SUBURBIO;COLISÃO TRASEIRA;2;;;;;;;;0;;Bom;Sem defeito;Perfeito estado;Seca;Perfeito estado;Faixa de pedestre;R-6a;;2019
24/05/2019;12:59:00;SEM VÍTIMA;IMBIRIBEIRA;RUA JOAQUIM BANDEIRA;;ABALROAMENTO TRANSVERSAL;2;;;;;;;;0;;Bom;Não existe;Perfeito estado;Seca;Perfeito estado;Não existe;Não há placas;;2019
24/05/2019;13:10:00;SEM VÍTIMA;ILHA DO RETIRO;AV JOSE GONCALVES DE MEDEIROS;CIDADE;COLISÃO TRASEIRA;2;;;;;;;;0;;Bom;Sem defeito;Perfeito estado;Seca;Perfeito estado;Faixa de pedestre;Placas Pare;;2019
24/05/2019;13:47:00;SEM VÍTIMA;IMBIRIBEIRA;RUA ARQUITETO LUIZ NUNES;SUBURBIO;COLISÃO TRASEIRA;2;;;;;;;;0;;Bom;Não existe;Perfeito estado;Seca;Perfeito estado;Não existe;Não há placas;30 km/h;2019
24/05/2019;14:26:00;SEM VÍTIMA;SANTO AMARO;AV GOVERNADOR AGAMENON MAGALHAES;SUBURBIO;ABALROAMENTO TRANSVERSAL;2;;;;;;;;0;;Bom;Sem defeito;Perfeito estado;Seca;Perfeito estado;Faixa de pedestre;Não há placas;60 km/h;2019
24/05/2019;15:04:00;SEM VÍTIMA;BAIRRO DO RECIFE;CAIS DO APOLO;SUBURBIO;COLISÃO TRASEIRA;2;;;;;;;;0;;Bom;Sem defeito;Perfeito estado;Seca;Perfeito estado;Faixa de pedestre;R-6a;;2019
24/05/2019;15:10:00;SEM VÍTIMA;MADALENA;RUA BENFICA;SUBURBIO;ABALROAMENTO LONGITUDINAL;1;;;;;1;;;0;;Bom;Não existe;Perfeito estado;Seca;Perfeito estado;Não existe;Não há placas;;2019
24/05/2019;15:31:00;SEM VÍTIMA;ILHA DO LEITE;RUA DAS FRONTEIRAS;;COLISÃO;2;;;;;;;;0;;;;;;;;;;2019
24/05/2019;15:38:00;SEM VÍTIMA;AFOGADOS;RUA DA PAZ;;COLISÃO;2;;;;;;;;0;;;;;;;;;;2019
24/05/2019;15:45:00;SEM VÍTIMA;TORRÕES;EST DO FORTE DO ARRAIAL N. DO B. JESUS;SUBURBIO;CHOQUE VEÍCULO PARADO;1;;;;;1;;;0;;Bom;Sem defeito;Perfeito estado;Seca;Perfeito estado;Faixa de pedestre;Outras;;2019
24/05/2019;15:50:00;SEM VÍTIMA;AFOGADOS;RUA DA PAZ;SUBURBIO;ABALROAMENTO LONGITUDINAL;2;;;;;;;;0;;Bom;Não existe;Perfeito estado;Seca;Perfeito estado;Não existe;Não há placas;50 km/h;2019
24/05/2019;16:35:00;SEM VÍTIMA;SÃO JOSÉ;RUA DO MUNIZ;;COLISÃO;2;;;;;;;;0;;;;;;;;;;2019
24/05/2019;16:41:00;SEM VÍTIMA;PINA;RUA JOSE MARIANO FILHO;CIDADE;ABALROAMENTO LONGITUDINAL;1;;;;;1;;;0;;Bom;Não existe;Não existente;Seca;Perfeito estado;Não existe;R-6a;;2019
24/05/2019;16:55:00;SEM VÍTIMA;ARRUDA;AV PROFESSOR JOSE DOS ANJOS;CIDADE;ABALROAMENTO TRANSVERSAL;1;;;;;;;1;0;;Bom;Sem defeito;Perfeito estado;Seca;Perfeito estado;Faixa de pedestre;Outras;;2019
24/05/2019;17:25:00;COM VÍTIMA;CORDEIRO;AV CAXANGA;CIDADE;COLISÃO COM CICLISTA;;1;1;;;;;;1;;Bom;Não existe;Perfeito estado;Seca;Perfeito estado;Não existe;Não há placas;;2019
24/05/2019;17:54:00;SEM VÍTIMA;BOA VISTA;PRC PARQUE AMORIM;SUBURBIO;ABALROAMENTO LONGITUDINAL;1;;;;1;;;;0;;Bom;Sem defeito;Perfeito estado;Seca;Mal conservada;Outros;Outras;50 km/h;2019
24/05/2019;18:20:00;SEM VÍTIMA;SAN MARTIN;RUA QUINZE DE MARCO;;COLISÃO;2;;;;;;;;0;;;;;;;;;;2019
24/05/2019;19:14:00;SEM VÍTIMA;PRADO;RUA NOBRE DE LACERDA;CIDADE;ABALROAMENTO TRANSVERSAL;2;;;;;;;;0;;Bom;Não existe;Perfeito estado;Seca;Perfeito estado;;Placas Pare;;2019
24/05/2019;21:39:00;SEM VÍTIMA;CORDEIRO;RUA PIO GENEZIO GUERRA;;CHOQUE VEÍCULO PARADO;1;;;;;1;;;0;;Bom;Não existe;Não existente;Seca;Mal conservada;Não existe;Não há placas;;2019
25/05/2019;01:04:00;SEM VÍTIMA;BAIRRO DO RECIFE;AV MARQUES DE OLINDA;SUBURBIO;ABALROAMENTO TRANSVERSAL;2;;;;;;;;0;;Bom;Intermitente;Perfeito estado;Seca;Perfeito estado;Faixa de pedestre;Outras;30 km/h;2019
25/05/2019;04:33:00;SEM VÍTIMA;BONGI;AV ENGENHEIRO ABDIAS DE CARVALHO;CIDADE;CHOQUE OBJETO FIXO;1;;;;;;;;0;;Bom;Sem defeito;Perfeito estado;Seca;Perfeito estado;;R-6a;60 km/h;2019
25/05/2019;05:19:00;COM VÍTIMA;IMBIRIBEIRA;AV MARECHAL MASCARENHAS DE MORAES;;CAPOTAMENTO;1;;;;;;;;2;;;;;;;;;;2019
25/05/2019;07:38:00;SEM VÍTIMA;MADALENA;RUA BENFICA;CIDADE;ABALROAMENTO LONGITUDINAL;1;;;;1;;;;0;;Bom;Não existe;Não existente;Molhada;;Não existe;;;2019
25/05/2019;08:49:00;SEM VÍTIMA;SANTO AMARO;AV GOVERNADOR AGAMENON MAGALHAES;BOA VIAGEM;COLISÃO;2;;;;;;;;0;;;;;;;;;;2019
25/05/2019;09:32:00;SEM VÍTIMA;PINA;AV ENGENHEIRO DOMINGOS FERREIRA;SUBURBIO;ABALROAMENTO LONGITUDINAL;1;1;;;;;;;0;;Bom;Não existe;Perfeito estado;Seca;Perfeito estado;Outros;Não há placas;;2019
25/05/2019;09:42:00;SEM VÍTIMA;BARRO;AV DR JOSE RUFINO;SUBURBIO;COLISÃO;1;;;;;1;;;0;;;;;;;;;;2019
25/05/2019;10:25:00;SEM VÍTIMA;PINA;AV ENGENHEIRO DOMINGOS FERREIRA;SUBURBIO;ABALROAMENTO LONGITUDINAL;2;;;;;;;;0;;Bom;Não existe;Perfeito estado;Seca;Perfeito estado;Outros;Outras;;2019
25/05/2019;10:53:00;SEM VÍTIMA;TEJIPIÓ;RUA FALCAO DE LACERDA;JABOATÃO;COLISÃO;2;;;;;;;;0;;;;;;;;;;2019
25/05/2019;11:20:00;SEM VÍTIMA;PAISSANDU;RUA DONA BENVINDA;;COLISÃO;2;;;;;;;;0;;;;;;;;;;2019
25/05/2019;12:52:00;SEM VÍTIMA;SÃO JOSÉ;C SANTA RITA;AFOGADOS;COLISÃO;2;;;;;;;;0;;;;;;;;;;2019
25/05/2019;14:06:00;COM VÍTIMA;IMBIRIBEIRA;AV MARECHAL MASCARENHAS DE MORAES;CIDADE;ABALROAMENTO LONGITUDINAL;2;;;;;;;;1;;Bom;Sem defeito;Perfeito estado;Seca;Perfeito estado;Faixa de pedestre;R-6a;60 km/h;2019
25/05/2019;14:14:00;COM VÍTIMA;JARDIM SÃO PAULO;RUA LEANDRO BARRETO;SUBURBIO;ABALROAMENTO LONGITUDINAL;1;1;;;;;;;1;;Bom;Não existe;Ilegível;Seca;Perfeito estado;Não existe;Não há placas;40 km/h;2019
25/05/2019;14:18:00;SEM VÍTIMA;BOA VIAGEM;AV CONSELHEIRO AGUIAR;CIDADE;ABALROAMENTO LONGITUDINAL;1;;;;1;;;;0;;Bom;Não existe;Perfeito estado;Seca;Perfeito estado;Outros;Outras;;2019
25/05/2019;14:37:00;SEM VÍTIMA;PINA;RUA SAO LUIZ;;CHOQUE VEÍCULO PARADO;1;;;;1;;;;0;;Bom;Não existe;Não existente;Seca;Perfeito estado;;Não há placas;30 km/h;2019
25/05/2019;15:26:00;SEM VÍTIMA;PINA;AV HERCULANO BANDEIRA;PINA;COLISÃO;1;1;;;;;;;0;;;;;;;;;;2019
25/05/2019;16:14:00;COM VÍTIMA;IMBIRIBEIRA;AV MARECHAL MASCARENHAS DE MORAES;CIDADE;ATROPELAMENTO;;;;1;;1;;;1;;Bom;Sem defeito;Perfeito estado;Seca;Perfeito estado;Não existe;R-6c;60 km/h;2019
25/05/2019;16:46:00;SEM VÍTIMA;BOMBA DO HEMETÉRIO;RUA SAO BENTO;;COLISÃO;1;1;;;;;;;0;;;;;;;;;;2019
25/05/2019;16:54:00;SEM VÍTIMA;IMBIRIBEIRA;AV MARECHAL MASCARENHAS DE MORAES;SUBURBIO;COLISÃO TRASEIRA;1;;;;1;;;;0;;Bom;Sem defeito;Perfeito estado;Seca;Perfeito estado;Faixa de retenção;Não há placas;;2019
25/05/2019;17:39:00;SEM VÍTIMA;SANTO AMARO;AV GOVERNADOR AGAMENON MAGALHAES;CIDADE;ABALROAMENTO LONGITUDINAL;1;;;;1;;;;0;;Bom;Não existe;Perfeito estado;Seca;Perfeito estado;Não existe;Outras;;2019
25/05/2019;18:15:00;COM VÍTIMA;SÃO JOSÉ;RUA IMPERIAL;;COLISÃO;2;;;;;;;;1;;Bom;Não existe;Perfeito estado;Seca;Perfeito estado;;R-6a;40 km/h;2019
25/05/2019;18:47:00;COM VÍTIMA;IMBIRIBEIRA;AV MARECHAL MASCARENHAS DE MORAES;AEROPORTO;ATROPELAMENTO;;1;;1;;;;;1;;Bom;Sem defeito;Perfeito estado;Seca;Perfeito estado;Faixa de pedestre;Não há placas;;2019
25/05/2019;19:07:00;SEM VÍTIMA;TORRE;RUA REAL DA TORRE;SUBURBIO;ABALROAMENTO LONGITUDINAL;1;;;;1;;;;0;;Bom;Não existe;Perfeito estado;Seca;Perfeito estado;Não existe;Outras;;2019
25/05/2019;21:28:00;SEM VÍTIMA;AFOGADOS;RUA SAO MIGUEL;;ABALROAMENTO LONGITUDINAL;2;;;;;;;;0;;Bom;Não existe;Perfeito estado;Seca;Perfeito estado;Não existe;Não há placas;;2019
25/05/2019;21:41:00;COM VÍTIMA;JORDÃO;RUA EMILIO MONTEIRO FONSECA;SUBURBIO;COLISÃO FRONTAL;;2;;;;;;;1;;Bom;Não existe;Ilegível;Seca;Perfeito estado;Não existe;Outras;;2019
25/05/2019;22:05:00;SEM VÍTIMA;BOA VIAGEM;AV CONSELHEIRO AGUIAR;CIDADE;ABALROAMENTO LONGITUDINAL;2;;;;;;;;0;;Bom;Sem defeito;Perfeito estado;Seca;Perfeito estado;Faixa de pedestre;;60 km/h;2019
25/05/2019;23:04:00;SEM VÍTIMA;BOA VIAGEM;RUA VISCONDE DE JEQUITINHONHA;SUBURBIO;CHOQUE VEÍCULO PARADO;3;;;;;;;;0;;Bom;Não existe;Perfeito estado;Seca;Perfeito estado;;;40 km/h;2019
25/05/2019;23:22:00;SEM VÍTIMA;ESPINHEIRO;RUA DO ESPINHEIRO;SUBURBIO;ABALROAMENTO TRANSVERSAL;2;;;;;;;;0;;Bom;Não existe;Perfeito estado;Seca;Perfeito estado;Faixa de pedestre;Placas Pare;;2019
26/05/2019;05:49:00;SEM VÍTIMA;ÁGUA FRIA;RUA SAO SEBASTIAO;;ABALROAMENTO TRANSVERSAL;2;;;;;;;;0;;Bom;Não existe;Perfeito estado;Seca;Perfeito estado;;Placas Pare;30 km/h;2019
26/05/2019;06:01:00;SEM VÍTIMA;MANGABEIRA;RUA DA MANGABEIRA;;COLISÃO;1;1;;;;;;;0;;;;;;;;;;2019
26/05/2019;09:30:00;COM VÍTIMA;DOIS IRMÃOS;RUA MANUEL DE MEDEIROS;CIDADE;COLISÃO TRASEIRA;1;1;;;;;;;1;;Bom;Não existe;Perfeito estado;Seca;Perfeito estado;Não existe;R-6c;;2019
26/05/2019;09:56:00;SEM VÍTIMA;BOA VIAGEM;RUA CARLOS PEREIRA FALCAO;CIDADE;COLISÃO TRASEIRA;2;;;;;;;;0;;Bom;Não existe;Perfeito estado;Seca;Perfeito estado;;R-6a;;2019
26/05/2019;10:07:00;SEM VÍTIMA;ROSARINHO;RUA REGUEIRA COSTA;;ABALROAMENTO TRANSVERSAL;2;;;;;;;;0;;Bom;Não existe;Ilegível;Seca;Perfeito estado;Não existe;Não há placas;30 km/h;2019
26/05/2019;10:32:00;SEM VÍTIMA;SAN MARTIN;AV GENERAL SAN MARTIN;SUBURBIO;COLISÃO TRASEIRA;1;1;;;;;;;0;;Bom;Sem defeito;Perfeito estado;Seca;Perfeito estado;Outros;Outras;60 km/h;2019
26/05/2019;12:11:00;SEM VÍTIMA;PINA;AV ENGENHEIRO DOMINGOS FERREIRA;SUBURBIO;ABALROAMENTO LONGITUDINAL;2;;;;;;;;0;;Bom;Sem defeito;Perfeito estado;Seca;Perfeito estado;Não existe;Não há placas;60 km/h;2019
26/05/2019;13:50:00;SEM VÍTIMA;PINA;RUA ARQUITETO AUGUSTO REINALDO;SUBURBIO;ABALROAMENTO LONGITUDINAL;1;;;;1;;;;0;;Bom;Sem defeito;Perfeito estado;Seca;Perfeito estado;Faixa de retenção;;;2019
26/05/2019;14:45:00;COM VÍTIMA;CASA FORTE;AV DEZESSETE DE AGOSTO;SUBURBIO;COLISÃO COM CICLISTA;1;;1;;;;;;1;;Bom;Sem defeito;Perfeito estado;Seca;Perfeito estado;Faixa de pedestre;R-6a;60 km/h;2019
26/05/2019;16:31:00;SEM VÍTIMA;PRADO;RUA GOMES TABORDA;SUBURBIO;COLISÃO TRASEIRA;2;;;;;;;;0;;Bom;Sem defeito;Perfeito estado;Seca;Perfeito estado;Outros;Outras;60 km/h;2019
26/05/2019;18:00:00;SEM VÍTIMA;CAMPO GRANDE;RUA PRUDENTE DE MORAES;SUBURBIO;ABALROAMENTO LONGITUDINAL;2;;;;;;;;0;;Bom;Não existe;;Seca;Perfeito estado;;Não há placas;;2019
26/05/2019;18:19:00;COM VÍTIMA;IBURA;AV SERRA DA MANTIQUEIRA;SUBURBIO;COLISÃO FRONTAL;;1;;;1;;;;1;;Bom;Não existe;Perfeito estado;Seca;Perfeito estado;;;;2019