data;hora;natureza_acidente;bairro;endereco;sentido_via;tipo;auto;moto;ciclista;pedestre;onibus;caminhao;viatura;outros;vitimas;vitimasfatais;tempo_clima;situacao_semaforo;sinalizacao;condicao_via;conservacao_via;ponto_controle;situacao_placa;velocidade_max_via;ano
26/05/2019;20:14:00;SEM VÍTIMA;JARDIM SÃO PAULO;EST DO CURADO;SUBURBIO;ABALROAMENTO LONGITUDINAL;1;;;;1;;;;0;;Chuvoso;Não existe;Incompleta;Molhada;Perfeito estado;Não existe;Outras;;2019
26/05/2019;21:35:00;SEM VÍTIMA;CABANGA;PTE GOVERNADOR PAULO GUERRA;SUBURBIO;COLISÃO TRASEIRA;3;;;;;;;;0;;Bom;Sem defeito;Perfeito estado;Seca;Perfeito estado;Faixa de pedestre;Não há placas;;2019
26/05/2019;23:24:00;SEM VÍTIMA;ÁGUA FRIA;RUA DR EUDES COSTA;CIDADE;ABALROAMENTO TRANSVERSAL;2;;;;;;;;0;;Bom;Não existe;Incompleta;Seca;Perfeito estado;Não existe;Outras;;2019
26/05/2019;23:47:00;SEM VÍTIMA;;C SANTA RITA;SUBURBIO;CHOQUE VEÍCULO PARADO;;;;;1;;1;;0;;Bom;Não existe;Perfeito estado;Seca;Perfeito estado;Não existe;Não há placas;;2019
27/05/2019;06:25:00;COM VÍTIMA;IPUTINGA;AV CAXANGA;CIDADE;COLISÃO;1;1;;;;;;;2;;Chuvoso;Sem defeito;Perfeito estado;Molhada;Perfeito estado;Faixa de pedestre;R-6a;;2019
27/05/2019;06:40:00;COM VÍTIMA;SANTO AMARO;AV GOVERNADOR AGAMENON MAGALHAES;OLINDA;COLISÃO TRASEIRA;1;1;;;;;;;1;;Chuvoso;Sem defeito;Perfeito estado;Molhada;Perfeito estado;Faixa de pedestre;Não há placas;;2019
27/05/2019;06:43:00;COM VÍTIMA;IPSEP;AV RECIFE;BOA VIAGEM;ABALROAMENTO LONGITUDINAL;;2;;;;;;;2;;;Não existe;Perfeito estado;Molhada;Perfeito estado;Não existe;Não há placas;60 km/h;2019
27/05/2019;07:28:00;SEM VÍTIMA;IMBIRIBEIRA;AV GENERAL MAC ARTHUR;SUBURBIO;COLISÃO FRONTAL;1;;;;;;;;0;;Chuvoso;Sem defeito;Perfeito estado;Molhada;Perfeito estado;Faixa de pedestre;Outras;40 km/h;2019
27/05/2019;07:38:00;SEM VÍTIMA;DERBY;RUA JENER DE SOUZA;;ABALROAMENTO LONGITUDINAL;2;;;;;;;;0;;Chuvoso;Não existe;Perfeito estado;Molhada;Perfeito estado;Não existe;R-6a;;2019
27/05/2019;07:44:00;SEM VÍTIMA;CAJUEIRO;AV SEBASTIAO SALAZAR;SUBURBIO;ABALROAMENTO TRANSVERSAL;1;1;;;;;;;0;;Bom;Não existe;Perfeito estado;Seca;Perfeito estado;Faixa de pedestre;Não há placas;;2019
27/05/2019;08:05:00;SEM VÍTIMA;IMBIRIBEIRA;AV MARECHAL MASCARENHAS DE MORAES;AEROPORTO;ACID. DE PERCURSO;0;;;;;;;;0;;;;;;;;;;2019
27/05/2019;08:06:00;SEM VÍTIMA;BOA VIAGEM;RUA DOM JOSE LOPES;;COLISÃO;2;;;;;;;;0;;;;;;;;;;2019
27/05/2019;08:25:00;COM VÍTIMA;SANTO AMARO;RUA ARNOBIO MARQUES;SUBURBIO;ABALROAMENTO LONGITUDINAL;1;1;;;;;;;1;;Chuvoso;Não existe;Incompleta;Molhada;Perfeito estado;;Não há placas;;2019
27/05/2019;10:02:00;COM VÍTIMA;CASA FORTE;AV DEZESSETE DE AGOSTO;SUBURBIO;COLISÃO;1;1;;;;;;;1;;;;;;;;;;2019
27/05/2019;10:36:00;SEM VÍTIMA;SÃO JOSÉ;AV DANTAS BARRETO;CIDADE;ABALROAMENTO LONGITUDINAL;1;;;;;;;;0;;Bom;Sem defeito;Perfeito estado;Seca;Perfeito estado;;;;2019
27/05/2019;12:55:00;SEM VÍTIMA;DERBY;RUA HENRIQUE DIAS;;COLISÃO;1;;;;1;;;;0;;;;;;;;;;2019
27/05/2019;14:29:00;SEM VÍTIMA;BOA VIAGEM;AV ENGENHEIRO DOMINGOS FERREIRA;SUBURBIO;ABALROAMENTO TRANSVERSAL;1;;;;1;;;;0;;Bom;Não existe;Perfeito estado;Seca;Perfeito estado;Não existe;Não há placas;60 km/h;2019
27/05/2019;15:33:00;COM VÍTIMA;MADALENA;RUA PROFESSOR BENEDITO MONTEIRO;;COLISÃO;2;;;;;;;;1;;;;;;;;;;2019
27/05/2019;15:36:00;SEM VÍTIMA;JOANA BEZERRA;AV BEIRA RIO;SUBURBIO;COLISÃO TRASEIRA;2;;;;;;;;0;;Bom;Não existe;Perfeito estado;Seca;Perfeito estado;Agente;Não há placas;40 km/h;2019
27/05/2019;15:37:00;SEM VÍTIMA;IMBIRIBEIRA;AV MARECHAL MASCARENHAS DE MORAES;SUBURBIO;ABALROAMENTO LONGITUDINAL;;1;;;;1;;;0;;Chuvoso;Sem defeito;Perfeito estado;Molhada;Mal conservada;Faixa de retenção;Não há placas;60 km/h;2019
27/05/2019;15:37:00;SEM VÍTIMA;BOMBA DO HEMETÉRIO;AV NORTE;;COLISÃO;;;;;;1;;1;0;;;;;;;;;;2019
27/05/2019;15:43:00;SEM VÍTIMA;;RUA BALTAZAR PASSOS;CIDADE;ABALROAMENTO LONGITUDINAL;1;;;;1;;;;0;;Bom;Não existe;Perfeito estado;Seca;Perfeito estado;Não existe;Não há placas;;2019
27/05/2019;16:55:00;SEM VÍTIMA;SANTO ANTÔNIO;AV MARTINS DE BARROS;SUBURBIO;COLISÃO TRASEIRA;1;1;;;;;;;0;;Bom;Sem defeito;Perfeito estado;Seca;Perfeito estado;Faixa de retenção;Não há placas;;2019
27/05/2019;18:12:00;SEM VÍTIMA;CORDEIRO;AV MAURICIO DE NASSAU;CIDADE;ABALROAMENTO LONGITUDINAL;1;;;;1;;;;0;;Bom;Sem defeito;Perfeito estado;Seca;Perfeito estado;Faixa de retenção;;;2019
27/05/2019;18:48:00;SEM VÍTIMA;SANTO AMARO;AV CRUZ CABUGA;;COLISÃO TRASEIRA;1;;;;1;;;;0;;Bom;Sem defeito;Perfeito estado;Seca;Perfeito estado;;Outras;;2019
27/05/2019;18:50:00;SEM VÍTIMA;SANTO AMARO;AV NORTE;;COLISÃO;2;;;;;;;;0;;;;;;;;;;2019
27/05/2019;18:53:00;SEM VÍTIMA;BARRO;AV DR JOSE RUFINO;;COLISÃO;1;;;;1;;;;0;;;;;;;;;;2019
27/05/2019;18:58:00;SEM VÍTIMA;MADALENA;AV BEIRA RIO;;COLISÃO;2;;;;;;;;0;;;;;;;;;;2019
27/05/2019;19:17:00;SEM VÍTIMA;SANTO AMARO;AV GOVERNADOR AGAMENON MAGALHAES;SUBURBIO;COLISÃO TRASEIRA;2;;;;;;;;0;;Bom;Sem defeito;Perfeito estado;Seca;Perfeito estado;Faixa de pedestre;;60 km/h;2019
27/05/2019;19:27:00;SEM VÍTIMA;BOA VISTA;RUA JOAO FERNANDES VIEIRA;SUBURBIO;COLISÃO TRASEIRA;3;;;;;;;;0;;Bom;Não existe;Perfeito estado;Seca;Perfeito estado;Faixa de pedestre;;;2019
27/05/2019;19:35:00;SEM VÍTIMA;IMBIRIBEIRA;RUA PRESIDENTE NILO PECANHA;SUBURBIO;CHOQUE VEÍCULO PARADO;1;;;;1;;;;0;;Chuvoso;Não existe;Ilegível;Molhada;Mal iluminada;Não existe;Não há placas;;2019
28/05/2019;01:23:00;SEM VÍTIMA;IPUTINGA;RUA DES OSCAR COUTINHO;SUBURBIO;CHOQUE VEÍCULO PARADO;2;;;;;;;;0;;Bom;Não existe;Não existente;Seca;Perfeito estado;Não existe;Não há placas;;2019
28/05/2019;03:52:00;SEM VÍTIMA;MANGABEIRA;AV PROFESSOR JOSE DOS ANJOS;CIDADE;CHOQUE VEÍCULO PARADO;1;;;;1;;;;0;;Chuvoso;Não existe;Incompleta;Molhada;Mal iluminada;Não existe;Outras;;2019
28/05/2019;06:49:00;SEM VÍTIMA;GRAÇAS;AV GOVERNADOR AGAMENON MAGALHAES;;COLISÃO TRASEIRA;2;;;;;;;;0;;Chuvoso;Sem defeito;Perfeito estado;Molhada;Perfeito estado;;;60 km/h;2019
28/05/2019;07:21:00;SEM VÍTIMA;SANTO AMARO;AV GOVERNADOR AGAMENON MAGALHAES;;COLISÃO;3;;;;;;;;0;;;;;;;;;;2019
28/05/2019;07:25:00;SEM VÍTIMA;VÁRZEA;AV AFONSO OLINDENSE;SUBURBIO;COLISÃO TRASEIRA;2;;;;;;;;0;;Bom;Não existe;Perfeito estado;Seca;Perfeito estado;Faixa de pedestre;Não há placas;;2019
28/05/2019;07:56:00;SEM VÍTIMA;DERBY;PRC DO DERBY;CIDADE;ABALROAMENTO TRANSVERSAL;1;;;;1;;;;0;;Bom;Sem defeito;Perfeito estado;Seca;;Faixa de pedestre;Outras;50 km/h;2019
28/05/2019;08:06:00;COM VÍTIMA;BOA VIAGEM;RUA VISCONDE DE JEQUITINHONHA;SUBURBIO;ATROPELAMENTO;1;;;1;;;;;1;;Bom;Sem defeito;Perfeito estado;Seca;Perfeito estado;Não existe;Não há placas;60 km/h;2019
28/05/2019;08:49:00;SEM VÍTIMA;;RUA VISCONDE DE JEQUITINHONHA;;COLISÃO TRASEIRA;1;;;;1;;;;0;;Chuvoso;Sem defeito;Perfeito estado;Molhada;Perfeito estado;Faixa de pedestre;Outras;;2019
28/05/2019;08:49:00;SEM VÍTIMA;AREIAS;AV RECIFE;CIDADE;CHOQUE VEÍCULO PARADO;2;;;;;;;;0;;Bom;Sem defeito;Perfeito estado;Seca;Perfeito estado;Não existe;Não há placas;60 km/h;2019
28/05/2019;09:05:00;COM VÍTIMA;CASA AMARELA;AV NORTE;CIDADE;CHOQUE VEÍCULO PARADO;1;1;;;;;;;1;;Bom;Não existe;Incompleta;Seca;Mal conservada;Não existe;Não há placas;;2019
28/05/2019;09:16:00;SEM VÍTIMA;BARRO;RUA JOSE NATARIO;;COLISÃO TRASEIRA;2;;;;;;;;0;;Bom;Sem defeito;Perfeito estado;Seca;Perfeito estado;Não existe;Não há placas;;2019
28/05/2019;09:27:00;SEM VÍTIMA;PRADO;RUA XAVIER SOBRINHO;;ABALROAMENTO TRANSVERSAL;2;;;;;;;;0;;Bom;Não existe;Não existente;Seca;Mal conservada;Não existe;Não há placas;;2019
28/05/2019;09:43:00;SEM VÍTIMA;DERBY;PRC DO DERBY;CIDADE;ABALROAMENTO LONGITUDINAL;2;;;;;;;;0;;Bom;Sem defeito;;Seca;Perfeito estado;Faixa de pedestre;;;2019
28/05/2019;09:52:00;SEM VÍTIMA;GRAÇAS;RUA JOAQUIM NABUCO;SUBURBIO;ABALROAMENTO LONGITUDINAL;1;;;;;;1;;0;;Bom;Sem defeito;Perfeito estado;Seca;Perfeito estado;Não existe;R-6a;40 km/h;2019
28/05/2019;10:53:00;SEM VÍTIMA;GUABIRABA;AV VEREADOR OTACILIO AZEVEDO;SUBURBIO;ABALROAMENTO LONGITUDINAL;1;;;;;1;;;0;;Bom;Não existe;Ilegível;Seca;Perfeito estado;Não existe;Placas Pare;;2019
28/05/2019;12:12:00;COM VÍTIMA;CASA FORTE;RUA SANTANA;;COLISÃO;1;1;;;;;;;1;;;;;;;;;;2019
28/05/2019;12:50:00;SEM VÍTIMA;BOA VISTA;RUA DOM BOSCO;SUBURBIO;ABALROAMENTO LONGITUDINAL;2;;;;;;;;0;;Bom;Não existe;Perfeito estado;Seca;Perfeito estado;Não existe;R-6a;;2019
28/05/2019;12:58:00;COM VÍTIMA;BOA VIAGEM;AV BOA VIAGEM;CIDADE;ABALROAMENTO LONGITUDINAL;;1;;;1;;;;1;;Bom;Sem defeito;Perfeito estado;Seca;Perfeito estado;Faixa de pedestre;Outras;60 km/h;2019
28/05/2019;13:00:00;COM VÍTIMA;SANTO AMARO;RUA DO POMBAL;CIDADE;ABALROAMENTO TRANSVERSAL;2;;;;;;;;2;;Bom;Não existe;Ilegível;Seca;Perfeito estado;Não existe;Não há placas;;2019
28/05/2019;13:07:00;SEM VÍTIMA;BOA VIAGEM;RUA AMALIA BERNARDINO DE SOUZA;CIDADE;ABALROAMENTO TRANSVERSAL;2;;;;;;;;0;;Bom;Não existe;Perfeito estado;Seca;Perfeito estado;Não existe;Placas Pare;;2019
28/05/2019;13:10:00;SEM VÍTIMA;CAMPO GRANDE;RUA JERONIMO VILELA;CIDADE;COLISÃO TRASEIRA;2;;;;;;;;0;;Bom;Sem defeito;Perfeito estado;Seca;Perfeito estado;Faixa de pedestre;R-6a;;2019
28/05/2019;13:40:00;SEM VÍTIMA;IMBIRIBEIRA;RUA FELIPE CAMARAO;;ABALROAMENTO LONGITUDINAL;2;;;;;;;;0;;Bom;Não existe;Não existente;Seca;Mal conservada;Não existe;Não há placas;;2019
28/05/2019;13:43:00;SEM VÍTIMA;GRAÇAS;AV RUI BARBOSA;SUBURBIO;ABALROAMENTO LONGITUDINAL;2;;;;;;;;0;;Bom;Sem defeito;Perfeito estado;Seca;Perfeito estado;Faixa de pedestre;R-6a;;2019
28/05/2019;13:50:00;COM VÍTIMA;IMBIRIBEIRA;RUA ITAJAI;SUBURBIO;ABALROAMENTO LONGITUDINAL;1;1;;;;;;;1;;Bom;Não existe;Perfeito estado;Seca;Perfeito estado;Faixa de pedestre;Placas Pare;;2019
28/05/2019;13:50:00;SEM VÍTIMA;IBURA;AV DOIS RIOS;CIDADE;ABALROAMENTO LONGITUDINAL;1;1;;;;;;;0;;Bom;Não existe;Perfeito estado;Seca;Perfeito estado;Não existe;Não há placas;;2019
28/05/2019;14:03:00;SEM VÍTIMA;IPSEP;RUA JEAN EMILE FAVRE;;ABALROAMENTO TRANSVERSAL;1;;;;1;;;;0;;Bom;Sem defeito;Perfeito estado;Seca;Perfeito estado;Faixa de pedestre;R-6a;;2019
28/05/2019;14:04:00;SEM VÍTIMA;BOA VISTA;RUA JOSE DE ALENCAR;CIDADE;ABALROAMENTO TRANSVERSAL;2;;;;;;;;0;;Bom;Não existe;Não existente;Seca;Perfeito estado;Não existe;R-6a;;2019
28/05/2019;14:51:00;SEM VÍTIMA;SANTO AMARO;RUA BARAO DE IGARASSU;SUBURBIO;ABALROAMENTO LONGITUDINAL;1;1;;;;;;;0;;Bom;Não existe;Incompleta;Seca;Perfeito estado;Não existe;Não há placas;;2019
29/05/2019;06:56:00;COM VÍTIMA;DERBY;AV GOVERNADOR AGAMENON MAGALHAES;;COLISÃO TRASEIRA;1;1;;;;;;;1;;Bom;Sem defeito;Perfeito estado;Seca;Perfeito estado;Faixa de pedestre;;60 km/h;2019
28/05/2019;16:13:00;SEM VÍTIMA;SANTO AMARO;AV NORTE;SUBURBIO;ABALROAMENTO LONGITUDINAL;1;;;;1;;;;0;;Bom;Sem defeito;Perfeito estado;Seca;Perfeito estado;Não existe;Não há placas;60 km/h;2019
28/05/2019;16:28:00;SEM VÍTIMA;GRAÇAS;RUA AMELIA;CIDADE;COLISÃO TRASEIRA;2;;;;;;;;0;;Bom;Sem defeito;Perfeito estado;Seca;Perfeito estado;Faixa de pedestre;R-6a;;2019
28/05/2019;16:42:00;SEM VÍTIMA;CORDEIRO;RUA TIJUCAS;;ABALROAMENTO TRANSVERSAL;;1;;;;;1;;0;;Bom;Não existe;Perfeito estado;Seca;Perfeito estado;Não existe;R-6a;;2019
28/05/2019;17:05:00;COM VÍTIMA;TORRE;RUA PADRE LANDIM;;ABALROAMENTO TRANSVERSAL;1;;;;;1;;;1;;Bom;Sem defeito;Incompleta;Seca;Perfeito estado;Faixa de retenção;Não há placas;;2019
28/05/2019;17:20:00;SEM VÍTIMA;BOA VIAGEM;VIADUTO TANCREDO NEVES;;COLISÃO;2;;;;;;;;0;;;;;;;;;;2019
28/05/2019;17:25:00;SEM VÍTIMA;BOA VIAGEM;AV ARMINDO MOURA;SUBURBIO;ABALROAMENTO LONGITUDINAL;2;;;;;;;;0;;Bom;Não existe;Perfeito estado;Seca;Perfeito estado;Faixa de pedestre;Não há placas;;2019
28/05/2019;17:51:00;SEM VÍTIMA;MACAXEIRA;AV NORTE;CIDADE;ABALROAMENTO LONGITUDINAL;2;;;;;;;;0;;Bom;Não existe;Perfeito estado;Seca;Perfeito estado;Não existe;Não há placas;60 km/h;2019
28/05/2019;18:00:00;SEM VÍTIMA;SANTO AMARO;AV NORTE;SUBURBIO;COLISÃO TRASEIRA;2;;;;;;;;0;;Bom;Não existe;Perfeito estado;Seca;Perfeito estado;Não existe;R-6a;40 km/h;2019
28/05/2019;18:23:00;SEM VÍTIMA;BREJO DA GUABIRABA;AV VEREADOR OTACILIO AZEVEDO;SUBURBIO;CHOQUE VEÍCULO PARADO;1;;;;1;;;;0;;Bom;Não existe;Incompleta;Seca;Perfeito estado;Não existe;Não há placas;;2019
28/05/2019;19:20:00;SEM VÍTIMA;ILHA DO LEITE;RUA ESTADO DE ISRAEL;CIDADE;ABALROAMENTO TRANSVERSAL;1;1;;;;;;;0;;Bom;Não existe;Perfeito estado;Seca;Perfeito estado;Não existe;R-6a;;2019
28/05/2019;20:08:00;SEM VÍTIMA;SAN MARTIN;AV ENGENHEIRO ABDIAS DE CARVALHO;SUBURBIO;ABALROAMENTO LONGITUDINAL;2;;;;;;;;0;;Bom;Sem defeito;Perfeito estado;Seca;Perfeito estado;Faixa de pedestre;;;2019
29/05/2019;01:47:00;SEM VÍTIMA;ARRUDA;RUA PROFESSOR JERONIMO GUEIROS;CIDADE;ABALROAMENTO TRANSVERSAL;2;;;;;;;;0;;Bom;Sem defeito;Perfeito estado;Seca;Mal conservada;;Não há placas;;2019
29/05/2019;06:56:00;SEM VÍTIMA;ESPINHEIRO;RUA DO ESPINHEIRO;;COLISÃO;2;;;;;;;;0;;;;;;;;;;2019
29/05/2019;07:25:00;SEM VÍTIMA;AFOGADOS;EST DOS REMEDIOS;SUBURBIO;ABALROAMENTO LONGITUDINAL;1;;;;1;;;;0;;Chuvoso;Não existe;Perfeito estado;Molhada;Perfeito estado;;Outras;;2019
29/05/2019;07:40:00;SEM VÍTIMA;VÁRZEA;RUA PROFESSOR CHAVES BATISTA;CIDADE;ABALROAMENTO LONGITUDINAL;1;;;;;1;;;0;;Chuvoso;Não existe;Não existente;Molhada;Perfeito estado;Não existe;Não há placas;;2019
29/05/2019;07:51:00;SEM VÍTIMA;BOMBA DO HEMETÉRIO;RUA CHA DE ALEGRIA;SUBURBIO;COLISÃO TRASEIRA;2;;;;;;;;0;;Chuvoso;Não existe;Perfeito estado;Molhada;Perfeito estado;Não existe;Outras;40 km/h;2019
29/05/2019;08:01:00;COM VÍTIMA;CABANGA;VIADUTO CAPITAO TEMUDO;SUBURBIO;COLISÃO TRASEIRA;1;1;;;;;;;1;;Chuvoso;Não existe;Perfeito estado;Oleosa;Perfeito estado;Não existe;Não há placas;;2019
29/05/2019;08:10:00;COM VÍTIMA;PRADO;RUA GERVASIO CAMPELO;CIDADE;ABALROAMENTO TRANSVERSAL;1;1;;;;;;;1;;Bom;Não existe;Perfeito estado;Seca;Perfeito estado;Faixa de pedestre;R-6a;30 km/h;2019
29/05/2019;08:50:00;SEM VÍTIMA;VÁRZEA;AV AFONSO OLINDENSE;CIDADE;COLISÃO TRASEIRA;1;1;;;;;;;0;;Chuvoso;Não existe;Não existente;Molhada;Perfeito estado;Faixa de pedestre;Não há placas;;2019
29/05/2019;09:21:00;SEM VÍTIMA;MONTEIRO;AV DEZESSETE DE AGOSTO;SUBURBIO;COLISÃO TRASEIRA;1;;;;1;;;;0;;Chuvoso;;Perfeito estado;Molhada;Perfeito estado;Faixa de pedestre;R-6a;60 km/h;2019
29/05/2019;09:29:00;SEM VÍTIMA;PINA;AV CONSELHEIRO AGUIAR;CIDADE;ABALROAMENTO LONGITUDINAL;1;1;;;;;;;0;;Chuvoso;Sem defeito;Perfeito estado;Molhada;Perfeito estado;Agente;;60 km/h;2019
29/05/2019;09:49:00;COM VÍTIMA;CASA AMARELA;RUA XAVANTES;SUBURBIO;ABALROAMENTO TRANSVERSAL;1;1;;;;;;;1;;Chuvoso;Não existe;Perfeito estado;Molhada;Perfeito estado;Não existe;Placas Pare;;2019
29/05/2019;10:35:00;SEM VÍTIMA;BOA VIAGEM;RUA PROFESSOR JOSE BRANDAO;;COLISÃO TRASEIRA;2;;;;;;;;0;;Chuvoso;Não existe;Perfeito estado;Molhada;Perfeito estado;Outros;Placas Pare;40 km/h;2019
29/05/2019;10:40:00;SEM VÍTIMA;BOA VIAGEM;RUA BRUNO VELOSO;;COLISÃO;2;;;;;;;;0;;;;;;;;;;2019
29/05/2019;10:55:00;SEM VÍTIMA;SAN MARTIN;AV GENERAL SAN MARTIN;SUBURBIO;COLISÃO TRASEIRA;2;;;;;;;;0;;Nublado;;Incompleta;Seca;;Não existe;Não há placas;;2019
29/05/2019;11:03:00;SEM VÍTIMA;IMBIRIBEIRA;AV MARECHAL MASCARENHAS DE MORAES;;COLISÃO;;;;;;;;;0;;;;;;;;;;2019
29/05/2019;11:10:00;COM VÍTIMA;ENCRUZILHADA;AV NORTE;CIDADE;CAPOTAMENTO;;1;;;;;;;1;;Chuvoso;Não existe;Perfeito estado;Molhada;Perfeito estado;Não existe;Outras;;2019
29/05/2019;11:28:00;SEM VÍTIMA;POÇO DA PANELA;RUA IRMA MARIA DA PAZ;SUBURBIO;ABALROAMENTO TRANSVERSAL;2;;;;;;;;0;;Chuvoso;Não existe;Perfeito estado;Molhada;Perfeito estado;Não existe;Não há placas;40 km/h;2019
29/05/2019;12:07:00;SEM VÍTIMA;BOA VIAGEM;RUA FRANCISCO DE BARROS BARRETO;SUBURBIO;COLISÃO TRASEIRA;2;;;;;;;;0;;Bom;Não existe;Não existente;Seca;Perfeito estado;Não existe;Não há placas;;2019
29/05/2019;12:53:00;SEM VÍTIMA;ESPINHEIRO;AV GOVERNADOR AGAMENON MAGALHAES;BOA VIAGEM;COLISÃO;1;1;;;;;;;0;;;;;;;;;;2019
29/05/2019;14:07:00;SEM VÍTIMA;SANTO AMARO;AV CRUZ CABUGA;CIDADE;ABALROAMENTO LONGITUDINAL;1;;;;;1;;;0;;Chuvoso;Não existe;Não existente;Molhada;Mal conservada;Não existe;;50 km/h;2019
29/05/2019;14:26:00;SEM VÍTIMA;BOA VISTA;RUA DA SOLEDADE;SUBURBIO;COLISÃO TRASEIRA;2;;;;;;;;0;;Bom;Sem defeito;Perfeito estado;;;Faixa de pedestre;Outras;;2019
29/05/2019;15:37:00;SEM VÍTIMA;BOA VIAGEM;AV ENGENHEIRO DOMINGOS FERREIRA;SUBURBIO;ABALROAMENTO LONGITUDINAL;2;;;;;;;;0;;Bom;Sem defeito;Perfeito estado;Seca;Perfeito estado;Faixa de pedestre;Não há placas;60 km/h;2019
29/05/2019;17:46:00;SEM VÍTIMA;CAMPO GRANDE;RUA JERONIMO VILELA;SUBURBIO;ABALROAMENTO TRANSVERSAL;1;1;;;;;;;0;;Bom;Não existe;Perfeito estado;Seca;Perfeito estado;Não existe;Placas Pare;40 km/h;2019
29/05/2019;18:14:00;SEM VÍTIMA;BOA VIAGEM;AV ENGENHEIRO DOMINGOS FERREIRA;SUBURBIO;ABALROAMENTO LONGITUDINAL;1;;;;1;;;;0;;Bom;Sem defeito;Perfeito estado;Seca;Perfeito estado;Faixa de retenção;Não há placas;60 km/h;2019
29/05/2019;18:16:00;SEM VÍTIMA;BOA VIAGEM;AV FERNANDO SIMOES BARBOSA;SUBURBIO;ABALROAMENTO TRANSVERSAL;2;;;;;;;;0;;Bom;Sem defeito;Perfeito estado;Seca;Perfeito estado;Faixa de pedestre;Outras;60 km/h;2019
29/05/2019;19:36:00;SEM VÍTIMA;CAMPINA DO BARRETO;RUA CORONEL URBANO RIBEIRO DE SENA;;COLISÃO;2;;;;;;;;0;;;;;;;;;;2019
29/05/2019;22:37:00;SEM VÍTIMA;TORRE;AV BEIRA RIO;SUBURBIO;COLISÃO TRASEIRA;2;;;;;;;;0;;Bom;Não existe;Perfeito estado;Seca;Perfeito estado;Não existe;Não há placas;60 km/h;2019
30/05/2019;07:00:00;SEM VÍTIMA;;RUA BENFICA;CIDADE;ABALROAMENTO LONGITUDINAL;2;;;;;;;;0;;Bom;Não existe;Incompleta;Seca;Perfeito estado;Não existe;Não há placas;;2019
30/05/2019;07:10:00;COM VÍTIMA;VÁRZEA;AV CAXANGA;CIDADE;ATROPELAMENTO;1;;;1;;;;;1;;Chuvoso;Sem defeito;Perfeito estado;Molhada;Perfeito estado;Faixa de pedestre;R-6a;60 km/h;2019
30/05/2019;07:23:00;SEM VÍTIMA;DERBY;RUA FELICIANO GOMES;CIDADE;ABALROAMENTO TRANSVERSAL;2;;;;;;;;0;;Bom;Não existe;Não existente;Seca;Perfeito estado;Não existe;Não há placas;;2019
30/05/2019;07:48:00;SEM VÍTIMA;AFOGADOS;AV SUL;CIDADE;ABALROAMENTO LONGITUDINAL;1;;;;;1;;;0;;Bom;Não existe;Perfeito estado;Seca;Perfeito estado;Não existe;Não há placas;60 km/h;2019
30/05/2019;08:06:00;SEM VÍTIMA;DERBY;AV GOVERNADOR AGAMENON MAGALHAES;;COLISÃO TRASEIRA;2;;;;;;;;0;;Bom;Sem defeito;Perfeito estado;Seca;Perfeito estado;Não existe;Outras;60 km/h;2019
30/05/2019;08:09:00;SEM VÍTIMA;BOA VIAGEM;RUA JOSE MOREIRA LEAL;CIDADE;CHOQUE VEÍCULO PARADO;2;;;;;;;;0;;Bom;Não existe;Não existente;Seca;Perfeito estado;Não existe;Não há placas;;2019
30/05/2019;08:13:00;SEM VÍTIMA;MANGABEIRA;RUA JACOB;SUBURBIO;ABALROAMENTO LONGITUDINAL;2;;;;;;;;0;;Bom;Não existe;Perfeito estado;Seca;Perfeito estado;;;30 km/h;2019
30/05/2019;08:26:00;COM VÍTIMA;TORRÕES;AV ENGENHEIRO ABDIAS DE CARVALHO;CIDADE;ATROPELAMENTO;;1;;1;;;;;1;;Bom;Não existe;Perfeito estado;Seca;Perfeito estado;Não existe;Não há placas;;2019
30/05/2019;08:47:00;SEM VÍTIMA;ESTÂNCIA;AV DR JOSE RUFINO;SUBURBIO;ABALROAMENTO TRANSVERSAL;1;1;;;;;;;0;;Bom;Não existe;Perfeito estado;Seca;Perfeito estado;Outros;Outras;60 km/h;2019
30/05/2019;09:34:00;SEM VÍTIMA;CASA AMARELA;AV NORTE;SUBURBIO;ABALROAMENTO LONGITUDINAL;1;;;;;;;;0;;Chuvoso;Sem defeito;Perfeito estado;Molhada;Perfeito estado;Faixa de pedestre;R-6c;60 km/h;2019
30/05/2019;09:48:00;SEM VÍTIMA;BOA VIAGEM;RUA PROFESSOR EDUARDO WANDERLEY FILHO;CIDADE;ABALROAMENTO LONGITUDINAL;2;;;;;;;;0;;Bom;Não existe;Ilegível;Seca;Mal conservada;Não existe;Não há placas;;2019
30/05/2019;10:14:00;SEM VÍTIMA;SANTO AMARO;AV GOVERNADOR AGAMENON MAGALHAES;CIDADE;COLISÃO;2;;;;;;;;0;;;;;;;;;;2019
30/05/2019;11:14:00;SEM VÍTIMA;PINA;AVENIDA CELSO FURTADO (VIA MANGUE);SUBURBIO;ABALROAMENTO LONGITUDINAL;2;;;;;;;;0;;Bom;Não existe;Perfeito estado;Seca;Perfeito estado;Outros;Outras;;2019