data;hora;natureza_acidente;bairro;endereco;sentido_via;tipo;auto;moto;ciclista;pedestre;onibus;caminhao;viatura;outros;vitimas;vitimasfatais;tempo_clima;situacao_semaforo;sinalizacao;condicao_via;conservacao_via;ponto_controle;situacao_placa;velocidade_max_via;ano
30/05/2019;11:16:00;SEM VÍTIMA;CASA AMARELA;RUA DES MOTTA JUNIOR;SUBURBIO;ABALROAMENTO LONGITUDINAL;1;;;;;1;;;0;;Bom;Não existe;Incompleta;Seca;Perfeito estado;Não existe;Placas Pare;;2019
30/05/2019;12:00:00;COM VÍTIMA;PINA;RUA MANOEL DE BRITO;CIDADE;ABALROAMENTO LONGITUDINAL;1;1;;;;;;;1;;Chuvoso;Sem defeito;Perfeito estado;Molhada;Perfeito estado;Não existe;Outras;;2019
30/05/2019;12:17:00;COM VÍTIMA;TAMARINEIRA;RUA DR JOSE MARIA;;ABALROAMENTO LONGITUDINAL;1;1;;;;;;;1;;Chuvoso;Sem defeito;Perfeito estado;Molhada;Perfeito estado;Faixa de pedestre;R-6a;30 km/h;2019
30/05/2019;12:19:00;SEM VÍTIMA;SÃO JOSÉ;AV MARTINS DE BARROS;SUBURBIO;ABALROAMENTO LONGITUDINAL;1;;;;1;;;;0;;Bom;Não existe;Perfeito estado;Seca;Perfeito estado;Faixa de pedestre;Não há placas;;2019
30/05/2019;12:34:00;SEM VÍTIMA;CAXANGÁ;AV CAXANGA;SUBURBIO;COLISÃO TRASEIRA;2;;;;;;;;0;;Chuvoso;Não existe;Perfeito estado;Molhada;Perfeito estado;Não existe;Outras;;2019
30/05/2019;12:40:00;SEM VÍTIMA;BOA VISTA;AV CONDE DA BOA VISTA;;COLISÃO;2;;;;;;;;0;;;;;;;;;;2019
30/05/2019;13:29:00;SEM VÍTIMA;;RUA DEPUTADO JOSE FRANCISCO DE MELO CAVALCANTI;CIDADE;ABALROAMENTO TRANSVERSAL;2;;;;;;;;0;;Bom;Não existe;Não existente;Seca;Perfeito estado;Não existe;Não há placas;;2019
30/05/2019;14:26:00;SEM VÍTIMA;IPUTINGA;AV CAXANGA;CIDADE;COLISÃO TRASEIRA;2;;;;;;;;0;;Bom;Sem defeito;Perfeito estado;Seca;Perfeito estado;Faixa de pedestre;Outras;;2019
30/05/2019;15:19:00;SEM VÍTIMA;AFOGADOS;RUA SANTOS ARAUJO;;COLISÃO;1;;;;;1;;;0;;;;;;;;;;2019
30/05/2019;15:23:00;SEM VÍTIMA;LINHA DO TIRO;RUA CORREGO DO EUCLIDES;SUBURBIO;ABALROAMENTO LONGITUDINAL;2;;;;;;;;0;;Bom;Não existe;Incompleta;Seca;Perfeito estado;Não existe;Não há placas;;2019
30/05/2019;15:38:00;SEM VÍTIMA;CORDEIRO;RUA ADELMAR TAVARES;;ABALROAMENTO TRANSVERSAL;2;;;;;;;;0;;Bom;Não existe;Não existente;Seca;Perfeito estado;Não existe;Não há placas;;2019
30/05/2019;15:44:00;SEM VÍTIMA;ÁGUA FRIA;AV BEBERIBE;CIDADE;ABALROAMENTO LONGITUDINAL;1;;;;1;;;;0;;Bom;Não existe;Incompleta;Seca;Mal conservada;Não existe;Outras;;2019
30/05/2019;15:56:00;COM VÍTIMA;BOA VIAGEM;RUA VISCONDE DE JEQUITINHONHA;SUBURBIO;ABALROAMENTO TRANSVERSAL;1;1;;;;;;;1;;Bom;Sem defeito;Perfeito estado;Seca;Perfeito estado;Faixa de pedestre;R-4a;60 km/h;2019
30/05/2019;16:41:00;SEM VÍTIMA;JARDIM SÃO PAULO;AV SAO PAULO;CIDADE;COLISÃO TRASEIRA;2;;;;;;;;0;;Bom;Não existe;;Seca;Perfeito estado;Não existe;R-6a;;2019
30/05/2019;17:00:00;COM VÍTIMA;SANTO ANTÔNIO;PRC DA REPUBLICA;SUBURBIO;CAPOTAMENTO;;1;;;;;;;1;;Bom;Sem defeito;Perfeito estado;Seca;Perfeito estado;Não existe;Não há placas;;2019
30/05/2019;17:23:00;SEM VÍTIMA;IBURA;AV QUEIXARAMOBIM;;COLISÃO;1;;;;1;;;;0;;;;;;;;;;2019
30/05/2019;17:28:00;COM VÍTIMA;BONGI;AV ENGENHEIRO ABDIAS DE CARVALHO;CIDADE;COLISÃO TRASEIRA;1;1;;;;;;;1;;Bom;Sem defeito;Perfeito estado;Seca;Perfeito estado;Não existe;Não há placas;;2019
30/05/2019;17:31:00;SEM VÍTIMA;BOA VIAGEM;RUA VISCONDE DE JEQUITINHONHA;SUBURBIO;ABALROAMENTO LONGITUDINAL;2;;;;;;;;0;;Bom;Não existe;Perfeito estado;Seca;Perfeito estado;Não existe;Não há placas;;2019
30/05/2019;18:00:00;SEM VÍTIMA;JORDÃO;AV MARIA IRENE;;COLISÃO TRASEIRA;2;;;;;;;;0;;Bom;Não existe;Não existente;Seca;Perfeito estado;Não existe;Não há placas;;2019
30/05/2019;18:27:00;COM VÍTIMA;JARDIM SÃO PAULO;RUA LEANDRO BARRETO;CIDADE;ATROPELAMENTO;;;;1;1;;;;1;;Bom;Sem defeito;Incompleta;Seca;Perfeito estado;;Não há placas;;2019
30/05/2019;18:55:00;SEM VÍTIMA;SANTO AMARO;RUA MALAQUIAS DA ROCHA;SUBURBIO;ABALROAMENTO TRANSVERSAL;1;;;;;;;;0;;Bom;Não existe;Não existente;Seca;Mal iluminada;Não existe;Não há placas;;2019
30/05/2019;22:04:00;SEM VÍTIMA;SANTO AMARO;AV GOVERNADOR AGAMENON MAGALHAES;;COLISÃO TRASEIRA;1;;;;1;;;;0;;Bom;Não existe;Perfeito estado;Seca;Perfeito estado;Não existe;Outras;;2019
30/05/2019;22:05:00;SEM VÍTIMA;TEJIPIÓ;RUA CARLOS XAVIER PAES BARRETO;CIDADE;ABALROAMENTO LONGITUDINAL;3;;;;;;;;0;;Bom;Não existe;Perfeito estado;Seca;Perfeito estado;Não existe;Não há placas;;2019
31/05/2019;06:59:00;SEM VÍTIMA;BONGI;AV ENGENHEIRO ABDIAS DE CARVALHO;SUBURBIO;ABALROAMENTO LONGITUDINAL;1;;;;;;1;;0;;Bom;Sem defeito;Perfeito estado;Seca;Perfeito estado;Faixa de pedestre;Não há placas;60 km/h;2019
31/05/2019;07:58:00;SEM VÍTIMA;DERBY;RUA AMAURI DE MEDEIROS;;ABALROAMENTO LONGITUDINAL;1;;;;1;;;;0;;Bom;Não existe;Perfeito estado;Seca;Perfeito estado;;;;2019
31/05/2019;08:43:00;SEM VÍTIMA;CAMPO GRANDE;RUA ODORICO MENDES;SUBURBIO;COLISÃO TRASEIRA;2;;;;;;;;0;;Bom;Sem defeito;Perfeito estado;Seca;Perfeito estado;Faixa de pedestre;Outras;40 km/h;2019
31/05/2019;08:54:00;COM VÍTIMA;BOA VISTA;RUA DOM BOSCO;CID/SUB;ATROPELAMENTO;1;;;1;;;;;1;;Bom;Sem defeito;Perfeito estado;Seca;Perfeito estado;;R-6a;;2019
31/05/2019;10:01:00;SEM VÍTIMA;ESPINHEIRO;AV GOVERNADOR AGAMENON MAGALHAES;;ABALROAMENTO LONGITUDINAL;;1;;;;;1;;0;;Bom;Não existe;Perfeito estado;Seca;Perfeito estado;Não existe;Não há placas;;2019
31/05/2019;10:50:00;SEM VÍTIMA;IMBIRIBEIRA;AV MARECHAL MASCARENHAS DE MORAES;;ABALROAMENTO LONGITUDINAL;1;;;;1;;;;0;;Bom;Sem defeito;Perfeito estado;Seca;Perfeito estado;;Outras;;2019
31/05/2019;11:00:00;COM VÍTIMA;AFOGADOS;RUA SAO MIGUEL;SUBURBIO;COLISÃO TRASEIRA;1;;;;;;;;1;;Bom;Não existe;Perfeito estado;Seca;Perfeito estado;Não existe;Não há placas;;2019
31/05/2019;11:04:00;SEM VÍTIMA;JAQUEIRA;RUA MUNIZ TAVARES;SUBURBIO;ABALROAMENTO TRANSVERSAL;1;1;;;;;;;0;;Bom;Sem defeito;Perfeito estado;Seca;Perfeito estado;Faixa de pedestre;Outras;;2019
31/05/2019;11:52:00;COM VÍTIMA;SANTO AMARO;AV MARIO MELO;SUBURBIO;ABALROAMENTO LONGITUDINAL;1;1;;;;;;;1;;Bom;Não existe;Incompleta;Seca;Mal conservada;Não existe;Não há placas;40 km/h;2019
31/05/2019;12:11:00;COM VÍTIMA;DOIS IRMÃOS;RUA MANUEL DE MEDEIROS;SUBURBIO;ABALROAMENTO TRANSVERSAL;1;1;;;;;;;1;;Bom;Sem defeito;Perfeito estado;Seca;Perfeito estado;Não existe;Não há placas;;2019
31/05/2019;12:24:00;SEM VÍTIMA;BAIRRO DO RECIFE;AV ALFREDO LISBOA;SUBURBIO;ABALROAMENTO LONGITUDINAL;2;;;;;;;;0;;Bom;Não existe;Perfeito estado;Seca;Perfeito estado;Não existe;Não há placas;;2019
31/05/2019;12:24:00;SEM VÍTIMA;;AV MARECHAL MASCARENHAS DE MORAES;CIDADE;COLISÃO TRASEIRA;1;;;;;1;;;0;;Bom;Sem defeito;Perfeito estado;Seca;Perfeito estado;;;;2019
31/05/2019;12:30:00;SEM VÍTIMA;BRASÍLIA TEIMOSA;RUA MARECHAL HERMES;;COLISÃO;2;;;;;;;;0;;;;;;;;;;2019
31/05/2019;12:55:00;SEM VÍTIMA;IPSEP;AV DOM HELDER CAMARA;CIDADE;ABALROAMENTO LONGITUDINAL;2;;;;;;;;0;;Bom;Sem defeito;Perfeito estado;Seca;Perfeito estado;Faixa de pedestre;R-6a;;2019
31/05/2019;12:55:00;SEM VÍTIMA;CORDEIRO;RUA AUREO XAVIER;CIDADE;CHOQUE VEÍCULO PARADO;1;1;;;;;;;0;;Bom;Não existe;;Seca;Perfeito estado;Não existe;Placas Pare;;2019
31/05/2019;13:07:00;SEM VÍTIMA;PARNAMIRIM;AV DEZESSETE DE AGOSTO;;COLISÃO;1;1;;;;;;;0;;;;;;;;;;2019
31/05/2019;13:11:00;SEM VÍTIMA;IBURA;AV DOIS RIOS;CIDADE;ABALROAMENTO LONGITUDINAL;1;1;;;;;;;0;;Bom;Não existe;Não existente;Seca;Perfeito estado;Não existe;Não há placas;;2019
31/05/2019;13:14:00;SEM VÍTIMA;ZUMBI;RUA CONS THEODORO;;COLISÃO TRASEIRA;2;;;;;;;;0;;Bom;Sem defeito;Incompleta;Seca;Perfeito estado;Não existe;Não há placas;;2019
31/05/2019;14:09:00;SEM VÍTIMA;SANTO AMARO;RUA FREI CASSIMIRO;CIDADE;ABALROAMENTO TRANSVERSAL;1;1;;;;;;;0;;Bom;Não existe;Perfeito estado;Seca;Perfeito estado;;Placas Pare;;2019
31/05/2019;14:15:00;SEM VÍTIMA;GRAÇAS;AV RUI BARBOSA;CIDADE;ABALROAMENTO TRANSVERSAL;2;;;;;;;;0;;Bom;Não existe;Perfeito estado;Seca;Perfeito estado;Outros;Outras;;2019
31/05/2019;14:40:00;COM VÍTIMA;TORRÕES;EST DO FORTE DO ARRAIAL N. DO B. JESUS;;ABALROAMENTO LONGITUDINAL;1;1;;;;;;;1;;Chuvoso;Não existe;Perfeito estado;Molhada;Perfeito estado;Não existe;Outras;;2019
31/05/2019;14:53:00;SEM VÍTIMA;FUNDÃO;AV BEBERIBE;SUBURBIO;ABALROAMENTO LONGITUDINAL;2;;;;;;;;0;;Bom;Não existe;Perfeito estado;Seca;Perfeito estado;Não existe;Não há placas;50 km/h;2019
31/05/2019;15:16:00;SEM VÍTIMA;BAIRRO DO RECIFE;AV ALFREDO LISBOA;;ABALROAMENTO LONGITUDINAL;1;1;;;;;;;0;;Bom;Não existe;Perfeito estado;Seca;Perfeito estado;Faixa de pedestre;Outras;40 km/h;2019
31/05/2019;16:20:00;SEM VÍTIMA;AFOGADOS;RUA QUITERIO INACIO DE MELLO;SUBURBIO;COLISÃO TRASEIRA;2;;;;;;;;0;;Chuvoso;Não existe;Perfeito estado;Molhada;Perfeito estado;Não existe;Não há placas;;2019
31/05/2019;16:42:00;SEM VÍTIMA;BOA VIAGEM;AV CONSELHEIRO AGUIAR;CIDADE;COLISÃO TRASEIRA;2;;;;;;;;0;;Bom;Sem defeito;Perfeito estado;Seca;Perfeito estado;;;;2019
31/05/2019;17:24:00;SEM VÍTIMA;AFOGADOS;RUA DA PAZ;SUBURBIO;ABALROAMENTO LONGITUDINAL;2;;;;;;;;0;;Bom;Sem defeito;Perfeito estado;Seca;Perfeito estado;Faixa de pedestre;Outras;;2019
31/05/2019;17:25:00;SEM VÍTIMA;ESPINHEIRO;AV CONS ROSA E SILVA;SUBURBIO;ABALROAMENTO LONGITUDINAL;1;;;;1;;;;0;;Bom;Não existe;Perfeito estado;Seca;Perfeito estado;Não existe;Outras;;2019
31/05/2019;17:38:00;COM VÍTIMA;PORTO DA MADEIRA;RUA DALVA DE OLIVEIRA;SUBURBIO;ABALROAMENTO TRANSVERSAL;1;1;;;;;;;1;;Bom;Não existe;Perfeito estado;Seca;Perfeito estado;Não existe;Não há placas;;2019
31/05/2019;18:14:00;SEM VÍTIMA;PINA;AV ANTONIO DE GOES;;COLISÃO;2;;;;;;;;0;;;;;;;;;;2019
31/05/2019;18:55:00;SEM VÍTIMA;BARRO;AV DR JOSE RUFINO;SUBURBIO;ABALROAMENTO LONGITUDINAL;1;;;;;1;;;0;;Bom;Não existe;Perfeito estado;Seca;Perfeito estado;Não existe;Não há placas;60 km/h;2019
31/05/2019;19:30:00;SEM VÍTIMA;IBURA;AV DOIS RIOS;SUBURBIO;ABALROAMENTO LONGITUDINAL;1;;;;1;;;;0;;Bom;Sem defeito;Perfeito estado;Seca;Perfeito estado;;;;2019
31/05/2019;20:40:00;SEM VÍTIMA;BARRO;AV DR JOSE RUFINO;SUBURBIO;ABALROAMENTO LONGITUDINAL;1;;;;1;;;;0;;Bom;Não existe;Perfeito estado;Seca;Perfeito estado;Não existe;Não há placas;60 km/h;2019
31/05/2019;21:41:00;SEM VÍTIMA;BEBERIBE;AV BEBERIBE;SUBURBIO;COLISÃO TRASEIRA;2;;;;;;;;0;;Bom;Não existe;Ilegível;Seca;Perfeito estado;Não existe;Não há placas;;2019
31/05/2019;22:22:00;SEM VÍTIMA;PARNAMIRIM;RUA FERREIRA LOPES;CIDADE;ABALROAMENTO TRANSVERSAL;2;;;;;;;;0;;Bom;Não existe;Não existente;Seca;Perfeito estado;Não existe;R-6a;;2019
31/05/2019;23:49:00;SEM VÍTIMA;PARNAMIRIM;AV PARNAMIRIM;;COLISÃO;2;;;;;;;;0;;;;;;;;;;2019
01/06/2019;00:11:00;SEM VÍTIMA;PINA;AV ANTONIO DE GOES;CIDADE;ABALROAMENTO LONGITUDINAL;2;;;;;;;;0;;Chuvoso;Sem defeito;Perfeito estado;Molhada;Perfeito estado;Faixa de pedestre;;60 km/h;2019
01/06/2019;01:45:00;SEM VÍTIMA;DERBY;AV GOVERNADOR AGAMENON MAGALHAES;SUBURBIO;ABALROAMENTO LONGITUDINAL;2;;;;;;;;0;;Chuvoso;Sem defeito;Perfeito estado;Molhada;Perfeito estado;Faixa de pedestre;Outras;60 km/h;2019
01/06/2019;03:01:00;SEM VÍTIMA;SÃO JOSÉ;RUA DO SOL;;ABALROAMENTO LONGITUDINAL;2;;;;;;;;0;;Chuvoso;Intermitente;Perfeito estado;Seca;Perfeito estado;Faixa de pedestre;R-6a;30 km/h;2019
01/06/2019;07:08:00;COM VÍTIMA;SÃO JOSÉ;RUA PRINCESA IZABEL;;COLISÃO;1;1;;;;;;;1;;;;;;;;;;2019
01/06/2019;09:22:00;COM VÍTIMA;JOANA BEZERRA;VDO PAPA JOAO PAULO II;CIDADE;COLISÃO TRASEIRA;1;1;;;;;;;1;;Bom;Não existe;Perfeito estado;Seca;Perfeito estado;Outros;Outras;60 km/h;2019
01/06/2019;09:30:00;SEM VÍTIMA;NOVA DESCOBERTA;RUA NOVA DESCOBERTA;;COLISÃO;1;1;;;;;;;0;;;;;;;;;;2019
01/06/2019;10:04:00;SEM VÍTIMA;IMBIRIBEIRA;AV MARECHAL MASCARENHAS DE MORAES;SUBURBIO;COLISÃO TRASEIRA;1;;;;1;;;;0;;Bom;Não existe;Perfeito estado;Seca;Perfeito estado;Não existe;Outras;;2019
01/06/2019;10:05:00;COM VÍTIMA;VÁRZEA;AV AFONSO OLINDENSE;SUBURBIO;ABALROAMENTO LONGITUDINAL;1;1;;;;;;;1;;Bom;Não existe;Perfeito estado;Seca;Perfeito estado;Outros;Não há placas;30 km/h;2019
01/06/2019;10:12:00;SEM VÍTIMA;VÁRZEA;;;ABALROAMENTO LONGITUDINAL;1;;;;1;;;;0;;Bom;Sem defeito;Não existente;Seca;Perfeito estado;Não existe;Não há placas;;2019
01/06/2019;10:26:00;SEM VÍTIMA;HIPÓDROMO;RUA JOAO PEREIRA DE MELO;;COLISÃO;2;;;;;;;;0;;;;;;;;;;2019
01/06/2019;12:04:00;SEM VÍTIMA;BOA VIAGEM;AV CONSELHEIRO AGUIAR;SUBURBIO;ABALROAMENTO TRANSVERSAL;1;;;;1;;;;0;;Bom;Sem defeito;Perfeito estado;Seca;Perfeito estado;Faixa de pedestre;Não há placas;;2019
01/06/2019;12:15:00;COM VÍTIMA;IMBIRIBEIRA;RUA ITACARI;SUBURBIO;ABALROAMENTO TRANSVERSAL;1;1;;;;;;;1;;Bom;Não existe;Incompleta;Seca;Perfeito estado;Não existe;Não há placas;;2019
01/06/2019;14:06:00;SEM VÍTIMA;CASA AMARELA;RUA EVARISTO DA VEIGA;SUBURBIO;ABALROAMENTO LONGITUDINAL;2;;;;;;;;0;;Bom;Não existe;Não existente;Seca;Perfeito estado;;Não há placas;;2019
01/06/2019;14:35:00;COM VÍTIMA;APIPUCOS;RUA DOIS IRMAOS;CIDADE;COLISÃO TRASEIRA;1;1;;;;;;;1;;Bom;Sem defeito;Perfeito estado;Seca;Perfeito estado;Faixa de pedestre;R-6a;;2019
01/06/2019;15:11:00;SEM VÍTIMA;IBURA;RUA DR PEDRO MOSCOSO;;ABALROAMENTO LONGITUDINAL;2;;;;;;;;0;;Bom;Não existe;Não existente;Seca;Mal conservada;Não existe;Não há placas;;2019
01/06/2019;15:20:00;COM VÍTIMA;PASSARINHO;RUA CORREGO DA BICA;;COLISÃO COM CICLISTA;2;;1;;;;;;1;;;;;;;;;;2019
01/06/2019;16:00:00;SEM VÍTIMA;ESPINHEIRO;RUA DO ESPINHEIRO;;ABALROAMENTO TRANSVERSAL;2;;;;;;;;0;;Bom;Não existe;Perfeito estado;Seca;Perfeito estado;Faixa de pedestre;Placas Pare;;2019
01/06/2019;16:01:00;SEM VÍTIMA;NOVA DESCOBERTA;RUA NOVA DESCOBERTA;CIDADE;ABALROAMENTO LONGITUDINAL;1;;;;1;;;;0;;Bom;Não existe;Perfeito estado;Seca;Perfeito estado;Não existe;R-19;30 km/h;2019
01/06/2019;17:08:00;COM VÍTIMA;JARDIM SÃO PAULO;AV RECIFE;;COLISÃO;;;;;;;;;1;;;;;;;;;;2019
01/06/2019;19:09:00;SEM VÍTIMA;GRAÇAS;AV RUI BARBOSA;;COLISÃO;2;;;;;;;;0;;;;;;;;;;2019
01/06/2019;19:27:00;SEM VÍTIMA;DERBY;AV GOVERNADOR AGAMENON MAGALHAES;;ABALROAMENTO LONGITUDINAL;1;;;;1;;;;0;;Bom;Sem defeito;Perfeito estado;Seca;Perfeito estado;Faixa de pedestre;;;2019
01/06/2019;20:26:00;SEM VÍTIMA;ENCRUZILHADA;AV BEBERIBE;SUBURBIO;ABALROAMENTO LONGITUDINAL;2;;;;;;;;0;;Bom;Sem defeito;Perfeito estado;Seca;Perfeito estado;Faixa de retenção;Outras;40 km/h;2019
01/06/2019;21:32:00;SEM VÍTIMA;ESPINHEIRO;AV GOVERNADOR AGAMENON MAGALHAES;;COLISÃO;2;;;;;;;;0;;;;;;;;;;2019
01/06/2019;21:51:00;SEM VÍTIMA;TORRE;RUA AMELIA;SUBURBIO;CHOQUE VEÍCULO PARADO;2;;;;1;;;;0;;Bom;Sem defeito;Perfeito estado;Seca;Perfeito estado;Faixa de pedestre;Não há placas;;2019
02/06/2019;02:48:00;SEM VÍTIMA;AFOGADOS;RUA SAO MIGUEL;;COLISÃO;2;;;;;;;;0;;;;;;;;;;2019
02/06/2019;02:57:00;SEM VÍTIMA;ÁGUA FRIA;RUA BOMBA DO HEMETERIO;SUBURBIO;ABALROAMENTO LONGITUDINAL;2;;;;;;;;0;;Bom;Não existe;Perfeito estado;Seca;Perfeito estado;;;;2019
02/06/2019;07:33:00;SEM VÍTIMA;SÃO JOSÉ;RUA IMPERIAL;SUBURBIO;ABALROAMENTO TRANSVERSAL;2;;;;;;;;0;;Bom;Sem defeito;;Seca;;Faixa de pedestre;R-6a;;2019
02/06/2019;07:57:00;COM VÍTIMA;CAMPO GRANDE;RUA LUIZ CORREA;;COLISÃO;1;1;;;;;;;1;;;;;;;;;;2019
02/06/2019;08:49:00;SEM VÍTIMA;PARNAMIRIM;AV DEZESSETE DE AGOSTO;CIDADE;ABALROAMENTO LONGITUDINAL;1;;;;1;;;;0;;Bom;Não existe;Perfeito estado;Seca;Perfeito estado;Não existe;Não há placas;60 km/h;2019
02/06/2019;09:14:00;COM VÍTIMA;TEJIPIÓ;AV DR JOSE RUFINO;SUBURBIO;ABALROAMENTO LONGITUDINAL;1;1;;;;;;;1;;Bom;Não existe;Perfeito estado;Seca;Perfeito estado;Não existe;Não há placas;;2019
02/06/2019;09:50:00;SEM VÍTIMA;AFLITOS;AV CONS ROSA E SILVA;SUBURBIO;ABALROAMENTO TRANSVERSAL;2;;;;;;;;0;;Bom;Não existe;Perfeito estado;Seca;Perfeito estado;;Outras;;2019
02/06/2019;09:55:00;COM VÍTIMA;BOA VIAGEM;AV BOA VIAGEM;SUB/CID;TOMBAMENTO;;;1;;;;;;1;;Bom;Sem defeito;Perfeito estado;Seca;Perfeito estado;Faixa de pedestre;Não há placas;60 km/h;2019
02/06/2019;12:26:00;SEM VÍTIMA;GRAÇAS;AV GOVERNADOR AGAMENON MAGALHAES;;COLISÃO TRASEIRA;3;;;;;;;;0;;Bom;Sem defeito;Perfeito estado;Seca;Perfeito estado;Faixa de pedestre;Outras;60 km/h;2019
02/06/2019;14:38:00;SEM VÍTIMA;CASA FORTE;AV DEZESSETE DE AGOSTO;SUBURBIO;ABALROAMENTO LONGITUDINAL;2;;;;;;;;0;;Bom;Sem defeito;Perfeito estado;Seca;Perfeito estado;Faixa de pedestre;R-6a;;2019
02/06/2019;15:02:00;COM VÍTIMA;ENCRUZILHADA;AV NORTE;;ABALROAMENTO TRANSVERSAL;2;;;;;;;;1;;Bom;Sem defeito;Perfeito estado;Seca;;Faixa de pedestre;Outras;;2019
02/06/2019;18:35:00;SEM VÍTIMA;CASA AMARELA;AV NORTE;;COLISÃO;2;;;;;;;;0;;;;;;;;;;2019
02/06/2019;18:49:00;COM VÍTIMA;ROSARINHO;RUA TREZE DE JUNHO;CID/SUB;CHOQUE OBJETO FIXO;;;;;1;;;;1;;Bom;Não existe;Perfeito estado;Seca;Mal iluminada;;R-6a;20 km/h;2019
02/06/2019;19:25:00;COM VÍTIMA;IMBIRIBEIRA;RUA ARQUITETO LUIZ NUNES;;COLISÃO;;1;;;;;;;1;;Bom;Sem defeito;Incompleta;Seca;Mal iluminada;Faixa de pedestre;Outras;;2019
02/06/2019;19:46:00;COM VÍTIMA;CAMPINA DO BARRETO;RUA IGUATU;SUBURBIO;COLISÃO COM CICLISTA;;1;1;;;;;;1;;Bom;Não existe;Perfeito estado;Seca;Perfeito estado;Outros;Outras;;2019
02/06/2019;21:19:00;COM VÍTIMA;ARRUDA;AV PROFESSOR JOSE DOS ANJOS;SUB/CID;ABALROAMENTO LONGITUDINAL;1;1;;;;;;;1;;Bom;Sem defeito;Perfeito estado;Seca;Perfeito estado;Faixa de pedestre;;;2019
02/06/2019;21:58:00;SEM VÍTIMA;TORRE;AV BEIRA RIO;;COLISÃO;2;;;;;;;;0;;;;;;;;;;2019
02/06/2019;23:52:00;SEM VÍTIMA;IPSEP;RUA ITACARE;;CHOQUE VEÍCULO PARADO;2;;;;;;;;0;;Bom;Não existe;Incompleta;Seca;Perfeito estado;;Não há placas;30 km/h;2019
03/06/2019;06:56:00;SEM VÍTIMA;ENCRUZILHADA;AV BEBERIBE;CIDADE;COLISÃO TRASEIRA;2;;;;;;;;0;;Bom;Sem defeito;Perfeito estado;Seca;Perfeito estado;;;60 km/h;2019
03/06/2019;07:29:00;SEM VÍTIMA;SÃO JOSÉ;C SANTA RITA;CIDADE;COLISÃO TRASEIRA;3;;;;;;;;0;;Bom;Não existe;Perfeito estado;Seca;;Não existe;Não há placas;60 km/h;2019
03/06/2019;07:44:00;SEM VÍTIMA;IMBIRIBEIRA;RUA JAMAICA;;COLISÃO;2;;;;;;;;0;;;;;;;;;;2019
03/06/2019;07:55:00;SEM VÍTIMA;TORRE;RUA JOSE BONIFACIO;SUBURBIO;ABALROAMENTO TRANSVERSAL;1;;;;1;;;;0;;Bom;Sem defeito;Perfeito estado;Seca;Perfeito estado;Não existe;Não há placas;;2019
03/06/2019;08:48:00;SEM VÍTIMA;ESTÂNCIA;AV RECIFE;BR101;COLISÃO;1;;;;;1;;;0;;;;;;;;;;2019
03/06/2019;09:31:00;SEM VÍTIMA;AFOGADOS;AV SUL;;COLISÃO;2;;;;;;;;0;;;;;;;;;;2019
03/06/2019;10:13:00;SEM VÍTIMA;DERBY;RUA DR SEVERINO PINHEIRO;CIDADE;COLISÃO TRASEIRA;2;;;;;;;;0;;Bom;Não existe;Perfeito estado;Seca;Perfeito estado;Não existe;Não há placas;;2019
03/06/2019;12:10:00;SEM VÍTIMA;PRADO;RUA GOMES TABORDA;SUBURBIO;ABALROAMENTO LONGITUDINAL;2;;;;;;;;0;;Bom;Não existe;Perfeito estado;Seca;;Não existe;Outras;;2019
03/06/2019;12:41:00;SEM VÍTIMA;ENCRUZILHADA;AV BEBERIBE;SUBURBIO;COLISÃO TRASEIRA;2;;;;;;;;0;;Bom;Sem defeito;Perfeito estado;Seca;Perfeito estado;Faixa de pedestre;R-6a;40 km/h;2019
03/06/2019;13:47:00;SEM VÍTIMA;CABANGA;AV SUL;;COLISÃO TRASEIRA;2;;;;;;;;0;;Bom;Sem defeito;Perfeito estado;Seca;Perfeito estado;Não existe;Não há placas;;2019
03/06/2019;14:17:00;SEM VÍTIMA;ESPINHEIRO;AV GOVERNADOR AGAMENON MAGALHAES;CIDADE;ABALROAMENTO TRANSVERSAL;2;;;;;;;;0;;Bom;Sem defeito;Perfeito estado;Seca;Perfeito estado;Não existe;Não há placas;60 km/h;2019
03/06/2019;14:37:00;COM VÍTIMA;BOA VISTA;AV CONDE DA BOA VISTA;CIDADE;ABALROAMENTO TRANSVERSAL;1;1;;;;;;;1;;Bom;Sem defeito;Perfeito estado;Seca;Perfeito estado;Não existe;Outras;60 km/h;2019
03/06/2019;14:53:00;SEM VÍTIMA;IMBIRIBEIRA;AV MARECHAL MASCARENHAS DE MORAES;SUBURBIO;ABALROAMENTO LONGITUDINAL;2;;;;;;;;0;;Bom;Sem defeito;Perfeito estado;Seca;Perfeito estado;Faixa de pedestre;Não há placas;;2019
03/06/2019;15:40:00;SEM VÍTIMA;ESPINHEIRO;AV CONS ROSA E SILVA;SUBURBIO;ABALROAMENTO LONGITUDINAL;2;;;;;;;;0;;Bom;Não existe;Perfeito estado;Seca;Perfeito estado;Não existe;R-6a;;2019
03/06/2019;15:42:00;SEM VÍTIMA;CAJUEIRO;AV SEBASTIAO SALAZAR;SUBURBIO;ABALROAMENTO LONGITUDINAL;2;;;;;;;;0;;Bom;Não existe;Perfeito estado;Seca;Perfeito estado;Faixa de pedestre;Não há placas;;2019