data;hora;natureza_acidente;bairro;endereco;sentido_via;tipo;auto;moto;ciclista;pedestre;onibus;caminhao;viatura;outros;vitimas;vitimasfatais;tempo_clima;situacao_semaforo;sinalizacao;condicao_via;conservacao_via;ponto_controle;situacao_placa;velocidade_max_via;ano
03/06/2019;15:53:00;SEM VÍTIMA;BOA VIAGEM;AV REPUBLICA DO LIBANO;SUBURBIO;COLISÃO TRASEIRA;2;;;;;;;;0;;Bom;Não existe;Perfeito estado;Seca;Perfeito estado;Não existe;Não há placas;;2019
03/06/2019;16:11:00;SEM VÍTIMA;CIDADE UNIVERSITÁRIA;AV PROFESSOR LUIZ FREIRE;SUBURBIO;ABALROAMENTO LONGITUDINAL;2;;;;;;;;0;;Bom;Não existe;Incompleta;Seca;;Não existe;Não há placas;;2019
03/06/2019;16:13:00;COM VÍTIMA;VASCO DA GAMA;RUA VASCO DA GAMA;SUBURBIO;COLISÃO FRONTAL;1;1;;;;;;;1;;Bom;Não existe;Perfeito estado;Seca;Perfeito estado;Não existe;R-6a;30 km/h;2019
03/06/2019;16:38:00;SEM VÍTIMA;SANTO AMARO;AV JOAO DE BARROS;SUBURBIO;COLISÃO;1;;;;1;;;;0;;;;;;;;;;2019
03/06/2019;16:41:00;SEM VÍTIMA;BOA VIAGEM;RUA ERNESTO DE PAULA SANTOS;;ABALROAMENTO TRANSVERSAL;2;;;;;;;;0;;Bom;Não existe;Não existente;Seca;Perfeito estado;Não existe;Não há placas;;2019
03/06/2019;16:55:00;SEM VÍTIMA;BONGI;RUA ISAAC MARKMAN;;ABALROAMENTO LONGITUDINAL;1;;;;1;;;;0;;Bom;Não existe;Perfeito estado;Seca;Perfeito estado;Outros;Outras;60 km/h;2019
03/06/2019;18:35:00;SEM VÍTIMA;SAN MARTIN;RUA VINTE E UM DE ABRIL;SUBURBIO;COLISÃO TRASEIRA;1;;;;1;;;;0;;Bom;Não existe;Perfeito estado;Seca;Perfeito estado;Não existe;Não há placas;;2019
03/06/2019;18:47:00;SEM VÍTIMA;SÃO JOSÉ;RUA FLORIANO PEIXOTO;SUBURBIO;ABALROAMENTO LONGITUDINAL;1;;;;1;;;;0;;;Não existe;Perfeito estado;Seca;Mal conservada;Não existe;Outras;;2019
03/06/2019;19:07:00;SEM VÍTIMA;BOA VISTA;TRV CORREIA NETO;SUBURBIO;CHOQUE VEÍCULO PARADO;1;;;;;1;;;0;;Bom;Não existe;Perfeito estado;Seca;;Não existe;Outras;;2019
03/06/2019;19:24:00;COM VÍTIMA;SANTO AMARO;AV CRUZ CABUGA;SUBURBIO;ABALROAMENTO TRANSVERSAL;;1;;;1;;;;1;;Bom;Não existe;Incompleta;Seca;Perfeito estado;Não existe;Outras;;2019
03/06/2019;19:44:00;SEM VÍTIMA;NOVA DESCOBERTA;RUA NOVA DESCOBERTA;SUBURBIO;ABALROAMENTO TRANSVERSAL;1;;;;1;;;;0;;Bom;Não existe;Incompleta;Seca;Perfeito estado;Não existe;Não há placas;;2019
03/06/2019;20:28:00;SEM VÍTIMA;PINA;AV ANTONIO DE GOES;CIDADE;ABALROAMENTO LONGITUDINAL;2;;;;;;;;0;;Bom;Sem defeito;Perfeito estado;Seca;Perfeito estado;;;;2019
03/06/2019;21:21:00;SEM VÍTIMA;CASA AMARELA;AV NORTE;;COLISÃO;2;;;;;;;;0;;;;;;;;;;2019
04/06/2019;03:11:00;COM VÍTIMA;CORDEIRO;AV CAXANGA;CIDADE;CHOQUE OBJETO FIXO;1;;;;;;;;1;;Chuvoso;Não existe;Perfeito estado;Molhada;Perfeito estado;Não existe;Outras;60 km/h;2019
04/06/2019;05:38:00;SEM VÍTIMA;ILHA DO LEITE;PRC MIGUEL DE CERVANTES;CIDADE;ABALROAMENTO TRANSVERSAL;1;;;;1;;;;0;;Bom;Não existe;Perfeito estado;Seca;Perfeito estado;Não existe;Placas Pare;;2019
04/06/2019;06:14:00;SEM VÍTIMA;TORRÕES;AV ENGENHEIRO ABDIAS DE CARVALHO;CIDADE;COLISÃO TRASEIRA;1;;;;;1;;;0;;Bom;Sem defeito;Perfeito estado;Seca;Perfeito estado;Faixa de pedestre;Não há placas;;2019
04/06/2019;06:56:00;SEM VÍTIMA;IMBIRIBEIRA;AV MARECHAL MASCARENHAS DE MORAES;CIDADE;COLISÃO TRASEIRA;2;;;;;;;;0;;Bom;Não existe;Perfeito estado;Seca;Perfeito estado;Não existe;Não há placas;60 km/h;2019
04/06/2019;07:02:00;SEM VÍTIMA;GRAÇAS;AV RUI BARBOSA;;COLISÃO;1;;;;1;;;;0;;;;;;;;;;2019
04/06/2019;07:28:00;SEM VÍTIMA;DERBY;AV GOVERNADOR AGAMENON MAGALHAES;SUBURBIO;COLISÃO TRASEIRA;3;;;;;;;;0;;Chuvoso;Sem defeito;Perfeito estado;Molhada;Perfeito estado;Outros;Outras;;2019
04/06/2019;07:37:00;COM VÍTIMA;BOA VIAGEM;AV ARMINDO MOURA;;ABALROAMENTO TRANSVERSAL;1;1;;;;;;;1;;Bom;Não existe;Perfeito estado;Molhada;Perfeito estado;Não existe;Não há placas;40 km/h;2019
04/06/2019;08:14:00;SEM VÍTIMA;AFOGADOS;RUA MOTOCOLOMBO;SUBURBIO;ABALROAMENTO LONGITUDINAL;2;;;;;;;;0;;Bom;Não existe;Perfeito estado;Seca;Perfeito estado;Não existe;Não há placas;;2019
04/06/2019;08:21:00;SEM VÍTIMA;TAMARINEIRA;RUA TELES JUNIOR;SUBURBIO;ABALROAMENTO LONGITUDINAL;2;;;;;;;;0;;Bom;Não existe;Perfeito estado;Seca;Perfeito estado;Faixa de pedestre;Placas Pare;;2019
04/06/2019;09:15:00;SEM VÍTIMA;MADALENA;EST DOS REMEDIOS;CIDADE;ABALROAMENTO LONGITUDINAL;2;;;;;;;;0;;Chuvoso;Sem defeito;Perfeito estado;Seca;Perfeito estado;Não existe;Não há placas;;2019
04/06/2019;09:21:00;COM VÍTIMA;IBURA;LAD DA COHAB;SUBURBIO;COLISÃO COM CICLISTA;1;;1;;;;;;1;;Bom;Não existe;Perfeito estado;Seca;Mal conservada;Agente;Não há placas;;2019
04/06/2019;09:33:00;SEM VÍTIMA;ESPINHEIRO;AV JOAO DE BARROS;SUBURBIO;ABALROAMENTO LONGITUDINAL;2;;;;;;;;0;;Chuvoso;Sem defeito;Perfeito estado;Molhada;Perfeito estado;Faixa de pedestre;Outras;;2019
04/06/2019;09:36:00;SEM VÍTIMA;BOA VIAGEM;RUA ERNESTO DE PAULA SANTOS;SUBURBIO;COLISÃO TRASEIRA;2;;;;;;1;;0;;Bom;Sem defeito;Perfeito estado;Seca;Perfeito estado;;Outras;;2019
04/06/2019;10:12:00;COM VÍTIMA;BOA VISTA;AV CONDE DA BOA VISTA;;ATROPELAMENTO;;1;;1;;;;;1;;Bom;Não existe;Perfeito estado;Seca;Perfeito estado;Faixa de pedestre;R-6c;;2019
04/06/2019;10:21:00;SEM VÍTIMA;VÁRZEA;AV AFONSO OLINDENSE;SUBURBIO;ABALROAMENTO TRANSVERSAL;2;;;;;;;;0;;Bom;Não existe;Perfeito estado;Seca;Perfeito estado;Não existe;R-6a;;2019
04/06/2019;10:53:00;SEM VÍTIMA;IPSEP;RUA PRESIDENTE KENNEDY;SUBURBIO;ABALROAMENTO LONGITUDINAL;1;;;;;1;;;0;;Bom;Sem defeito;Perfeito estado;Seca;Perfeito estado;Não existe;Não há placas;;2019
04/06/2019;11:00:00;SEM VÍTIMA;ESTÂNCIA;AV RECIFE;BOA VIAGEM;COLISÃO;;;;;;;;;0;;;;;;;;;;2019
04/06/2019;11:02:00;SEM VÍTIMA;BOA VISTA;RUA PRINCESA IZABEL;CIDADE;ABALROAMENTO LONGITUDINAL;2;;;;;;;;0;;Bom;Sem defeito;Perfeito estado;Seca;Perfeito estado;Não existe;Outras;;2019
04/06/2019;11:17:00;SEM VÍTIMA;BONGI;AV ENGENHEIRO ABDIAS DE CARVALHO;CIDADE;ABALROAMENTO LONGITUDINAL;;2;;;;;;;0;;Bom;Não existe;Perfeito estado;Seca;Perfeito estado;Outros;Outras;;2019
04/06/2019;11:38:00;SEM VÍTIMA;AREIAS;RUA IPOJUCA;;ABALROAMENTO LONGITUDINAL;1;;;;1;;;;0;;Bom;Não existe;Perfeito estado;Seca;Perfeito estado;Não existe;Não há placas;;2019
04/06/2019;12:49:00;SEM VÍTIMA;TORRÕES;RUA TIJUCAS;;ABALROAMENTO TRANSVERSAL;1;1;;;;;;;0;;Bom;Sem defeito;Perfeito estado;Seca;Perfeito estado;Faixa de retenção;Não há placas;;2019
04/06/2019;12:50:00;SEM VÍTIMA;BOA VIAGEM;AV ENGENHEIRO DOMINGOS FERREIRA;SUBURBIO;COLISÃO TRASEIRA;2;;;;;;;;0;;Bom;Sem defeito;Perfeito estado;Seca;Perfeito estado;Não existe;Não há placas;;2019
04/06/2019;12:58:00;SEM VÍTIMA;AFOGADOS;RUA NICOLAU PEREIRA;SUBURBIO;ABALROAMENTO LONGITUDINAL;2;;;;;;;;0;;Bom;Sem defeito;Perfeito estado;Seca;Perfeito estado;Faixa de pedestre;Não há placas;;2019
04/06/2019;13:02:00;SEM VÍTIMA;BOA VISTA;AV VISCONDE DE SUASSUNA;SUBURBIO;ABALROAMENTO LONGITUDINAL;1;1;;;;;;;0;;Bom;Não existe;Perfeito estado;Seca;Perfeito estado;Não existe;Não há placas;40 km/h;2019
04/06/2019;13:10:00;SEM VÍTIMA;AREIAS;AV RECIFE;CIDADE;COLISÃO;2;;;;;;;;0;;;;;;;;;;2019
04/06/2019;13:24:00;SEM VÍTIMA;SANTO AMARO;AV GOVERNADOR AGAMENON MAGALHAES;;ABALROAMENTO LONGITUDINAL;1;;;;;1;;;0;;Bom;Não existe;Perfeito estado;Seca;Perfeito estado;Não existe;Não há placas;;2019
04/06/2019;13:46:00;SEM VÍTIMA;TAMARINEIRA;RUA CONEGO BARATA;CIDADE;ABALROAMENTO LONGITUDINAL;2;;;;;;;;0;;Bom;Não existe;Perfeito estado;Seca;Perfeito estado;Não existe;Outras;;2019
04/06/2019;14:13:00;SEM VÍTIMA;GRAÇAS;AV RUI BARBOSA;;COLISÃO;2;;;;;;;;0;;;;;;;;;;2019
04/06/2019;14:41:00;SEM VÍTIMA;PRADO;RUA GOMES TABORDA;CIDADE;ABALROAMENTO LONGITUDINAL;2;;;;;;;;0;;Bom;Não existe;Perfeito estado;Seca;Perfeito estado;Faixa de pedestre;;;2019
04/06/2019;14:47:00;SEM VÍTIMA;ILHA DO LEITE;AV GOVERNADOR AGAMENON MAGALHAES;SUBURBIO;COLISÃO TRASEIRA;2;;;;;;;;0;;Bom;Sem defeito;Perfeito estado;Seca;Perfeito estado;Faixa de pedestre;Não há placas;60 km/h;2019
04/06/2019;14:58:00;SEM VÍTIMA;IPSEP;RUA JEAN EMILE FAVRE;;COLISÃO;2;;;;;;;;0;;;;;;;;;;2019
04/06/2019;15:22:00;SEM VÍTIMA;SÃO JOSÉ;AV DANTAS BARRETO;CIDADE;COLISÃO TRASEIRA;2;;;;;;;;0;;Bom;Não existe;Perfeito estado;Seca;Perfeito estado;;Não há placas;;2019
04/06/2019;15:35:00;SEM VÍTIMA;DERBY;AV GOVERNADOR AGAMENON MAGALHAES;;ABALROAMENTO LONGITUDINAL;1;;;;1;;;;0;;Bom;Sem defeito;Perfeito estado;Seca;Perfeito estado;;;60 km/h;2019
04/06/2019;15:51:00;SEM VÍTIMA;SANTO ANTÔNIO;RUA DO SOL;SUBURBIO;COLISÃO TRASEIRA;2;;;;;;;;0;;Bom;Não existe;Perfeito estado;Seca;Perfeito estado;Não existe;Não há placas;;2019
04/06/2019;15:52:00;SEM VÍTIMA;CASA FORTE;EST DAS UBAIAS,;SUBURBIO;COLISÃO TRASEIRA;2;;;;;;;;0;;Bom;Sem defeito;Perfeito estado;Seca;Perfeito estado;Faixa de pedestre;R-6a;;2019
04/06/2019;16:18:00;SEM VÍTIMA;SÃO JOSÉ;AV SUL;CIDADE;COLISÃO TRASEIRA;2;;;;;;;;0;;Bom;Sem defeito;Perfeito estado;Seca;Perfeito estado;Não existe;Não há placas;;2019
04/06/2019;16:40:00;COM VÍTIMA;ESPINHEIRO;AV GOVERNADOR AGAMENON MAGALHAES;SUBURBIO;COLISÃO COM CICLISTA;;1;1;;;;;;1;;Bom;Sem defeito;Perfeito estado;Seca;Perfeito estado;Faixa de pedestre;Outras;;2019
04/06/2019;16:51:00;SEM VÍTIMA;ESPINHEIRO;AV JOAO DE BARROS;SUBURBIO;ABALROAMENTO LONGITUDINAL;1;;;;1;;;;0;;Bom;Não existe;Perfeito estado;Seca;Perfeito estado;Não existe;Não há placas;;2019
04/06/2019;16:57:00;COM VÍTIMA;IBURA;RUA VALE DO ITAJAI;SUBURBIO;ATROPELAMENTO;;;;1;1;;;;1;;Bom;Não existe;Perfeito estado;Seca;Perfeito estado;Não existe;Não há placas;;2019
04/06/2019;17:08:00;SEM VÍTIMA;SÃO JOSÉ;AV SUL;CIDADE;ABALROAMENTO LONGITUDINAL;2;;;;;;;;0;;Bom;Não existe;;Seca;Perfeito estado;Não existe;Não há placas;60 km/h;2019
04/06/2019;17:20:00;SEM VÍTIMA;PRADO;AV ENGENHEIRO ABDIAS DE CARVALHO;SUBURBIO;ABALROAMENTO LONGITUDINAL;1;;;;;1;;;0;;Bom;Sem defeito;Perfeito estado;Seca;Perfeito estado;Não existe;R-6a;;2019
04/06/2019;17:36:00;SEM VÍTIMA;ESPINHEIRO;RUA DO ESPINHEIRO;SUBURBIO;ABALROAMENTO LONGITUDINAL;2;;;;;;;;0;;Bom;Não existe;Perfeito estado;Seca;Perfeito estado;Faixa de pedestre;Outras;;2019
04/06/2019;17:39:00;COM VÍTIMA;ÁGUA FRIA;RUA SAO SEBASTIAO;SUBURBIO;ABALROAMENTO LONGITUDINAL;1;1;;;;;;;1;;Bom;;;Seca;Perfeito estado;Não existe;Não há placas;;2019
04/06/2019;18:02:00;SEM VÍTIMA;SANTO AMARO;AV CRUZ CABUGA;SUBURBIO;CHOQUE OBJETO FIXO;1;;;;;;;;0;;Bom;Não existe;Perfeito estado;Seca;Mal iluminada;Não existe;Não há placas;;2019
04/06/2019;18:14:00;SEM VÍTIMA;IMBIRIBEIRA;AV MARECHAL MASCARENHAS DE MORAES;CIDADE;ABALROAMENTO LONGITUDINAL;1;;;;;1;;;0;;Bom;;Perfeito estado;Seca;Perfeito estado;Faixa de pedestre;;60 km/h;2019
04/06/2019;19:59:00;SEM VÍTIMA;BARRO;AV DR JOSE RUFINO;SUBURBIO;ABALROAMENTO LONGITUDINAL;1;;;;1;;;;0;;Bom;Não existe;Incompleta;Seca;Mal iluminada;;R-6a;60 km/h;2019
04/06/2019;20:11:00;SEM VÍTIMA;BOA VIAGEM;RUA ANTONIO FALCAO;SUBURBIO;COLISÃO TRASEIRA;1;1;;;;;;;0;;Bom;Sem defeito;Perfeito estado;Seca;Perfeito estado;Outros;Outras;;2019
04/06/2019;20:23:00;SEM VÍTIMA;DERBY;AV GOVERNADOR AGAMENON MAGALHAES;SUBURBIO;ABALROAMENTO LONGITUDINAL;2;;;;;;;;0;;Bom;Sem defeito;Perfeito estado;Seca;Perfeito estado;Faixa de pedestre;Outras;60 km/h;2019
04/06/2019;20:39:00;SEM VÍTIMA;LINHA DO TIRO;RUA SODRELANDIA;CIDADE;ABALROAMENTO LONGITUDINAL;1;;;;;1;;;0;;Bom;Não existe;Não existente;Seca;Mal conservada;Não existe;Não há placas;;2019
04/06/2019;21:37:00;COM VÍTIMA;TEJIPIÓ;AV DR JOSE RUFINO;CIDADE;CHOQUE OBJETO FIXO;1;;;;;;;;1;;Bom;Sem defeito;Perfeito estado;Seca;Perfeito estado;Outros;Outras;;2019
04/06/2019;22:00:00;SEM VÍTIMA;PINA;AVENIDA CELSO FURTADO (VIA MANGUE);SUBURBIO;ABALROAMENTO LONGITUDINAL;2;;;;;;;;0;;Bom;Não existe;Perfeito estado;Seca;Perfeito estado;Não existe;;60 km/h;2019
05/06/2019;00:50:00;SEM VÍTIMA;MACAXEIRA;AV DA RECUPERACAO;CIDADE;COLISÃO TRASEIRA;1;;;;1;;;;0;;Bom;Não existe;Não existente;Seca;Perfeito estado;Não existe;Não há placas;;2019
05/06/2019;07:00:00;SEM VÍTIMA;CORDEIRO;EST DO FORTE DO ARRAIAL N. DO B. JESUS;CIDADE;ABALROAMENTO LONGITUDINAL;2;;;;;;;;0;;Chuvoso;Não existe;Incompleta;Molhada;Perfeito estado;Não existe;Placas Pare;;2019
05/06/2019;07:46:00;COM VÍTIMA;SÃO JOSÉ;CAIS DO APOLO;SUBURBIO;COLISÃO TRASEIRA;1;1;;;1;;;;1;;Chuvoso;Sem defeito;Perfeito estado;Molhada;Perfeito estado;Faixa de pedestre;;;2019
05/06/2019;08:27:00;COM VÍTIMA;MADALENA;EST DOS REMEDIOS;;COLISÃO TRASEIRA;;1;;;;;;;1;;Chuvoso;Sem defeito;Não existente;Molhada;;Agente;Não há placas;;2019
05/06/2019;08:40:00;SEM VÍTIMA;PAISSANDU;AV GOVERNADOR AGAMENON MAGALHAES;SUBURBIO;COLISÃO TRASEIRA;1;;;;;;;1;0;;Chuvoso;Não existe;Perfeito estado;Molhada;Perfeito estado;Não existe;Não há placas;;2019
05/06/2019;09:02:00;SEM VÍTIMA;AFOGADOS;RUA COSME VIANA;SUBURBIO;ABALROAMENTO TRANSVERSAL;2;;;;;;;;0;;Bom;Sem defeito;Perfeito estado;Seca;Perfeito estado;Faixa de pedestre;Não há placas;;2019
05/06/2019;09:08:00;SEM VÍTIMA;TORRÕES;RUA QUINZE DE MARCO;CIDADE;ABALROAMENTO LONGITUDINAL;1;;;;;1;;;0;;Bom;Sem defeito;Perfeito estado;Seca;Perfeito estado;Não existe;Não há placas;;2019
05/06/2019;09:15:00;SEM VÍTIMA;MUSTARDINHA;AV MANOEL GONCALVES DA LUZ;CIDADE;ABALROAMENTO LONGITUDINAL;1;;;;;;;1;0;;Bom;Sem defeito;Perfeito estado;Seca;;Não existe;R-6a;;2019
05/06/2019;09:21:00;SEM VÍTIMA;CASA FORTE;AV DEZESSETE DE AGOSTO;;COLISÃO;;;;;;;;;0;;;;;;;;;;2019
05/06/2019;09:24:00;SEM VÍTIMA;CASA FORTE;AV DEZESSETE DE AGOSTO;SUBURBIO;ABALROAMENTO TRANSVERSAL;2;;;;;;;;0;;Bom;Não existe;Perfeito estado;Seca;Perfeito estado;Outros;R-6a;;2019
05/06/2019;09:41:00;SEM VÍTIMA;BOA VIAGEM;AV ENGENHEIRO DOMINGOS FERREIRA;SUBURBIO;ABALROAMENTO LONGITUDINAL;2;;;;;;;;0;;Bom;Sem defeito;Perfeito estado;Seca;Perfeito estado;Faixa de pedestre;;50 km/h;2019
05/06/2019;09:54:00;SEM VÍTIMA;SAN MARTIN;AV ENGENHEIRO ABDIAS DE CARVALHO;SUBURBIO;ABALROAMENTO TRANSVERSAL;2;;;;;;;;0;;Bom;Sem defeito;Perfeito estado;Seca;Perfeito estado;Outros;Outras;60 km/h;2019
05/06/2019;09:57:00;SEM VÍTIMA;ESPINHEIRO;RUA DR VICENTE MEIRA;SUBURBIO;ABALROAMENTO LONGITUDINAL;2;;;;;;;;0;;Bom;Sem defeito;Perfeito estado;Seca;Perfeito estado;Faixa de pedestre;R-6a;20 km/h;2019
05/06/2019;10:48:00;SEM VÍTIMA;IMBIRIBEIRA;AV MARECHAL MASCARENHAS DE MORAES;CIDADE;COLISÃO TRASEIRA;2;;;;;;;;0;;Bom;Sem defeito;Perfeito estado;Seca;Perfeito estado;Faixa de pedestre;Não há placas;60 km/h;2019
05/06/2019;11:27:00;SEM VÍTIMA;ILHA DO LEITE;RUA GENERAL JOAQUIM INACIO;SUBURBIO;COLISÃO TRASEIRA;2;;;;;;;;0;;Bom;Não existe;Não existente;Seca;Perfeito estado;Não existe;Não há placas;60 km/h;2019
05/06/2019;11:36:00;SEM VÍTIMA;ILHA DO RETIRO;AV ENGENHEIRO ABDIAS DE CARVALHO;CIDADE;ABALROAMENTO LONGITUDINAL;2;;;;;;;;0;;Bom;Sem defeito;Perfeito estado;Seca;Perfeito estado;Não existe;Não há placas;60 km/h;2019
05/06/2019;11:37:00;SEM VÍTIMA;BOA VIAGEM;AVENIDA CELSO FURTADO (VIA MANGUE);;ABALROAMENTO LONGITUDINAL;1;;;;;1;;;0;;Bom;Sem defeito;Perfeito estado;Seca;Perfeito estado;;Outras;;2019
05/06/2019;11:54:00;COM VÍTIMA;BARRO;AV DR JOSE RUFINO;SUBURBIO;ABALROAMENTO LONGITUDINAL;1;2;;;;;;;2;;Bom;Não existe;Não existente;Seca;Perfeito estado;Não existe;Não há placas;;2019
05/06/2019;12:35:00;SEM VÍTIMA;AFOGADOS;RUA DR ADELINO;SUBURBIO;ABALROAMENTO LONGITUDINAL;2;;;;;;;;0;;Bom;Sem defeito;Perfeito estado;Seca;Perfeito estado;Outros;Outras;;2019
05/06/2019;12:41:00;SEM VÍTIMA;BOA VISTA;RUA DO HOSPICIO;SUBURBIO;COLISÃO TRASEIRA;2;;;;;;;;0;;Chuvoso;Não existe;Perfeito estado;Molhada;Perfeito estado;Não existe;Outras;;2019
05/06/2019;13:16:00;COM VÍTIMA;CASA AMARELA;RUA OSCAR DE BARROS;SUBURBIO;ABALROAMENTO TRANSVERSAL;1;1;;;;;;;1;;Bom;Não existe;Ilegível;Seca;Perfeito estado;Não existe;Placas Pare;;2019
05/06/2019;13:57:00;SEM VÍTIMA;BOA VISTA;RUA JOAQUIM DE BRITO;;COLISÃO;;;;;;;;;0;;;;;;;;;;2019
05/06/2019;13:58:00;SEM VÍTIMA;BOA VIAGEM;AV DOM JOAO VI;;COLISÃO;2;;;;;;;;0;;;;;;;;;;2019
05/06/2019;14:25:00;SEM VÍTIMA;JARDIM SÃO PAULO;AV PIRACICABA;;COLISÃO;;;;;1;1;;;0;;;;;;;;;;2019
05/06/2019;14:30:00;SEM VÍTIMA;BOA VISTA;RUA AURORA;CIDADE;ABALROAMENTO LONGITUDINAL;2;;;;;;;;0;;Bom;Sem defeito;Perfeito estado;Seca;Perfeito estado;Faixa de pedestre;Não há placas;;2019
05/06/2019;14:58:00;SEM VÍTIMA;TAMARINEIRA;AV CONS ROSA E SILVA;SUBURBIO;ABALROAMENTO LONGITUDINAL;2;;;;;;;;0;;Bom;Sem defeito;Perfeito estado;Seca;Perfeito estado;Não existe;R-6a;60 km/h;2019
05/06/2019;15:02:00;COM VÍTIMA;MADALENA;RUA REAL DA TORRE;SUBURBIO;COLISÃO TRASEIRA;2;1;;;;;;;1;;Bom;Não existe;Perfeito estado;Seca;Perfeito estado;Não existe;Não há placas;;2019
05/06/2019;15:11:00;SEM VÍTIMA;IMBIRIBEIRA;AV MARECHAL MASCARENHAS DE MORAES;CIDADE;COLISÃO TRASEIRA;2;;;;;;;;0;;Bom;Não existe;Perfeito estado;Seca;Perfeito estado;Não existe;Não há placas;60 km/h;2019
05/06/2019;15:15:00;COM VÍTIMA;CAMPO GRANDE;EST DE BELEM;;COLISÃO;1;1;;;;;;;1;;;;;;;;;;2019
05/06/2019;15:24:00;SEM VÍTIMA;TAMARINEIRA;AV CONS ROSA E SILVA;SUBURBIO;ABALROAMENTO LONGITUDINAL;1;;;;1;;;;0;;Bom;Sem defeito;Perfeito estado;Seca;Perfeito estado;Faixa de pedestre;R-6a;60 km/h;2019
05/06/2019;15:46:00;SEM VÍTIMA;SAN MARTIN;RUA QUINZE DE MARCO;;COLISÃO;2;;;;;1;;;0;;;;;;;;;;2019
05/06/2019;16:02:00;COM VÍTIMA;BARRO;AV DR JOSE RUFINO;SUBURBIO;ABALROAMENTO LONGITUDINAL;1;1;;;;;;;1;;Bom;Sem defeito;Perfeito estado;Seca;Perfeito estado;Não existe;Outras;;2019
05/06/2019;17:01:00;SEM VÍTIMA;CAMPO GRANDE;EST DE BELEM;;COLISÃO;1;;;;;1;;;0;;;;;;;;;;2019
05/06/2019;17:11:00;SEM VÍTIMA;PRADO;AV ENGENHEIRO ABDIAS DE CARVALHO;SUBURBIO;ABALROAMENTO TRANSVERSAL;1;1;;;;;;;0;;Bom;Sem defeito;Perfeito estado;Seca;Perfeito estado;Faixa de pedestre;Outras;;2019
05/06/2019;17:44:00;SEM VÍTIMA;ILHA DO LEITE;RUA BENFICA;SUBURBIO;ABALROAMENTO LONGITUDINAL;2;;;;;;;;0;;Bom;Não existe;Perfeito estado;Seca;Perfeito estado;Não existe;Não há placas;;2019
05/06/2019;18:03:00;COM VÍTIMA;IMBIRIBEIRA;AV MARECHAL MASCARENHAS DE MORAES;CIDADE;ATROPELAMENTO ANIMAL;;1;;;;;;;1;;Bom;Sem defeito;Perfeito estado;Seca;Perfeito estado;Faixa de pedestre;R-6a;;2019
05/06/2019;18:18:00;COM VÍTIMA;PRADO;RUA GOMES TABORDA;SUBURBIO;ABALROAMENTO LONGITUDINAL;2;;;;;;;;1;;Bom;Não existe;Perfeito estado;Seca;Perfeito estado;Não existe;Outras;;2019
05/06/2019;18:19:00;SEM VÍTIMA;CIDADE UNIVERSITÁRIA;AV PROFESSOR ARTUR DE SA;;COLISÃO;2;;;;;;;;0;;;;;;;;;;2019
05/06/2019;19:39:00;SEM VÍTIMA;ESPINHEIRO;AV CONS ROSA E SILVA;SUBURBIO;ABALROAMENTO TRANSVERSAL;2;;;;;;;;0;;Bom;Sem defeito;Perfeito estado;Seca;Perfeito estado;Faixa de retenção;Outras;;2019
05/06/2019;19:57:00;SEM VÍTIMA;APIPUCOS;AV DEZESSETE DE AGOSTO;;COLISÃO;2;;;;;;;;0;;;;;;;;;;2019
05/06/2019;20:15:00;COM VÍTIMA;IPSEP;RUA JEAN EMILE FAVRE;SUBURBIO;ATROPELAMENTO;;1;;1;;;;;1;;Bom;Sem defeito;Perfeito estado;Seca;Perfeito estado;Faixa de pedestre;Outras;;2019
05/06/2019;22:00:00;COM VÍTIMA;ILHA DO RETIRO;RUA TABAIARES;;COLISÃO;1;1;;;;;;;1;;;;;;;;;;2019
06/06/2019;06:28:00;COM VÍTIMA;BOA VISTA;AV CONDE DA BOA VISTA;CIDADE;ABALROAMENTO TRANSVERSAL;1;;;;1;;;;5;;Bom;Sem defeito;Perfeito estado;Seca;Perfeito estado;Faixa de pedestre;;;2019
06/06/2019;06:54:00;SEM VÍTIMA;PRADO;AV ENGENHEIRO ABDIAS DE CARVALHO;BR 232;COLISÃO;3;;;;;;;;0;;;;;;;;;;2019
06/06/2019;06:59:00;COM VÍTIMA;JORDÃO;AV MARIA IRENE;CIDADE;ABALROAMENTO LONGITUDINAL;1;1;;;;;;;2;;Bom;Não existe;Incompleta;Seca;Perfeito estado;Não existe;Não há placas;30 km/h;2019
06/06/2019;07:22:00;SEM VÍTIMA;ESTÂNCIA;AV RECIFE;;COLISÃO;1;1;;;;;;;0;;;;;;;;;;2019
06/06/2019;07:31:00;SEM VÍTIMA;ESPINHEIRO;AV GOVERNADOR AGAMENON MAGALHAES;;COLISÃO TRASEIRA;1;1;;;;;;;0;;Bom;Não existe;Perfeito estado;Seca;Perfeito estado;Não existe;Não há placas;60 km/h;2019
06/06/2019;07:31:00;SEM VÍTIMA;SÃO JOSÉ;RUA DA CONCORDIA;;CHOQUE OBJETO FIXO;;;;;;1;;;0;;Bom;Não existe;Perfeito estado;Seca;Perfeito estado;Outros;Outras;;2019