data;hora;natureza_acidente;bairro;endereco;sentido_via;tipo;auto;moto;ciclista;pedestre;onibus;caminhao;viatura;outros;vitimas;vitimasfatais;tempo_clima;situacao_semaforo;sinalizacao;condicao_via;conservacao_via;ponto_controle;situacao_placa;velocidade_max_via;ano
06/06/2019;08:24:00;SEM VÍTIMA;SANTO AMARO;PTE PRINCESA IZABEL;SUBURBIO;COLISÃO TRASEIRA;3;;;;;;;;0;;Bom;Sem defeito;Perfeito estado;Seca;Perfeito estado;Faixa de pedestre;Não há placas;;2019
06/06/2019;08:47:00;SEM VÍTIMA;BOA VIAGEM;AVENIDA CELSO FURTADO (VIA MANGUE);;CHOQUE OBJETO FIXO;0;;;;;;;;0;;;;;;;;;;2019
06/06/2019;08:57:00;SEM VÍTIMA;ILHA DO RETIRO;RUA SPORT CLUBE DO RECIFE;CIDADE;ABALROAMENTO LONGITUDINAL;1;;;;;1;;;0;;Bom;Não existe;Perfeito estado;Seca;Perfeito estado;Não existe;R-6a;;2019
06/06/2019;09:16:00;COM VÍTIMA;ÁGUA FRIA;AV BEBERIBE;CIDADE;ABALROAMENTO LONGITUDINAL;1;1;;;;;;;1;;Bom;Não existe;Perfeito estado;Seca;Perfeito estado;Não existe;R-6a;;2019
06/06/2019;09:40:00;SEM VÍTIMA;IPUTINGA;AV MAURICIO DE NASSAU;CIDADE;ABALROAMENTO LONGITUDINAL;1;;;;;1;;;0;;Bom;Não existe;Não existente;Seca;Perfeito estado;Não existe;Outras;;2019
06/06/2019;09:52:00;SEM VÍTIMA;BOA VIAGEM;AV VINTE DE JANEIRO;CIDADE;ABALROAMENTO LONGITUDINAL;1;1;;;;;;;0;;Bom;Não existe;Incompleta;Seca;Perfeito estado;Não existe;Não há placas;;2019
06/06/2019;09:57:00;SEM VÍTIMA;PINA;RUA CARNEIRO PESSOA;SUBURBIO;COLISÃO TRASEIRA;2;;;;;;;;0;;Bom;Não existe;Incompleta;Seca;Perfeito estado;Não existe;Não há placas;20 km/h;2019
06/06/2019;10:22:00;SEM VÍTIMA;BOA VIAGEM;AV ENGENHEIRO DOMINGOS FERREIRA;SUBURBIO;ABALROAMENTO LONGITUDINAL;1;;;;1;;;;0;;Bom;Não existe;Perfeito estado;Seca;Perfeito estado;Não existe;Outras;60 km/h;2019
06/06/2019;11:01:00;SEM VÍTIMA;JORDÃO;AV MARIA IRENE;;COLISÃO;2;;;;;;;;0;;;;;;;;;;2019
06/06/2019;11:21:00;SEM VÍTIMA;PARNAMIRIM;RUA ANDRE CAVALCANTE;CIDADE;ABALROAMENTO LONGITUDINAL;3;;;;;;;;0;;Bom;Não existe;Perfeito estado;Seca;Perfeito estado;Não existe;Placas Pare;;2019
06/06/2019;11:55:00;SEM VÍTIMA;BOA VIAGEM;RUA PROFESSOR JOSE BRANDAO;;COLISÃO;2;;;;;;;;0;;;;;;;;;;2019
06/06/2019;12:13:00;COM VÍTIMA;BOA VISTA;RUA JOSE DE ALENCAR;SUB/CID;ABALROAMENTO LONGITUDINAL;1;1;;;;;;;1;;Bom;Não existe;Perfeito estado;Seca;Perfeito estado;;Placas Pare;30 km/h;2019
06/06/2019;12:48:00;SEM VÍTIMA;BOA VISTA;RUA JOSE DE ALENCAR;SUBURBIO;ABALROAMENTO LONGITUDINAL;2;;;;;;;;0;;Bom;Não existe;Perfeito estado;Seca;Perfeito estado;Não existe;Outras;30 km/h;2019
06/06/2019;13:00:00;SEM VÍTIMA;BOA VISTA;RUA JOSE DE ALENCAR;;COLISÃO;2;;;;;;;;0;;;;;;;;;;2019
06/06/2019;13:16:00;COM VÍTIMA;ENCRUZILHADA;AV JOAO DE BARROS;;ATROPELAMENTO;;1;;1;;;;;2;;Bom;Sem defeito;Perfeito estado;Seca;Perfeito estado;Faixa de pedestre;;;2019
06/06/2019;13:49:00;SEM VÍTIMA;BOA VIAGEM;AV DOM JOAO VI;SUBURBIO;ABALROAMENTO LONGITUDINAL;1;;;;;;1;;0;;Bom;Sem defeito;Perfeito estado;Seca;Perfeito estado;Faixa de pedestre;Não há placas;50 km/h;2019
06/06/2019;13:54:00;SEM VÍTIMA;TORREÃO;RUA ANTONIO RANGEL;CIDADE;COLISÃO TRASEIRA;1;;;;;1;;;0;;Bom;Não existe;Incompleta;Seca;Perfeito estado;Faixa de retenção;Placas Pare;;2019
06/06/2019;14:13:00;SEM VÍTIMA;SANTO AMARO;AV CRUZ CABUGA;CIDADE;COLISÃO TRASEIRA;2;;;;;;;;0;;Bom;Não existe;Perfeito estado;Seca;Perfeito estado;Não existe;;;2019
06/06/2019;14:23:00;SEM VÍTIMA;PINA;AV ANTONIO DE GOES;CIDADE;COLISÃO TRASEIRA;3;;;;;;;;0;;Bom;Não existe;;Seca;Perfeito estado;Não existe;Não há placas;;2019
06/06/2019;14:35:00;SEM VÍTIMA;IPSEP;AV SENADOR ROBERT KENNEDY;;COLISÃO;2;;;;;;;;0;;;;;;;;;;2019
06/06/2019;15:31:00;COM VÍTIMA;CASA FORTE;AV DEZESSETE DE AGOSTO;SUBURBIO;ABALROAMENTO TRANSVERSAL;1;1;;;;;;;1;;Bom;Sem defeito;Perfeito estado;Seca;Perfeito estado;Faixa de pedestre;R-6a;;2019
06/06/2019;15:49:00;SEM VÍTIMA;BAIRRO DO RECIFE;RUA DO HOSPICIO;CIDADE;ABALROAMENTO LONGITUDINAL;1;;;;1;;;;0;;Bom;Sem defeito;Perfeito estado;Seca;Perfeito estado;Faixa de pedestre;Outras;40 km/h;2019
06/06/2019;15:55:00;SEM VÍTIMA;ILHA DO LEITE;RUA FRANCISCO ALVES;;COLISÃO;1;1;;;;;;;0;;;;;;;;;;2019
06/06/2019;15:58:00;SEM VÍTIMA;BOA VIAGEM;RUA DR VICENTE GOMES;CIDADE;COLISÃO TRASEIRA;2;;;;;;;;0;;Bom;Não existe;Perfeito estado;Seca;Perfeito estado;Não existe;Não há placas;;2019
06/06/2019;16:09:00;SEM VÍTIMA;SÃO JOSÉ;PRC FREI CANECA;CIDADE;ABALROAMENTO LONGITUDINAL;1;;;;1;;;;0;;Bom;Não existe;Não existente;Seca;Mal iluminada;Não existe;Outras;;2019
06/06/2019;16:21:00;SEM VÍTIMA;CASA FORTE;RUA DR JOAO SANTOS FILHO;;COLISÃO;2;;;;;;;;0;;;;;;;;;;2019
06/06/2019;16:26:00;SEM VÍTIMA;CASA AMARELA;RUA ARMANDO GAIOSO;;COLISÃO;1;;;;;1;;;0;;;;;;;;;;2019
06/06/2019;16:58:00;COM VÍTIMA;IPSEP;RUA HELIO BRANDAO;CIDADE;ABALROAMENTO TRANSVERSAL;3;;;;;;;;1;;Bom;Não existe;Incompleta;Seca;Perfeito estado;Não existe;Não há placas;;2019
06/06/2019;17:32:00;SEM VÍTIMA;CASA AMARELA;AV NORTE;SUBURBIO;ABALROAMENTO LONGITUDINAL;1;;;;1;;;;0;;Bom;Sem defeito;Perfeito estado;Seca;Perfeito estado;Faixa de pedestre;Placas Pare;;2019
06/06/2019;17:56:00;COM VÍTIMA;IMBIRIBEIRA;RUA ITACARI;SUBURBIO;ABALROAMENTO TRANSVERSAL;1;1;;;;;;;1;;Bom;Não existe;Perfeito estado;Seca;Perfeito estado;Não existe;Não há placas;;2019
06/06/2019;18:32:00;COM VÍTIMA;CAMPO GRANDE;RUA JERONIMO VILELA;;ABALROAMENTO TRANSVERSAL;1;1;;;;;;;1;;Bom;Não existe;Perfeito estado;Seca;Perfeito estado;Não existe;Outras;;2019
06/06/2019;19:40:00;SEM VÍTIMA;DOIS UNIDOS;AV HILDEBRANDO DE VASCONCELOS;;COLISÃO;1;;;;1;;;;0;;;;;;;;;;2019
06/06/2019;22:21:00;SEM VÍTIMA;CABANGA;AV SUL;;COLISÃO TRASEIRA;1;;;;1;;;;0;;Bom;Sem defeito;Incompleta;Seca;Perfeito estado;;Não há placas;60 km/h;2019
07/06/2019;01:46:00;SEM VÍTIMA;CAMPO GRANDE;AV PROFESSOR JOSE DOS ANJOS;;CHOQUE OBJETO FIXO;1;;;;;;;;0;;Bom;Não existe;Perfeito estado;Seca;Perfeito estado;Faixa de pedestre;Placas Pare;40 km/h;2019
07/06/2019;05:32:00;COM VÍTIMA;MACAXEIRA;AV NORTE;CIDADE;COLISÃO;1;;;;1;;;;2;;Bom;Sem defeito;Perfeito estado;Seca;Perfeito estado;Faixa de pedestre;R-6a;50 km/h;2019
07/06/2019;06:47:00;SEM VÍTIMA;MACAXEIRA;AV NORTE;;COLISÃO;1;;;;1;;;;0;;;;;;;;;;2019
07/06/2019;06:53:00;SEM VÍTIMA;IBURA;RUA EXP FRANCISCO VITORIANO;CIDADE;ABALROAMENTO TRANSVERSAL;;;;;1;1;;;0;;Bom;Não existe;Perfeito estado;Seca;Perfeito estado;Não existe;Não há placas;30 km/h;2019
07/06/2019;07:19:00;COM VÍTIMA;CAXANGÁ;AV CAXANGA;SUBURBIO;COLISÃO COM CICLISTA;;1;1;;;;;;2;;Bom;Não existe;Perfeito estado;Seca;Perfeito estado;Não existe;R-6a;;2019
07/06/2019;08:21:00;SEM VÍTIMA;BOA VIAGEM;AV DES JOSE NEVES;CIDADE;COLISÃO TRASEIRA;3;;;;;;;;0;;Bom;Não existe;Perfeito estado;Seca;Perfeito estado;Faixa de pedestre;Não há placas;50 km/h;2019
07/06/2019;08:40:00;SEM VÍTIMA;DERBY;RUA JENER DE SOUZA;;ABALROAMENTO LONGITUDINAL;2;;;;;;;;0;;Bom;Sem defeito;Perfeito estado;Seca;Perfeito estado;;;;2019
07/06/2019;08:54:00;SEM VÍTIMA;MADALENA;RUA NOBRE DE LACERDA;CIDADE;ABALROAMENTO TRANSVERSAL;2;;;;;;;;0;;Bom;Não existe;Perfeito estado;Seca;Perfeito estado;Outros;Placas Pare;;2019
07/06/2019;09:54:00;SEM VÍTIMA;BOA VIAGEM;RUA SETUBAL;;COLISÃO;2;;;;;;;;0;;;;;;;;;;2019
07/06/2019;09:55:00;SEM VÍTIMA;BOA VIAGEM;AV CONSELHEIRO AGUIAR;CIDADE;ABALROAMENTO LONGITUDINAL;2;;;;;;;;0;;Bom;Sem defeito;Perfeito estado;Seca;Perfeito estado;Faixa de pedestre;Não há placas;60 km/h;2019
07/06/2019;09:56:00;SEM VÍTIMA;IMBIRIBEIRA;AV MARECHAL MASCARENHAS DE MORAES;CIDADE;COLISÃO;1;;;;;1;;;0;;;;;;;;;;2019
07/06/2019;10:02:00;SEM VÍTIMA;IMBIRIBEIRA;VIADUTO TANCREDO NEVES;;COLISÃO;1;1;;;;;;;0;;;;;;;;;;2019
07/06/2019;10:40:00;COM VÍTIMA;CORDEIRO;AV GENERAL SAN MARTIN;CIDADE;ABALROAMENTO TRANSVERSAL;;1;;;;;;;1;;Bom;Não existe;Perfeito estado;Seca;Perfeito estado;Não existe;Outras;;2019
07/06/2019;11:21:00;SEM VÍTIMA;ENCRUZILHADA;RUA CEARA;SUBURBIO;ABALROAMENTO LONGITUDINAL;1;;;;;1;;;0;;Bom;Não existe;Incompleta;Seca;Perfeito estado;Não existe;R-6a;;2019
07/06/2019;11:27:00;SEM VÍTIMA;TORRE;AV BEIRA RIO;;ABALROAMENTO LONGITUDINAL;1;1;;;;;;;0;;Bom;Sem defeito;Perfeito estado;Seca;Perfeito estado;Não existe;R-6a;;2019
07/06/2019;11:31:00;SEM VÍTIMA;DERBY;RUA AMARO BEZERRA;;COLISÃO;2;;;;;;;;0;;;;;;;;;;2019
07/06/2019;11:37:00;SEM VÍTIMA;TAMARINEIRA;AV NORTE;CIDADE;COLISÃO;2;;;;;;;;0;;;;;;;;;;2019
07/06/2019;12:15:00;SEM VÍTIMA;AREIAS;AV RECIFE;SUBURBIO;COLISÃO TRASEIRA;2;;;;;;;;0;;Bom;Não existe;Perfeito estado;Seca;Perfeito estado;Não existe;Não há placas;;2019
07/06/2019;12:22:00;SEM VÍTIMA;MADALENA;RUA SEVERINO PESSOA;SUBURBIO;ABALROAMENTO TRANSVERSAL;1;;;;1;;;;0;;Bom;Não existe;Incompleta;Seca;Perfeito estado;Não existe;Não há placas;;2019
07/06/2019;12:29:00;COM VÍTIMA;IMBIRIBEIRA;AV MARECHAL MASCARENHAS DE MORAES;CIDADE;COLISÃO TRASEIRA;1;;;;;1;;;1;;Bom;Não existe;Perfeito estado;Seca;Perfeito estado;Outros;R-6a;;2019
07/06/2019;12:51:00;SEM VÍTIMA;SÃO JOSÉ;PTE JOAQUIM CARDOSO;SUBURBIO;ABALROAMENTO LONGITUDINAL;1;1;;;;;;;0;;Bom;Não existe;Perfeito estado;Seca;Perfeito estado;Não existe;Não há placas;;2019
07/06/2019;13:17:00;COM VÍTIMA;ESTÂNCIA;AV RECIFE;CIDADE;CHOQUE VEÍCULO PARADO;1;1;;;;;;;1;;Bom;Com defeito;Ilegível;Seca;Perfeito estado;Faixa de pedestre;Não há placas;60 km/h;2019
07/06/2019;13:55:00;SEM VÍTIMA;BOA VIAGEM;AV ENGENHEIRO DOMINGOS FERREIRA;SUBURBIO;COLISÃO TRASEIRA;1;1;;;;;;;0;;Bom;Sem defeito;Perfeito estado;Seca;Perfeito estado;Não existe;R-6a;;2019
07/06/2019;14:01:00;SEM VÍTIMA;IMBIRIBEIRA;AV DOM JOAO VI;;COLISÃO TRASEIRA;2;;;;;;;;0;;Bom;Não existe;Perfeito estado;Seca;Perfeito estado;Não existe;Não há placas;;2019
07/06/2019;14:02:00;SEM VÍTIMA;ÁGUA FRIA;AV BEBERIBE;CIDADE;ABALROAMENTO LONGITUDINAL;1;1;;;;;;;0;;Bom;Não existe;Perfeito estado;Seca;Perfeito estado;Não existe;Não há placas;;2019
07/06/2019;14:40:00;SEM VÍTIMA;GRAÇAS;AV RUI BARBOSA;CIDADE;COLISÃO TRASEIRA;3;;;;;;;;0;;Bom;Não existe;Perfeito estado;Seca;Perfeito estado;Faixa de pedestre;Não há placas;60 km/h;2019
07/06/2019;14:46:00;COM VÍTIMA;AFOGADOS;RUA DA PAZ;SUBURBIO;ABALROAMENTO TRANSVERSAL;1;1;;;;;;;1;;Bom;Não existe;Perfeito estado;Seca;Perfeito estado;Não existe;Não há placas;;2019
07/06/2019;14:57:00;SEM VÍTIMA;;RUA VISCONDE DE JEQUITINHONHA;SUBURBIO;ABALROAMENTO LONGITUDINAL;2;;;;;;;;0;;Bom;Não existe;Perfeito estado;Seca;Perfeito estado;Faixa de pedestre;Não há placas;60 km/h;2019
07/06/2019;14:59:00;COM VÍTIMA;AFOGADOS;RUA MOTOCOLOMBO;SUBURBIO;COLISÃO;1;1;;;;;;;1;;Bom;Não existe;Perfeito estado;Seca;Perfeito estado;Outros;Outras;;2019
07/06/2019;15:16:00;SEM VÍTIMA;ILHA DO LEITE;AV GOVERNADOR AGAMENON MAGALHAES;;COLISÃO;2;;;;;;;;0;;;;;;;;;;2019
07/06/2019;15:39:00;SEM VÍTIMA;AREIAS;;;ABALROAMENTO LONGITUDINAL;1;;;;;1;;;0;;Bom;Não existe;Perfeito estado;Seca;Perfeito estado;Não existe;Não há placas;;2019
07/06/2019;15:52:00;SEM VÍTIMA;GRAÇAS;AV RUI BARBOSA;CIDADE;COLISÃO TRASEIRA;2;;;;;;;;0;;Bom;Não existe;Perfeito estado;Seca;Perfeito estado;Não existe;R-6a;;2019
07/06/2019;16:17:00;SEM VÍTIMA;AREIAS;AV DR JOSE RUFINO;;COLISÃO;2;;;;;;;;0;;;;;;;;;;2019
07/06/2019;16:41:00;SEM VÍTIMA;BARRO;AV DR JOSE RUFINO;SUBURBIO;COLISÃO TRASEIRA;2;;;;;;;;0;;Bom;Sem defeito;Perfeito estado;Seca;Perfeito estado;Outros;Outras;;2019
07/06/2019;16:47:00;SEM VÍTIMA;IPSEP;AV RECIFE;;COLISÃO;2;;;;;;;;0;;;;;;;;;;2019
07/06/2019;17:56:00;SEM VÍTIMA;ILHA DO LEITE;RUA PAISSANDU;;COLISÃO;2;;;;;;;;0;;;;;;;;;;2019
07/06/2019;18:05:00;SEM VÍTIMA;IPSEP;AV RECIFE;CIDADE;COLISÃO TRASEIRA;4;;;;;;;;0;;Bom;Não existe;Perfeito estado;Seca;Perfeito estado;Não existe;Não há placas;60 km/h;2019
07/06/2019;18:27:00;SEM VÍTIMA;IMBIRIBEIRA;RUA JAMAICA;;ABALROAMENTO TRANSVERSAL;2;;;;;;;;0;;Bom;Não existe;Perfeito estado;Seca;Mal iluminada;Não existe;Placas Pare;;2019
07/06/2019;18:58:00;SEM VÍTIMA;BOA VIAGEM;AV MARECHAL MASCARENHAS DE MORAES;CIDADE;COLISÃO TRASEIRA;2;;;;;;;;0;;Bom;Não existe;Perfeito estado;Seca;Perfeito estado;;Não há placas;;2019
07/06/2019;19:24:00;SEM VÍTIMA;AFOGADOS;RUA SAO MIGUEL;SUBURBIO;ABALROAMENTO LONGITUDINAL;1;;;;;1;;;0;;Bom;Sem defeito;Perfeito estado;Seca;Perfeito estado;;;;2019
07/06/2019;20:05:00;SEM VÍTIMA;BOA VIAGEM;AV FERNANDO SIMOES BARBOSA;SUBURBIO;COLISÃO TRASEIRA;3;;;;;;;;0;;Bom;Não existe;Perfeito estado;Seca;Perfeito estado;Não existe;Outras;;2019
07/06/2019;20:45:00;SEM VÍTIMA;SÃO JOSÉ;RUA IMPERIAL;;ABALROAMENTO TRANSVERSAL;2;;;;;;;;0;;Bom;Sem defeito;Perfeito estado;Seca;Perfeito estado;Faixa de pedestre;Outras;;2019
07/06/2019;21:56:00;SEM VÍTIMA;BOA VIAGEM;RUA VISCONDE DE JEQUITINHONHA;SUBURBIO;COLISÃO TRASEIRA;1;1;;;;;;;0;;Bom;Sem defeito;Perfeito estado;Seca;Perfeito estado;Faixa de pedestre;R-6a;;2019
08/06/2019;04:26:00;SEM VÍTIMA;ENCRUZILHADA;AV NORTE;SUBURBIO;CHOQUE OBJETO FIXO;1;;;;;;;;0;;Bom;Não existe;Perfeito estado;Seca;Perfeito estado;Faixa de pedestre;R-6a;60 km/h;2019
08/06/2019;06:40:00;COM VÍTIMA;BEBERIBE;AV BEBERIBE;CID/SUB;COLISÃO TRASEIRA;1;1;;;;;;;1;;Bom;Sem defeito;Perfeito estado;Seca;Perfeito estado;Faixa de pedestre;Não há placas;;2019
08/06/2019;08:17:00;SEM VÍTIMA;BOA VISTA;RUA DAS NINFAS;CIDADE;ABALROAMENTO TRANSVERSAL;2;;;;;;;;0;;Bom;Não existe;Perfeito estado;Seca;Perfeito estado;Não existe;Placas Pare;;2019
08/06/2019;09:13:00;SEM VÍTIMA;TORRE;RUA DIANOPOLIS;CIDADE;ABALROAMENTO LONGITUDINAL;2;;;;;;;;0;;Bom;Sem defeito;Perfeito estado;Seca;Perfeito estado;Faixa de pedestre;R-6a;;2019
08/06/2019;09:22:00;SEM VÍTIMA;IBURA;AV DOIS RIOS;SUBURBIO;COLISÃO TRASEIRA;1;;;;1;;;;0;;Bom;Não existe;Perfeito estado;Seca;Perfeito estado;Não existe;Não há placas;;2019
08/06/2019;09:30:00;SEM VÍTIMA;ESPINHEIRO;AV JOAO DE BARROS;SUBURBIO;ABALROAMENTO LONGITUDINAL;2;;;;;;;;0;;Bom;Sem defeito;Perfeito estado;Seca;Perfeito estado;;R-6a;;2019
08/06/2019;12:02:00;SEM VÍTIMA;AFOGADOS;RUA SAO MIGUEL;SUBURBIO;ABALROAMENTO LONGITUDINAL;1;;;;;1;;1;0;;Bom;Não existe;Perfeito estado;Seca;Perfeito estado;Não existe;;;2019
08/06/2019;12:03:00;SEM VÍTIMA;VÁRZEA;AV PROFESSOR ARTUR DE SA;SUBURBIO;ABALROAMENTO LONGITUDINAL;;1;;;1;;;;0;;Bom;Não existe;Ilegível;Seca;Perfeito estado;;Placas Pare;;2019
08/06/2019;12:18:00;SEM VÍTIMA;BEBERIBE;AV BEBERIBE;SUBURBIO;COLISÃO TRASEIRA;2;;;;;;;;0;;Bom;Sem defeito;Perfeito estado;Seca;Perfeito estado;Faixa de pedestre;Outras;;2019
08/06/2019;12:24:00;COM VÍTIMA;SANTO AMARO;RUA TREZE DE MAIO;CIDADE;ABALROAMENTO LONGITUDINAL;1;1;;;;;;;2;;Bom;Não existe;Perfeito estado;Seca;Perfeito estado;Não existe;Não há placas;;2019
08/06/2019;12:33:00;SEM VÍTIMA;GRAÇAS;AV GOVERNADOR AGAMENON MAGALHAES;CIDADE;COLISÃO TRASEIRA;2;;;;;;;;0;;Bom;Sem defeito;Perfeito estado;Seca;Perfeito estado;Não existe;Não há placas;60 km/h;2019
08/06/2019;13:40:00;COM VÍTIMA;BEBERIBE;RUA URIEL DE HOLANDA;SUBURBIO;ABALROAMENTO LONGITUDINAL;;1;;;1;;;;1;;Bom;Não existe;Perfeito estado;Seca;Perfeito estado;Faixa de pedestre;R-6a;;2019
08/06/2019;13:50:00;SEM VÍTIMA;NOVA DESCOBERTA;RUA NOVA DESCOBERTA;CIDADE;COLISÃO TRASEIRA;1;;;;1;;;;0;;Bom;Não existe;Incompleta;Seca;Perfeito estado;Não existe;Não há placas;;2019
08/06/2019;13:51:00;SEM VÍTIMA;BARRO;RUA MANUEL SALVADOR;SUBURBIO;CHOQUE VEÍCULO PARADO;2;;;;;;;;0;;Bom;Não existe;Não existente;Seca;Perfeito estado;Não existe;Não há placas;;2019
08/06/2019;14:01:00;COM VÍTIMA;IMBIRIBEIRA;AV MARECHAL MASCARENHAS DE MORAES;SUBURBIO;ABALROAMENTO TRANSVERSAL;1;2;;;;;;;2;;Bom;Sem defeito;Perfeito estado;Seca;Perfeito estado;Faixa de retenção;Não há placas;;2019
08/06/2019;14:41:00;SEM VÍTIMA;CASA FORTE;EST DO ENCANAMENTO;CIDADE;ABALROAMENTO LONGITUDINAL;2;;;;;;;;0;;Bom;Não existe;Perfeito estado;Seca;Perfeito estado;Não existe;R-4b;40 km/h;2019
08/06/2019;14:53:00;SEM VÍTIMA;ÁGUA FRIA;AV BEBERIBE;CIDADE;ABALROAMENTO LONGITUDINAL;1;;;;1;;;;0;;Bom;Não existe;Perfeito estado;Seca;Perfeito estado;Não existe;Outras;;2019
08/06/2019;15:43:00;SEM VÍTIMA;ROSARINHO;RUA COUTO MAGALHAES;;ABALROAMENTO LONGITUDINAL;2;1;;;;;;;0;;Bom;Não existe;Perfeito estado;Seca;Perfeito estado;Não existe;R-6a;;2019
08/06/2019;17:45:00;SEM VÍTIMA;IMBIRIBEIRA;AV MARECHAL MASCARENHAS DE MORAES;SUBURBIO;ABALROAMENTO LONGITUDINAL;2;;;;;;;;0;;Bom;Não existe;;Seca;Perfeito estado;Não existe;Não há placas;;2019
08/06/2019;20:36:00;SEM VÍTIMA;IPUTINGA;AV CAXANGA;;ABALROAMENTO LONGITUDINAL;1;;;;;;;;0;;Bom;Não existe;Ilegível;Seca;Mal iluminada;;Outras;;2019
08/06/2019;23:02:00;SEM VÍTIMA;BOA VIAGEM;AV BOA VIAGEM;CIDADE;ABALROAMENTO LONGITUDINAL;1;;;;1;;;;0;;Bom;Sem defeito;Perfeito estado;Seca;Perfeito estado;Faixa de pedestre;Não há placas;;2019
09/06/2019;00:57:00;SEM VÍTIMA;CASA AMARELA;RUA DA HARMONIA;;ABALROAMENTO TRANSVERSAL;2;;;;;;;;0;;Bom;Intermitente;Perfeito estado;Molhada;Perfeito estado;Faixa de pedestre;Outras;;2019
09/06/2019;02:20:00;SEM VÍTIMA;SÃO JOSÉ;RUA IMPERIAL;;CHOQUE OBJETO FIXO;1;;;;;;;;0;;;;;;;;;;2019
09/06/2019;03:27:00;SEM VÍTIMA;AFOGADOS;RUA MOTOCOLOMBO;SUBURBIO;ABALROAMENTO TRANSVERSAL;2;;;;;;;;0;;Bom;Intermitente;Perfeito estado;Seca;Perfeito estado;Faixa de pedestre;R-6c;50 km/h;2019
09/06/2019;04:52:00;SEM VÍTIMA;GUABIRABA;AV DA RECUPERACAO;SUBURBIO;CHOQUE OBJETO FIXO;1;;;;;;;;0;;Chuvoso;Não existe;Não existente;Molhada;Perfeito estado;Não existe;Não há placas;;2019
09/06/2019;05:08:00;SEM VÍTIMA;ARRUDA;AV BEBERIBE;CIDADE;ABALROAMENTO LONGITUDINAL;2;;;;;;;;0;;Bom;Intermitente;Ilegível;Seca;Mal iluminada;Faixa de pedestre;Outras;60 km/h;2019
09/06/2019;05:51:00;COM VÍTIMA;BOA VIAGEM;AV ENGENHEIRO DOMINGOS FERREIRA;SUBURBIO;COLISÃO TRASEIRA;2;;;;;;;;2;;Bom;Sem defeito;Perfeito estado;Seca;Perfeito estado;Faixa de pedestre;;60 km/h;2019
09/06/2019;07:04:00;SEM VÍTIMA;PRADO;AV ENGENHEIRO ABDIAS DE CARVALHO;CIDADE;COLISÃO;3;;;;;;;;0;;;;;;;;;;2019
09/06/2019;08:04:00;SEM VÍTIMA;SÃO JOSÉ;AV SUL;CIDADE;COLISÃO TRASEIRA;;;;;2;;;;0;;Bom;Sem defeito;Perfeito estado;Seca;Perfeito estado;Faixa de pedestre;Outras;;2019
09/06/2019;10:16:00;SEM VÍTIMA;DOIS UNIDOS;RUA DIVISOPOLIS;;ABALROAMENTO LONGITUDINAL;1;1;;;;;;;0;;Bom;Não existe;Não existente;Seca;Perfeito estado;Não existe;Não há placas;;2019
09/06/2019;12:21:00;SEM VÍTIMA;IBURA;AV JORNALISTA COSTA PORTO;CIDADE;ABALROAMENTO LONGITUDINAL;2;;;;;;;;0;;Bom;Não existe;Perfeito estado;Seca;Perfeito estado;Não existe;Não há placas;;2019
09/06/2019;12:40:00;SEM VÍTIMA;BOA VIAGEM;AV CONSELHEIRO AGUIAR;CIDADE;ABALROAMENTO LONGITUDINAL;2;;;;;;;;0;;Bom;Sem defeito;Perfeito estado;Seca;Perfeito estado;Faixa de pedestre;R-6a;;2019
09/06/2019;16:22:00;SEM VÍTIMA;MACAXEIRA;AV NORTE;CIDADE;COLISÃO TRASEIRA;2;;;;;;;;0;;Bom;Sem defeito;Perfeito estado;Seca;Perfeito estado;Faixa de retenção;R-6a;;2019
09/06/2019;16:24:00;SEM VÍTIMA;BOA VIAGEM;RUA ANTONIO FALCAO;SUBURBIO;COLISÃO TRASEIRA;1;1;;;;;;;0;;Bom;Sem defeito;Perfeito estado;Seca;Perfeito estado;Faixa de pedestre;R-6a;;2019
09/06/2019;16:25:00;SEM VÍTIMA;BOA VISTA;RUA AURORA;SUBURBIO;ABALROAMENTO LONGITUDINAL;;;;;2;;;;0;;Bom;Sem defeito;Perfeito estado;Seca;Perfeito estado;Faixa de pedestre;;;2019
09/06/2019;16:58:00;COM VÍTIMA;APIPUCOS;RUA CORONEL JOAO BATISTA DO REGO BARROS;SUBURBIO;COLISÃO COM CICLISTA;;1;1;;;;;;1;;Bom;Sem defeito;Perfeito estado;Seca;Perfeito estado;Não existe;Não há placas;;2019
09/06/2019;17:22:00;SEM VÍTIMA;IPSEP;AV RECIFE;CIDADE;COLISÃO TRASEIRA;2;;;;;;;;0;;Bom;Não existe;Perfeito estado;Seca;Perfeito estado;Não existe;R-6a;60 km/h;2019
09/06/2019;18:10:00;COM VÍTIMA;VÁRZEA;RUA VALE DO SIRIJI;SUBURBIO;COLISÃO TRASEIRA;1;1;;;;;;;1;;Bom;Não existe;Não existente;Seca;Perfeito estado;Não existe;Não há placas;;2019
09/06/2019;18:59:00;SEM VÍTIMA;LINHA DO TIRO;RUA URIEL DE HOLANDA;CIDADE;COLISÃO TRASEIRA;1;;;;1;;;;0;;Bom;Não existe;Perfeito estado;Seca;Perfeito estado;Não existe;Não há placas;;2019