data;hora;natureza_acidente;bairro;endereco;sentido_via;tipo;auto;moto;ciclista;pedestre;onibus;caminhao;viatura;outros;vitimas;vitimasfatais;tempo_clima;situacao_semaforo;sinalizacao;condicao_via;conservacao_via;ponto_controle;situacao_placa;velocidade_max_via;ano
17/06/2019;10:00:00;SEM VÍTIMA;ESPINHEIRO;RUA ALFREDO DE CARVALHO;CIDADE;COLISÃO TRASEIRA;2;;;;;;;;0;;Chuvoso;Não existe;Perfeito estado;Molhada;Perfeito estado;Faixa de pedestre;Placas Pare;;2019
17/06/2019;10:19:00;SEM VÍTIMA;CASA FORTE;RUA LEONARDO BEZERRA CAVALCANTE;SUBURBIO;ABALROAMENTO LONGITUDINAL;2;;;;;;;;0;;Chuvoso;Não existe;Perfeito estado;Molhada;Perfeito estado;Não existe;R-6a;;2019
17/06/2019;10:32:00;SEM VÍTIMA;TAMARINEIRA;AV NORTE;;COLISÃO;;;;;;;;;0;;;;;;;;;;2019
17/06/2019;10:52:00;SEM VÍTIMA;BOA VIAGEM;RUA ERNESTO DE PAULA SANTOS;CIDADE;COLISÃO TRASEIRA;2;;;;;;;;0;;Bom;Não existe;Perfeito estado;Molhada;Perfeito estado;Não existe;Não há placas;;2019
17/06/2019;11:01:00;COM VÍTIMA;MADALENA;AV CAXANGA;CIDADE;CHOQUE VEÍCULO PARADO;1;1;;;;;;;1;;Chuvoso;Sem defeito;Perfeito estado;Molhada;Perfeito estado;;Não há placas;60 km/h;2019
17/06/2019;11:26:00;SEM VÍTIMA;BOA VIAGEM;RUA MAMANGUAPE;SUBURBIO;ABALROAMENTO TRANSVERSAL;2;;;;;;;;0;;Chuvoso;Não existe;Não existente;Molhada;Perfeito estado;Não existe;Não há placas;;2019
17/06/2019;14:43:00;SEM VÍTIMA;ESTÂNCIA;AV RECIFE;CAXANGA;COLISÃO;;1;;;;1;;;0;;;;;;;;;;2019
17/06/2019;16:05:00;SEM VÍTIMA;ROSARINHO;AV NORTE;SUBURBIO;COLISÃO TRASEIRA;2;;;;;;;;0;;Chuvoso;Sem defeito;Perfeito estado;Molhada;Perfeito estado;Faixa de retenção;R-4b;;2019
17/06/2019;17:15:00;SEM VÍTIMA;IMBIRIBEIRA;AV MARECHAL MASCARENHAS DE MORAES;SUBURBIO;ABALROAMENTO LONGITUDINAL;1;;;;;1;;;0;;Chuvoso;Não existe;Perfeito estado;Molhada;Perfeito estado;Agente;Não há placas;60 km/h;2019
17/06/2019;18:38:00;SEM VÍTIMA;IPUTINGA;AV CAXANGA;CIDADE;CHOQUE VEÍCULO PARADO;1;;;;1;;;;0;;Chuvoso;Não existe;Perfeito estado;Molhada;Perfeito estado;Não existe;Não há placas;;2019
17/06/2019;19:36:00;COM VÍTIMA;LINHA DO TIRO;RUA URIEL DE HOLANDA;SUBURBIO;COLISÃO FRONTAL;1;1;;;;;;;1;;Chuvoso;Não existe;Perfeito estado;Molhada;Perfeito estado;Não existe;Não há placas;;2019
17/06/2019;19:59:00;SEM VÍTIMA;ÁGUA FRIA;AV BEBERIBE;SUBURBIO;COLISÃO TRASEIRA;1;1;;;;;;;0;;Chuvoso;Não existe;Perfeito estado;Molhada;Perfeito estado;Faixa de pedestre;Outras;;2019
17/06/2019;20:50:00;COM VÍTIMA;BOA VIAGEM;RUA ANTONIO FALCAO;SUBURBIO;COLISÃO FRONTAL;1;1;;;;;;;1;;Chuvoso;Não existe;Perfeito estado;Molhada;Perfeito estado;Não existe;Outras;;2019
17/06/2019;21:52:00;SEM VÍTIMA;BOA VISTA;AV MANOEL BORBA;;ABALROAMENTO TRANSVERSAL;1;1;;;;;;;0;;Chuvoso;Com defeito;;Molhada;Perfeito estado;Faixa de pedestre;;;2019
17/06/2019;22:05:00;SEM VÍTIMA;BONGI;AV ENGENHEIRO ABDIAS DE CARVALHO;;ABALROAMENTO LONGITUDINAL;1;;;;1;;;;0;;Chuvoso;Sem defeito;Perfeito estado;Molhada;Perfeito estado;Não existe;R-6a;60 km/h;2019
18/06/2019;07:45:00;SEM VÍTIMA;PRADO;RUA GOMES TABORDA;CIDADE;COLISÃO TRASEIRA;2;;;;;;;;0;;Chuvoso;Não existe;Perfeito estado;Molhada;Perfeito estado;Não existe;R-6a;;2019
18/06/2019;08:20:00;SEM VÍTIMA;JARDIM SÃO PAULO;AV RECIFE;SUBURBIO;COLISÃO TRASEIRA;1;1;;;;;;;0;;Chuvoso;Não existe;Perfeito estado;Molhada;Perfeito estado;Não existe;Outras;60 km/h;2019
18/06/2019;08:20:00;SEM VÍTIMA;IPUTINGA;RUA OSVALDO GUIMARAES;SUBURBIO;ABALROAMENTO LONGITUDINAL;1;;;;1;;;;0;;Chuvoso;Não existe;Não existente;Molhada;Perfeito estado;Não existe;R-6a;;2019
18/06/2019;08:51:00;SEM VÍTIMA;BOA VIAGEM;AV DOM JOAO VI;CIDADE;COLISÃO TRASEIRA;2;;;;;;;;0;;Chuvoso;Sem defeito;Perfeito estado;Molhada;Perfeito estado;Não existe;Não há placas;;2019
18/06/2019;09:36:00;SEM VÍTIMA;TORRE;RUA REAL DA TORRE;SUBURBIO;COLISÃO TRASEIRA;2;;;;;;;;0;;Bom;Não existe;Perfeito estado;Seca;Perfeito estado;Não existe;Não há placas;;2019
18/06/2019;09:49:00;COM VÍTIMA;SÃO JOSÉ;AV SUL;CIDADE;ATROPELAMENTO;;;;1;1;;;;1;;Chuvoso;Não existe;Não existente;Molhada;Mal conservada;Não existe;Não há placas;;2019
18/06/2019;09:59:00;COM VÍTIMA;SAN MARTIN;AV GENERAL SAN MARTIN;CIDADE;CAPOTAMENTO;;1;;;;;;;1;;Nublado;Não existe;Perfeito estado;Seca;Perfeito estado;Não existe;R-6a;;2019
18/06/2019;10:06:00;SEM VÍTIMA;BOA VIAGEM;AV BOA VIAGEM;CIDADE;COLISÃO TRASEIRA;2;;;;;;;;0;;Bom;Sem defeito;Perfeito estado;Seca;Perfeito estado;Faixa de pedestre;Não há placas;60 km/h;2019
18/06/2019;10:12:00;COM VÍTIMA;ESTÂNCIA;AV DR JOSE RUFINO;SUBURBIO;ABALROAMENTO LONGITUDINAL;1;1;;;;;;;1;;Nublado;Não existe;Incompleta;Seca;Perfeito estado;Não existe;R-6a;;2019
18/06/2019;10:34:00;SEM VÍTIMA;SANTO AMARO;AV CRUZ CABUGA;CIDADE;COLISÃO TRASEIRA;2;;;;;;;;0;;Bom;Não existe;Perfeito estado;Molhada;Mal conservada;Não existe;R-6a;;2019
18/06/2019;10:45:00;SEM VÍTIMA;BOA VIAGEM;AV ENGENHEIRO DOMINGOS FERREIRA;SUBURBIO;COLISÃO TRASEIRA;2;;;;;;;;0;;Bom;Sem defeito;Perfeito estado;Seca;Perfeito estado;Faixa de pedestre;Não há placas;60 km/h;2019
18/06/2019;10:49:00;SEM VÍTIMA;IMBIRIBEIRA;AV MARECHAL MASCARENHAS DE MORAES;SUBURBIO;ABALROAMENTO LONGITUDINAL;1;;;;;1;;;0;;Chuvoso;Não existe;Perfeito estado;Seca;Perfeito estado;;;60 km/h;2019
18/06/2019;11:01:00;SEM VÍTIMA;JIQUIÁ;AV DR JOSE RUFINO;SUBURBIO;ABALROAMENTO LONGITUDINAL;2;;;;;;;;0;;Bom;Não existe;Perfeito estado;Seca;Perfeito estado;Não existe;Não há placas;;2019
18/06/2019;11:14:00;SEM VÍTIMA;IMBIRIBEIRA;RUA CORONEL FABRICIANO;;COLISÃO;;;;;1;1;;;0;;;;;;;;;;2019
18/06/2019;11:42:00;SEM VÍTIMA;CASA FORTE;RUA SAMUEL FARIAS;SUBURBIO;ABALROAMENTO LONGITUDINAL;2;;;;;;;;0;;Bom;Sem defeito;Perfeito estado;Seca;Perfeito estado;Não existe;R-6a;;2019
18/06/2019;11:42:00;COM VÍTIMA;TORRE;RUA JOSE BONIFACIO;SUBURBIO;COLISÃO TRASEIRA;1;1;;;;;;;1;;Bom;Não existe;Perfeito estado;Seca;Perfeito estado;Não existe;R-6a;;2019
18/06/2019;12:37:00;SEM VÍTIMA;ESPINHEIRO;RUA DO ESPINHEIRO;CIDADE;ABALROAMENTO TRANSVERSAL;2;;;;;;;;0;;Bom;Sem defeito;Perfeito estado;Seca;Perfeito estado;Faixa de pedestre;R-6a;;2019
18/06/2019;12:58:00;SEM VÍTIMA;AFOGADOS;RUA AUGUSTO CALHEIROS;SUBURBIO;COLISÃO TRASEIRA;2;;;;;;;;0;;Bom;Sem defeito;Perfeito estado;Seca;Perfeito estado;Não existe;Não há placas;;2019
18/06/2019;13:33:00;SEM VÍTIMA;SANTO AMARO;AV NORTE;SUBURBIO;COLISÃO TRASEIRA;1;;;;1;;;;0;;Bom;Não existe;Não existente;Seca;Perfeito estado;Não existe;Não há placas;60 km/h;2019
18/06/2019;14:52:00;SEM VÍTIMA;BOA VIAGEM;AV FERNANDO SIMOES BARBOSA;SUBURBIO;ABALROAMENTO LONGITUDINAL;2;;;;;;;;0;;Bom;Sem defeito;Perfeito estado;Seca;Perfeito estado;;;40 km/h;2019
18/06/2019;15:10:00;SEM VÍTIMA;BOA VIAGEM;AV DOM JOAO VI;SUBURBIO;ABALROAMENTO TRANSVERSAL;2;;;;;;;;0;;Chuvoso;Não existe;Perfeito estado;Seca;Perfeito estado;Não existe;Não há placas;60 km/h;2019
18/06/2019;15:55:00;SEM VÍTIMA;MADALENA;AV CAXANGA;SUBURBIO;ABALROAMENTO LONGITUDINAL;1;;;;1;;;;0;;Nublado;Sem defeito;Perfeito estado;Seca;Perfeito estado;Faixa de pedestre;R-25b;;2019
18/06/2019;16:08:00;SEM VÍTIMA;DERBY;RUA HENRIQUE DIAS;CIDADE;COLISÃO TRASEIRA;2;;;;;;;;0;;Bom;Não existe;Incompleta;Seca;Perfeito estado;Faixa de pedestre;Outras;;2019
18/06/2019;16:23:00;SEM VÍTIMA;ALTO SANTA TERESINHA;RUA ALTO BRASIL;SUBURBIO;ABALROAMENTO LONGITUDINAL;1;;;;;1;;;0;;Bom;Não existe;Não existente;Seca;Perfeito estado;Não existe;Não há placas;;2019
18/06/2019;16:24:00;COM VÍTIMA;BOA VISTA;AV CONDE DA BOA VISTA;CIDADE;ATROPELAMENTO;1;;;1;;;;;1;;Bom;Não existe;Não existente;Seca;Perfeito estado;Não existe;Não há placas;;2019
18/06/2019;16:27:00;SEM VÍTIMA;CAMPO GRANDE;RUA ODORICO MENDES;SUBURBIO;COLISÃO TRASEIRA;2;;;;;;;;0;;Bom;Não existe;Perfeito estado;Seca;Perfeito estado;Não existe;Não há placas;;2019
18/06/2019;17:40:00;SEM VÍTIMA;BOA VIAGEM;AV ENGENHEIRO DOMINGOS FERREIRA;SUBURBIO;ABALROAMENTO LONGITUDINAL;3;;;;;;;;0;;Bom;Sem defeito;Perfeito estado;Seca;Perfeito estado;;;50 km/h;2019
18/06/2019;17:46:00;SEM VÍTIMA;BOA VIAGEM;RUA RIBEIRO DE BRITO;SUBURBIO;ABALROAMENTO TRANSVERSAL;3;;;;;;;;0;;Bom;Não existe;Perfeito estado;Seca;Perfeito estado;Não existe;Não há placas;;2019
18/06/2019;18:35:00;SEM VÍTIMA;DERBY;PRC DO DERBY;CIDADE;ABALROAMENTO LONGITUDINAL;2;;;;;;;;0;;Bom;Sem defeito;Perfeito estado;Seca;Perfeito estado;Não existe;Outras;;2019
18/06/2019;20:01:00;COM VÍTIMA;SANTO AMARO;RUA BARROS BARRETO;CIDADE;CHOQUE VEÍCULO PARADO;2;;;;;;;1;2;;Bom;Não existe;Não existente;Seca;Perfeito estado;Não existe;Não há placas;;2019
18/06/2019;20:09:00;SEM VÍTIMA;ÁGUA FRIA;EST VELHA DE AGUA FRIA;;ABALROAMENTO LONGITUDINAL;1;;;;1;;;;0;;Bom;Não existe;Incompleta;Seca;Perfeito estado;;Não há placas;;2019
18/06/2019;22:48:00;SEM VÍTIMA;DERBY;RUA DA BAIXA VERDE;;COLISÃO;2;;;;;;;;0;;;;;;;;;;2019
19/06/2019;07:23:00;SEM VÍTIMA;DERBY;RUA JENER DE SOUZA;;COLISÃO TRASEIRA;2;;;;;;;;0;;Bom;Sem defeito;Perfeito estado;Seca;Perfeito estado;Faixa de pedestre;Outras;;2019
19/06/2019;08:03:00;SEM VÍTIMA;BOA VIAGEM;AV CONSELHEIRO AGUIAR;CIDADE;ABALROAMENTO LONGITUDINAL;2;;;;;;;;0;;Bom;Não existe;Perfeito estado;Seca;Perfeito estado;Faixa de pedestre;Placas Pare;60 km/h;2019
19/06/2019;08:04:00;COM VÍTIMA;MADALENA;AV ENGENHEIRO ABDIAS DE CARVALHO;CIDADE;COLISÃO TRASEIRA;1;1;;;;;;;1;;Bom;Não existe;Não existente;Seca;Perfeito estado;Não existe;Não há placas;;2019
19/06/2019;08:07:00;SEM VÍTIMA;SANTO AMARO;AV CRUZ CABUGA;CIDADE;ABALROAMENTO LONGITUDINAL;1;;;;1;;;;0;;Bom;Não existe;Perfeito estado;Seca;Perfeito estado;Não existe;Não há placas;60 km/h;2019
19/06/2019;08:27:00;SEM VÍTIMA;IPUTINGA;AV CAXANGA;CID/SUB;COLISÃO TRASEIRA;2;;;;;;;;0;;Bom;Não existe;Perfeito estado;Seca;Perfeito estado;Não existe;R-6a;60 km/h;2019
19/06/2019;08:39:00;COM VÍTIMA;CASA FORTE;RUA SAMUEL FARIAS;;COLISÃO COM CICLISTA;1;;1;1;;;;;1;;;;;;;;;;2019
19/06/2019;08:55:00;SEM VÍTIMA;IMBIRIBEIRA;AV MARECHAL MASCARENHAS DE MORAES;SUBURBIO;COLISÃO TRASEIRA;2;;;;;;;;0;;Bom;Sem defeito;Perfeito estado;Seca;Perfeito estado;Faixa de pedestre;Não há placas;60 km/h;2019
19/06/2019;09:04:00;COM VÍTIMA;VÁRZEA;RUA MARECHAL MANOEL LUIS OSORIO;SUBURBIO;ABALROAMENTO TRANSVERSAL;;1;;;;;;;1;;Bom;Não existe;Não existente;Seca;;Não existe;Não há placas;40 km/h;2019
19/06/2019;09:18:00;SEM VÍTIMA;ROSARINHO;RUA GENERAL ABREU E LIMA;SUBURBIO;COLISÃO TRASEIRA;2;1;;;;;;;0;;Bom;Não existe;Não existente;Seca;Perfeito estado;Não existe;Não há placas;;2019
19/06/2019;09:38:00;SEM VÍTIMA;ILHA DO RETIRO;EST DOS REMEDIOS;SUBURBIO;ABALROAMENTO TRANSVERSAL;1;;;;1;;;;0;;Bom;Não existe;Não existente;Seca;Perfeito estado;Não existe;Não há placas;;2019
19/06/2019;09:51:00;SEM VÍTIMA;SOLEDADE;RUA JOAO FERNANDES VIEIRA;;ABALROAMENTO TRANSVERSAL;2;;;;;;;;0;;Bom;Com defeito;Perfeito estado;Seca;Perfeito estado;Faixa de pedestre;Não há placas;;2019
19/06/2019;10:02:00;SEM VÍTIMA;BONGI;EST DO BONGI;;ABALROAMENTO LONGITUDINAL;2;;;;;;;;0;;Bom;Não existe;Perfeito estado;Seca;Perfeito estado;Não existe;Não há placas;;2019
19/06/2019;10:36:00;SEM VÍTIMA;SÃO JOSÉ;AV DANTAS BARRETO;;COLISÃO;1;;;;1;;;;0;;;;;;;;;;2019
19/06/2019;10:37:00;SEM VÍTIMA;BOA VIAGEM;AV BOA VIAGEM;;COLISÃO;2;;;;;;;;0;;;;;;;;;;2019
19/06/2019;10:43:00;SEM VÍTIMA;IPSEP;AV RECIFE;CIDADE;ABALROAMENTO LONGITUDINAL;1;;;;1;;;;0;;Bom;Sem defeito;Perfeito estado;Seca;Perfeito estado;Faixa de pedestre;Não há placas;60 km/h;2019
19/06/2019;10:59:00;SEM VÍTIMA;IMBIRIBEIRA;AV MARECHAL MASCARENHAS DE MORAES;SUBURBIO;ABALROAMENTO LONGITUDINAL;1;1;;;;;;;0;;Bom;Sem defeito;Perfeito estado;Seca;Perfeito estado;Outros;Outras;60 km/h;2019
19/06/2019;11:42:00;SEM VÍTIMA;IPUTINGA;RUA JACKSON DE FIGUEIREDO;SUBURBIO;ABALROAMENTO LONGITUDINAL;2;;;;;;;;0;;Bom;Não existe;Não existente;Seca;Mal conservada;Não existe;Não há placas;;2019
19/06/2019;11:45:00;SEM VÍTIMA;ALTO JOSÉ BONIFÁCIO;RUA CORREGO DO EUCLIDES;;COLISÃO;1;;;;1;;;;0;;;;;;;;;;2019
19/06/2019;12:10:00;SEM VÍTIMA;PINA;AV ANTONIO DE GOES;CIDADE;COLISÃO TRASEIRA;1;1;;;;;;;0;;Bom;Sem defeito;Perfeito estado;Seca;Perfeito estado;Agente;Outras;60 km/h;2019
19/06/2019;12:12:00;SEM VÍTIMA;PINA;RUA CARNEIRO PESSOA;SUBURBIO;CHOQUE VEÍCULO PARADO;1;;;;;1;;;0;;Bom;Não existe;Não existente;Seca;Mal conservada;Não existe;Não há placas;;2019
19/06/2019;12:28:00;SEM VÍTIMA;BOA VISTA;RUA CARLOS PORTO CARREIRO;;COLISÃO;2;;;;;;;;0;;;;;;;;;;2019
19/06/2019;13:03:00;SEM VÍTIMA;BOA VIAGEM;RUA CORONEL SERGIO HENRIQUE CARDIM;CIDADE;ABALROAMENTO LONGITUDINAL;2;;;;;;;;0;;Bom;Não existe;Não existente;Seca;Perfeito estado;Não existe;Não há placas;;2019
19/06/2019;13:19:00;COM VÍTIMA;NOVA DESCOBERTA;RUA NOVA DESCOBERTA;CIDADE;ABALROAMENTO LONGITUDINAL;;1;;;2;;;;1;;Bom;Não existe;Perfeito estado;Seca;Perfeito estado;Não existe;R-19;30 km/h;2019
19/06/2019;13:36:00;COM VÍTIMA;SANCHO;AV LIBERDADE;SUBURBIO;ATROPELAMENTO;1;;;1;;;;;1;;Bom;Não existe;Não existente;Seca;Perfeito estado;Não existe;Não há placas;;2019
19/06/2019;13:41:00;COM VÍTIMA;IMBIRIBEIRA;AV MARECHAL MASCARENHAS DE MORAES;CIDADE;COLISÃO FRONTAL;1;1;;;;;;;1;;Bom;Sem defeito;Ilegível;Seca;Perfeito estado;Outros;Outras;;2019
19/06/2019;13:43:00;SEM VÍTIMA;BOA VIAGEM;AV BOA VIAGEM;CIDADE;COLISÃO TRASEIRA;2;;;;;;;;0;;Bom;Não existe;Perfeito estado;Seca;Perfeito estado;Não existe;Não há placas;60 km/h;2019
19/06/2019;13:47:00;SEM VÍTIMA;BOA VIAGEM;RUA ERNESTO DE PAULA SANTOS;SUBURBIO;COLISÃO TRASEIRA;1;;;;1;;;;0;;Bom;Sem defeito;Perfeito estado;Seca;Perfeito estado;Faixa de pedestre;Outras;;2019
19/06/2019;14:24:00;SEM VÍTIMA;DOIS UNIDOS;AV HILDEBRANDO DE VASCONCELOS;SUBURBIO;COLISÃO TRASEIRA;1;;;;1;;;;0;;Bom;Não existe;Perfeito estado;Seca;Perfeito estado;Não existe;Outras;;2019
19/06/2019;14:38:00;SEM VÍTIMA;SANTO ANTÔNIO;AV MARTINS DE BARROS;CIDADE;ABALROAMENTO LONGITUDINAL;1;;;;1;;;;0;;Bom;Sem defeito;Perfeito estado;Seca;Perfeito estado;Faixa de retenção;Outras;;2019
19/06/2019;14:55:00;SEM VÍTIMA;ILHA DO LEITE;AV GOVERNADOR AGAMENON MAGALHAES;CIDADE;ABALROAMENTO LONGITUDINAL;1;;;;1;;;;0;;Bom;Não existe;Perfeito estado;Seca;Perfeito estado;Não existe;Não há placas;60 km/h;2019
19/06/2019;16:36:00;SEM VÍTIMA;CORDEIRO;RUA ADELMAR TAVARES;SUBURBIO;CHOQUE VEÍCULO PARADO;2;;;;;;;;0;;Bom;Não existe;Não existente;Seca;Perfeito estado;Não existe;Não há placas;;2019
19/06/2019;17:07:00;SEM VÍTIMA;GRAÇAS;RUA JOSE CLEMENTINO;;COLISÃO;1;;;;;1;;;0;;;;;;;;;;2019
19/06/2019;17:20:00;COM VÍTIMA;SANTO AMARO;VDO INDEPENDENCIA;SUBURBIO;TOMBAMENTO;;1;;;;;;;2;;Bom;Não existe;Perfeito estado;Seca;Perfeito estado;Não existe;Não há placas;;2019
19/06/2019;17:44:00;COM VÍTIMA;CIDADE UNIVERSITÁRIA;AV PROFESSOR LUIZ FREIRE;;COLISÃO FRONTAL;1;1;;;;;;;1;;Bom;Não existe;Perfeito estado;Seca;Perfeito estado;Não existe;Não há placas;40 km/h;2019
19/06/2019;18:34:00;SEM VÍTIMA;IPSEP;RUA SAO NICOLAU;SUBURBIO;ABALROAMENTO LONGITUDINAL;1;1;;;;;;;0;;Bom;Sem defeito;Perfeito estado;Seca;Perfeito estado;Agente;Não há placas;;2019
19/06/2019;18:38:00;SEM VÍTIMA;IMBIRIBEIRA;AV MARECHAL MASCARENHAS DE MORAES;CIDADE;ABALROAMENTO LONGITUDINAL;1;;;;1;;;;0;;Chuvoso;Intermitente;Perfeito estado;Molhada;Perfeito estado;;Não há placas;;2019
19/06/2019;18:48:00;SEM VÍTIMA;BOA VIAGEM;RUA SA E SOUZA;;COLISÃO;2;;;;;;;;0;;;;;;;;;;2019
19/06/2019;19:51:00;SEM VÍTIMA;JARDIM SÃO PAULO;AV SAO PAULO;;ABALROAMENTO LONGITUDINAL;2;;;;;;;;0;;Chuvoso;Não existe;Incompleta;Molhada;;Não existe;Não há placas;;2019
19/06/2019;20:26:00;SEM VÍTIMA;IMBIRIBEIRA;AV PRESIDENTE DUTRA;;ABALROAMENTO LONGITUDINAL;2;;;;;;;;0;;Chuvoso;Não existe;Perfeito estado;Molhada;Perfeito estado;Não existe;Não há placas;;2019
19/06/2019;21:31:00;SEM VÍTIMA;ÁGUA FRIA;RUA JULIO RAMOS;SUBURBIO;ABALROAMENTO LONGITUDINAL;1;;;;;1;;;0;;Chuvoso;Sem defeito;Perfeito estado;Molhada;Perfeito estado;Faixa de retenção;R-6a;;2019
19/06/2019;22:50:00;SEM VÍTIMA;TAMARINEIRA;RUA CONEGO BARATA;SUBURBIO;ABALROAMENTO LONGITUDINAL;1;1;;;;;;;0;;Bom;Sem defeito;;;;;;;2019
20/06/2019;05:46:00;SEM VÍTIMA;AREIAS;AV RECIFE;SUBURBIO;COLISÃO TRASEIRA;2;;;;;;;;0;;Chuvoso;Não existe;Perfeito estado;Molhada;Perfeito estado;Não existe;R-6a;;2019
20/06/2019;06:00:00;SEM VÍTIMA;GRAÇAS;;SUBURBIO;COLISÃO TRASEIRA;1;;;;1;;;;0;;Bom;Não existe;Perfeito estado;Seca;Perfeito estado;Não existe;Não há placas;;2019
20/06/2019;06:25:00;SEM VÍTIMA;BOA VIAGEM;AV BOA VIAGEM;CIDADE;COLISÃO TRASEIRA;2;;;;;;;;0;;Bom;Sem defeito;Perfeito estado;Seca;Perfeito estado;Faixa de retenção;Não há placas;60 km/h;2019
20/06/2019;07:56:00;SEM VÍTIMA;ILHA DO RETIRO;RUA BENFICA;CIDADE;ABALROAMENTO LONGITUDINAL;1;1;;;;;;;0;;Bom;Não existe;Perfeito estado;Seca;Perfeito estado;Não existe;R-6a;;2019
20/06/2019;08:24:00;SEM VÍTIMA;SANTO AMARO;AV GOVERNADOR AGAMENON MAGALHAES;BOA VIAGEM;COLISÃO;2;;;;;;;;0;;;;;;;;;;2019
20/06/2019;08:24:00;SEM VÍTIMA;BOA VIAGEM;AV CONSELHEIRO AGUIAR;;COLISÃO;2;;;;;;;;0;;;;;;;;;;2019
20/06/2019;09:51:00;SEM VÍTIMA;AREIAS;AV RECIFE;CIDADE;COLISÃO TRASEIRA;2;;;;;;;;0;;Bom;Sem defeito;Perfeito estado;Seca;Perfeito estado;;Outras;;2019
20/06/2019;10:07:00;SEM VÍTIMA;NOVA DESCOBERTA;AV VEREADOR OTACILIO AZEVEDO;SUBURBIO;ABALROAMENTO LONGITUDINAL;1;;;;1;;;;0;;Bom;Não existe;Não existente;Seca;Perfeito estado;Não existe;Não há placas;;2019
20/06/2019;10:27:00;COM VÍTIMA;ESTÂNCIA;AV JOAO CABRAL DE MELO NETO;SUBURBIO;COLISÃO TRASEIRA;;2;;;;;;;1;;Bom;Sem defeito;Perfeito estado;Seca;Perfeito estado;Faixa de pedestre;;;2019
20/06/2019;10:40:00;COM VÍTIMA;COHAB;AV SAO PAULO;SUBURBIO;ATROPELAMENTO;1;;;1;1;;;;2;;Bom;Não existe;Incompleta;Seca;Perfeito estado;Não existe;R-6a;;2019
20/06/2019;10:39:00;SEM VÍTIMA;BOA VIAGEM;AV ENGENHEIRO DOMINGOS FERREIRA;SUBURBIO;COLISÃO TRASEIRA;3;;;;;;;;0;;Bom;Sem defeito;Perfeito estado;Seca;Perfeito estado;Faixa de pedestre;Não há placas;60 km/h;2019
20/06/2019;10:48:00;SEM VÍTIMA;GRAÇAS;AV GOVERNADOR AGAMENON MAGALHAES;;COLISÃO TRASEIRA;1;;;;;1;;;0;;Bom;Sem defeito;Perfeito estado;Seca;Perfeito estado;Faixa de pedestre;;60 km/h;2019
21/06/2019;06:55:00;SEM VÍTIMA;VÁRZEA;AV CAXANGA;SUBURBIO;ABALROAMENTO LONGITUDINAL;2;;;;;;;;0;;Bom;Sem defeito;Perfeito estado;Seca;Perfeito estado;Faixa de retenção;;;2019
20/06/2019;11:40:00;SEM VÍTIMA;SANTO AMARO;PRC GENERAL CARLOS PINTO;CIDADE;CHOQUE VEÍCULO PARADO;2;;;;;1;;;0;;Bom;Não existe;Incompleta;Seca;Mal conservada;Não existe;Não há placas;;2019
20/06/2019;12:12:00;SEM VÍTIMA;IMBIRIBEIRA;RUA ITAJAI;;COLISÃO;2;;;;;;;;0;;;;;;;;;;2019
20/06/2019;12:45:00;SEM VÍTIMA;BOA VISTA;AV GOVERNADOR AGAMENON MAGALHAES;SUBURBIO;COLISÃO TRASEIRA;2;;;;;;;;0;;Bom;Sem defeito;Perfeito estado;Seca;Perfeito estado;Faixa de pedestre;;60 km/h;2019
20/06/2019;14:10:00;SEM VÍTIMA;ARRUDA;EST VELHA DE AGUA FRIA;CIDADE;COLISÃO TRASEIRA;1;;;;1;;;;0;;Bom;Não existe;Perfeito estado;Seca;Perfeito estado;Não existe;Não há placas;;2019
20/06/2019;14:41:00;SEM VÍTIMA;DERBY;RUA BENFICA;CIDADE;ABALROAMENTO LONGITUDINAL;1;;;;;1;;;0;;Bom;Não existe;Perfeito estado;Seca;Perfeito estado;Não existe;Outras;;2019
20/06/2019;14:45:00;SEM VÍTIMA;SANTO AMARO;AV NORTE;CIDADE;COLISÃO TRASEIRA;2;;;;;;;;0;;Bom;Sem defeito;Perfeito estado;Seca;Perfeito estado;Não existe;Não há placas;60 km/h;2019
20/06/2019;14:47:00;SEM VÍTIMA;DERBY;PTE ESTACIO COIMBRA;CIDADE;COLISÃO TRASEIRA;3;;;;;;;;0;;Bom;Não existe;Perfeito estado;Seca;Perfeito estado;Não existe;Outras;;2019
20/06/2019;15:06:00;SEM VÍTIMA;SANTO AMARO;RUA AURORA;;COLISÃO;2;;;;;;;;0;;;;;;;;;;2019
20/06/2019;15:45:00;COM VÍTIMA;CAMPO GRANDE;RUA ODORICO MENDES;SUBURBIO;COLISÃO COM CICLISTA;1;;1;;;;;;1;;Bom;Não existe;Não existente;Seca;Perfeito estado;Não existe;Não há placas;;2019
20/06/2019;15:49:00;SEM VÍTIMA;BOA VIAGEM;AV BOA VIAGEM;;COLISÃO TRASEIRA;2;;;;;;;;0;;Bom;Sem defeito;Perfeito estado;Seca;Perfeito estado;Não existe;Não há placas;;2019