data;hora;natureza_acidente;bairro;endereco;sentido_via;tipo;auto;moto;ciclista;pedestre;onibus;caminhao;viatura;outros;vitimas;vitimasfatais;tempo_clima;situacao_semaforo;sinalizacao;condicao_via;conservacao_via;ponto_controle;situacao_placa;velocidade_max_via;ano
20/06/2019;16:56:00;SEM VÍTIMA;CASA FORTE;AV DEZESSETE DE AGOSTO;SUBURBIO;ABALROAMENTO TRANSVERSAL;2;;;;;;;;0;;Bom;Sem defeito;Perfeito estado;Seca;Perfeito estado;Faixa de pedestre;Não há placas;60 km/h;2019
20/06/2019;16:57:00;SEM VÍTIMA;BAIRRO DO RECIFE;CAIS DO APOLO;CIDADE;COLISÃO TRASEIRA;2;;;;;;;;0;;Bom;Sem defeito;Perfeito estado;Seca;Perfeito estado;;Não há placas;;2019
20/06/2019;18:47:00;SEM VÍTIMA;BOA VISTA;RUA AURORA;SUBURBIO;ABALROAMENTO LONGITUDINAL;1;;;;1;;;;0;;Bom;Sem defeito;Perfeito estado;Seca;Perfeito estado;Outros;Outras;;2019
20/06/2019;18:51:00;SEM VÍTIMA;DERBY;PRC DO DERBY;SUBURBIO;COLISÃO TRASEIRA;2;;;;;;;;0;;Bom;Sem defeito;Perfeito estado;Seca;Perfeito estado;;Não há placas;;2019
20/06/2019;19:19:00;SEM VÍTIMA;BOA VIAGEM;RUA PROFESSOR ARNALDO CARNEIRO LEAO;SUBURBIO;COLISÃO TRASEIRA;2;;;;;;;;0;;Bom;Sem defeito;Perfeito estado;Seca;Perfeito estado;Outros;Outras;;2019
20/06/2019;19:40:00;SEM VÍTIMA;ÁGUA FRIA;EST VELHA DE AGUA FRIA;;COLISÃO TRASEIRA;2;;;;;;;;0;;Bom;Não existe;Incompleta;Seca;Perfeito estado;;Não há placas;;2019
21/06/2019;00:38:00;SEM VÍTIMA;PINA;AV ANTONIO DE GOES;CIDADE;CHOQUE OBJETO FIXO;1;;;;;;;;0;;Bom;Não existe;Perfeito estado;Seca;Perfeito estado;;;;2019
21/06/2019;07:25:00;SEM VÍTIMA;ILHA DO RETIRO;AV BEIRA RIO;CIDADE;ABALROAMENTO LONGITUDINAL;2;;;;;;;;0;;Bom;Não existe;Perfeito estado;Seca;Perfeito estado;Não existe;R-6a;;2019
21/06/2019;07:44:00;SEM VÍTIMA;CASA AMARELA;AV NORTE;CIDADE;COLISÃO TRASEIRA;2;;;;;;;;0;;Bom;Não existe;Perfeito estado;Seca;Perfeito estado;Faixa de retenção;Outras;;2019
21/06/2019;08:18:00;SEM VÍTIMA;BOA VIAGEM;AV CONSELHEIRO AGUIAR;;COLISÃO TRASEIRA;2;;;;;1;;;0;;Bom;Sem defeito;Perfeito estado;Seca;Perfeito estado;Faixa de retenção;;60 km/h;2019
21/06/2019;09:58:00;COM VÍTIMA;BOA VIAGEM;RUA DEZ DE JULHO;CIDADE;ABALROAMENTO TRANSVERSAL;1;1;;;;;;;1;;Bom;Não existe;Incompleta;Seca;;Não existe;Placas Pare;;2019
21/06/2019;10:45:00;SEM VÍTIMA;ENCRUZILHADA;AV NORTE;CIDADE;ABALROAMENTO LONGITUDINAL;1;1;;;;;;;0;;Bom;Sem defeito;Perfeito estado;Seca;Perfeito estado;Outros;R-6a;;2019
21/06/2019;10:50:00;SEM VÍTIMA;BOA VISTA;RUA DAS NINFAS;CIDADE;ABALROAMENTO LONGITUDINAL;2;;;;;;;;0;;Bom;Não existe;Incompleta;Seca;Perfeito estado;Não existe;Placas Pare;;2019
21/06/2019;11:44:00;SEM VÍTIMA;CASA AMARELA;EST DO ARRAIAL;;COLISÃO;2;;;;;;;;0;;;;;;;;;;2019
21/06/2019;11:54:00;SEM VÍTIMA;AFOGADOS;RUA NICOLAU PEREIRA;SUBURBIO;COLISÃO;1;1;;;;;;;0;;;;;;;;;;2019
21/06/2019;12:02:00;SEM VÍTIMA;BARRO;AV DR JOSE RUFINO;SUBURBIO;CHOQUE VEÍCULO PARADO;1;;;;;1;;;0;;Bom;Sem defeito;Perfeito estado;Seca;Perfeito estado;Faixa de retenção;Não há placas;50 km/h;2019
21/06/2019;12:53:00;COM VÍTIMA;TORREÃO;RUA OTHON PARAISO;;ABALROAMENTO TRANSVERSAL;;1;;;;;;;1;;Bom;Não existe;Perfeito estado;Seca;Perfeito estado;Faixa de retenção;Placas Pare;;2019
21/06/2019;14:03:00;SEM VÍTIMA;JORDÃO;;SUBURBIO;COLISÃO TRASEIRA;2;;;;;;;;0;;Bom;Sem defeito;Incompleta;Seca;Perfeito estado;Não existe;Não há placas;;2019
21/06/2019;14:27:00;SEM VÍTIMA;BOA VIAGEM;AV ENGENHEIRO DOMINGOS FERREIRA;SUBURBIO;ABALROAMENTO LONGITUDINAL;2;;;;;;;;0;;Bom;Não existe;Perfeito estado;Seca;Perfeito estado;Não existe;Outras;;2019
21/06/2019;14:44:00;SEM VÍTIMA;IMBIRIBEIRA;RUA CANAL DO JORDAO;CIDADE;ABALROAMENTO LONGITUDINAL;1;;;;1;;;;0;;Bom;Não existe;Não existente;Seca;Perfeito estado;Não existe;Não há placas;;2019
21/06/2019;14:58:00;SEM VÍTIMA;BOA VIAGEM;RUA ANTONIO FALCAO;;COLISÃO;1;1;;;;;;;0;;;;;;;;;;2019
21/06/2019;15:08:00;COM VÍTIMA;HIPÓDROMO;RUA MARQUES DE BAIPENDI;;ABALROAMENTO LONGITUDINAL;1;1;;;;;;;1;;Bom;Não existe;Não existente;Seca;Perfeito estado;;Não há placas;;2019
21/06/2019;15:20:00;SEM VÍTIMA;ILHA DO RETIRO;AV JOSE GONCALVES DE MEDEIROS;CIDADE;COLISÃO TRASEIRA;3;;;;;;;;0;;Bom;Sem defeito;Perfeito estado;Seca;Perfeito estado;;;;2019
21/06/2019;15:23:00;SEM VÍTIMA;GRAÇAS;RUA DAS CREOULAS;;COLISÃO;2;;;;;;;;0;;;;;;;;;;2019
21/06/2019;15:26:00;COM VÍTIMA;JARDIM SÃO PAULO;AV LIBERDADE;;ABALROAMENTO LONGITUDINAL;1;1;;;;;;;1;;Bom;Não existe;Perfeito estado;Seca;Perfeito estado;;;;2019
21/06/2019;15:27:00;SEM VÍTIMA;TAMARINEIRA;AV NORTE;SUBURBIO;ABALROAMENTO LONGITUDINAL;1;1;;;;;;;0;;Bom;Não existe;Perfeito estado;Seca;Perfeito estado;Não existe;R-6a;60 km/h;2019
21/06/2019;16:56:00;COM VÍTIMA;JORDÃO;AV MARIA IRENE;SUB/CID;ABALROAMENTO LONGITUDINAL;1;1;;;;;;;1;;Bom;Não existe;Perfeito estado;Seca;Perfeito estado;Não existe;Não há placas;40 km/h;2019
21/06/2019;17:45:00;SEM VÍTIMA;ILHA DO RETIRO;AV ENGENHEIRO ABDIAS DE CARVALHO;CIDADE;COLISÃO TRASEIRA;1;1;;;;;;;0;;Bom;Sem defeito;Perfeito estado;Seca;Perfeito estado;Faixa de pedestre;R-6a;;2019
21/06/2019;17:47:00;COM VÍTIMA;AFOGADOS;RUA SAO MIGUEL;SUBURBIO;ABALROAMENTO LONGITUDINAL;1;1;;;;;;;1;;Bom;Não existe;Incompleta;Seca;Perfeito estado;;Não há placas;;2019
21/06/2019;18:18:00;COM VÍTIMA;ROSARINHO;AV NORTE;CIDADE;ABALROAMENTO LONGITUDINAL;;1;;;;;;;1;;Bom;Sem defeito;Perfeito estado;Seca;Perfeito estado;Faixa de pedestre;Outras;;2019
21/06/2019;18:33:00;SEM VÍTIMA;DOIS UNIDOS;AV HILDEBRANDO DE VASCONCELOS;CIDADE;COLISÃO TRASEIRA;1;1;;;;;;;0;;Bom;Não existe;Ilegível;Seca;Perfeito estado;Não existe;Não há placas;;2019
21/06/2019;18:47:00;SEM VÍTIMA;BEBERIBE;PRC DA CONVENCAO;CIDADE;ABALROAMENTO LONGITUDINAL;1;;;;1;;;;0;;Bom;Não existe;Perfeito estado;Seca;Perfeito estado;;;;2019
21/06/2019;18:43:00;SEM VÍTIMA;PARNAMIRIM;AV DEZESSETE DE AGOSTO;CIDADE;COLISÃO TRASEIRA;2;;;;;;;;0;;Bom;Não existe;Perfeito estado;Seca;Perfeito estado;Não existe;Não há placas;;2019
21/06/2019;19:18:00;SEM VÍTIMA;IBURA;AV ENGENHO SERRA VERDE;CIDADE;ABALROAMENTO LONGITUDINAL;2;;;;;;;;0;;Bom;Não existe;Perfeito estado;Seca;Perfeito estado;Não existe;Não há placas;;2019
21/06/2019;19:42:00;SEM VÍTIMA;SANTO AMARO;AV CRUZ CABUGA;SUBURBIO;ABALROAMENTO LONGITUDINAL;1;;;;1;;;;0;;Bom;Sem defeito;Perfeito estado;Seca;Perfeito estado;Não existe;Não há placas;;2019
21/06/2019;20:54:00;SEM VÍTIMA;MADALENA;RUA PADRE ANCHIETA;CIDADE;COLISÃO TRASEIRA;2;;;;;;;;0;;Bom;Não existe;Perfeito estado;Seca;Perfeito estado;Não existe;Outras;;2019
21/06/2019;20:56:00;SEM VÍTIMA;AREIAS;AV DR JOSE RUFINO;;ABALROAMENTO TRANSVERSAL;2;;;;;;;;0;;Bom;Sem defeito;Perfeito estado;Seca;Perfeito estado;Faixa de pedestre;Não há placas;;2019
22/06/2019;01:53:00;SEM VÍTIMA;BOA VIAGEM;RUA RIBEIRO DE BRITO;SUBURBIO;ABALROAMENTO TRANSVERSAL;2;;;;;;;;0;;Bom;Não existe;Perfeito estado;Seca;Perfeito estado;Não existe;Não há placas;;2019
22/06/2019;02:48:00;SEM VÍTIMA;BOA VIAGEM;RUA DOS NAVEGANTES;SUBURBIO;ABALROAMENTO TRANSVERSAL;2;;;;;;;;0;;Bom;Não existe;Perfeito estado;Seca;Perfeito estado;Não existe;Outras;;2019
22/06/2019;08:06:00;SEM VÍTIMA;ARRUDA;AV PROFESSOR JOSE DOS ANJOS;SUBURBIO;ABALROAMENTO TRANSVERSAL;1;1;;;;;;;0;;Bom;Sem defeito;Perfeito estado;Seca;Perfeito estado;;Outras;;2019
22/06/2019;10:21:00;SEM VÍTIMA;SANTO AMARO;RUA TREZE DE MAIO;;COLISÃO TRASEIRA;2;;;;;;;;0;;Bom;Não existe;Perfeito estado;Seca;Perfeito estado;Não existe;Não há placas;;2019
22/06/2019;11:04:00;SEM VÍTIMA;FUNDÃO;AV BEBERIBE;;COLISÃO;3;;;;;;;;0;;;;;;;;;;2019
22/06/2019;11:34:00;SEM VÍTIMA;VASCO DA GAMA;RUA VASCO DA GAMA;CIDADE;COLISÃO;1;;;;1;;;;0;;;;;;;;;;2019
22/06/2019;12:02:00;COM VÍTIMA;CASA AMARELA;AV NORTE;SUBURBIO;COLISÃO TRASEIRA;1;1;;;;;;;1;;Bom;Não existe;Perfeito estado;Seca;Perfeito estado;Não existe;R-6a;;2019
22/06/2019;12:09:00;SEM VÍTIMA;TEJIPIÓ;RUA GENERAL MANUEL RABELO;;COLISÃO;1;;;;;1;;;0;;;;;;;;;;2019
22/06/2019;13:14:00;SEM VÍTIMA;IBURA;AV PERNAMBUCO;;COLISÃO;2;;;;;;;;0;;;;;;;;;;2019
22/06/2019;13:23:00;SEM VÍTIMA;ESPINHEIRO;AV GOVERNADOR AGAMENON MAGALHAES;SUBURBIO;COLISÃO TRASEIRA;2;;;;;;;;0;;Bom;Sem defeito;Perfeito estado;Seca;Perfeito estado;Não existe;Outras;60 km/h;2019
22/06/2019;13:52:00;SEM VÍTIMA;DOIS UNIDOS;RUA DOM JOSE TAVORA;SUBURBIO;CHOQUE VEÍCULO PARADO;2;;;;;;;;0;;Bom;Não existe;Perfeito estado;Seca;Perfeito estado;Não existe;Não há placas;40 km/h;2019
22/06/2019;14:51:00;COM VÍTIMA;JARDIM SÃO PAULO;RUA NOSSA SENHORA DE FATIMA;AV. RECIFE;ABALROAMENTO LONGITUDINAL;1;1;;;;;;;1;;Bom;Não existe;Não existente;Seca;Mal conservada;Não existe;Não há placas;;2019
22/06/2019;15:49:00;COM VÍTIMA;PRADO;AV ENGENHEIRO ABDIAS DE CARVALHO;CIDADE;COLISÃO TRASEIRA;2;;;;;;;;1;;Bom;Sem defeito;Perfeito estado;Seca;Perfeito estado;Faixa de retenção;R-6a;60 km/h;2019
22/06/2019;16:26:00;SEM VÍTIMA;BOA VISTA;RUA DO PRINCIPE;CIDADE;CHOQUE OBJETO FIXO;;;;;1;;;;0;;Bom;Não existe;Perfeito estado;Seca;Perfeito estado;Não existe;Outras;;2019
22/06/2019;17:09:00;SEM VÍTIMA;PONTO DE PARADA;AV BEBERIBE;;COLISÃO TRASEIRA;2;;;;;;;;0;;Bom;Sem defeito;Perfeito estado;Seca;Perfeito estado;Faixa de pedestre;Não há placas;60 km/h;2019
22/06/2019;18:35:00;SEM VÍTIMA;PONTO DE PARADA;AV BEBERIBE;;ABALROAMENTO TRANSVERSAL;;2;;;;;;;0;;Bom;Sem defeito;Perfeito estado;Seca;Perfeito estado;Faixa de pedestre;Não há placas;60 km/h;2019
22/06/2019;21:30:00;SEM VÍTIMA;DOIS UNIDOS;AV HILDEBRANDO DE VASCONCELOS;;ABALROAMENTO LONGITUDINAL;2;;;;;;;;0;;Bom;Não existe;Incompleta;Seca;Mal iluminada;Não existe;R-6a;60 km/h;2019
23/06/2019;01:27:00;SEM VÍTIMA;MACAXEIRA;AV NORTE;;COLISÃO;2;;;;;;;;0;;;;;;;;;;2019
23/06/2019;05:07:00;SEM VÍTIMA;PRADO;AV ENGENHEIRO ABDIAS DE CARVALHO;SUBURBIO;COLISÃO TRASEIRA;1;;;;;;;;0;;Bom;Sem defeito;Perfeito estado;Molhada;Perfeito estado;Faixa de pedestre;R-6a;;2019
23/06/2019;05:42:00;COM VÍTIMA;AFOGADOS;EST DOS REMEDIOS;CIDADE;ABALROAMENTO TRANSVERSAL;;1;;;1;;;;1;;Bom;Não existe;Perfeito estado;Molhada;Perfeito estado;;R-6a;30 km/h;2019
23/06/2019;06:32:00;SEM VÍTIMA;BOA VIAGEM;RUA GENERAL AMERICANO FREIRE;SUBURBIO;CHOQUE VEÍCULO PARADO;2;;;;;;;;0;;Bom;Não existe;Perfeito estado;Seca;Perfeito estado;Não existe;Não há placas;;2019
23/06/2019;06:51:00;SEM VÍTIMA;SAN MARTIN;RUA COMENDADOR FRANCO FERREIRA;CIDADE;ABALROAMENTO TRANSVERSAL;2;;;;;;;;0;;Bom;Não existe;Perfeito estado;Seca;Perfeito estado;Não existe;R-6a;;2019
23/06/2019;07:44:00;SEM VÍTIMA;PINA;AVENIDA CELSO FURTADO (VIA MANGUE);SUBURBIO;CHOQUE OBJETO FIXO;1;;;;;;;;0;;Bom;Não existe;Perfeito estado;Seca;Perfeito estado;Não existe;Outras;60 km/h;2019
23/06/2019;09:31:00;SEM VÍTIMA;TAMARINEIRA;RUA GOMES COUTINHO;;COLISÃO;2;;;;;;;;0;;;;;;;;;;2019
23/06/2019;09:47:00;SEM VÍTIMA;TOTÓ;RUA ORFEU DO CARNAVAL;;COLISÃO TRASEIRA;2;;;;;;;;0;;Bom;Não existe;Perfeito estado;Seca;Perfeito estado;Não existe;Não há placas;;2019
23/06/2019;10:07:00;COM VÍTIMA;BARRO;AV DR JOSE RUFINO;SUBURBIO;ABALROAMENTO TRANSVERSAL;1;1;;;;;;;1;;Bom;Sem defeito;Perfeito estado;Seca;Perfeito estado;Faixa de pedestre;Não há placas;40 km/h;2019
23/06/2019;11:29:00;SEM VÍTIMA;SÃO JOSÉ;RUA IMPERIAL;SUBURBIO;ABALROAMENTO TRANSVERSAL;2;;;;;;;;0;;Bom;Sem defeito;Perfeito estado;Seca;Perfeito estado;Faixa de pedestre;R-6a;;2019
23/06/2019;15:04:00;SEM VÍTIMA;IBURA;RUA VALE DO ITAJAI;SUBURBIO;ABALROAMENTO TRANSVERSAL;1;;;;1;;;;0;;Bom;Não existe;Não existente;Seca;Perfeito estado;Não existe;Não há placas;;2019
23/06/2019;17:52:00;SEM VÍTIMA;CAMPO GRANDE;AV GOVERNADOR AGAMENON MAGALHAES;SUBURBIO;ABALROAMENTO LONGITUDINAL;1;1;;;;;;;0;;Bom;Não existe;Perfeito estado;Seca;Perfeito estado;;Placas Dê a preferência;;2019
23/06/2019;18:50:00;SEM VÍTIMA;IBURA;AV DOIS RIOS;SUBURBIO;COLISÃO TRASEIRA;2;;;;;;;;0;;Bom;Sem defeito;Perfeito estado;Seca;Perfeito estado;Faixa de pedestre;Não há placas;;2019
23/06/2019;19:48:00;SEM VÍTIMA;CORDEIRO;RUA ANTERO MOTA;;COLISÃO;1;1;;;;;;;0;;;;;;;;;;2019
23/06/2019;22:40:00;SEM VÍTIMA;ILHA DO LEITE;RUA FRANCISCO ALVES;;ABALROAMENTO TRANSVERSAL;2;;;;;;;;0;;Bom;Sem defeito;Perfeito estado;Seca;Perfeito estado;Não existe;Outras;;2019
23/06/2019;22:58:00;SEM VÍTIMA;ARRUDA;RUA DAS MOCAS;;COLISÃO;2;;;;;;;;0;;;;;;;;;;2019
23/06/2019;23:18:00;COM VÍTIMA;BOA VIAGEM;AV VINTE DE JANEIRO;SUBURBIO;ABALROAMENTO TRANSVERSAL;1;1;;;;;;;1;;Bom;Não existe;Incompleta;Seca;Perfeito estado;Não existe;Não há placas;;2019
23/06/2019;23:24:00;SEM VÍTIMA;IBURA;AV SANTA FE;SUBURBIO;COLISÃO FRONTAL;;1;;;;;1;;0;;Bom;Não existe;;Seca;Perfeito estado;Não existe;R-6a;;2019
23/06/2019;23:58:00;SEM VÍTIMA;ÁGUA FRIA;RUA DO MACHADO;;COLISÃO TRASEIRA;2;;;;;;;;0;;Chuvoso;Sem defeito;;Molhada;Perfeito estado;Faixa de pedestre;;;2019
24/06/2019;06:48:00;SEM VÍTIMA;ENCRUZILHADA;EST DE BELEM;;COLISÃO TRASEIRA;2;;;;;;;;0;;Bom;Sem defeito;Perfeito estado;Seca;Perfeito estado;Faixa de pedestre;R-6a;;2019
24/06/2019;11:29:00;SEM VÍTIMA;SÃO JOSÉ;RUA IMPERIAL;SUBURBIO;COLISÃO TRASEIRA;2;;;;;;;;0;;Bom;Sem defeito;Perfeito estado;Seca;Perfeito estado;Faixa de pedestre;Outras;;2019
24/06/2019;14:08:00;SEM VÍTIMA;SANTO ANTÔNIO;RUA IMPERIAL;SUBURBIO;ABALROAMENTO TRANSVERSAL;2;;;;;;;;0;;Bom;Sem defeito;Perfeito estado;Seca;Perfeito estado;Faixa de pedestre;Não há placas;;2019
24/06/2019;14:11:00;COM VÍTIMA;BOA VISTA;AV GOVERNADOR AGAMENON MAGALHAES;SUBURBIO;ABALROAMENTO LONGITUDINAL;1;1;;;;;;;1;;Bom;Sem defeito;Perfeito estado;Seca;Perfeito estado;Não existe;Não há placas;;2019
24/06/2019;14:27:00;SEM VÍTIMA;BOA VIAGEM;AV ENGENHEIRO DOMINGOS FERREIRA;SUBURBIO;ABALROAMENTO TRANSVERSAL;1;;;;1;;;;0;;Bom;Sem defeito;Perfeito estado;Molhada;Perfeito estado;Faixa de pedestre;Outras;60 km/h;2019
24/06/2019;14:45:00;SEM VÍTIMA;ESPINHEIRO;RUA DR BANDEIRA FILHO;CID/SUB;COLISÃO TRASEIRA;2;;;;;;;;0;;Bom;Sem defeito;Perfeito estado;Seca;Perfeito estado;Faixa de pedestre;Outras;;2019
24/06/2019;18:07:00;SEM VÍTIMA;BOA VIAGEM;RUA VISCONDE DE JEQUITINHONHA;CIDADE;ABALROAMENTO TRANSVERSAL;2;;;;;;;;0;;Bom;Não existe;Perfeito estado;Seca;Perfeito estado;Faixa de pedestre;Não há placas;;2019
24/06/2019;19:40:00;SEM VÍTIMA;JARDIM SÃO PAULO;RUA LEANDRO BARRETO;SUBURBIO;CHOQUE VEÍCULO PARADO;2;;;;;;;;0;;Bom;Não existe;Incompleta;Seca;Perfeito estado;Faixa de pedestre;Não há placas;30 km/h;2019
24/06/2019;20:00:00;COM VÍTIMA;BARRO;AV DR JOSE RUFINO;SUBURBIO;ABALROAMENTO LONGITUDINAL;1;1;;;;;;;2;;Bom;Não existe;Incompleta;Seca;Mal iluminada;Não existe;Não há placas;60 km/h;2019
24/06/2019;20:22:00;SEM VÍTIMA;MADALENA;AV VISCONDE DE ALBUQUERQUE;SUBURBIO;ABALROAMENTO LONGITUDINAL;2;;;;;;;;0;;Bom;Não existe;;Seca;Perfeito estado;;Placas Pare;60 km/h;2019
24/06/2019;21:55:00;SEM VÍTIMA;TEJIPIÓ;RUA FALCAO DE LACERDA;;COLISÃO;2;;;;;;;;0;;;;;;;;;;2019
25/06/2019;06:52:00;SEM VÍTIMA;IBURA;RUA EXP FRANCISCO VITORIANO;CIDADE;CHOQUE VEÍCULO PARADO;1;;;;;1;;;0;;Bom;Não existe;Não existente;Seca;Perfeito estado;Faixa de pedestre;;30 km/h;2019
25/06/2019;07:11:00;SEM VÍTIMA;BOA VIAGEM;RUA BALTAZAR PASSOS;;COLISÃO;2;;;;;;;;0;;;;;;;;;;2019
25/06/2019;07:23:00;SEM VÍTIMA;BOA VISTA;AV GOVERNADOR AGAMENON MAGALHAES;;ABALROAMENTO LONGITUDINAL;1;;;;1;;;;0;;Bom;Sem defeito;Perfeito estado;Seca;Perfeito estado;Faixa de pedestre;Não há placas;;2019
25/06/2019;07:33:00;COM VÍTIMA;CAXANGÁ;AV CAXANGA;CIDADE;ATROPELAMENTO;1;;;1;;;;;1;;Bom;Não existe;Perfeito estado;Seca;Perfeito estado;Não existe;Não há placas;;2019
25/06/2019;07:38:00;SEM VÍTIMA;ESTÂNCIA;AV RECIFE;SUBURBIO;ABALROAMENTO LONGITUDINAL;2;;;;;;;;0;;Bom;Não existe;Perfeito estado;Seca;Perfeito estado;Não existe;Não há placas;;2019
25/06/2019;08:01:00;SEM VÍTIMA;DERBY;AV GOVERNADOR AGAMENON MAGALHAES;;COLISÃO TRASEIRA;2;;;;;;;;0;;Bom;Sem defeito;Perfeito estado;Seca;Perfeito estado;Agente;Outras;60 km/h;2019
25/06/2019;08:20:00;SEM VÍTIMA;BAIRRO DO RECIFE;AV ALFREDO LISBOA;CIDADE;ABALROAMENTO LONGITUDINAL;2;;;;;;;;0;;Bom;Não existe;Perfeito estado;Seca;Perfeito estado;Não existe;Não há placas;30 km/h;2019
25/06/2019;08:32:00;SEM VÍTIMA;BAIRRO DO RECIFE;AV ALFREDO LISBOA;SUBURBIO;ABALROAMENTO LONGITUDINAL;1;;;;1;;;;0;;Bom;Não existe;Perfeito estado;Seca;Perfeito estado;Não existe;Outras;30 km/h;2019
25/06/2019;08:57:00;SEM VÍTIMA;MADALENA;RUA JOSE OSORIO;;ABALROAMENTO LONGITUDINAL;2;;;;;;;;0;;Bom;Sem defeito;Perfeito estado;Seca;Perfeito estado;Faixa de pedestre;R-6a;;2019
25/06/2019;09:20:00;SEM VÍTIMA;SANTO AMARO;RUA DOS PALMARES;;ABALROAMENTO LONGITUDINAL;;2;;;;;;;0;;Bom;Não existe;;Seca;Perfeito estado;;Não há placas;;2019
25/06/2019;11:37:00;SEM VÍTIMA;BOA VIAGEM;AV CONSELHEIRO AGUIAR;CIDADE;ABALROAMENTO LONGITUDINAL;1;1;;;;;;;0;;Bom;Sem defeito;Perfeito estado;Seca;Perfeito estado;Faixa de pedestre;Não há placas;60 km/h;2019
25/06/2019;11:44:00;SEM VÍTIMA;PRADO;AV GENERAL SAN MARTIN;SUBURBIO;ABALROAMENTO LONGITUDINAL;1;;;;1;;;;0;;Bom;Sem defeito;Perfeito estado;Seca;Perfeito estado;Faixa de pedestre;Outras;;2019
25/06/2019;12:07:00;COM VÍTIMA;SANTO AMARO;AV CRUZ CABUGA;SUBURBIO;ABALROAMENTO TRANSVERSAL;1;1;;;;;;;1;;Bom;Não existe;Perfeito estado;Seca;Perfeito estado;Não existe;Não há placas;;2019
25/06/2019;12:12:00;SEM VÍTIMA;MADALENA;AV JOSE GONCALVES DE MEDEIROS;SUBURBIO;ABALROAMENTO LONGITUDINAL;2;;;;;;;;0;;Bom;Sem defeito;Incompleta;Seca;Perfeito estado;Faixa de pedestre;Não há placas;;2019
25/06/2019;12:36:00;SEM VÍTIMA;BOA VIAGEM;RUA RIBEIRO DE BRITO;;ABALROAMENTO LONGITUDINAL;1;;;;;1;;;0;;Bom;Não existe;Não existente;Seca;Perfeito estado;Não existe;Não há placas;;2019
25/06/2019;12:48:00;SEM VÍTIMA;GRAÇAS;RUA JOAO FERNANDES VIEIRA;CIDADE;COLISÃO TRASEIRA;1;1;;;;;;;0;;Bom;Não existe;Perfeito estado;Seca;Perfeito estado;Não existe;Outras;;2019
25/06/2019;13:22:00;SEM VÍTIMA;PINA;RUA DOM PAULO II;SUBURBIO;COLISÃO TRASEIRA;3;;;;;;;;0;;Bom;Não existe;Perfeito estado;Seca;Perfeito estado;Não existe;Não há placas;60 km/h;2019
25/06/2019;14:07:00;SEM VÍTIMA;IPSEP;AV RECIFE;;COLISÃO TRASEIRA;3;;;;;;;;0;;Bom;Não existe;Perfeito estado;Seca;Perfeito estado;Não existe;Outras;60 km/h;2019
25/06/2019;14:41:00;SEM VÍTIMA;PARNAMIRIM;RUA SEBASTIAO MALTA ARCOVERDE;CIDADE;ABALROAMENTO LONGITUDINAL;2;;;;;;;;0;;Bom;Sem defeito;Perfeito estado;Seca;Perfeito estado;Faixa de pedestre;R-6a;40 km/h;2019
25/06/2019;14:44:00;SEM VÍTIMA;CABANGA;RUA CARLOS COELHO LEAL VALENTE;SUBURBIO;COLISÃO TRASEIRA;3;;;;;;;;0;;Bom;Sem defeito;Incompleta;Seca;Perfeito estado;Não existe;Não há placas;;2019
25/06/2019;15:47:00;COM VÍTIMA;ALTO JOSÉ BONIFÁCIO;RUA ALTO DA SERRINHA;;ABALROAMENTO LONGITUDINAL;;1;;;;1;;;1;;Bom;Não existe;Ilegível;Seca;Perfeito estado;Não existe;Placas Pare;;2019
25/06/2019;16:02:00;SEM VÍTIMA;CASA AMARELA;EST DO ARRAIAL;SUBURBIO;ABALROAMENTO LONGITUDINAL;1;;;;1;;;;0;;Bom;Não existe;Perfeito estado;Seca;Perfeito estado;Outros;R-6c;40 km/h;2019
25/06/2019;16:02:00;SEM VÍTIMA;VÁRZEA;RUA ACADEMICO HELIO RAMOS;SUBURBIO;COLISÃO TRASEIRA;1;;;;1;;;;0;;Bom;Não existe;Não existente;Seca;Perfeito estado;Não existe;Não há placas;;2019
25/06/2019;16:10:00;SEM VÍTIMA;BOA VIAGEM;RUA FRANCISCO DA CUNHA;CIDADE;ABALROAMENTO TRANSVERSAL;2;;;;;;;;0;;Bom;Não existe;Perfeito estado;Seca;Perfeito estado;Faixa de retenção;Placas Pare;;2019
25/06/2019;16:29:00;SEM VÍTIMA;ENCRUZILHADA;RUA CASTRO ALVES;;ABALROAMENTO LONGITUDINAL;3;;;;;;;;0;;Bom;Sem defeito;Perfeito estado;Seca;Perfeito estado;Faixa de pedestre;R-6a;;2019
25/06/2019;16:35:00;SEM VÍTIMA;BONGI;AV ENGENHEIRO ABDIAS DE CARVALHO;SUBURBIO;ABALROAMENTO LONGITUDINAL;2;;;;;;;;0;;Bom;Sem defeito;Perfeito estado;Seca;Perfeito estado;Faixa de pedestre;Outras;60 km/h;2019
25/06/2019;16:39:00;SEM VÍTIMA;SANTO ANTÔNIO;RUA IMPERADOR PEDRO SEGUNDO;SUBURBIO;ABALROAMENTO LONGITUDINAL;2;;;;;;;;0;;Bom;Sem defeito;Perfeito estado;Seca;Mal conservada;Não existe;Não há placas;;2019