data;hora;natureza_acidente;bairro;endereco;sentido_via;tipo;auto;moto;ciclista;pedestre;onibus;caminhao;viatura;outros;vitimas;vitimasfatais;tempo_clima;situacao_semaforo;sinalizacao;condicao_via;conservacao_via;ponto_controle;situacao_placa;velocidade_max_via;ano
25/06/2019;16:43:00;SEM VÍTIMA;JORDÃO;AV DONA CARENTINA;;COLISÃO;2;;;;;;;;0;;;;;;;;;;2019
25/06/2019;17:06:00;SEM VÍTIMA;DERBY;AV GOVERNADOR AGAMENON MAGALHAES;SUBURBIO;ABALROAMENTO TRANSVERSAL;1;;;;1;;;;0;;Bom;Sem defeito;Perfeito estado;Seca;Perfeito estado;Faixa de pedestre;Não há placas;60 km/h;2019
25/06/2019;17:31:00;SEM VÍTIMA;;RUA DEZ DE JULHO;SUBURBIO;ABALROAMENTO LONGITUDINAL;2;;;;;;;;0;;Bom;Sem defeito;Perfeito estado;Seca;Perfeito estado;Faixa de pedestre;Não há placas;;2019
25/06/2019;17:32:00;SEM VÍTIMA;CIDADE UNIVERSITÁRIA;RUA PADRE CHAMPAGNAT;;COLISÃO;2;;;;;;;;0;;;;;;;;;;2019
25/06/2019;17:49:00;SEM VÍTIMA;SANTO AMARO;AV GOVERNADOR AGAMENON MAGALHAES;SUBURBIO;COLISÃO TRASEIRA;2;;;;;;;;0;;Bom;Sem defeito;Perfeito estado;Seca;Perfeito estado;Faixa de pedestre;R-6a;60 km/h;2019
25/06/2019;18:08:00;SEM VÍTIMA;BOA VIAGEM;RUA PEDRO PAES DE MENDONCA;SUBURBIO;COLISÃO TRASEIRA;3;;;;;;;;0;;Bom;Sem defeito;Perfeito estado;Seca;Perfeito estado;Não existe;R-6a;;2019
25/06/2019;19:37:00;COM VÍTIMA;IPUTINGA;RUA LEAL DE BARROS;SUBURBIO;ABALROAMENTO TRANSVERSAL;1;1;;;;;;;1;;Bom;Não existe;Não existente;Seca;Perfeito estado;Não existe;Não há placas;;2019
25/06/2019;20:06:00;COM VÍTIMA;ESPINHEIRO;RUA QUARENTA E OITO;SUBURBIO;ABALROAMENTO LONGITUDINAL;1;1;;;;;;;1;;Bom;Sem defeito;Perfeito estado;Seca;Perfeito estado;Faixa de pedestre;R-6a;60 km/h;2019
25/06/2019;20:12:00;SEM VÍTIMA;SÃO JOSÉ;RUA IMPERIAL;SUBURBIO;ABALROAMENTO LONGITUDINAL;2;;;;;;;1;0;;Bom;Não existe;Perfeito estado;Seca;Perfeito estado;Não existe;Não há placas;;2019
25/06/2019;20:35:00;SEM VÍTIMA;BOA VIAGEM;AV CONSELHEIRO AGUIAR;CIDADE;COLISÃO TRASEIRA;2;;;;;;;;0;;Bom;Não existe;Perfeito estado;Seca;Perfeito estado;Não existe;Não há placas;;2019
25/06/2019;22:16:00;COM VÍTIMA;CAXANGÁ;AV CAXANGA;SUBURBIO;ABALROAMENTO LONGITUDINAL;2;;;;;;;;1;;Bom;Não existe;Perfeito estado;Seca;Perfeito estado;Não existe;Não há placas;;2019
25/06/2019;22:55:00;COM VÍTIMA;BOA VIAGEM;RUA PEDRO PAES DE MENDONCA;SUBURBIO;COLISÃO TRASEIRA;1;1;;;;;;;3;;Bom;Sem defeito;Perfeito estado;Seca;Perfeito estado;Faixa de pedestre;Não há placas;60 km/h;2019
26/06/2019;04:39:00;SEM VÍTIMA;JARDIM SÃO PAULO;AV RECIFE;SUBURBIO;ABALROAMENTO LONGITUDINAL;1;;;;;1;;;0;;Chuvoso;Sem defeito;Perfeito estado;Molhada;Perfeito estado;Outros;Outras;;2019
26/06/2019;05:29:00;COM VÍTIMA;TORRE;RUA JOSE BONIFACIO;CIDADE;ABALROAMENTO TRANSVERSAL;1;1;;;;;;;1;;Chuvoso;Sem defeito;Perfeito estado;Molhada;Perfeito estado;Faixa de pedestre;;;2019
26/06/2019;06:10:00;COM VÍTIMA;CASA FORTE;AV DEZESSETE DE AGOSTO;CIDADE;COLISÃO TRASEIRA;1;1;;;;;;;1;;Chuvoso;Sem defeito;Perfeito estado;Molhada;Perfeito estado;;R-6a;;2019
26/06/2019;07:37:00;SEM VÍTIMA;BAIRRO DO RECIFE;CAIS DO APOLO;CIDADE;COLISÃO TRASEIRA;5;;;;;;;;0;;Chuvoso;Sem defeito;Perfeito estado;Molhada;Perfeito estado;Não existe;Outras;;2019
26/06/2019;07:43:00;SEM VÍTIMA;IMBIRIBEIRA;AV MARECHAL MASCARENHAS DE MORAES;CIDADE;COLISÃO TRASEIRA;3;;;;;;;;0;;Chuvoso;Não existe;Perfeito estado;Molhada;Perfeito estado;Não existe;Outras;60 km/h;2019
26/06/2019;07:47:00;SEM VÍTIMA;ENCRUZILHADA;RUA ARTUR AZEVEDO;;ABALROAMENTO LONGITUDINAL;1;;;;;1;;;0;;Bom;Não existe;Não existente;Seca;Perfeito estado;Não existe;Não há placas;;2019
26/06/2019;07:57:00;SEM VÍTIMA;BOA VIAGEM;AV ENGENHEIRO DOMINGOS FERREIRA;SUBURBIO;COLISÃO TRASEIRA;2;;;;;;;;0;;Chuvoso;Sem defeito;Perfeito estado;Molhada;Perfeito estado;Faixa de pedestre;Outras;60 km/h;2019
26/06/2019;08:29:00;SEM VÍTIMA;IPSEP;AV RECIFE;SUBURBIO;COLISÃO TRASEIRA;2;;;;;;;;0;;Chuvoso;Não existe;Perfeito estado;Molhada;Perfeito estado;Não existe;R-32;;2019
26/06/2019;08:34:00;SEM VÍTIMA;DERBY;RUA JENER DE SOUZA;;ABALROAMENTO TRANSVERSAL;2;;;;;;;;0;;Chuvoso;Não existe;Perfeito estado;Molhada;Perfeito estado;Faixa de pedestre;;;2019
26/06/2019;09:03:00;SEM VÍTIMA;SANTO AMARO;AV CRUZ CABUGA;CIDADE;ABALROAMENTO LONGITUDINAL;1;1;;;;;;;0;;Bom;Não existe;Ilegível;Seca;Mal conservada;Não existe;Outras;;2019
26/06/2019;09:11:00;SEM VÍTIMA;BOA VIAGEM;RUA RIBEIRO DE BRITO;SUBURBIO;ABALROAMENTO TRANSVERSAL;2;;;;;;;;0;;Chuvoso;Sem defeito;Perfeito estado;Molhada;Perfeito estado;Agente;Não há placas;;2019
26/06/2019;09:31:00;SEM VÍTIMA;IMBIRIBEIRA;AV MARECHAL MASCARENHAS DE MORAES;SUBURBIO;ABALROAMENTO LONGITUDINAL;2;;;;;;;;0;;Chuvoso;Não existe;Incompleta;Molhada;Perfeito estado;Não existe;Não há placas;10 km/h;2019
26/06/2019;09:38:00;SEM VÍTIMA;CORDEIRO;RUA CLAUDIO BROTHERHOOD;SUBURBIO;ABALROAMENTO TRANSVERSAL;2;;;;;;;;0;;Chuvoso;Não existe;Não existente;Molhada;Perfeito estado;Não existe;Não há placas;;2019
26/06/2019;09:46:00;SEM VÍTIMA;COELHOS;RUA DOS COELHOS;;ABALROAMENTO TRANSVERSAL;2;;;;;;;;0;;Chuvoso;Não existe;Incompleta;Seca;Perfeito estado;Não existe;Outras;40 km/h;2019
26/06/2019;10:07:00;SEM VÍTIMA;SÃO JOSÉ;RUA IMPERIAL;;COLISÃO;2;;;;;;;;0;;;;;;;;;;2019
26/06/2019;11:47:00;SEM VÍTIMA;TORRE;RUA JOSE BONIFACIO;SUBURBIO;ABALROAMENTO LONGITUDINAL;1;1;;;;;;;0;;Bom;Sem defeito;Perfeito estado;Seca;Perfeito estado;Faixa de pedestre;R-6a;40 km/h;2019
26/06/2019;12:02:00;SEM VÍTIMA;CABANGA;VIADUTO CAPITAO TEMUDO;;COLISÃO TRASEIRA;2;;;;;;;;0;;Chuvoso;Não existe;Perfeito estado;Molhada;Perfeito estado;Não existe;;;2019
26/06/2019;12:09:00;SEM VÍTIMA;ENCRUZILHADA;AV JOAO DE BARROS;CIDADE;COLISÃO TRASEIRA;1;1;;;;;;;0;;Bom;Sem defeito;Perfeito estado;Seca;Perfeito estado;Agente;Outras;40 km/h;2019
26/06/2019;12:37:00;SEM VÍTIMA;CORDEIRO;AV MAURICIO DE NASSAU;CIDADE;ABALROAMENTO LONGITUDINAL;3;;;;;;;;0;;Bom;Sem defeito;Ilegível;Seca;Mal conservada;Não existe;Não há placas;;2019
26/06/2019;12:38:00;COM VÍTIMA;SANTO AMARO;AV CRUZ CABUGA;SUBURBIO;COLISÃO TRASEIRA;1;1;;;;;;;1;;Bom;Não existe;Perfeito estado;Seca;Perfeito estado;Não existe;Não há placas;;2019
26/06/2019;13:21:00;SEM VÍTIMA;BOA VIAGEM;AV ENGENHEIRO DOMINGOS FERREIRA;SUBURBIO;ABALROAMENTO TRANSVERSAL;1;;;;1;;;;0;;Bom;Não existe;Perfeito estado;Seca;Perfeito estado;;R-6a;;2019
26/06/2019;14:17:00;SEM VÍTIMA;CASA FORTE;RUA AFONSO DE ALBUQUERQUE MELO;CIDADE;COLISÃO TRASEIRA;3;;;;;;;;0;;Bom;Não existe;Perfeito estado;Seca;Perfeito estado;Não existe;Outras;;2019
26/06/2019;14:24:00;SEM VÍTIMA;TAMARINEIRA;AV NORTE;CIDADE;COLISÃO TRASEIRA;2;;;;;;;;0;;Bom;;Perfeito estado;Seca;Perfeito estado;Não existe;R-6a;;2019
26/06/2019;14:55:00;SEM VÍTIMA;BOA VIAGEM;AV CONSELHEIRO AGUIAR;CIDADE;ABALROAMENTO LONGITUDINAL;2;;;;;;;;0;;Bom;Não existe;Perfeito estado;Seca;Perfeito estado;Não existe;Outras;60 km/h;2019
26/06/2019;15:02:00;SEM VÍTIMA;IPSEP;AV RECIFE;CIDADE;COLISÃO TRASEIRA;3;;;;;;;;0;;Bom;Não existe;Perfeito estado;Seca;Perfeito estado;Não existe;Não há placas;;2019
26/06/2019;15:10:00;SEM VÍTIMA;TAMARINEIRA;RUA RICARDO HARDMAN;SUBURBIO;ABALROAMENTO LONGITUDINAL;2;;;;;;;;0;;Bom;Não existe;Perfeito estado;Seca;Perfeito estado;Não existe;Outras;;2019
26/06/2019;15:58:00;SEM VÍTIMA;GRAÇAS;RUA DR BANDEIRA FILHO;SUBURBIO;ABALROAMENTO LONGITUDINAL;1;;;;1;;;;0;;Bom;Não existe;Não existente;Seca;Perfeito estado;Não existe;Não há placas;;2019
26/06/2019;16:12:00;SEM VÍTIMA;ARRUDA;EST VELHA DE AGUA FRIA;SUBURBIO;ABALROAMENTO LONGITUDINAL;1;;;;;1;;;0;;Bom;Sem defeito;Perfeito estado;Seca;Perfeito estado;;Outras;;2019
28/06/2019;14:58:00;COM VÍTIMA;CORDEIRO;AV ENGENHEIRO ABDIAS DE CARVALHO;SUBURBIO;ABALROAMENTO LONGITUDINAL;1;1;;;;;;;1;;Bom;Não existe;Perfeito estado;Seca;Perfeito estado;Não existe;R-6a;;2019
26/06/2019;17:37:00;SEM VÍTIMA;IPSEP;AV RECIFE;;COLISÃO;2;;;;;;;;0;;;;;;;;;;2019
26/06/2019;17:46:00;SEM VÍTIMA;CORDEIRO;RUA GOMES TABORDA;SUBURBIO;COLISÃO TRASEIRA;1;;;;1;;;;0;;Bom;Sem defeito;Perfeito estado;Seca;Perfeito estado;Faixa de pedestre;R-6a;;2019
26/06/2019;18:36:00;SEM VÍTIMA;ESPINHEIRO;RUA QUARENTA E OITO;CIDADE;ABALROAMENTO TRANSVERSAL;1;1;;;;;;;0;;Bom;Sem defeito;Perfeito estado;Seca;Perfeito estado;Faixa de pedestre;;;2019
26/06/2019;18:45:00;SEM VÍTIMA;IPSEP;AV DOIS RIOS;CIDADE;ABALROAMENTO LONGITUDINAL;1;;;;;1;;;0;;Bom;Não existe;Não existente;Seca;Perfeito estado;Não existe;Não há placas;;2019
26/06/2019;19:51:00;COM VÍTIMA;CÓRREGO DO JENIPAPO;AV DA RECUPERACAO;SUBURBIO;ABALROAMENTO LONGITUDINAL;1;1;;;;;;;2;;Bom;Não existe;Não existente;Seca;Mal iluminada;Não existe;Não há placas;;2019
26/06/2019;20:07:00;SEM VÍTIMA;VÁRZEA;AV CAXANGA;;COLISÃO;2;;;;;;;;0;;;;;;;;;;2019
26/06/2019;20:51:00;SEM VÍTIMA;BOA VIAGEM;AV ANTONIO DE GOES;;COLISÃO;2;;;;;;;;0;;;;;;;;;;2019
27/06/2019;00:13:00;SEM VÍTIMA;ARRUDA;RUA FARIAS NEVES;;ABALROAMENTO TRANSVERSAL;2;;;;;;;;0;;;Não existe;Incompleta;Seca;Mal iluminada;Faixa de pedestre;Placas Pare;40 km/h;2019
27/06/2019;04:54:00;SEM VÍTIMA;BOA VIAGEM;RUA ERNESTO DE PAULA SANTOS;;COLISÃO;;;;;;;;;0;;;;;;;;;;2019
27/06/2019;05:28:00;SEM VÍTIMA;BEBERIBE;AV BEBERIBE;;ABALROAMENTO TRANSVERSAL;2;;;;;;;;0;;Chuvoso;Sem defeito;Ilegível;Molhada;Mal iluminada;Faixa de retenção;Não há placas;;2019
27/06/2019;07:09:00;SEM VÍTIMA;CASA AMARELA;RUA PADRE LEMOS;SUBURBIO;COLISÃO TRASEIRA;1;;;;;1;;;0;;Chuvoso;Sem defeito;Perfeito estado;Molhada;Perfeito estado;Faixa de pedestre;;40 km/h;2019
27/06/2019;07:14:00;SEM VÍTIMA;SANTO AMARO;AV CRUZ CABUGA;;COLISÃO;2;;;;;;;;0;;;;;;;;;;2019
27/06/2019;07:24:00;SEM VÍTIMA;VASCO DA GAMA;RUA PLANALTO;SUBURBIO;CHOQUE OBJETO FIXO;;;;;;1;;;0;;Chuvoso;Não existe;Não existente;Molhada;Perfeito estado;Não existe;Não há placas;;2019
27/06/2019;08:51:00;SEM VÍTIMA;ARRUDA;RUA MARQUES DE BAIPENDI;SUBURBIO;COLISÃO TRASEIRA;3;;;;;;;;0;;Bom;Não existe;Perfeito estado;Seca;Perfeito estado;Não existe;Não há placas;;2019
27/06/2019;08:51:00;COM VÍTIMA;BOA VIAGEM;RUA JOSE DOMINGUES DA SILVA;;ABALROAMENTO TRANSVERSAL;1;1;;;;;;;1;;Bom;;Não existente;Seca;;Não existe;R-6a;;2019
27/06/2019;09:11:00;COM VÍTIMA;CASA AMARELA;RUA PADRE LEMOS;SUBURBIO;TOMBAMENTO;;1;;;;;;;1;;Bom;Não existe;Perfeito estado;Seca;Perfeito estado;Não existe;R-6a;;2019
27/06/2019;09:28:00;SEM VÍTIMA;SÃO JOSÉ;C SANTA RITA;;COLISÃO;2;;;;;;;;0;;;;;;;;;;2019
27/06/2019;09:53:00;SEM VÍTIMA;IPUTINGA;RUA SAO MATEUS;SUBURBIO;ABALROAMENTO TRANSVERSAL;2;;;;;;;;0;;Bom;Não existe;Perfeito estado;Seca;Perfeito estado;Outros;Placas Pare;;2019
27/06/2019;10:06:00;SEM VÍTIMA;BARRO;AV DR JOSE RUFINO;;ABALROAMENTO LONGITUDINAL;1;;;;1;;;;0;;Bom;Não existe;Perfeito estado;Seca;Perfeito estado;Outros;R-6a;;2019
27/06/2019;10:20:00;SEM VÍTIMA;IMBIRIBEIRA;AV MARECHAL MASCARENHAS DE MORAES;CIDADE;COLISÃO TRASEIRA;2;;;;;;;;0;;Bom;Sem defeito;Perfeito estado;Seca;Perfeito estado;Faixa de retenção;Não há placas;60 km/h;2019
27/06/2019;10:45:00;SEM VÍTIMA;SOLEDADE;RUA DO PRINCIPE;;COLISÃO;1;1;;;;;;;0;;;;;;;;;;2019
27/06/2019;11:23:00;SEM VÍTIMA;ILHA DO LEITE;AV GOVERNADOR AGAMENON MAGALHAES;SUBURBIO;ABALROAMENTO LONGITUDINAL;2;;;;;;;;0;;Bom;Não existe;Perfeito estado;Seca;Perfeito estado;Não existe;Outras;60 km/h;2019
27/06/2019;12:07:00;SEM VÍTIMA;CORDEIRO;RUA DR JOAO LACERDA;;COLISÃO;1;;;;;1;;;0;;;;;;;;;;2019
27/06/2019;12:40:00;SEM VÍTIMA;BOA VIAGEM;RUA CAPITAO ZUZINHA;CIDADE;ABALROAMENTO LONGITUDINAL;3;;;;;;;;0;;Bom;Não existe;Perfeito estado;Seca;Perfeito estado;Não existe;R-6a;;2019
27/06/2019;13:02:00;SEM VÍTIMA;BOA VIAGEM;RUA AMALIA BERNARDINO DE SOUZA;SUBURBIO;ABALROAMENTO TRANSVERSAL;2;;;;;;;;0;;Bom;Não existe;Não existente;Seca;Perfeito estado;Não existe;Não há placas;;2019
27/06/2019;13:17:00;SEM VÍTIMA;CASA AMARELA;RUA PADRE LEMOS;CIDADE;ABALROAMENTO TRANSVERSAL;1;1;;;;;;;0;;Bom;Sem defeito;Perfeito estado;Seca;Perfeito estado;Não existe;Não há placas;;2019
27/06/2019;13:40:00;COM VÍTIMA;BAIRRO DO RECIFE;CAIS DO APOLO;SUBURBIO;COLISÃO TRASEIRA;1;1;;;;;;;1;;Bom;Não existe;Perfeito estado;Seca;Perfeito estado;Não existe;Não há placas;;2019
27/06/2019;13:40:00;SEM VÍTIMA;ESPINHEIRO;RUA SANTO ELIAS;;ABALROAMENTO TRANSVERSAL;2;;;;;;;;0;;Bom;Não existe;Não existente;Seca;Perfeito estado;Não existe;Não há placas;30 km/h;2019
27/06/2019;13:48:00;SEM VÍTIMA;BOA VIAGEM;RUA MARQUES DE VALENCA;SUBURBIO;COLISÃO FRONTAL;1;1;;;;;;;0;;Bom;Não existe;Perfeito estado;Seca;Perfeito estado;Não existe;Não há placas;;2019
27/06/2019;14:02:00;SEM VÍTIMA;SÃO JOSÉ;RUA VIDAL DE NEGREIROS;;COLISÃO;2;;;;;;;;0;;;;;;;;;;2019
27/06/2019;14:15:00;SEM VÍTIMA;MACAXEIRA;AV NORTE;SUBURBIO;COLISÃO TRASEIRA;2;;;;;;;;0;;Bom;Sem defeito;Perfeito estado;Seca;Perfeito estado;Faixa de pedestre;R-6a;;2019
27/06/2019;14:25:00;SEM VÍTIMA;MACAXEIRA;AV NORTE;;COLISÃO;2;;;;;;;;0;;;;;;;;;;2019
27/06/2019;14:40:00;SEM VÍTIMA;CAMPO GRANDE;EST DE BELEM;SUBURBIO;ABALROAMENTO LONGITUDINAL;1;;;;1;;;;0;;Bom;Não existe;Perfeito estado;Seca;Perfeito estado;Não existe;R-6a;;2019
27/06/2019;15:35:00;SEM VÍTIMA;CORDEIRO;AV CAXANGA;CIDADE;ABALROAMENTO LONGITUDINAL;1;2;;;;;;;0;;Bom;;Perfeito estado;Seca;Perfeito estado;Não existe;;;2019
27/06/2019;16:15:00;SEM VÍTIMA;IPSEP;RUA JEAN EMILE FAVRE;;ABALROAMENTO LONGITUDINAL;2;;;;;;;;0;;Bom;Sem defeito;Perfeito estado;Seca;Perfeito estado;Faixa de pedestre;Não há placas;40 km/h;2019
27/06/2019;16:27:00;SEM VÍTIMA;ESPINHEIRO;RUA QUARENTA E OITO;CIDADE;COLISÃO TRASEIRA;2;;;;1;;;;0;;Bom;Sem defeito;Perfeito estado;Seca;Perfeito estado;Faixa de pedestre;R-6a;30 km/h;2019
27/06/2019;18:05:00;COM VÍTIMA;AREIAS;AV DR JOSE RUFINO;CIDADE;COLISÃO COM CICLISTA;1;;1;;;;;;1;;Bom;Não existe;Perfeito estado;Seca;Perfeito estado;Não existe;R-6a;50 km/h;2019
27/06/2019;18:39:00;SEM VÍTIMA;BOA VIAGEM;AV ENGENHEIRO DOMINGOS FERREIRA;SUBURBIO;ABALROAMENTO LONGITUDINAL;2;;;;;;;;0;;Bom;Sem defeito;Perfeito estado;Seca;Perfeito estado;Faixa de pedestre;Não há placas;;2019
27/06/2019;18:43:00;COM VÍTIMA;IPUTINGA;AV CAXANGA;CIDADE;ATROPELAMENTO;1;;;;;;;;1;;Bom;Sem defeito;;Seca;Mal conservada;Faixa de pedestre;R-6a;;2019
27/06/2019;19:03:00;COM VÍTIMA;BOA VIAGEM;AV ENGENHEIRO DOMINGOS FERREIRA;SUBURBIO;COLISÃO TRASEIRA;2;1;;;;;;;1;;Bom;Não existe;Perfeito estado;Seca;Perfeito estado;Não existe;Não há placas;60 km/h;2019
27/06/2019;19:26:00;COM VÍTIMA;;RUA VISCONDE DE JEQUITINHONHA;;ABALROAMENTO TRANSVERSAL;;1;1;;;;;;1;;Bom;Sem defeito;Perfeito estado;Seca;Perfeito estado;Faixa de pedestre;;;2019
27/06/2019;22:15:00;SEM VÍTIMA;SAN MARTIN;RUA VINTE E UM DE ABRIL;;ABALROAMENTO LONGITUDINAL;1;;;;1;;;;0;;Bom;Não existe;Incompleta;Seca;Perfeito estado;Não existe;Não há placas;;2019
28/06/2019;02:09:00;SEM VÍTIMA;SANTO AMARO;AV GOVERNADOR AGAMENON MAGALHAES;SUBURBIO;CHOQUE OBJETO FIXO;1;;;;;;;;0;;Chuvoso;Intermitente;Perfeito estado;Molhada;Perfeito estado;Faixa de pedestre;;;2019
28/06/2019;07:17:00;SEM VÍTIMA;BARRO;AV DR JOSE RUFINO;SUBURBIO;ABALROAMENTO LONGITUDINAL;1;;;;1;;;;0;;Bom;Sem defeito;Perfeito estado;Seca;Perfeito estado;;Outras;;2019
28/06/2019;07:36:00;SEM VÍTIMA;SANTO AMARO;RUA DOS PALMARES;SUBURBIO;ABALROAMENTO LONGITUDINAL;2;;;;;;;;0;;Bom;Sem defeito;Perfeito estado;Seca;Perfeito estado;Não existe;Outras;;2019
28/06/2019;08:11:00;SEM VÍTIMA;CASA FORTE;AV DEZESSETE DE AGOSTO;CIDADE;ABALROAMENTO LONGITUDINAL;1;;;;1;;;;0;;Bom;Não existe;Perfeito estado;Seca;Perfeito estado;Outros;Outras;;2019
28/06/2019;08:13:00;SEM VÍTIMA;AFOGADOS;RUA COSME VIANA;SUBURBIO;CHOQUE OBJETO FIXO;;1;;;;;;;0;;Bom;Não existe;Perfeito estado;Seca;Perfeito estado;Não existe;;;2019
28/06/2019;08:25:00;SEM VÍTIMA;IBURA;AV DOIS RIOS;SUBURBIO;ABALROAMENTO LONGITUDINAL;;;;;;2;;;0;;Bom;Sem defeito;Ilegível;Molhada;Mal conservada;;Não há placas;;2019
28/06/2019;09:07:00;SEM VÍTIMA;SANTO AMARO;RUA DOS PALMARES;;COLISÃO;2;;;;;;;;0;;;;;;;;;;2019
28/06/2019;12:11:00;SEM VÍTIMA;AREIAS;RUA AURORA CACOTE;CIDADE;ABALROAMENTO TRANSVERSAL;1;;;;;;1;;0;;Bom;Não existe;Ilegível;Seca;Perfeito estado;Não existe;Outras;;2019
28/06/2019;12:27:00;SEM VÍTIMA;IMBIRIBEIRA;AV MARECHAL MASCARENHAS DE MORAES;SUBURBIO;COLISÃO TRASEIRA;2;;;;;1;;;0;;Chuvoso;Sem defeito;Perfeito estado;Molhada;Perfeito estado;;R-6a;;2019
28/06/2019;12:32:00;SEM VÍTIMA;BOA VIAGEM;AV CONSELHEIRO AGUIAR;CIDADE;COLISÃO TRASEIRA;2;;;;;;;;0;;Bom;Sem defeito;Perfeito estado;Seca;Perfeito estado;;;60 km/h;2019
28/06/2019;12:35:00;SEM VÍTIMA;BOA VISTA;RUA GERVASIO PIRES;;COLISÃO;2;;;;;;;;0;;;;;;;;;;2019
28/06/2019;13:32:00;SEM VÍTIMA;ILHA DO LEITE;RUA GENERAL JOAQUIM INACIO;SUBURBIO;COLISÃO TRASEIRA;1;;;;1;;;;0;;Chuvoso;Sem defeito;Perfeito estado;Molhada;Perfeito estado;Outros;R-6a;;2019
28/06/2019;13:35:00;COM VÍTIMA;JORDÃO;AV MARECHAL MASCARENHAS DE MORAES;;ATROPELAMENTO;;1;;1;;;;;1;;;;;;;;;;2019
28/06/2019;14:17:00;SEM VÍTIMA;ILHA DO RETIRO;RUA TABAIARES;CIDADE;COLISÃO TRASEIRA;2;;;;;;;;0;;Bom;Não existe;Não existente;Seca;Perfeito estado;Não existe;Não há placas;;2019
28/06/2019;14:36:00;COM VÍTIMA;DERBY;AV GOVERNADOR AGAMENON MAGALHAES;;COLISÃO TRASEIRA;1;1;;;;;;;1;;Bom;Não existe;Perfeito estado;Seca;;Outros;Não há placas;60 km/h;2019
28/06/2019;14:45:00;SEM VÍTIMA;PINA;PTE GOVERNADOR PAULO GUERRA;PINA;COLISÃO;2;;;;;;;;0;;;;;;;;;;2019
28/06/2019;15:19:00;SEM VÍTIMA;IPSEP;AV RECIFE;;COLISÃO TRASEIRA;3;;;;;;;;0;;Bom;Sem defeito;Perfeito estado;Seca;Perfeito estado;Agente;Não há placas;60 km/h;2019
28/06/2019;15:33:00;COM VÍTIMA;BOA VIAGEM;AV CONSELHEIRO AGUIAR;CIDADE;ABALROAMENTO TRANSVERSAL;1;1;;;;;;;1;;Bom;Não existe;Perfeito estado;Seca;Perfeito estado;Não existe;Não há placas;;2019
28/06/2019;15:57:00;COM VÍTIMA;SANTO AMARO;AV GOVERNADOR AGAMENON MAGALHAES;CIDADE;ATROPELAMENTO;;;;1;1;;;;1;;Bom;Sem defeito;Perfeito estado;Seca;Perfeito estado;Faixa de pedestre;Não há placas;60 km/h;2019
28/06/2019;17:06:00;SEM VÍTIMA;BOA VIAGEM;RUA PADRE CABRAL;SUBURBIO;ABALROAMENTO TRANSVERSAL;2;;;;;;;;0;;Bom;Não existe;;Seca;Perfeito estado;Não existe;Não há placas;;2019
28/06/2019;17:47:00;COM VÍTIMA;SÃO JOSÉ;AV SUL;;ABALROAMENTO TRANSVERSAL;;1;;;;;;;1;;Bom;Sem defeito;Perfeito estado;Seca;Perfeito estado;Não existe;Não há placas;60 km/h;2019
28/06/2019;17:41:00;SEM VÍTIMA;ESTÂNCIA;RUA MORAIS E SILVA;;COLISÃO;1;1;;;;;;;0;;;;;;;;;;2019
28/06/2019;17:51:00;SEM VÍTIMA;TORRE;RUA REAL DA TORRE;;COLISÃO;1;;;;;1;;;0;;;;;;;;;;2019
28/06/2019;18:00:00;SEM VÍTIMA;PINA;RUA CAPITAO REBELINHO;SUBURBIO;ABALROAMENTO TRANSVERSAL;2;;;;;;;;0;;Bom;Não existe;Perfeito estado;Seca;Perfeito estado;Não existe;Não há placas;;2019
28/06/2019;18:05:00;COM VÍTIMA;AREIAS;AV TAPAJOS;;COLISÃO FRONTAL;2;1;;;;;;;1;;Bom;Não existe;Perfeito estado;Seca;Perfeito estado;Outros;Não há placas;;2019
28/06/2019;18:28:00;SEM VÍTIMA;APIPUCOS;RUA DOIS IRMAOS;;ABALROAMENTO TRANSVERSAL;2;;;;;;;;0;;Bom;Não existe;;;Mal iluminada;Não existe;Não há placas;;2019
28/06/2019;18:34:00;COM VÍTIMA;AREIAS;AV TAPAJOS;;COLISÃO;2;1;;;;;;;1;;;;;;;;;;2019
28/06/2019;18:47:00;SEM VÍTIMA;IPSEP;AV GENERAL MAC ARTHUR;SUBURBIO;ABALROAMENTO LONGITUDINAL;1;;;;;1;;;0;;Bom;Sem defeito;Perfeito estado;Seca;Perfeito estado;Faixa de pedestre;Não há placas;;2019
28/06/2019;19:05:00;SEM VÍTIMA;PARNAMIRIM;RUA GOMES COUTINHO;SUBURBIO;ABALROAMENTO LONGITUDINAL;2;;;;;;;;0;;Bom;Não existe;Perfeito estado;Seca;Perfeito estado;Faixa de retenção;Placas Pare;30 km/h;2019
28/06/2019;19:39:00;SEM VÍTIMA;BOA VIAGEM;RUA JOAO CARDOSO AIRES;;COLISÃO;2;;;;;;;;0;;;;;;;;;;2019
28/06/2019;19:48:00;COM VÍTIMA;GRAÇAS;RUA JOAQUIM NABUCO;;COLISÃO;1;1;;;;;;;1;;;;;;;;;;2019
28/06/2019;20:59:00;SEM VÍTIMA;VÁRZEA;RUA GASTAO VIDIGAL;SUBURBIO;ATROPELAMENTO ANIMAL;1;;;;;;;;0;;Bom;Não existe;Incompleta;Molhada;Mal iluminada;Não existe;Não há placas;;2019