data;hora;natureza_acidente;bairro;endereco;sentido_via;tipo;auto;moto;ciclista;pedestre;onibus;caminhao;viatura;outros;vitimas;vitimasfatais;tempo_clima;situacao_semaforo;sinalizacao;condicao_via;conservacao_via;ponto_controle;situacao_placa;velocidade_max_via;ano
28/06/2019;20:59:00;SEM VÍTIMA;BOA VIAGEM;RUA JOAO CARDOSO AIRES;;ABALROAMENTO TRANSVERSAL;2;;;;;;;;0;;Bom;Sem defeito;Perfeito estado;Seca;Mal iluminada;Faixa de pedestre;;40 km/h;2019
28/06/2019;21:13:00;SEM VÍTIMA;CASA AMARELA;RUA DA HARMONIA;CIDADE;ABALROAMENTO TRANSVERSAL;1;1;;;;;;;0;;Bom;Não existe;Incompleta;Seca;Perfeito estado;Não existe;Não há placas;;2019
28/06/2019;21:54:00;COM VÍTIMA;BOA VIAGEM;AV BOA VIAGEM;SUB/CID;ATROPELAMENTO;1;;;1;;;;;1;;Chuvoso;Não existe;Perfeito estado;Molhada;Perfeito estado;;Não há placas;60 km/h;2019
28/06/2019;22:11:00;COM VÍTIMA;BOMBA DO HEMETÉRIO;RUA BOMBA DO HEMETERIO;SUBURBIO;ABALROAMENTO LONGITUDINAL;;1;;;1;;;;1;;Chuvoso;Não existe;Ilegível;Molhada;Mal iluminada;Não existe;Não há placas;;2019
28/06/2019;22:41:00;SEM VÍTIMA;CÓRREGO DO JENIPAPO;RUA ALTO FORMOSO;;ABALROAMENTO LONGITUDINAL;1;;;;1;;;;0;;Chuvoso;Não existe;Não existente;Molhada;Mal iluminada;Não existe;Não há placas;;2019
28/06/2019;22:43:00;SEM VÍTIMA;BAIRRO DO RECIFE;RUA MARIZ E BARROS;;ABALROAMENTO TRANSVERSAL;2;;;;;;;;0;;Chuvoso;Não existe;;Molhada;Perfeito estado;Não existe;Placas Pare;;2019
28/06/2019;23:49:00;SEM VÍTIMA;ENCRUZILHADA;AV BEBERIBE;CIDADE;CHOQUE VEÍCULO PARADO;1;;;;;1;;;0;;Chuvoso;Não existe;Ilegível;Molhada;Mal iluminada;Não existe;Não há placas;;2019
29/06/2019;05:18:00;SEM VÍTIMA;DERBY;AV GOVERNADOR AGAMENON MAGALHAES;;COLISÃO;2;;;;;;;;0;;;;;;;;;;2019
29/06/2019;05:20:00;SEM VÍTIMA;DOIS IRMÃOS;AV DA RECUPERACAO;;ABALROAMENTO TRANSVERSAL;1;;;;1;;;;0;;Bom;Sem defeito;Ilegível;Molhada;Mal iluminada;Não existe;Não há placas;;2019
29/06/2019;07:52:00;SEM VÍTIMA;IBURA;AV DOIS RIOS;;COLISÃO;2;;;;;;;;0;;;;;;;;;;2019
29/06/2019;08:38:00;SEM VÍTIMA;PARNAMIRIM;RUA JOAO TUDE DE MELO;SUBURBIO;ABALROAMENTO LONGITUDINAL;2;;;;;;;;0;;Bom;Sem defeito;Perfeito estado;Seca;Perfeito estado;Faixa de pedestre;R-6a;;2019
29/06/2019;09:09:00;SEM VÍTIMA;AFOGADOS;AV SUL;CIDADE;COLISÃO TRASEIRA;2;;;;;;;;0;;Bom;Sem defeito;Perfeito estado;Seca;Perfeito estado;Faixa de retenção;Outras;;2019
29/06/2019;09:12:00;SEM VÍTIMA;ARRUDA;AV PROFESSOR JOSE DOS ANJOS;CIDADE;COLISÃO TRASEIRA;2;;;;;;;;0;;Bom;Não existe;Perfeito estado;Seca;Perfeito estado;Não existe;R-6a;60 km/h;2019
29/06/2019;11:14:00;SEM VÍTIMA;AREIAS;RUA BARROS SOBRINHO;;COLISÃO;1;;;;;1;;;0;;;;;;;;;;2019
29/06/2019;12:25:00;SEM VÍTIMA;IPUTINGA;RUA LINDOIA DO NORTE;SUBURBIO;ABALROAMENTO TRANSVERSAL;2;;;;;;;;0;;Bom;Não existe;Incompleta;Seca;Perfeito estado;Não existe;Não há placas;;2019
29/06/2019;14:16:00;SEM VÍTIMA;BOA VISTA;RUA BARAO DE SAO BORJA;SUBURBIO;ABALROAMENTO TRANSVERSAL;2;;;;;;;;0;;Bom;Não existe;Perfeito estado;Seca;Perfeito estado;Faixa de retenção;Placas Pare;;2019
29/06/2019;14:29:00;COM VÍTIMA;PRADO;RUA GOMES TABORDA;CIDADE;COLISÃO FRONTAL;2;;;;;;;;1;;Bom;Sem defeito;;Seca;;Não existe;Outras;;2019
29/06/2019;14:33:00;COM VÍTIMA;JORDÃO;RUA DR ALVARO FERRAZ;CIDADE;ABALROAMENTO LONGITUDINAL;1;2;;;;;;;1;;Bom;Não existe;Incompleta;Seca;Perfeito estado;;;30 km/h;2019
29/06/2019;15:33:00;SEM VÍTIMA;TORREÃO;AV GOVERNADOR AGAMENON MAGALHAES;;COLISÃO TRASEIRA;2;;;;;;;;0;;Bom;Sem defeito;Perfeito estado;Seca;Perfeito estado;Faixa de pedestre;R-19;60 km/h;2019
29/06/2019;15:41:00;SEM VÍTIMA;DOIS IRMÃOS;RUA MANUEL DE MEDEIROS;;COLISÃO;1;1;;;;;;;0;;;;;;;;;;2019
29/06/2019;15:53:00;SEM VÍTIMA;IBURA;RUA EXP FRANCISCO VITORIANO;SUBURBIO;ABALROAMENTO LONGITUDINAL;1;;;;;;;;0;;Bom;Não existe;Perfeito estado;Seca;Perfeito estado;Não existe;R-6a;;2019
29/06/2019;19:25:00;SEM VÍTIMA;ENGENHO DO MEIO;RUA JOSE DOS SANTOS;;COLISÃO;;;;;;;;;0;;;;;;;;;;2019
29/06/2019;19:51:00;SEM VÍTIMA;DERBY;RUA JOAQUIM NABUCO;SUBURBIO;ABALROAMENTO LONGITUDINAL;2;;;;;;;;0;;Bom;Sem defeito;Perfeito estado;Seca;Perfeito estado;Não existe;Não há placas;;2019
29/06/2019;19:51:00;SEM VÍTIMA;ÁGUA FRIA;AV BEBERIBE;CIDADE;ABALROAMENTO LONGITUDINAL;2;;;;;;;;0;;Bom;Não existe;Perfeito estado;Seca;Perfeito estado;Não existe;R-6c;30 km/h;2019
29/06/2019;19:54:00;SEM VÍTIMA;GUABIRABA;AV DA RECUPERACAO;GUABIRABA;COLISÃO;;1;;;1;;;;0;;;;;;;;;;2019
29/06/2019;20:46:00;SEM VÍTIMA;ALTO SANTA TERESINHA;AV ANIBAL BENEVOLO;SUBURBIO;ABALROAMENTO LONGITUDINAL;1;;;;1;;;;0;;Bom;Não existe;Perfeito estado;Seca;Perfeito estado;Não existe;R-6a;;2019
29/06/2019;21:10:00;SEM VÍTIMA;CORDEIRO;AV INACIO MONTEIRO;;ABALROAMENTO LONGITUDINAL;2;;;;;;;;0;;Bom;Não existe;Perfeito estado;Seca;Perfeito estado;Não existe;Não há placas;;2019
29/06/2019;21:39:00;SEM VÍTIMA;ROSARINHO;RUA COUTO DE MAGALHAES;CIDADE;ABALROAMENTO TRANSVERSAL;2;;;;;;;;0;;Chuvoso;Não existe;Perfeito estado;Molhada;Perfeito estado;Não existe;Não há placas;;2019
29/06/2019;23:07:00;SEM VÍTIMA;JARDIM SÃO PAULO;AV SAO PAULO;CIDADE;ABALROAMENTO LONGITUDINAL;1;;;;;1;;;0;;Chuvoso;Não existe;Não existente;Molhada;Mal iluminada;Não existe;Não há placas;;2019
30/06/2019;03:46:00;SEM VÍTIMA;PARNAMIRIM;EST DO ENCANAMENTO;CIDADE;ABALROAMENTO LONGITUDINAL;2;;;;;;;;0;;Chuvoso;Intermitente;Perfeito estado;Molhada;Perfeito estado;Faixa de pedestre;Não há placas;;2019
30/06/2019;04:12:00;SEM VÍTIMA;;AV RECIFE;CIDADE;ABALROAMENTO LONGITUDINAL;1;1;;;;;;;0;;Chuvoso;Intermitente;Perfeito estado;Molhada;Perfeito estado;;Não há placas;;2019
30/06/2019;07:06:00;COM VÍTIMA;IPSEP;AV RECIFE;SUBURBIO;CHOQUE OBJETO FIXO;;;;;;1;;;3;;Bom;Não existe;Perfeito estado;Seca;Perfeito estado;Não existe;Não há placas;60 km/h;2019
30/06/2019;11:37:00;SEM VÍTIMA;BOA VIAGEM;RUA VISCONDE DE JEQUITINHONHA;SUBURBIO;ABALROAMENTO LONGITUDINAL;1;;;;;1;;;0;;Bom;Não existe;Perfeito estado;Seca;Perfeito estado;Não existe;R-6a;;2019
30/06/2019;13:41:00;SEM VÍTIMA;IPSEP;AV RECIFE;AEROPORTO;COLISÃO;2;;;;;;;;0;;;;;;;;;;2019
30/06/2019;14:29:00;SEM VÍTIMA;CORDEIRO;RUA CLAUDIO BROTHERHOOD;;ABALROAMENTO LONGITUDINAL;2;;;;;;;;0;;Bom;Não existe;Perfeito estado;Seca;Perfeito estado;Não existe;Não há placas;;2019
30/06/2019;14:44:00;SEM VÍTIMA;MADALENA;RUA REAL DA TORRE;CIDADE;COLISÃO TRASEIRA;2;;;;;;;;0;;Bom;Sem defeito;Perfeito estado;Seca;Perfeito estado;Não existe;Outras;;2019
30/06/2019;14:55:00;SEM VÍTIMA;TEJIPIÓ;AV DR JOSE RUFINO;CIDADE;COLISÃO TRASEIRA;2;;;;;;;;0;;Bom;Sem defeito;Perfeito estado;Seca;Perfeito estado;Faixa de pedestre;R-6a;;2019
30/06/2019;16:22:00;SEM VÍTIMA;IPSEP;AV RECIFE;;COLISÃO TRASEIRA;4;;;;;;;;0;;Bom;Sem defeito;Perfeito estado;Seca;Perfeito estado;Faixa de pedestre;Outras;;2019
30/06/2019;16:26:00;SEM VÍTIMA;IPSEP;AV RECIFE;CIDADE;ABALROAMENTO LONGITUDINAL;3;;;;;;;;0;;Bom;Sem defeito;Perfeito estado;Seca;Perfeito estado;Não existe;Outras;;2019
30/06/2019;19:35:00;VÍTIMA FATAL;SANTO AMARO;AV GOVERNADOR AGAMENON MAGALHAES;;COLISÃO COM CICLISTA;;;1;;1;;;;;1;Bom;Não existe;Perfeito estado;Seca;Perfeito estado;;;60 km/h;2019
30/06/2019;20:32:00;SEM VÍTIMA;MADALENA;EST DOS REMEDIOS;CIDADE;COLISÃO TRASEIRA;1;;;;1;;;;0;;Chuvoso;Sem defeito;Perfeito estado;Molhada;Perfeito estado;Outros;Outras;;2019
30/06/2019;20:49:00;SEM VÍTIMA;BONGI;AV MANOEL GONCALVES DA LUZ;CIDADE;CHOQUE VEÍCULO PARADO;2;;;;;;;;0;;Chuvoso;Não existe;Incompleta;Molhada;Perfeito estado;;Não há placas;40 km/h;2019
30/06/2019;23:50:00;SEM VÍTIMA;BEBERIBE;AV BEBERIBE;;COLISÃO;2;;;;;;;;0;;;;;;;;;;2019
01/07/2019;00:29:00;SEM VÍTIMA;ESPINHEIRO;RUA QUARENTA E OITO;SUBURBIO;ABALROAMENTO TRANSVERSAL;2;;;;;;;;0;;Chuvoso;;;Molhada;Perfeito estado;;;;2019
01/07/2019;05:37:00;SEM VÍTIMA;GRAÇAS;RUA DAS CREOULAS;CIDADE;ABALROAMENTO LONGITUDINAL;1;;;;1;;;;0;;Chuvoso;Sem defeito;Perfeito estado;Molhada;Perfeito estado;Faixa de pedestre;R-6a;20 km/h;2019
01/07/2019;06:14:00;COM VÍTIMA;BOA VIAGEM;AV ENGENHEIRO DOMINGOS FERREIRA;SUBURBIO;COLISÃO TRASEIRA;;;;;2;;;;2;;Chuvoso;Sem defeito;Perfeito estado;Molhada;Perfeito estado;Não existe;Outras;60 km/h;2019
01/07/2019;07:35:00;SEM VÍTIMA;BOA VIAGEM;AV CONSELHEIRO AGUIAR;CIDADE;ABALROAMENTO LONGITUDINAL;2;;;;;;;;0;;Chuvoso;Sem defeito;Perfeito estado;Molhada;Perfeito estado;Faixa de pedestre;;60 km/h;2019
01/07/2019;07:45:00;SEM VÍTIMA;;AV CAXANGA;CIDADE;ABALROAMENTO LONGITUDINAL;2;;;;;;;;0;;Chuvoso;Sem defeito;Perfeito estado;Molhada;Perfeito estado;Faixa de pedestre;R-5b;50 km/h;2019
01/07/2019;07:47:00;SEM VÍTIMA;TORRE;RUA PROFESSOR TRAJANO DE MENDONCA;CIDADE;ABALROAMENTO LONGITUDINAL;1;;;;;1;;;0;;Bom;Não existe;Perfeito estado;Seca;Perfeito estado;Não existe;Não há placas;;2019
01/07/2019;07:52:00;SEM VÍTIMA;SANTO AMARO;AV GOVERNADOR AGAMENON MAGALHAES;CIDADE;COLISÃO TRASEIRA;2;;;;;;;;0;;Chuvoso;Sem defeito;Perfeito estado;Molhada;Perfeito estado;Não existe;Outras;60 km/h;2019
01/07/2019;08:02:00;SEM VÍTIMA;VÁRZEA;AV CAXANGA;CIDADE;ABALROAMENTO LONGITUDINAL;2;;;;;;;;0;;Chuvoso;Sem defeito;Perfeito estado;Molhada;Perfeito estado;Faixa de pedestre;R-6a;;2019
01/07/2019;08:10:00;COM VÍTIMA;PINA;AV ANTONIO DE GOES;CIDADE;COLISÃO TRASEIRA;;;;;2;;;;1;;Chuvoso;Não existe;Perfeito estado;Molhada;Perfeito estado;Agente;Outras;60 km/h;2019
01/07/2019;09:15:00;SEM VÍTIMA;MADALENA;EST DOS REMEDIOS;CIDADE;COLISÃO TRASEIRA;1;1;;;;;;;0;;Bom;;Perfeito estado;Seca;Perfeito estado;Outros;R-6a;;2019
01/07/2019;09:42:00;SEM VÍTIMA;AFOGADOS;RUA SAO MIGUEL;;COLISÃO;1;;;;;1;;;0;;;;;;;;;;2019
01/07/2019;09:35:00;SEM VÍTIMA;CIDADE UNIVERSITÁRIA;RUA GENERAL POLIDORO;;CHOQUE OBJETO FIXO;;;;;;1;;;0;;;;;;;;;;2019
01/07/2019;09:47:00;SEM VÍTIMA;SÃO JOSÉ;AV SUL;CIDADE;COLISÃO;3;;;;;;;;0;;;;;;;;;;2019
01/07/2019;10:53:00;SEM VÍTIMA;PRADO;RUA SANTA EDWIRGES;;COLISÃO;2;;;;;;;;0;;;;;;;;;;2019
01/07/2019;12:13:00;COM VÍTIMA;IMBIRIBEIRA;AV PRESIDENTE DUTRA;;CAPOTAMENTO;2;;;;;;;;5;;Bom;Não existe;Perfeito estado;Seca;Perfeito estado;Não existe;Outras;60 km/h;2019
01/07/2019;12:24:00;SEM VÍTIMA;VÁRZEA;AV CAXANGA;SUBURBIO;COLISÃO TRASEIRA;2;;;;;;;;0;;Bom;Sem defeito;Perfeito estado;Seca;Perfeito estado;;;;2019
01/07/2019;12:30:00;COM VÍTIMA;BOA VIAGEM;RUA BALTAZAR PASSOS;SUL;COLISÃO;2;;;;1;;;;1;;Bom;Não existe;;;;Faixa de pedestre;Placas Pare;;2019
01/07/2019;12:48:00;SEM VÍTIMA;AFOGADOS;RUA COSME VIANA;SUBURBIO;COLISÃO TRASEIRA;1;;;;1;;;;0;;Bom;Não existe;Perfeito estado;Seca;Perfeito estado;Não existe;Não há placas;;2019
01/07/2019;13:31:00;COM VÍTIMA;SAN MARTIN;AV GENERAL SAN MARTIN;SUBURBIO;ABALROAMENTO TRANSVERSAL;1;1;;;;;;;1;;Bom;Não existe;Perfeito estado;Seca;Perfeito estado;Não existe;Placas Dê a preferência;;2019
01/07/2019;13:40:00;SEM VÍTIMA;BOA VIAGEM;AV FERNANDO SIMOES BARBOSA;SUBURBIO;ABALROAMENTO LONGITUDINAL;1;;;;;1;;;0;;Bom;Não existe;Perfeito estado;Seca;Perfeito estado;Não existe;Não há placas;;2019
01/07/2019;13:59:00;SEM VÍTIMA;BOA VIAGEM;AV FERNANDO SIMOES BARBOSA;SUBURBIO;ABALROAMENTO TRANSVERSAL;2;;;;;;;;0;;Bom;Não existe;Não existente;Seca;Perfeito estado;Não existe;Não há placas;;2019
01/07/2019;14:01:00;SEM VÍTIMA;IMBIRIBEIRA;AV ANTONIO TORRES GALVAO;SUBURBIO;ABALROAMENTO LONGITUDINAL;1;1;;;;;;;0;;Bom;Sem defeito;Ilegível;Seca;Mal conservada;;Outras;;2019
01/07/2019;14:07:00;SEM VÍTIMA;SANTO ANTÔNIO;PRC DA REPUBLICA;SUBURBIO;ABALROAMENTO LONGITUDINAL;2;;;;;;;;0;;Bom;Sem defeito;Perfeito estado;Seca;Perfeito estado;Não existe;Não há placas;;2019
01/07/2019;14:14:00;COM VÍTIMA;BARRO;AV DR JOSE RUFINO;SUBURBIO;ABALROAMENTO LONGITUDINAL;;1;;;;;;;1;;Bom;Não existe;Não existente;Seca;Mal conservada;Não existe;Não há placas;;2019
01/07/2019;14:22:00;SEM VÍTIMA;BOA VIAGEM;RUA JORNALISTA ADETH LEITE;SUBURBIO;ABALROAMENTO LONGITUDINAL;2;;;;;;;;0;;Bom;Sem defeito;Perfeito estado;Seca;Perfeito estado;Agente;Não há placas;30 km/h;2019
01/07/2019;15:42:00;COM VÍTIMA;ALTO JOSÉ BONIFÁCIO;RUA ALTO JOSE BONIFACIO;;ABALROAMENTO LONGITUDINAL;;1;;;1;;;;1;;Bom;Não existe;Perfeito estado;Seca;Perfeito estado;Não existe;R-6a;;2019
01/07/2019;16:16:00;SEM VÍTIMA;SANTO AMARO;AV GOVERNADOR AGAMENON MAGALHAES;;COLISÃO TRASEIRA;2;;;;;;;;0;;Bom;Sem defeito;Perfeito estado;Seca;Perfeito estado;Faixa de pedestre;Não há placas;60 km/h;2019
01/07/2019;16:36:00;SEM VÍTIMA;IPSEP;RUA ITANAGE;SUBURBIO;COLISÃO TRASEIRA;2;;;;;;;;0;;Bom;Sem defeito;Perfeito estado;Seca;Perfeito estado;Não existe;R-4b;;2019
01/07/2019;16:40:00;COM VÍTIMA;BOMBA DO HEMETÉRIO;RUA CORREGO DO EUCLIDES;SUBURBIO;ATROPELAMENTO;;1;;1;;;;;1;;Bom;Não existe;Perfeito estado;Seca;Perfeito estado;Não existe;Não há placas;30 km/h;2019
01/07/2019;16:45:00;SEM VÍTIMA;JORDÃO;RUA BOANERGES PEREIRA;;ABALROAMENTO LONGITUDINAL;1;;;;;1;;;0;;Bom;Não existe;Não existente;Seca;Perfeito estado;Não existe;Não há placas;;2019
01/07/2019;17:47:00;SEM VÍTIMA;JORDÃO;AV MARIA IRENE;;COLISÃO;1;1;;;;;;;0;;;;;;;;;;2019
01/07/2019;18:10:00;COM VÍTIMA;AFOGADOS;AV SUL;CIDADE;ABALROAMENTO LONGITUDINAL;;2;;;;;;;1;;Bom;Não existe;Perfeito estado;Seca;Perfeito estado;Agente;Não há placas;40 km/h;2019
01/07/2019;19:00:00;SEM VÍTIMA;IMBIRIBEIRA;RUA ARQUITETO LUIZ NUNES;SUBURBIO;COLISÃO TRASEIRA;1;1;;;;;;;0;;Bom;Não existe;Perfeito estado;Seca;Perfeito estado;Não existe;Não há placas;;2019
01/07/2019;19:45:00;COM VÍTIMA;BOA VISTA;RUA DO RIACHUELO;SUBURBIO;TOMBAMENTO;;1;;;;;;;1;;Bom;Sem defeito;Perfeito estado;Seca;Perfeito estado;Não existe;Não há placas;40 km/h;2019
01/07/2019;20:06:00;SEM VÍTIMA;TOTÓ;AV LIBERDADE;;COLISÃO;2;;;;;;;;0;;;;;;;;;;2019
01/07/2019;20:48:00;COM VÍTIMA;ESPINHEIRO;RUA DA HORA;CIDADE;CHOQUE OBJETO FIXO;1;;;;;;;;1;;Bom;Sem defeito;Perfeito estado;Seca;Perfeito estado;Faixa de pedestre;;;2019
02/07/2019;00:30:00;COM VÍTIMA;ESPINHEIRO;AV JOAO DE BARROS;SUBURBIO;ABALROAMENTO TRANSVERSAL;2;;;;;;;;2;;Chuvoso;Sem defeito;Perfeito estado;Molhada;Perfeito estado;;Outras;;2019
02/07/2019;06:52:00;SEM VÍTIMA;VÁRZEA;RUA GENERAL POLIDORO;CIDADE;CHOQUE OBJETO FIXO;;;;;;1;;1;0;;Nublado;Não existe;Incompleta;Seca;Perfeito estado;Outros;Não há placas;;2019
02/07/2019;07:21:00;SEM VÍTIMA;CABANGA;AV SUL;CIDADE;COLISÃO TRASEIRA;3;;;;;;;;0;;Chuvoso;Sem defeito;Incompleta;Molhada;Mal conservada;;Não há placas;;2019
02/07/2019;07:23:00;SEM VÍTIMA;BOA VIAGEM;AVENIDA CELSO FURTADO (VIA MANGUE);CIDADE;COLISÃO;2;;;;;;;;0;;;;;;;;;;2019
02/07/2019;07:50:00;SEM VÍTIMA;TORRÕES;AV ENGENHEIRO ABDIAS DE CARVALHO;CIDADE;COLISÃO;2;;;;;;;;0;;;;;;;;;;2019
02/07/2019;08:20:00;SEM VÍTIMA;MACAXEIRA;AV NORTE;SUBURBIO;COLISÃO TRASEIRA;2;;;;;;;;0;;Bom;Não existe;Perfeito estado;Seca;Perfeito estado;Não existe;R-6a;;2019
02/07/2019;08:33:00;COM VÍTIMA;BOA VIAGEM;RUA JACK AYRES;;ABALROAMENTO LONGITUDINAL;1;1;;;;;;;1;;Bom;Não existe;Perfeito estado;Seca;Perfeito estado;Faixa de retenção;Placas Pare;;2019
02/07/2019;08:37:00;SEM VÍTIMA;SANTO AMARO;AV JOAO DE BARROS;CIDADE;ABALROAMENTO LONGITUDINAL;1;;;;1;;;;0;;Bom;Sem defeito;Perfeito estado;Seca;;Faixa de pedestre;Outras;60 km/h;2019
02/07/2019;08:59:00;COM VÍTIMA;SÃO JOSÉ;RUA BARAO DA VITORIA;SUBURBIO;ABALROAMENTO LONGITUDINAL;1;1;;;;;;;1;;Bom;Sem defeito;Perfeito estado;Seca;Perfeito estado;Faixa de retenção;Outras;;2019
02/07/2019;09:31:00;COM VÍTIMA;VÁRZEA;RUA AGRICOLANDIA;CIDADE;ABALROAMENTO TRANSVERSAL;1;1;;;;;;;1;;Bom;Não existe;Não existente;Seca;Perfeito estado;Não existe;Não há placas;;2019
02/07/2019;09:59:00;SEM VÍTIMA;BOA VIAGEM;RUA CORONEL ANIZIO RODRIGUES COELHO;;COLISÃO;2;;;;;;;;0;;;;;;;;;;2019
02/07/2019;10:04:00;SEM VÍTIMA;CASA AMARELA;RUA DA HARMONIA;;COLISÃO TRASEIRA;2;;;;;;;;0;;Bom;Sem defeito;Perfeito estado;Seca;Perfeito estado;Faixa de pedestre;R-6a;;2019
02/07/2019;11:56:00;SEM VÍTIMA;AFLITOS;AV CONS ROSA E SILVA;SUBURBIO;COLISÃO TRASEIRA;1;1;;;;;;;0;;Bom;Sem defeito;Perfeito estado;Seca;;;Outras;;2019
02/07/2019;12:14:00;SEM VÍTIMA;ESPINHEIRO;AV JOAO DE BARROS;CIDADE;ABALROAMENTO LONGITUDINAL;1;;;;1;;;;0;;Bom;Não existe;Incompleta;Seca;Perfeito estado;Não existe;Outras;;2019
02/07/2019;12:45:00;SEM VÍTIMA;BOA VIAGEM;AV CONSELHEIRO AGUIAR;PINA;COLISÃO;2;;;;;;;;0;;;;;;;;;;2019
02/07/2019;14:22:00;SEM VÍTIMA;COQUEIRAL;RUA QUINZE DE NOVEMBRO;SUBURBIO;COLISÃO TRASEIRA;2;;;;;;;;0;;Bom;Não existe;Não existente;Seca;Perfeito estado;Não existe;Não há placas;;2019
02/07/2019;14:42:00;COM VÍTIMA;AREIAS;AV RECIFE;;COLISÃO;1;;;;;;;;1;;;;;;;;;;2019
02/07/2019;15:01:00;SEM VÍTIMA;MACAXEIRA;AV JOSE AMERICO DE ALMEIDA;;COLISÃO;2;;;;;;;;0;;;;;;;;;;2019
02/07/2019;15:03:00;SEM VÍTIMA;BOA VIAGEM;RUA FRANCISCO DA CUNHA;;ABALROAMENTO TRANSVERSAL;2;;;;;;;;0;;Bom;Não existe;Perfeito estado;Seca;Perfeito estado;Faixa de pedestre;Placas Pare;;2019
02/07/2019;15:09:00;SEM VÍTIMA;CAXANGÁ;AV JOAQUIM RIBEIRO;CIDADE;COLISÃO TRASEIRA;1;;;;;1;;;0;;Bom;Sem defeito;Perfeito estado;Seca;Perfeito estado;Faixa de pedestre;R-6a;;2019
02/07/2019;15:10:00;SEM VÍTIMA;PINA;AV HERCULANO BANDEIRA;SUBURBIO;COLISÃO TRASEIRA;1;;;;1;;;;0;;Bom;Não existe;Perfeito estado;Seca;Perfeito estado;Não existe;R-6a;;2019
02/07/2019;15:37:00;SEM VÍTIMA;BOA VIAGEM;RUA LUIZ PIMENTEL;;COLISÃO;2;;;;;;;;0;;;;;;;;;;2019
02/07/2019;15:51:00;SEM VÍTIMA;BOA VIAGEM;RUA DEZ DE JULHO;;ABALROAMENTO TRANSVERSAL;2;;;;;;;;0;;Bom;Não existe;Perfeito estado;Seca;Perfeito estado;;Não há placas;40 km/h;2019
02/07/2019;16:33:00;COM VÍTIMA;PAISSANDU;AV GOVERNADOR AGAMENON MAGALHAES;CIDADE;ABALROAMENTO TRANSVERSAL;;1;;;;;;;1;;Bom;Sem defeito;Perfeito estado;Seca;Perfeito estado;Faixa de retenção;Não há placas;;2019
02/07/2019;16:33:00;SEM VÍTIMA;MADALENA;AV VISCONDE DE ALBUQUERQUE;SUBURBIO;ABALROAMENTO TRANSVERSAL;2;;;;;;;;0;;Bom;Não existe;Perfeito estado;Seca;Perfeito estado;Não existe;Outras;60 km/h;2019
02/07/2019;16:39:00;SEM VÍTIMA;AFOGADOS;LARGO DA PAZ;;COLISÃO;1;;;;1;;;;0;;;;;;;;;;2019
02/07/2019;17:12:00;SEM VÍTIMA;BOA VIAGEM;AV DOM JOAO VI;CIDADE;ABALROAMENTO LONGITUDINAL;1;;;;;1;;;0;;Bom;Sem defeito;Perfeito estado;Seca;Perfeito estado;Faixa de pedestre;Não há placas;;2019
02/07/2019;17:17:00;SEM VÍTIMA;PINA;AV ANTONIO DE GOES;CIDADE;COLISÃO TRASEIRA;1;1;;;;;;;0;;Bom;Sem defeito;Perfeito estado;Seca;Perfeito estado;Faixa de pedestre;R-6a;;2019
02/07/2019;17:20:00;SEM VÍTIMA;VÁRZEA;;;COLISÃO TRASEIRA;2;;;;;;;;0;;Bom;Não existe;Perfeito estado;Seca;Perfeito estado;Não existe;Não há placas;;2019
02/07/2019;17:23:00;SEM VÍTIMA;BOA VIAGEM;AV DOM JOAO VI;;COLISÃO;1;;;;;1;;;0;;;;;;;;;;2019
02/07/2019;17:43:00;SEM VÍTIMA;SÃO JOSÉ;RUA IMPERIAL;CIDADE;ABALROAMENTO LONGITUDINAL;1;;;;;1;;;0;;Bom;Sem defeito;Perfeito estado;Seca;Perfeito estado;Faixa de pedestre;R-6a;;2019
02/07/2019;17:52:00;SEM VÍTIMA;IPUTINGA;AV PROFESSOR MORAES REGO;SUBURBIO;ABALROAMENTO LONGITUDINAL;1;;;;1;;;;0;;Bom;Não existe;Perfeito estado;;;Não existe;Outras;;2019
02/07/2019;18:09:00;SEM VÍTIMA;BOA VIAGEM;AV ENGENHEIRO DOMINGOS FERREIRA;SUBURBIO;COLISÃO TRASEIRA;3;;;;;;;;0;;Bom;Sem defeito;Perfeito estado;Seca;Perfeito estado;Faixa de pedestre;Não há placas;;2019
02/07/2019;18:58:00;COM VÍTIMA;TAMARINEIRA;AV NORTE;;COLISÃO;1;1;;;;;;;1;;;;;;;;;;2019
02/07/2019;19:37:00;SEM VÍTIMA;TORRE;RUA JOSE BONIFACIO;SUBURBIO;COLISÃO TRASEIRA;2;;;;;;;;0;;Bom;Não existe;Perfeito estado;Seca;Perfeito estado;;R-6a;40 km/h;2019
02/07/2019;19:55:00;COM VÍTIMA;AFOGADOS;RUA SAO MIGUEL;SUBURBIO;ATROPELAMENTO;1;;;1;;;;;1;;Bom;Não existe;Perfeito estado;Seca;Perfeito estado;Não existe;Outras;;2019
02/07/2019;23:07:00;SEM VÍTIMA;MADALENA;AV BEIRA RIO;CIDADE;ABALROAMENTO TRANSVERSAL;2;;;;;;;;0;;Chuvoso;Não existe;Perfeito estado;Molhada;Perfeito estado;Não existe;Não há placas;40 km/h;2019
02/07/2019;23:15:00;SEM VÍTIMA;IMBIRIBEIRA;AV MARECHAL MASCARENHAS DE MORAES;;COLISÃO;;;;;;;;;0;;;;;;;;;;2019