data;hora;natureza_acidente;bairro;endereco;sentido_via;tipo;auto;moto;ciclista;pedestre;onibus;caminhao;viatura;outros;vitimas;vitimasfatais;tempo_clima;situacao_semaforo;sinalizacao;condicao_via;conservacao_via;ponto_controle;situacao_placa;velocidade_max_via;ano
03/07/2019;04:14:00;COM VÍTIMA;CAMPO GRANDE;EST DE BELEM;SUBURBIO;COLISÃO FRONTAL;2;;;;;;;;2;;Chuvoso;Sem defeito;Perfeito estado;Molhada;Perfeito estado;Não existe;Outras;;2019
03/07/2019;08:00:00;SEM VÍTIMA;IPSEP;AV RECIFE;CIDADE;ABALROAMENTO LONGITUDINAL;1;;;;;1;;;0;;Chuvoso;Não existe;Perfeito estado;Molhada;Perfeito estado;;Outras;;2019
03/07/2019;09:42:00;SEM VÍTIMA;IMBIRIBEIRA;AV MARECHAL MASCARENHAS DE MORAES;SUBURBIO;COLISÃO TRASEIRA;2;;;;;;;;0;;Chuvoso;Sem defeito;Perfeito estado;Molhada;Perfeito estado;Faixa de pedestre;Não há placas;;2019
03/07/2019;10:14:00;SEM VÍTIMA;CAXANGÁ;AV CAXANGA;CIDADE;COLISÃO TRASEIRA;3;;;;;;;;0;;Chuvoso;Não existe;Perfeito estado;Molhada;Perfeito estado;Não existe;R-6a;;2019
03/07/2019;11:31:00;SEM VÍTIMA;JORDÃO;RUA CRISTALIA;SUBURBIO;CHOQUE VEÍCULO PARADO;1;;;;;1;;;0;;;Não existe;Não existente;Seca;Perfeito estado;Não existe;Não há placas;;2019
03/07/2019;12:05:00;COM VÍTIMA;ÁGUA FRIA;EST VELHA DE AGUA FRIA;SUBURBIO;ABALROAMENTO TRANSVERSAL;1;1;;;;;;;1;;Chuvoso;Não existe;Perfeito estado;Molhada;Perfeito estado;Não existe;Outras;;2019
03/07/2019;13:50:00;COM VÍTIMA;CORDEIRO;AV CAXANGA;CIDADE;ABALROAMENTO TRANSVERSAL;;1;;;;;;;1;;Chuvoso;Sem defeito;Perfeito estado;Seca;Perfeito estado;Outros;Outras;60 km/h;2019
03/07/2019;14:18:00;SEM VÍTIMA;IMBIRIBEIRA;AV MARECHAL MASCARENHAS DE MORAES;AFOGADOS;COLISÃO;1;;;;;1;;;0;;;;;;;;;;2019
03/07/2019;15:14:00;SEM VÍTIMA;BOA VIAGEM;AV CONSELHEIRO AGUIAR;;COLISÃO TRASEIRA;2;;;;;;;;0;;Bom;Não existe;Perfeito estado;Seca;Perfeito estado;Não existe;Não há placas;;2019
03/07/2019;16:28:00;SEM VÍTIMA;SAN MARTIN;RUA VINTE E UM DE ABRIL;;COLISÃO;;;;;;;;;0;;;;;;;;;;2019
03/07/2019;17:07:00;COM VÍTIMA;AFOGADOS;EST DOS REMEDIOS;SUBURBIO;COLISÃO FRONTAL;1;;;;;;;;1;;Bom;Não existe;Perfeito estado;Seca;Perfeito estado;Não existe;Outras;;2019
03/07/2019;17:27:00;SEM VÍTIMA;ESTÂNCIA;AV RECIFE;;COLISÃO;1;1;;;;;;;0;;;;;;;;;;2019
03/07/2019;17:34:00;SEM VÍTIMA;AFOGADOS;RUA NICOLAU PEREIRA;;COLISÃO;2;;;;;;;;0;;;;;;;;;;2019
03/07/2019;17:45:00;COM VÍTIMA;IMBIRIBEIRA;AV MARECHAL MASCARENHAS DE MORAES;SUBURBIO;CAPOTAMENTO;;1;;;;;;;1;;Bom;Não existe;Perfeito estado;Seca;Perfeito estado;Não existe;R-6a;60 km/h;2019
03/07/2019;17:45:00;COM VÍTIMA;AFOGADOS;EST DOS REMEDIOS;;COLISÃO;1;;;;;1;;;1;;;;;;;;;;2019
03/07/2019;17:48:00;SEM VÍTIMA;ESPINHEIRO;RUA CORONEL JOSE MARTINS;SUBURBIO;ABALROAMENTO LONGITUDINAL;2;;;;;;;;0;;Bom;Não existe;Perfeito estado;Seca;Perfeito estado;Não existe;Não há placas;30 km/h;2019
03/07/2019;18:13:00;COM VÍTIMA;BOMBA DO HEMETÉRIO;RUA BOMBA DO HEMETERIO;CIDADE;ABALROAMENTO TRANSVERSAL;1;;;;;;;;1;;Bom;Não existe;Perfeito estado;Seca;Perfeito estado;Não existe;Não há placas;;2019
03/07/2019;18:19:00;SEM VÍTIMA;PINA;AV REPUBLICA DO LIBANO;SUBURBIO;COLISÃO TRASEIRA;3;;;;;;;;0;;Bom;Não existe;Perfeito estado;Seca;Perfeito estado;Não existe;Não há placas;;2019
03/07/2019;19:54:00;SEM VÍTIMA;BOA VIAGEM;RUA SIMAO BORBA;;ENGAVETAMENTO;4;;;;;;;;0;;;;;;;;;;2019
03/07/2019;21:11:00;COM VÍTIMA;ALTO DO MANDU;AV DR EURICO CHAVES;CIDADE;ABALROAMENTO LONGITUDINAL;;1;;;1;;;;1;;Chuvoso;Não existe;Perfeito estado;Molhada;Perfeito estado;Não existe;R-6a;;2019
03/07/2019;22:20:00;SEM VÍTIMA;SANTO AMARO;AV CRUZ CABUGA;SUBURBIO;CHOQUE OBJETO FIXO;;;;;1;;;;0;;Bom;Sem defeito;Perfeito estado;Seca;Perfeito estado;Não existe;Não há placas;60 km/h;2019
03/07/2019;22:22:00;SEM VÍTIMA;;AV MARECHAL JUAREZ TAVORA;SUBURBIO;CHOQUE VEÍCULO PARADO;2;;;;;;;;0;;Bom;Não existe;Perfeito estado;Seca;Perfeito estado;Não existe;Não há placas;;2019
03/07/2019;22:32:00;SEM VÍTIMA;BOA VIAGEM;AV FERNANDO SIMOES BARBOSA;;ABALROAMENTO LONGITUDINAL;1;;;;1;;;;0;;;Sem defeito;Perfeito estado;Seca;Perfeito estado;Faixa de pedestre;;;2019
03/07/2019;23:00:00;COM VÍTIMA;BOA VIAGEM;AV DOM JOAO VI;SUBURBIO;COLISÃO FRONTAL;;1;1;;;;;;3;;Bom;Não existe;Perfeito estado;Seca;Perfeito estado;Não existe;Não há placas;;2019
04/07/2019;07:12:00;SEM VÍTIMA;BOA VIAGEM;RUA BARAO DE SOUZA LEAO;;COLISÃO TRASEIRA;1;;;;1;;;;0;;Bom;Não existe;Perfeito estado;Seca;Perfeito estado;Não existe;Não há placas;;2019
04/07/2019;07:16:00;SEM VÍTIMA;PRADO;RUA SANTA EDWIRGES;CIDADE;ABALROAMENTO TRANSVERSAL;2;;;;;;;;0;;Bom;Não existe;Incompleta;Seca;Perfeito estado;Não existe;R-6a;;2019
04/07/2019;07:34:00;COM VÍTIMA;ARRUDA;EST VELHA DE AGUA FRIA;;COLISÃO TRASEIRA;1;1;;;;;;;1;;Bom;Sem defeito;Perfeito estado;Seca;Perfeito estado;;;;2019
04/07/2019;08:27:00;COM VÍTIMA;ESPINHEIRO;AV GOVERNADOR AGAMENON MAGALHAES;SUBURBIO;CAPOTAMENTO;;1;;;;;;;1;;Bom;Não existe;Perfeito estado;Seca;Mal conservada;Não existe;Outras;60 km/h;2019
04/07/2019;08:45:00;SEM VÍTIMA;SANTO AMARO;AV GOVERNADOR AGAMENON MAGALHAES;BOA VIAGEM;COLISÃO;1;;;;;;1;;0;;;;;;;;;;2019
04/07/2019;09:02:00;COM VÍTIMA;BREJO DA GUABIRABA;AV VEREADOR OTACILIO AZEVEDO;;COLISÃO;1;1;;;;;;;1;;;;;;;;;;2019
04/07/2019;09:07:00;SEM VÍTIMA;SÃO JOSÉ;C SANTA RITA;;COLISÃO;2;;;;;;;;0;;;;;;;;;;2019
04/07/2019;09:23:00;SEM VÍTIMA;BOA VIAGEM;AV CONSELHEIRO AGUIAR;SUBURBIO;COLISÃO TRASEIRA;1;;;;;1;;;0;;Bom;Não existe;Perfeito estado;Seca;Perfeito estado;Não existe;R-6a;60 km/h;2019
04/07/2019;09:44:00;COM VÍTIMA;IBURA;AV DOIS RIOS;SUBURBIO;ABALROAMENTO LONGITUDINAL;1;1;;;;;;;1;;Bom;Sem defeito;Perfeito estado;Seca;Perfeito estado;;R-6a;30 km/h;2019
04/07/2019;10:06:00;SEM VÍTIMA;AFOGADOS;RUA NICOLAU PEREIRA;;COLISÃO;2;;;;;;;;0;;;;;;;;;;2019
04/07/2019;10:24:00;SEM VÍTIMA;BOA VIAGEM;AV CONSELHEIRO AGUIAR;CIDADE;COLISÃO TRASEIRA;2;;;;;;;;0;;Bom;Sem defeito;Perfeito estado;Seca;Perfeito estado;Faixa de pedestre;R-6a;60 km/h;2019
04/07/2019;10:30:00;SEM VÍTIMA;IMBIRIBEIRA;AV MARECHAL MASCARENHAS DE MORAES;SUBURBIO;COLISÃO TRASEIRA;2;;;;;;;;0;;Bom;Sem defeito;Perfeito estado;Seca;Perfeito estado;Faixa de pedestre;Não há placas;60 km/h;2019
04/07/2019;10:34:00;SEM VÍTIMA;TEJIPIÓ;RUA FALCAO DE LACERDA;SUBURBIO;ABALROAMENTO LONGITUDINAL;1;;;;;1;;;0;;Bom;Sem defeito;Perfeito estado;Seca;Perfeito estado;Outros;Outras;40 km/h;2019
04/07/2019;10:43:00;SEM VÍTIMA;TEJIPIÓ;AV DR JOSE RUFINO;;COLISÃO;1;1;;;;;;;0;;;;;;;;;;2019
04/07/2019;11:16:00;SEM VÍTIMA;BOA VISTA;AV MANOEL BORBA;;COLISÃO;2;;;;;;;;0;;;;;;;;;;2019
04/07/2019;11:34:00;SEM VÍTIMA;BOA VIAGEM;RUA MARQUES DE VALENCA;;ABALROAMENTO LONGITUDINAL;1;;;;;1;;;0;;Bom;Não existe;Não existente;Seca;;Não existe;Não há placas;20 km/h;2019
04/07/2019;11:38:00;SEM VÍTIMA;PASSARINHO;EST DE PASSARINHO;;COLISÃO;1;1;;;;;;;0;;;;;;;;;;2019
04/07/2019;12:07:00;SEM VÍTIMA;BOA VIAGEM;RUA PADRE CARAPUCEIRO;CIDADE;ABALROAMENTO LONGITUDINAL;2;;;;;;;;0;;Bom;Sem defeito;Perfeito estado;Seca;Perfeito estado;Faixa de pedestre;Outras;;2019
04/07/2019;12:14:00;SEM VÍTIMA;DERBY;RUA AMARO BEZERRA;SUBURBIO;ABALROAMENTO TRANSVERSAL;1;;;;;;1;;0;;Bom;Sem defeito;Perfeito estado;Seca;Perfeito estado;Não existe;Outras;;2019
04/07/2019;12:38:00;SEM VÍTIMA;BOA VISTA;AV CONDE DA BOA VISTA;;COLISÃO;1;;;;1;;;;0;;;;;;;;;;2019
04/07/2019;13:15:00;SEM VÍTIMA;SAN MARTIN;RUA VINTE E UM DE ABRIL;SUBURBIO;CHOQUE VEÍCULO PARADO;2;;;;;;;;0;;Bom;Não existe;Perfeito estado;Seca;Perfeito estado;Não existe;Não há placas;40 km/h;2019
04/07/2019;13:28:00;SEM VÍTIMA;BOA VIAGEM;RUA GENERAL AMERICANO FREIRE;SUBURBIO;ABALROAMENTO TRANSVERSAL;2;;;;;;;;0;;Bom;Não existe;Perfeito estado;Seca;Perfeito estado;Não existe;Não há placas;;2019
04/07/2019;13:33:00;SEM VÍTIMA;ESPINHEIRO;RUA DO ESPINHEIRO;;COLISÃO TRASEIRA;2;;;;;;;;0;;Bom;Sem defeito;Perfeito estado;Seca;Perfeito estado;Faixa de pedestre;R-6a;;2019
04/07/2019;13:38:00;SEM VÍTIMA;ROSARINHO;AV NORTE;CIDADE;COLISÃO TRASEIRA;1;1;;;;;;;0;;Bom;Não existe;Perfeito estado;Seca;Perfeito estado;Não existe;Outras;;2019
04/07/2019;14:18:00;SEM VÍTIMA;ILHA DO RETIRO;RUA BENFICA;;COLISÃO;2;;;;;;;;0;;;;;;;;;;2019
04/07/2019;14:40:00;SEM VÍTIMA;SAN MARTIN;AV ENGENHEIRO ABDIAS DE CARVALHO;;COLISÃO;2;;;;;;;;0;;;;;;;;;;2019
04/07/2019;15:03:00;SEM VÍTIMA;SÃO JOSÉ;RUA VIDAL DE NEGREIROS;SUBURBIO;ABALROAMENTO LONGITUDINAL;1;;;;;1;;1;0;;Bom;Sem defeito;Perfeito estado;Seca;Mal conservada;;Outras;;2019
04/07/2019;15:13:00;SEM VÍTIMA;TORRE;RUA MARCOS ANDRE;SUBURBIO;COLISÃO TRASEIRA;3;;;;;;;;0;;Bom;Não existe;Perfeito estado;Seca;Perfeito estado;Não existe;Outras;40 km/h;2019
04/07/2019;15:18:00;SEM VÍTIMA;BOA VIAGEM;AV CHARLES DARWIN;SUBURBIO;ABALROAMENTO TRANSVERSAL;2;;;;;;;;0;;Bom;Não existe;Perfeito estado;Seca;Perfeito estado;Não existe;Não há placas;;2019
04/07/2019;16:00:00;SEM VÍTIMA;TORRE;RUA DOM MANOEL DA COSTA;CIDADE;COLISÃO TRASEIRA;2;;;;;;;;0;;Bom;Sem defeito;Perfeito estado;Seca;Perfeito estado;Faixa de pedestre;R-6a;;2019
04/07/2019;16:37:00;SEM VÍTIMA;;RUA SA E SOUZA;CIDADE;ABALROAMENTO LONGITUDINAL;1;;;;1;;;;0;;Bom;Sem defeito;Perfeito estado;Seca;Perfeito estado;Faixa de pedestre;Não há placas;;2019
04/07/2019;17:21:00;SEM VÍTIMA;CASA AMARELA;AV NORTE;SUBURBIO;COLISÃO TRASEIRA;2;;;;;;;;0;;Bom;;Perfeito estado;Seca;Perfeito estado;Não existe;R-6a;;2019
04/07/2019;17:24:00;SEM VÍTIMA;ESPINHEIRO;RUA AMELIA;SUBURBIO;ABALROAMENTO LONGITUDINAL;1;;;;1;;;;0;;Bom;Não existe;Perfeito estado;Seca;Perfeito estado;Outros;Outras;;2019
04/07/2019;17:27:00;COM VÍTIMA;JAQUEIRA;AV RUI BARBOSA;;COLISÃO TRASEIRA;1;;1;1;;;;;1;;Bom;Não existe;Perfeito estado;Seca;Perfeito estado;Não existe;Outras;50 km/h;2019
04/07/2019;17:53:00;SEM VÍTIMA;AFOGADOS;EST DOS REMEDIOS;CIDADE;ABALROAMENTO LONGITUDINAL;2;;;;;;;;0;;Bom;Não existe;Perfeito estado;Seca;Perfeito estado;Não existe;R-6a;;2019
04/07/2019;18:24:00;SEM VÍTIMA;CAXANGÁ;AV CAXANGA;CIDADE;ABALROAMENTO LONGITUDINAL;1;;;;;1;;;0;;Bom;Não existe;Perfeito estado;Seca;Perfeito estado;Não existe;Não há placas;;2019
04/07/2019;18:50:00;SEM VÍTIMA;TORRE;RUA VITORIANO PALHARES;;COLISÃO;2;;;;;;;;0;;;;;;;;;;2019
04/07/2019;21:13:00;SEM VÍTIMA;APIPUCOS;RUA DOIS IRMAOS;SUBURBIO;ABALROAMENTO LONGITUDINAL;1;1;;;;;;;0;;Bom;Não existe;Perfeito estado;Seca;Perfeito estado;Não existe;Não há placas;60 km/h;2019
04/07/2019;22:02:00;SEM VÍTIMA;PINA;AV ANTONIO DE GOES;;ENGAVETAMENTO;2;1;;;;;;;0;;;;;;;;;;2019
04/07/2019;23:11:00;COM VÍTIMA;BARRO;AV DR JOSE RUFINO;SUBURBIO;ABALROAMENTO TRANSVERSAL;1;1;;;;;;;1;;Bom;Não existe;Ilegível;Molhada;Mal iluminada;Não existe;Não há placas;;2019
05/07/2019;05:35:00;SEM VÍTIMA;MANGABEIRA;AV NORTE;SUBURBIO;COLISÃO FRONTAL;1;;;;1;;;;0;;Bom;Sem defeito;Perfeito estado;Seca;Perfeito estado;Outros;Outras;;2019
05/07/2019;07:07:00;COM VÍTIMA;IPUTINGA;AV CAXANGA;CIDADE;ABALROAMENTO LONGITUDINAL;;1;;;1;;;;2;;Bom;Sem defeito;Perfeito estado;Seca;Perfeito estado;Faixa de pedestre;Outras;;2019
05/07/2019;08:26:00;SEM VÍTIMA;PINA;RUA SAO LUIZ;;COLISÃO;1;;;;1;;;;0;;;;;;;;;;2019
05/07/2019;09:27:00;SEM VÍTIMA;ILHA DO LEITE;AV GOVERNADOR AGAMENON MAGALHAES;SUBURBIO;ABALROAMENTO LONGITUDINAL;1;;;;1;;;;0;;Bom;Sem defeito;Perfeito estado;Seca;Perfeito estado;;Outras;;2019
05/07/2019;09:35:00;SEM VÍTIMA;VÁRZEA;RUA PROFESSOR ANTONIO COELHO;CIDADE;ABALROAMENTO TRANSVERSAL;1;;;;;1;;;0;;Bom;Não existe;Não existente;Seca;Perfeito estado;Não existe;Não há placas;;2019
05/07/2019;09:44:00;SEM VÍTIMA;IMBIRIBEIRA;AV MARECHAL MASCARENHAS DE MORAES;AEROPORTO;COLISÃO;2;;;;;;;;0;;;;;;;;;;2019
05/07/2019;10:01:00;SEM VÍTIMA;BOA VIAGEM;AV ARMINDO MOURA;SUBURBIO;COLISÃO TRASEIRA;2;;;;;;;;0;;Bom;Não existe;Perfeito estado;Seca;Perfeito estado;Não existe;Outras;40 km/h;2019
05/07/2019;10:25:00;SEM VÍTIMA;IPUTINGA;RUA LEAL DE BARROS;;ABALROAMENTO TRANSVERSAL;1;1;;;;;;;0;;Bom;Não existe;Não existente;Seca;Perfeito estado;Outros;Outras;;2019
05/07/2019;11:03:00;SEM VÍTIMA;BOA VIAGEM;RUA BALTAZAR PASSOS;;COLISÃO;2;;;;;;;;0;;;;;;;;;;2019
05/07/2019;11:21:00;COM VÍTIMA;GUABIRABA;AV DA RECUPERACAO;;COLISÃO TRASEIRA;1;1;;;;;;;1;;Bom;Não existe;Não existente;Seca;Perfeito estado;;Não há placas;;2019
05/07/2019;12:07:00;SEM VÍTIMA;VÁRZEA;RUA ACADEMICO HELIO RAMOS;CIDADE;ABALROAMENTO LONGITUDINAL;1;;;;1;;;;0;;Bom;;Perfeito estado;Seca;Perfeito estado;Não existe;Não há placas;;2019
05/07/2019;12:53:00;SEM VÍTIMA;MACAXEIRA;AV NORTE;CIDADE;COLISÃO TRASEIRA;1;;;;1;;;;0;;Bom;Não existe;Perfeito estado;Seca;Perfeito estado;Não existe;R-6a;60 km/h;2019
05/07/2019;13:11:00;SEM VÍTIMA;JOANA BEZERRA;AV BEIRA RIO;SUBURBIO;ABALROAMENTO TRANSVERSAL;2;;;;;;;;0;;Bom;Não existe;Perfeito estado;Seca;Perfeito estado;;Placas Pare;;2019
05/07/2019;13:16:00;COM VÍTIMA;BOA VISTA;AV GOVERNADOR CARLOS DE LIMA CAVALCANTI;SUB/CID;COLISÃO TRASEIRA;;2;;;;;;;1;;Bom;Sem defeito;Perfeito estado;Seca;Perfeito estado;Faixa de pedestre;Não há placas;40 km/h;2019
05/07/2019;14:21:00;SEM VÍTIMA;ILHA DO RETIRO;RUA SPORT CLUBE DO RECIFE;CIDADE;ABALROAMENTO LONGITUDINAL;1;1;;;;;;;0;;Bom;Sem defeito;Perfeito estado;Seca;Perfeito estado;Faixa de pedestre;R-6a;;2019
05/07/2019;14:36:00;SEM VÍTIMA;APIPUCOS;RUA DOM MALAN;SUBURBIO;CHOQUE VEÍCULO PARADO;1;1;;;;;;;0;;Bom;Não existe;Perfeito estado;Seca;Perfeito estado;Não existe;Placas Pare;;2019
05/07/2019;14:45:00;SEM VÍTIMA;PAISSANDU;AV GOVERNADOR AGAMENON MAGALHAES;69;COLISÃO TRASEIRA;2;;;;;;;;0;;Bom;Sem defeito;Perfeito estado;Seca;Perfeito estado;Faixa de pedestre;;60 km/h;2019
05/07/2019;14:45:00;COM VÍTIMA;VÁRZEA;RUA PROFESSOR ANTONIO COELHO;;ABALROAMENTO TRANSVERSAL;2;;;;;;;;1;;Bom;Não existe;Perfeito estado;Seca;Perfeito estado;Não existe;Placas Pare;;2019
05/07/2019;15:03:00;SEM VÍTIMA;SAN MARTIN;RUA VINTE E UM DE ABRIL;CIDADE;COLISÃO TRASEIRA;2;;;;;;;;0;;Bom;Não existe;Incompleta;Seca;Perfeito estado;Não existe;Não há placas;;2019
05/07/2019;16:06:00;SEM VÍTIMA;IMBIRIBEIRA;AV MARECHAL MASCARENHAS DE MORAES;SUBURBIO;ABALROAMENTO LONGITUDINAL;1;;;;;1;;;0;;Bom;Sem defeito;Incompleta;Seca;Perfeito estado;Não existe;Não há placas;;2019
05/07/2019;16:09:00;SEM VÍTIMA;SÃO JOSÉ;PRC DAS CINCO PONTAS;;COLISÃO;1;;;;1;;;;0;;;;;;;;;;2019
05/07/2019;17:56:00;SEM VÍTIMA;SANTO AMARO;AV GOVERNADOR AGAMENON MAGALHAES;;COLISÃO TRASEIRA;2;;;;;;;;0;;Bom;Não existe;Não existente;Seca;Perfeito estado;Não existe;Não há placas;;2019
05/07/2019;18:45:00;SEM VÍTIMA;BEBERIBE;PRC DA CONVENCAO;SUBURBIO;ABALROAMENTO LONGITUDINAL;1;;;;1;;;;0;;Bom;Não existe;Perfeito estado;Seca;Perfeito estado;;;;2019
05/07/2019;18:55:00;SEM VÍTIMA;TORRE;RUA VITORIANO PALHARES;SUBURBIO;COLISÃO TRASEIRA;2;;;;;;;;0;;Bom;Sem defeito;Perfeito estado;Seca;Perfeito estado;;R-6a;;2019
05/07/2019;19:26:00;SEM VÍTIMA;PRADO;AV ENGENHEIRO ABDIAS DE CARVALHO;SUBURBIO;COLISÃO TRASEIRA;2;;;;;;;;0;;Bom;;Perfeito estado;Seca;Perfeito estado;;;;2019
05/07/2019;19:30:00;SEM VÍTIMA;TORRE;RUA REAL DA TORRE;SUBURBIO;ABALROAMENTO LONGITUDINAL;2;;;;;;;;0;;Bom;Sem defeito;Perfeito estado;Seca;Perfeito estado;Faixa de pedestre;Não há placas;;2019
05/07/2019;19:48:00;SEM VÍTIMA;SANTO AMARO;AV GOVERNADOR AGAMENON MAGALHAES;;COLISÃO;2;;;;;;;;0;;;;;;;;;;2019
05/07/2019;21:11:00;SEM VÍTIMA;CAMPINA DO BARRETO;RUA DA REGENERACAO;SUBURBIO;COLISÃO TRASEIRA;3;;;;;;;;0;;Bom;Não existe;Perfeito estado;Seca;Perfeito estado;;;;2019
05/07/2019;21:15:00;COM VÍTIMA;;RUA VISCONDE DE JEQUITINHONHA;SUBURBIO;COLISÃO TRASEIRA;1;;;;;1;;;1;;Bom;Não existe;Perfeito estado;Seca;Perfeito estado;Não existe;R-6a;60 km/h;2019
05/07/2019;22:35:00;SEM VÍTIMA;BOA VISTA;AV CONDE DA BOA VISTA;SUBURBIO;COLISÃO TRASEIRA;1;1;;;;;;;0;;Bom;Sem defeito;Perfeito estado;Seca;Perfeito estado;Não existe;Não há placas;;2019
05/07/2019;23:23:00;SEM VÍTIMA;BOA VIAGEM;RUA DR VICENTE GOMES;CIDADE;ABALROAMENTO LONGITUDINAL;1;;;;1;;;;0;;Bom;Sem defeito;Perfeito estado;Seca;Perfeito estado;Faixa de retenção;Outras;;2019
05/07/2019;23:31:00;COM VÍTIMA;JOANA BEZERRA;PTE JOSE DE BARROS LIMA;CIDADE;COLISÃO TRASEIRA;1;1;;;;;;;1;;Bom;Não existe;Perfeito estado;Seca;Perfeito estado;Não existe;Não há placas;60 km/h;2019
06/07/2019;07:37:00;SEM VÍTIMA;SANTO AMARO;RUA FREI CASSIMIRO;;COLISÃO;2;;;;;;;;0;;;;;;;;;;2019
06/07/2019;09:04:00;COM VÍTIMA;VÁRZEA;RUA ESTEVAO DE SA;;COLISÃO;1;1;;;;;;;1;;;;;;;;;;2019
06/07/2019;09:45:00;SEM VÍTIMA;TEJIPIÓ;AV DR JOSE RUFINO;SUBURBIO;ABALROAMENTO TRANSVERSAL;2;;;;;;;;0;;Bom;Sem defeito;Perfeito estado;Seca;Perfeito estado;;Outras;;2019
06/07/2019;10:59:00;SEM VÍTIMA;SANTO AMARO;RUA TREZE DE MAIO;;COLISÃO;2;;;;;;;;0;;;;;;;;;;2019
06/07/2019;11:38:00;SEM VÍTIMA;IPSEP;AV RECIFE;BOA VIAGEM;COLISÃO;3;;;;;;;;0;;;;;;;;;;2019
06/07/2019;11:39:00;SEM VÍTIMA;BOA VIAGEM;RUA BARAO DE SOUZA LEAO;;ABALROAMENTO LONGITUDINAL;1;;;;1;;;;0;;Bom;;Perfeito estado;Seca;Perfeito estado;Não existe;R-6a;60 km/h;2019
06/07/2019;12:41:00;SEM VÍTIMA;PINA;AV BOA VIAGEM;CIDADE;COLISÃO TRASEIRA;3;;;;;;;;0;;Bom;Sem defeito;Perfeito estado;Seca;Perfeito estado;Faixa de pedestre;Outras;60 km/h;2019
06/07/2019;12:43:00;SEM VÍTIMA;PINA;AV HERCULANO BANDEIRA;BOA VIAGEM;COLISÃO;2;;;;;;;;0;;;;;;;;;;2019
06/07/2019;12:45:00;SEM VÍTIMA;BOA VIAGEM;RUA GENERAL AMERICANO FREIRE;SUBURBIO;ABALROAMENTO LONGITUDINAL;3;;;;;;;;0;;Bom;Não existe;Perfeito estado;Seca;Perfeito estado;Não existe;Outras;40 km/h;2019
06/07/2019;13:14:00;SEM VÍTIMA;ROSARINHO;AV SANTOS DUMONT;SUBURBIO;ABALROAMENTO LONGITUDINAL;1;1;;;;;;;0;;Bom;Não existe;Perfeito estado;Seca;Perfeito estado;Não existe;Outras;;2019
06/07/2019;13:45:00;SEM VÍTIMA;AREIAS;AV RECIFE;CIDADE;ABALROAMENTO LONGITUDINAL;1;;;;;1;;1;0;;Bom;Sem defeito;Perfeito estado;Seca;Perfeito estado;;Outras;;2019
06/07/2019;16:37:00;SEM VÍTIMA;JORDÃO;AV GOVERNADOR ROBERTO SILVEIRA;;ABALROAMENTO LONGITUDINAL;1;;;;1;;;;0;;Bom;Não existe;Não existente;Seca;Perfeito estado;Não existe;Não há placas;;2019
06/07/2019;16:44:00;SEM VÍTIMA;AREIAS;RUA PARENTE VIANA;SUBURBIO;ABALROAMENTO LONGITUDINAL;2;;;;;;;;0;;Bom;Não existe;Não existente;Seca;Mal conservada;Não existe;Não há placas;;2019
06/07/2019;16:49:00;SEM VÍTIMA;CAMPINA DO BARRETO;RUA DAS MOCAS;SUBURBIO;ABALROAMENTO LONGITUDINAL;1;;;;1;;;;0;;Bom;Não existe;Incompleta;Seca;Perfeito estado;Não existe;Não há placas;;2019
06/07/2019;19:01:00;SEM VÍTIMA;JARDIM SÃO PAULO;AV RECIFE;SUBURBIO;CHOQUE OBJETO FIXO;;;;;;;1;;0;;Bom;Não existe;Perfeito estado;Seca;Perfeito estado;Outros;Outras;;2019
06/07/2019;19:14:00;SEM VÍTIMA;ENCRUZILHADA;AV NORTE;CIDADE;ABALROAMENTO LONGITUDINAL;2;;;;;;;;0;;Bom;Não existe;Ilegível;Seca;Mal iluminada;Não existe;Não há placas;;2019
06/07/2019;19:33:00;SEM VÍTIMA;BOA VIAGEM;RUA FRANCISCO DA CUNHA;;COLISÃO;2;;;;;;;;0;;;;;;;;;;2019
06/07/2019;20:27:00;SEM VÍTIMA;IBURA;AV DOIS RIOS;CIDADE;COLISÃO TRASEIRA;2;;;;;;;;0;;Bom;Sem defeito;Perfeito estado;Seca;Perfeito estado;Faixa de pedestre;;;2019
06/07/2019;20:56:00;SEM VÍTIMA;MANGABEIRA;AV PROFESSOR JOSE DOS ANJOS;CIDADE;ABALROAMENTO LONGITUDINAL;2;;;;;;;;0;;Bom;Sem defeito;Ilegível;Seca;Mal iluminada;Faixa de pedestre;Não há placas;;2019
06/07/2019;21:20:00;SEM VÍTIMA;CIDADE UNIVERSITÁRIA;RUA GENERAL POLIDORO;SUBURBIO;COLISÃO TRASEIRA;1;;;;;1;;;0;;Bom;Não existe;Não existente;Seca;Perfeito estado;Não existe;Placas Pare;;2019
06/07/2019;22:32:00;SEM VÍTIMA;BONGI;AV ENGENHEIRO ABDIAS DE CARVALHO;CIDADE;COLISÃO TRASEIRA;3;;;;;;;;0;;Bom;Não existe;Incompleta;Seca;Mal iluminada;;;60 km/h;2019
06/07/2019;22:57:00;COM VÍTIMA;TORRE;RUA MARQUES DE MARICA;;ABALROAMENTO LONGITUDINAL;1;1;;;;;;;1;;Bom;Sem defeito;Perfeito estado;Seca;Perfeito estado;Faixa de pedestre;Não há placas;;2019
06/07/2019;23:19:00;COM VÍTIMA;TORRÕES;AV ENGENHEIRO ABDIAS DE CARVALHO;CIDADE;ATROPELAMENTO;1;;;1;;;;;1;;Bom;Não existe;Perfeito estado;Seca;Perfeito estado;Não existe;;60 km/h;2019