data;hora;natureza_acidente;bairro;endereco;sentido_via;tipo;auto;moto;ciclista;pedestre;onibus;caminhao;viatura;outros;vitimas;vitimasfatais;tempo_clima;situacao_semaforo;sinalizacao;condicao_via;conservacao_via;ponto_controle;situacao_placa;velocidade_max_via;ano
07/07/2019;00:32:00;SEM VÍTIMA;JARDIM SÃO PAULO;EST DO CURADO;SUBURBIO;CHOQUE OBJETO FIXO;;;;;;;1;;0;;Bom;Não existe;Perfeito estado;Seca;Perfeito estado;Não existe;Não há placas;;2019
07/07/2019;11:06:00;COM VÍTIMA;MADALENA;RUA JOSE OSORIO;SUBURBIO;ABALROAMENTO LONGITUDINAL;;;;;;;;1;1;;Bom;Sem defeito;Perfeito estado;Seca;Perfeito estado;;Outras;;2019
07/07/2019;12:02:00;SEM VÍTIMA;VASCO DA GAMA;RUA ALTO NOVO MUNDO;SUBURBIO;CHOQUE VEÍCULO PARADO;3;;;;;;;1;0;;Bom;Não existe;Não existente;Seca;Perfeito estado;Não existe;Não há placas;;2019
07/07/2019;12:24:00;COM VÍTIMA;VÁRZEA;AV CAXANGA;SUBURBIO;ABALROAMENTO TRANSVERSAL;1;1;;;;;;;1;;Bom;Sem defeito;Perfeito estado;Seca;Perfeito estado;Faixa de pedestre;;;2019
07/07/2019;12:35:00;SEM VÍTIMA;AFOGADOS;EST DOS REMEDIOS;;COLISÃO;2;;;;;;;;0;;;;;;;;;;2019
07/07/2019;12:50:00;SEM VÍTIMA;BEBERIBE;PRC DA CONVENCAO;;ENGAVETAMENTO;3;;;;;;;;0;;;;;;;;;;2019
07/07/2019;13:48:00;SEM VÍTIMA;BOA VIAGEM;AV CONSELHEIRO AGUIAR;;ABALROAMENTO LONGITUDINAL;1;;;;1;;;;0;;Bom;Sem defeito;Perfeito estado;Seca;Perfeito estado;Faixa de pedestre;R-6a;;2019
07/07/2019;14:26:00;SEM VÍTIMA;MADALENA;RUA BENFICA;CIDADE;ABALROAMENTO LONGITUDINAL;2;;;;;;;;0;;Bom;Sem defeito;Perfeito estado;Seca;Perfeito estado;Não existe;R-6a;;2019
07/07/2019;16:03:00;SEM VÍTIMA;SANTO ANTÔNIO;PTE BUARQUE DE MACEDO;;ABALROAMENTO LONGITUDINAL;1;;;;1;;;;0;;Bom;Sem defeito;Perfeito estado;Seca;Perfeito estado;Faixa de pedestre;Não há placas;;2019
07/07/2019;16:25:00;SEM VÍTIMA;CAXANGÁ;AV CAXANGA;SUBURBIO;COLISÃO TRASEIRA;2;;;;;;;;0;;Bom;;Perfeito estado;Seca;Perfeito estado;Não existe;R-6a;;2019
07/07/2019;16:35:00;SEM VÍTIMA;MADALENA;RUA DEMOCRITO DE SOUZA FILHO;CIDADE;ABALROAMENTO TRANSVERSAL;1;1;;;;;;;0;;Bom;Não existe;Incompleta;Seca;Perfeito estado;Faixa de retenção;Placas Pare;;2019
07/07/2019;17:58:00;SEM VÍTIMA;BAIRRO DO RECIFE;AV MARTINS DE BARROS;;COLISÃO;2;;;;;;;;0;;;;;;;;;;2019
07/07/2019;19:29:00;SEM VÍTIMA;AFOGADOS;RUA SAO MIGUEL;SUBURBIO;COLISÃO TRASEIRA;2;;;;;;;;0;;Bom;Não existe;Perfeito estado;Seca;Perfeito estado;Não existe;Não há placas;;2019
07/07/2019;21:09:00;COM VÍTIMA;MANGABEIRA;AV NORTE;SUBURBIO;ABALROAMENTO TRANSVERSAL;1;1;;;;;;;1;;Bom;Sem defeito;Perfeito estado;Seca;Perfeito estado;Faixa de pedestre;Não há placas;60 km/h;2019
07/07/2019;22:34:00;SEM VÍTIMA;TORRE;RUA CONS THEODORO;SUBURBIO;CHOQUE VEÍCULO PARADO;1;;;;;;;;0;;Bom;Sem defeito;Perfeito estado;Seca;Perfeito estado;;R-6a;;2019
07/07/2019;22:46:00;COM VÍTIMA;SAN MARTIN;AV CONSUL VILARES FRAGOSO;;COLISÃO;1;1;;;;;;;1;;;;;;;;;;2019
07/07/2019;22:52:00;SEM VÍTIMA;TAMARINEIRA;AV PROFESSOR JOSE DOS ANJOS;;COLISÃO TRASEIRA;1;;;;;;;1;0;;Bom;Sem defeito;Perfeito estado;Seca;Perfeito estado;Faixa de pedestre;Placas Pare;60 km/h;2019
08/07/2019;02:02:00;SEM VÍTIMA;AFOGADOS;RUA VINTE E UM DE ABRIL;CIDADE;CHOQUE OBJETO FIXO;1;;;;;;;;0;;Bom;Intermitente;Incompleta;Seca;Perfeito estado;Não existe;Outras;;2019
08/07/2019;08:00:00;SEM VÍTIMA;PINA;AV ANTONIO DE GOES;CIDADE;COLISÃO TRASEIRA;2;1;;;;;;;0;;Chuvoso;Sem defeito;Perfeito estado;Molhada;Perfeito estado;Agente;Outras;60 km/h;2019
08/07/2019;08:11:00;COM VÍTIMA;AFOGADOS;RUA SAO MIGUEL;CIDADE;COLISÃO TRASEIRA;;1;;;1;;;;1;;Bom;Não existe;Perfeito estado;Seca;Perfeito estado;Não existe;Não há placas;60 km/h;2019
08/07/2019;08:12:00;COM VÍTIMA;ÁGUA FRIA;RUA DA REGENERACAO;SUBURBIO;COLISÃO FRONTAL;1;1;;;;;;;2;;Bom;Não existe;Perfeito estado;Seca;Perfeito estado;Não existe;Outras;;2019
08/07/2019;08:16:00;SEM VÍTIMA;TORRE;RUA REAL DA TORRE;;COLISÃO;2;;;;;;;;0;;;;;;;;;;2019
08/07/2019;08:17:00;SEM VÍTIMA;MADALENA;AV CAXANGA;SUBURBIO CIDADE;COLISÃO;2;;;;;;;;0;;;;;;;;;;2019
08/07/2019;09:16:00;SEM VÍTIMA;BOA VIAGEM;RUA PROFESSOR MARIO CASTRO;;ABALROAMENTO TRANSVERSAL;2;;;;;;;;0;;Bom;Não existe;Perfeito estado;Seca;Perfeito estado;Outros;Não há placas;;2019
08/07/2019;10:10:00;SEM VÍTIMA;IPUTINGA;AV CAXANGA;;COLISÃO;1;;;;1;;;;0;;;;;;;;;;2019
08/07/2019;11:23:00;COM VÍTIMA;VÁRZEA;RUA MARECHAL MANOEL LUIS OSORIO;SUBURBIO;ABALROAMENTO TRANSVERSAL;1;;;;1;;;;1;;Bom;Não existe;Não existente;Seca;Perfeito estado;Não existe;Não há placas;;2019
08/07/2019;11:44:00;SEM VÍTIMA;BOA VIAGEM;RUA ANTONIO FALCAO;SUBURBIO;ABALROAMENTO LONGITUDINAL;2;1;;;;;;;0;;Bom;Sem defeito;Perfeito estado;Seca;Perfeito estado;Faixa de pedestre;Não há placas;;2019
08/07/2019;12:53:00;SEM VÍTIMA;ILHA DO LEITE;PRC MIGUEL DE CERVANTES;SUBURBIO;ABALROAMENTO TRANSVERSAL;2;;;;;;;;0;;Bom;Não existe;Perfeito estado;Seca;Perfeito estado;Não existe;Não há placas;;2019
08/07/2019;12:55:00;SEM VÍTIMA;IMBIRIBEIRA;AV MARECHAL MASCARENHAS DE MORAES;SUBURBIO;ABALROAMENTO LONGITUDINAL;2;;;;;;;;0;;Bom;Não existe;Perfeito estado;Seca;Perfeito estado;Outros;Outras;60 km/h;2019
08/07/2019;12:59:00;SEM VÍTIMA;CAXANGÁ;AV CAXANGA;SUBURBIO;ABALROAMENTO LONGITUDINAL;2;;;;;;;;0;;Bom;Sem defeito;Perfeito estado;Seca;Perfeito estado;Agente;;;2019
08/07/2019;13:30:00;SEM VÍTIMA;CAXANGÁ;AV CAXANGA;;COLISÃO TRASEIRA;2;;;;;;;;0;;Bom;Sem defeito;Perfeito estado;Seca;Perfeito estado;Não existe;Outras;;2019
08/07/2019;14:59:00;SEM VÍTIMA;BOA VISTA;RUA JOSE DE ALENCAR;;ABALROAMENTO TRANSVERSAL;2;;;;;;;;0;;Bom;Não existe;Perfeito estado;Seca;Perfeito estado;Faixa de retenção;Placas Pare;;2019
08/07/2019;15:05:00;SEM VÍTIMA;BOA VIAGEM;RUA JOSE MARIA DE MIRANDA;;ABALROAMENTO LONGITUDINAL;2;;;;;;;;0;;Bom;Sem defeito;Incompleta;Seca;Mal conservada;;Outras;;2019
08/07/2019;15:20:00;COM VÍTIMA;CASA AMARELA;RUA XAVANTES;SUBURBIO;ABALROAMENTO TRANSVERSAL;2;1;;;;;;;1;;Bom;Não existe;Perfeito estado;Seca;Perfeito estado;Não existe;Placas Pare;40 km/h;2019
08/07/2019;15:59:00;SEM VÍTIMA;TAMARINEIRA;AV NORTE;;ABALROAMENTO TRANSVERSAL;1;;;;;;1;;0;;Bom;Sem defeito;Perfeito estado;Seca;Perfeito estado;Faixa de pedestre;;;2019
08/07/2019;16:06:00;SEM VÍTIMA;BOA VIAGEM;RUA VISCONDE DE JEQUITINHONHA;SUBURBIO;ABALROAMENTO LONGITUDINAL;1;1;;;;;;;0;;Bom;Não existe;Perfeito estado;Seca;Perfeito estado;Não existe;Não há placas;;2019
08/07/2019;16:25:00;SEM VÍTIMA;AREIAS;AV RECIFE;;COLISÃO TRASEIRA;2;;;;;;;;0;;Bom;Sem defeito;Perfeito estado;Seca;Perfeito estado;;Outras;;2019
08/07/2019;16:43:00;SEM VÍTIMA;IMBIRIBEIRA;RUA CONDE PEREIRA CARNEIRO;CIDADE;ABALROAMENTO LONGITUDINAL;2;;;;;;;;0;;Bom;Não existe;Ilegível;Seca;Mal conservada;Não existe;Não há placas;;2019
08/07/2019;17:00:00;COM VÍTIMA;AREIAS;RUA IPOJUCA;SUBURBIO;ABALROAMENTO TRANSVERSAL;1;1;;;;;;;2;;Bom;Não existe;Não existente;Seca;Perfeito estado;Não existe;Não há placas;;2019
08/07/2019;18:17:00;SEM VÍTIMA;CORDEIRO;AV CAXANGA;CIDADE;COLISÃO TRASEIRA;1;1;;;;;;;0;;Bom;Sem defeito;Perfeito estado;Seca;Perfeito estado;Faixa de pedestre;Outras;60 km/h;2019
08/07/2019;19:34:00;SEM VÍTIMA;BOA VIAGEM;AV CONSELHEIRO AGUIAR;;COLISÃO;2;;;;;;;;0;;;;;;;;;;2019
09/07/2019;06:49:00;SEM VÍTIMA;SÃO JOSÉ;C SANTA RITA;CIDADE;CHOQUE OBJETO FIXO;1;;;;;;;;0;;Chuvoso;Sem defeito;Perfeito estado;Molhada;Perfeito estado;Não existe;Outras;;2019
09/07/2019;08:07:00;SEM VÍTIMA;TORRÕES;EST DO FORTE DO ARRAIAL N. DO B. JESUS;SUBURBIO;ABALROAMENTO TRANSVERSAL;1;;;;;1;;;0;;Bom;Não existe;Perfeito estado;Seca;Mal conservada;Outros;Placas Pare;;2019
09/07/2019;08:11:00;SEM VÍTIMA;IMBIRIBEIRA;AV MARECHAL MASCARENHAS DE MORAES;CIDADE;COLISÃO TRASEIRA;3;;;;;;;;0;;Bom;Não existe;Perfeito estado;Seca;Perfeito estado;Não existe;Outras;;2019
09/07/2019;08:22:00;SEM VÍTIMA;IMBIRIBEIRA;AV MARECHAL MASCARENHAS DE MORAES;SUBURBIO;COLISÃO TRASEIRA;2;;;;;;;;0;;Bom;Sem defeito;Perfeito estado;Seca;Perfeito estado;Faixa de pedestre;Não há placas;60 km/h;2019
09/07/2019;08:48:00;SEM VÍTIMA;MADALENA;AV ENGENHEIRO ABDIAS DE CARVALHO;CIDADE;ABALROAMENTO LONGITUDINAL;1;;;;;;;;0;;Bom;Sem defeito;Perfeito estado;Seca;Perfeito estado;Faixa de pedestre;Outras;60 km/h;2019
09/07/2019;08:59:00;SEM VÍTIMA;CAXANGÁ;AV CAXANGA;SUBURBIO;COLISÃO;1;1;;;;;;;0;;;;;;;;;;2019
09/07/2019;10:07:00;SEM VÍTIMA;ROSARINHO;AV NORTE;SUBURBIO;ABALROAMENTO LONGITUDINAL;2;;;;;;;;0;;Chuvoso;Sem defeito;Perfeito estado;Molhada;Perfeito estado;Faixa de pedestre;R-6a;;2019
09/07/2019;10:38:00;SEM VÍTIMA;COELHOS;RUA DOS COELHOS;SUBURBIO;CHOQUE VEÍCULO PARADO;1;;;;1;;;;0;;Bom;Sem defeito;Perfeito estado;Seca;Mal conservada;Não existe;Outras;;2019
09/07/2019;11:09:00;SEM VÍTIMA;IMBIRIBEIRA;VIADUTO TANCREDO NEVES;CIDADE;ABALROAMENTO LONGITUDINAL;1;;;;1;;;;0;;Bom;Não existe;Incompleta;Seca;Perfeito estado;Não existe;Não há placas;;2019
09/07/2019;11:26:00;SEM VÍTIMA;JIQUIÁ;RUA SAO MIGUEL;AREIAS;COLISÃO;1;;;;;1;;;0;;;;;;;;;;2019
09/07/2019;11:39:00;SEM VÍTIMA;ARRUDA;AV BEBERIBE;SUBURBIO;ABALROAMENTO LONGITUDINAL;2;;;;;;;;0;;Bom;Sem defeito;Perfeito estado;Seca;Perfeito estado;Faixa de pedestre;R-6a;;2019
09/07/2019;11:41:00;COM VÍTIMA;CAXANGÁ;RUA RIBEIRO PESSOA;SUBURBIO;ABALROAMENTO TRANSVERSAL;1;1;;;;;;;1;;Bom;Não existe;Incompleta;Seca;Mal conservada;Não existe;Não há placas;;2019
09/07/2019;13:43:00;SEM VÍTIMA;BOA VIAGEM;AV BOA VIAGEM;CIDADE;CHOQUE VEÍCULO PARADO;4;;;;;;;;0;;Bom;Não existe;Perfeito estado;Seca;Perfeito estado;Não existe;Não há placas;60 km/h;2019
09/07/2019;14:10:00;SEM VÍTIMA;DERBY;RUA JOAQUIM NABUCO;SUBURBIO;ABALROAMENTO LONGITUDINAL;2;;;;;;;;0;;Bom;Sem defeito;Perfeito estado;Seca;Perfeito estado;Não existe;Não há placas;;2019
09/07/2019;14:13:00;SEM VÍTIMA;BARRO;AV DR JOSE RUFINO;SUBURBIO;ABALROAMENTO TRANSVERSAL;1;1;;;;;;;0;;Bom;Sem defeito;Perfeito estado;Seca;Perfeito estado;Outros;Outras;60 km/h;2019
09/07/2019;14:29:00;SEM VÍTIMA;TAMARINEIRA;AV NORTE;CIDADE;COLISÃO TRASEIRA;2;;;;;;;;0;;Bom;Sem defeito;Perfeito estado;Seca;Perfeito estado;Faixa de pedestre;R-6a;;2019
09/07/2019;14:54:00;SEM VÍTIMA;ILHA DO RETIRO;RUA BENFICA;SUBURBIO;ABALROAMENTO LONGITUDINAL;1;;;;;1;;;0;;Bom;Não existe;Perfeito estado;Seca;Perfeito estado;Não existe;Outras;;2019
09/07/2019;15:20:00;SEM VÍTIMA;SÃO JOSÉ;RUA VELHA;;COLISÃO;2;;;;;;;;0;;;;;;;;;;2019
09/07/2019;15:55:00;SEM VÍTIMA;DERBY;RUA LUIZ BARBALHO;;COLISÃO;2;;;;;;;;0;;;;;;;;;;2019
09/07/2019;15:56:00;SEM VÍTIMA;CORDEIRO;AV CAXANGA;CIDADE;COLISÃO TRASEIRA;2;;;;;;;;0;;Bom;Sem defeito;Perfeito estado;Seca;Perfeito estado;;;;2019
09/07/2019;16:32:00;SEM VÍTIMA;CORDEIRO;AV CAXANGA;SUBURBIO;ABALROAMENTO LONGITUDINAL;1;;;;1;;;;0;;Bom;Sem defeito;Perfeito estado;Seca;Perfeito estado;Faixa de pedestre;R-6a;;2019
09/07/2019;19:41:00;COM VÍTIMA;TAMARINEIRA;RUA JOAO TUDE DE MELO;SUBURBIO;ABALROAMENTO LONGITUDINAL;1;1;;;;;;;1;;Bom;Sem defeito;Perfeito estado;Seca;Perfeito estado;;R-6a;;2019
09/07/2019;21:16:00;SEM VÍTIMA;BOA VIAGEM;AV ENGENHEIRO DOMINGOS FERREIRA;SUBURBIO;CHOQUE VEÍCULO PARADO;3;;;;;;;;0;;Bom;Não existe;Perfeito estado;Seca;Perfeito estado;Não existe;Não há placas;;2019
09/07/2019;21:28:00;SEM VÍTIMA;AREIAS;RUA AURORA CACOTE;;COLISÃO;2;;;;;;;;0;;;;;;;;;;2019
10/07/2019;05:44:00;SEM VÍTIMA;CAXANGÁ;RUA EMILIANO BRAGA;;COLISÃO FRONTAL;2;;;;;;;;0;;Bom;Não existe;Perfeito estado;Seca;Perfeito estado;Não existe;Placas Pare;30 km/h;2019
10/07/2019;06:22:00;COM VÍTIMA;BOA VIAGEM;RUA ERNESTO DE PAULA SANTOS;;ABALROAMENTO LONGITUDINAL;2;;;;;;;;1;;Bom;Sem defeito;Incompleta;Seca;Perfeito estado;Faixa de pedestre;R-6a;;2019
10/07/2019;06:46:00;SEM VÍTIMA;AFOGADOS;LARGO DA PAZ;SUBURBIO;ABALROAMENTO LONGITUDINAL;2;;;;;;;;0;;Bom;Sem defeito;Perfeito estado;Seca;Perfeito estado;Outros;Outras;;2019
10/07/2019;07:20:00;COM VÍTIMA;PAISSANDU;AV GOVERNADOR AGAMENON MAGALHAES;;COLISÃO TRASEIRA;1;1;;;;;;;1;;Bom;Sem defeito;Perfeito estado;Seca;Perfeito estado;Faixa de pedestre;;60 km/h;2019
10/07/2019;08:33:00;SEM VÍTIMA;BOA VISTA;AV CONDE DA BOA VISTA;CIDADE;ABALROAMENTO LONGITUDINAL;1;1;;;;;;;0;;Bom;Não existe;Incompleta;Seca;Mal conservada;Não existe;Outras;;2019
10/07/2019;08:33:00;SEM VÍTIMA;MADALENA;RUA REAL DA TORRE;;COLISÃO;1;;;;;1;;;0;;;;;;;;;;2019
10/07/2019;08:51:00;SEM VÍTIMA;BREJO DA GUABIRABA;AV VEREADOR OTACILIO AZEVEDO;SUBURBIO;ABALROAMENTO LONGITUDINAL;;;;;1;1;;;0;;Bom;Não existe;Não existente;Seca;Perfeito estado;Não existe;Não há placas;;2019
10/07/2019;09:44:00;SEM VÍTIMA;IMBIRIBEIRA;RUA ALFREDO MARCONDES;CIDADE;ABALROAMENTO LONGITUDINAL;2;;;;;;;;0;;Bom;Sem defeito;Perfeito estado;Seca;Perfeito estado;Faixa de pedestre;Não há placas;;2019
10/07/2019;09:47:00;COM VÍTIMA;PINA;AV HERCULANO BANDEIRA;SUBURBIO;ATROPELAMENTO;;1;;;;;;;1;;Bom;Sem defeito;Perfeito estado;Seca;Perfeito estado;Faixa de pedestre;Outras;60 km/h;2019
10/07/2019;10:15:00;SEM VÍTIMA;BOA VISTA;AV CONDE DA BOA VISTA;CIDADE;ABALROAMENTO LONGITUDINAL;1;;;;;;1;;0;;Bom;Sem defeito;Perfeito estado;Seca;Perfeito estado;Faixa de pedestre;R-6a;40 km/h;2019
10/07/2019;10:15:00;SEM VÍTIMA;GRAÇAS;AV RUI BARBOSA;CIDADE;ABALROAMENTO LONGITUDINAL;2;;;;;;;;0;;Bom;Não existe;Perfeito estado;Seca;Perfeito estado;Não existe;;;2019
10/07/2019;10:40:00;SEM VÍTIMA;CAXANGÁ;AV CAXANGA;CIDADE;ABALROAMENTO LONGITUDINAL;1;;;;1;;;;0;;Bom;Sem defeito;Perfeito estado;Seca;Perfeito estado;Faixa de pedestre;R-6a;;2019
10/07/2019;12:10:00;SEM VÍTIMA;BOA VIAGEM;AV ENGENHEIRO DOMINGOS FERREIRA;;COLISÃO;1;1;;;;;;;0;;;;;;;;;;2019
10/07/2019;12:18:00;SEM VÍTIMA;DERBY;AV GOVERNADOR AGAMENON MAGALHAES;;COLISÃO TRASEIRA;2;;;;;;;;0;;Bom;Sem defeito;Perfeito estado;Seca;Perfeito estado;;R-6a;60 km/h;2019
10/07/2019;14:00:00;COM VÍTIMA;JARDIM SÃO PAULO;AV SAO PAULO;SUBURBIO;COLISÃO TRASEIRA;1;;;;;;;;1;;Bom;Não existe;Perfeito estado;Seca;Perfeito estado;Não existe;R-6a;;2019
10/07/2019;14:09:00;COM VÍTIMA;PRADO;RUA GOMES TABORDA;SUBURBIO;ABALROAMENTO TRANSVERSAL;1;1;;;;;;;1;;Bom;Não existe;Perfeito estado;Seca;Perfeito estado;Não existe;Não há placas;30 km/h;2019
10/07/2019;14:21:00;SEM VÍTIMA;SAN MARTIN;RUA DUARTE FILHO;;COLISÃO;2;;;;;;;;0;;;;;;;;;;2019
10/07/2019;14:23:00;SEM VÍTIMA;SÃO JOSÉ;AV DANTAS BARRETO;SUBURBIO;ABALROAMENTO LONGITUDINAL;;1;;;1;;;;0;;Bom;Sem defeito;Perfeito estado;Seca;Perfeito estado;Faixa de pedestre;;;2019
10/07/2019;14:41:00;SEM VÍTIMA;;AV GOVERNADOR AGAMENON MAGALHAES;SUBURBIO;COLISÃO;1;1;;;;;;;0;;Bom;Sem defeito;Perfeito estado;Seca;Perfeito estado;Faixa de pedestre;Não há placas;60 km/h;2019
10/07/2019;14:47:00;SEM VÍTIMA;SANTO AMARO;AV GOVERNADOR AGAMENON MAGALHAES;OLINDA;ENGAVETAMENTO;3;;;;;;;;0;;;;;;;;;;2019
10/07/2019;14:47:00;SEM VÍTIMA;COELHOS;RUA DOS COELHOS;SUBURBIO;ABALROAMENTO LONGITUDINAL;2;;;;;;;;0;;Bom;Não existe;Perfeito estado;Seca;Perfeito estado;Não existe;Outras;;2019
10/07/2019;15:32:00;SEM VÍTIMA;PINA;AV ANTONIO DE GOES;CIDADE;COLISÃO TRASEIRA;2;;;;;;;;0;;Bom;Sem defeito;Perfeito estado;Seca;Perfeito estado;Faixa de pedestre;R-6a;60 km/h;2019
10/07/2019;15:35:00;SEM VÍTIMA;CASA FORTE;AV DEZESSETE DE AGOSTO;CIDADE;CHOQUE OBJETO FIXO;1;;;;;;;;0;;Chuvoso;Não existe;Perfeito estado;Molhada;Perfeito estado;Não existe;R-6a;;2019
10/07/2019;15:37:00;SEM VÍTIMA;BOA VIAGEM;AV CONSELHEIRO AGUIAR;CIDADE;ABALROAMENTO TRANSVERSAL;1;;;;1;;;;0;;Bom;Não existe;Perfeito estado;Seca;Perfeito estado;Não existe;Placas Pare;;2019
10/07/2019;15:42:00;COM VÍTIMA;MADALENA;RUA BENFICA;SUBURBIO;COLISÃO COM CICLISTA;;1;1;;;;;;1;;Bom;Sem defeito;Perfeito estado;Seca;Perfeito estado;Não existe;Não há placas;;2019
10/07/2019;15:46:00;COM VÍTIMA;MADALENA;RUA JOSE OSORIO;CID/SUB;ABALROAMENTO LONGITUDINAL;1;1;;;;;;;1;;Bom;Não existe;Perfeito estado;Seca;Perfeito estado;;R-6a;50 km/h;2019
10/07/2019;15:56:00;SEM VÍTIMA;PRADO;AV ENGENHEIRO ABDIAS DE CARVALHO;CIDADE;COLISÃO TRASEIRA;2;;;;;1;;;0;;Bom;Sem defeito;Perfeito estado;Seca;Perfeito estado;Outros;Outras;;2019
10/07/2019;16:20:00;SEM VÍTIMA;PRADO;AV ENGENHEIRO ABDIAS DE CARVALHO;;ABALROAMENTO LONGITUDINAL;2;;;;;2;;;0;;Bom;Sem defeito;Perfeito estado;Seca;Perfeito estado;Faixa de pedestre;R-6a;;2019
10/07/2019;16:27:00;SEM VÍTIMA;TORRE;RUA REAL DA TORRE;SUBURBIO;ABALROAMENTO LONGITUDINAL;1;;;;;1;;;0;;Bom;Sem defeito;Perfeito estado;Seca;Perfeito estado;Faixa de pedestre;R-6a;;2019
10/07/2019;17:32:00;SEM VÍTIMA;ESPINHEIRO;AV GOVERNADOR AGAMENON MAGALHAES;SUBURBIO;ABALROAMENTO LONGITUDINAL;1;;;;1;;;;0;;Bom;Sem defeito;Perfeito estado;Seca;Perfeito estado;Faixa de pedestre;Outras;60 km/h;2019
10/07/2019;17:50:00;SEM VÍTIMA;NOVA DESCOBERTA;RUA NOVA DESCOBERTA;SUBURBIO;CHOQUE VEÍCULO PARADO;1;;;;1;;;;0;;Bom;Não existe;Incompleta;Seca;Perfeito estado;Não existe;Outras;30 km/h;2019
10/07/2019;17:58:00;SEM VÍTIMA;CASA AMARELA;RUA DONA ROSA DA FONSECA;SUBURBIO;ABALROAMENTO LONGITUDINAL;2;;;;;;;;0;;Bom;Não existe;Perfeito estado;Seca;Perfeito estado;Não existe;R-6a;;2019
10/07/2019;18:12:00;SEM VÍTIMA;TORRÕES;AV ENGENHEIRO ABDIAS DE CARVALHO;SUBURBIO;COLISÃO TRASEIRA;2;;;;;;;;0;;Chuvoso;Sem defeito;Perfeito estado;Molhada;Perfeito estado;Faixa de pedestre;R-6a;60 km/h;2019
10/07/2019;18:18:00;SEM VÍTIMA;PRADO;AV ENGENHEIRO ABDIAS DE CARVALHO;SUBURBIO;COLISÃO TRASEIRA;2;;;;;;;;0;;Bom;Não existe;Ilegível;Seca;Mal iluminada;Não existe;Não há placas;60 km/h;2019
10/07/2019;21:45:00;SEM VÍTIMA;MADALENA;AV BEIRA RIO;CIDADE;COLISÃO TRASEIRA;2;;;;;;;;0;;Chuvoso;Não existe;Perfeito estado;Molhada;Perfeito estado;;R-6a;40 km/h;2019
10/07/2019;22:39:00;SEM VÍTIMA;SANTO AMARO;AV GOVERNADOR AGAMENON MAGALHAES;SUBURBIO;COLISÃO TRASEIRA;1;;;;1;;;;0;;Chuvoso;Sem defeito;Perfeito estado;Molhada;Perfeito estado;Outros;Outras;;2019
10/07/2019;22:59:00;SEM VÍTIMA;TAMARINEIRA;RUA PADRE ROMA;;COLISÃO;2;;;;;;;;0;;;;;;;;;;2019
11/07/2019;02:07:00;SEM VÍTIMA;BOA VIAGEM;RUA VISCONDE DE JEQUITINHONHA;SUBURBIO;CHOQUE VEÍCULO PARADO;3;;;;;;;;0;;Chuvoso;Não existe;Perfeito estado;Molhada;Perfeito estado;Outros;Outras;;2019
11/07/2019;07:01:00;SEM VÍTIMA;SANTO AMARO;RUA COELHO LEITE;CIDADE;ABALROAMENTO LONGITUDINAL;2;;;;;;;;0;;Bom;Não existe;Incompleta;Seca;Mal conservada;Não existe;Placas Pare;;2019
11/07/2019;07:12:00;COM VÍTIMA;MADALENA;RUA JOAO IVO DA SILVA;SUBURBIO;COLISÃO TRASEIRA;2;;;;;;;;1;;Bom;Não existe;Perfeito estado;Seca;Perfeito estado;Não existe;Não há placas;30 km/h;2019
11/07/2019;07:15:00;COM VÍTIMA;ENCRUZILHADA;RUA FERNANDO CESAR;;ABALROAMENTO LONGITUDINAL;2;;;;;;;;1;;Bom;Não existe;Perfeito estado;Seca;Perfeito estado;;Placas Pare;;2019
11/07/2019;07:26:00;SEM VÍTIMA;MADALENA;AV VISCONDE DE ALBUQUERQUE;SUBURBIO;CHOQUE OBJETO FIXO;1;;;;;;;;0;;Bom;Não existe;Perfeito estado;Molhada;Perfeito estado;;R-6a;;2019
11/07/2019;08:05:00;SEM VÍTIMA;IPUTINGA;RUA SAO MATEUS;;ABALROAMENTO TRANSVERSAL;1;;;;1;;;;0;;Bom;Não existe;Perfeito estado;Seca;Perfeito estado;Não existe;;;2019
11/07/2019;08:16:00;COM VÍTIMA;BOA VIAGEM;RUA DOM JOSE LOPES;SUBURBIO;ABALROAMENTO TRANSVERSAL;1;1;;;;;;;1;;Bom;Não existe;Perfeito estado;Seca;Perfeito estado;Faixa de pedestre;Placas Pare;30 km/h;2019
11/07/2019;09:16:00;SEM VÍTIMA;IMBIRIBEIRA;AV MARECHAL MASCARENHAS DE MORAES;;COLISÃO;;;;;;2;;;0;;;;;;;;;;2019
11/07/2019;09:29:00;SEM VÍTIMA;BOA VISTA;RUA GERVASIO PIRES;;COLISÃO TRASEIRA;2;;;;;;;;0;;Bom;Sem defeito;Ilegível;Seca;Mal conservada;Agente;Não há placas;;2019
11/07/2019;09:42:00;SEM VÍTIMA;NOVA DESCOBERTA;RUA CORREGO DA AREIA;SUBURBIO;CHOQUE VEÍCULO PARADO;;1;;;1;;;;0;;Bom;Não existe;Não existente;Seca;Mal conservada;Não existe;Não há placas;;2019
11/07/2019;09:46:00;SEM VÍTIMA;CASA AMARELA;AV NORTE;SUBURBIO;COLISÃO TRASEIRA;2;;;;;;;;0;;Bom;Não existe;Perfeito estado;Seca;Perfeito estado;Não existe;Não há placas;;2019