data;hora;natureza_acidente;bairro;endereco;sentido_via;tipo;auto;moto;ciclista;pedestre;onibus;caminhao;viatura;outros;vitimas;vitimasfatais;tempo_clima;situacao_semaforo;sinalizacao;condicao_via;conservacao_via;ponto_controle;situacao_placa;velocidade_max_via;ano
11/07/2019;09:51:00;SEM VÍTIMA;CASA AMARELA;AV NORTE;CIDADE;ABALROAMENTO TRANSVERSAL;2;;;;;;;;0;;Bom;Não existe;Perfeito estado;Seca;Perfeito estado;Faixa de retenção;R-6a;;2019
11/07/2019;09:54:00;COM VÍTIMA;TORRÕES;AV BICENTENARIO DA REVOLUCAO FRANCESA;;ABALROAMENTO LONGITUDINAL;2;;;;;;;;1;;Chuvoso;Não existe;Perfeito estado;Molhada;Perfeito estado;Não existe;Placas Pare;;2019
11/07/2019;09:56:00;SEM VÍTIMA;TAMARINEIRA;RUA SILVEIRA DE CARVALHO;SUBURBIO;ABALROAMENTO LONGITUDINAL;2;;;;;;;;0;;Bom;Não existe;Não existente;Seca;Perfeito estado;;Não há placas;;2019
11/07/2019;10:11:00;SEM VÍTIMA;BOA VISTA;RUA DOM BOSCO;SUBURBIO;ABALROAMENTO LONGITUDINAL;;;;;1;1;;;0;;Chuvoso;Sem defeito;Perfeito estado;Molhada;Perfeito estado;Faixa de pedestre;Outras;;2019
11/07/2019;10:25:00;COM VÍTIMA;IMBIRIBEIRA;AV PRESIDENTE DUTRA;SUBURBIO;COLISÃO TRASEIRA;1;1;;;;;;;1;;Bom;Não existe;Perfeito estado;Seca;Perfeito estado;Não existe;Não há placas;60 km/h;2019
11/07/2019;10:59:00;SEM VÍTIMA;SANTO ANTÔNIO;RUA DO SOL;METRO;COLISÃO;1;;;;1;;;;0;;;;;;;;;;2019
11/07/2019;12:24:00;SEM VÍTIMA;BOA VIAGEM;AV VINTE DE JANEIRO;CIDADE;ABALROAMENTO LONGITUDINAL;1;;;;1;;;;0;;Bom;Não existe;Não existente;Seca;Perfeito estado;Não existe;Não há placas;;2019
11/07/2019;12:48:00;COM VÍTIMA;SANTO AMARO;RUA DO POMBAL;SUBURBIO;ABALROAMENTO TRANSVERSAL;1;1;;;;;;;1;;Bom;Não existe;Incompleta;Seca;Perfeito estado;Faixa de retenção;;;2019
11/07/2019;13:19:00;SEM VÍTIMA;SÃO JOSÉ;AV SUL;CIDADE;COLISÃO TRASEIRA;4;;;;;;;;0;;Bom;Não existe;Perfeito estado;Seca;Perfeito estado;Não existe;Não há placas;;2019
11/07/2019;14:04:00;SEM VÍTIMA;AFOGADOS;RUA NICOLAU PEREIRA;SUBURBIO;ABALROAMENTO TRANSVERSAL;;;;;;1;1;;0;;Bom;Não existe;Perfeito estado;Seca;Perfeito estado;Faixa de retenção;Outras;;2019
11/07/2019;14:04:00;COM VÍTIMA;IPSEP;AV RECIFE;;ABALROAMENTO LONGITUDINAL;1;1;;;;;;;1;;Bom;Sem defeito;Perfeito estado;Seca;Perfeito estado;Faixa de pedestre;Outras;;2019
11/07/2019;14:23:00;COM VÍTIMA;MADALENA;RUA JOSE OSORIO;SUBURBIO;ABALROAMENTO TRANSVERSAL;1;1;;;;;;;1;;Bom;Não existe;Perfeito estado;Seca;Perfeito estado;Não existe;Outras;;2019
11/07/2019;15:40:00;SEM VÍTIMA;AFOGADOS;RUA SAO MIGUEL;CIDADE;COLISÃO TRASEIRA;2;;;;;;;;0;;Bom;Sem defeito;Perfeito estado;Seca;Perfeito estado;Faixa de pedestre;R-6a;;2019
11/07/2019;16:07:00;SEM VÍTIMA;CASA AMARELA;RUA PADRE LEMOS;;COLISÃO;1;;;;1;;;;0;;;;;;;;;;2019
11/07/2019;16:23:00;SEM VÍTIMA;CORDEIRO;RUA CONS SILVEIRA DE SOUZA;CIDADE;COLISÃO TRASEIRA;2;;;;;;;;0;;Bom;Não existe;Perfeito estado;Seca;Perfeito estado;Não existe;Outras;;2019
11/07/2019;17:04:00;SEM VÍTIMA;ESTÂNCIA;AV DR JOSE RUFINO;SUBURBIO;ABALROAMENTO LONGITUDINAL;1;;;;;1;;;0;;Bom;Não existe;Perfeito estado;Seca;Perfeito estado;Não existe;Não há placas;;2019
11/07/2019;18:02:00;SEM VÍTIMA;JIQUIÁ;AV DR JOSE RUFINO;SUBURBIO;COLISÃO TRASEIRA;4;;;;;;;;0;;Bom;Não existe;Perfeito estado;Seca;Perfeito estado;Não existe;Outras;60 km/h;2019
11/07/2019;18:11:00;SEM VÍTIMA;AFLITOS;AV CONS ROSA E SILVA;SUBURBIO;ABALROAMENTO LONGITUDINAL;1;;;;1;;;;0;;Bom;Não existe;Perfeito estado;Seca;Perfeito estado;Não existe;R-6a;;2019
11/07/2019;18:22:00;SEM VÍTIMA;IMBIRIBEIRA;AV MARECHAL MASCARENHAS DE MORAES;CIDADE;ABALROAMENTO LONGITUDINAL;2;;;;;;;;0;;Bom;Sem defeito;Perfeito estado;Seca;Perfeito estado;Faixa de retenção;Outras;60 km/h;2019
11/07/2019;18:32:00;SEM VÍTIMA;ROSARINHO;AV NORTE;SUBURBIO;COLISÃO TRASEIRA;1;1;;;;;;;0;;Bom;Não existe;Perfeito estado;Seca;Perfeito estado;Faixa de pedestre;R-6a;;2019
11/07/2019;19:03:00;SEM VÍTIMA;GRAÇAS;AV RUI BARBOSA;;ABALROAMENTO LONGITUDINAL;1;;;;1;;;;0;;Bom;Não existe;Perfeito estado;Seca;Mal iluminada;;;;2019
11/07/2019;19:10:00;SEM VÍTIMA;PINA;RUA MANOEL DE BRITO;CIDADE;ABALROAMENTO LONGITUDINAL;1;;;;1;;;;0;;Bom;Não existe;Perfeito estado;Seca;Perfeito estado;Faixa de pedestre;Outras;;2019
11/07/2019;19:51:00;SEM VÍTIMA;BARRO;RUA AMADOR ARAUJO;CIDADE;ABALROAMENTO TRANSVERSAL;2;;;;;;;;0;;Bom;Não existe;Perfeito estado;Seca;Perfeito estado;Não existe;Placas Pare;;2019
11/07/2019;20:04:00;SEM VÍTIMA;AFOGADOS;EST DOS REMEDIOS;;COLISÃO;2;;;;;;;;0;;;;;;;;;;2019
11/07/2019;20:35:00;SEM VÍTIMA;;RUA JOAO CARDOSO AIRES;SUBURBIO;ABALROAMENTO LONGITUDINAL;2;;;;;;;;0;;Bom;Não existe;Perfeito estado;Seca;Perfeito estado;Faixa de retenção;Placas Pare;;2019
11/07/2019;22:57:00;SEM VÍTIMA;ALTO JOSÉ BONIFÁCIO;RUA SAO DOMINGOS SAVIO;;CHOQUE VEÍCULO PARADO;1;;;;;1;;;0;;Bom;Não existe;Ilegível;Seca;Mal iluminada;Não existe;Não há placas;10 km/h;2019
12/07/2019;00:24:00;SEM VÍTIMA;JARDIM SÃO PAULO;AV SAO PAULO;SUBURBIO;COLISÃO TRASEIRA;2;;;;;;;;0;;Bom;Não existe;Perfeito estado;Seca;Perfeito estado;;;;2019
12/07/2019;07:01:00;SEM VÍTIMA;ESTÂNCIA;AV DR JOSE RUFINO;CIDADE;COLISÃO TRASEIRA;3;;;;;;;;0;;;;;;;;;;2019
12/07/2019;07:26:00;SEM VÍTIMA;TORREÃO;1PR DIAS COELHO;SUBURBIO;CHOQUE OBJETO FIXO;1;;;;;;;;0;;Bom;Não existe;Perfeito estado;Seca;Perfeito estado;Não existe;Não há placas;;2019
12/07/2019;07:27:00;SEM VÍTIMA;COHAB;AV SAO PAULO;SUBURBIO;CHOQUE VEÍCULO PARADO;1;;;;1;;;;0;;Bom;Não existe;Incompleta;Seca;Perfeito estado;Não existe;Não há placas;;2019
12/07/2019;08:22:00;SEM VÍTIMA;PINA;AV ANTONIO DE GOES;CIDADE;COLISÃO TRASEIRA;1;;;;;;;1;0;;Bom;Sem defeito;Perfeito estado;Seca;Perfeito estado;Agente;Outras;60 km/h;2019
12/07/2019;09:30:00;SEM VÍTIMA;BOA VIAGEM;RUA TENENTE JOAO CICERO;SUBURBIO;ABALROAMENTO LONGITUDINAL;2;;;;;;;;0;;Bom;Não existe;Não existente;Seca;Perfeito estado;Não existe;Não há placas;;2019
12/07/2019;09:57:00;SEM VÍTIMA;BOA VIAGEM;AV HELIO FALCAO;;CHOQUE OBJETO FIXO;1;;;;;;;;0;;;;;;;;;;2019
12/07/2019;10:28:00;SEM VÍTIMA;ENGENHO DO MEIO;RUA GOVERNADOR LOPO GARRO;SUBURBIO;ABALROAMENTO TRANSVERSAL;2;;;;;;;;0;;Bom;Não existe;Não existente;Seca;Perfeito estado;Não existe;Não há placas;40 km/h;2019
12/07/2019;10:24:00;COM VÍTIMA;BOA VISTA;AV CONDE DA BOA VISTA;SUBURBIO;ATROPELAMENTO;1;;;1;;;;;1;;Bom;Não existe;Incompleta;Seca;Perfeito estado;Faixa de pedestre;R-6c;;2019
12/07/2019;10:31:00;SEM VÍTIMA;BOA VIAGEM;RUA ERNESTO DE PAULA SANTOS;;ABALROAMENTO LONGITUDINAL;2;;;;;;;;0;;Bom;Não existe;Perfeito estado;Seca;Perfeito estado;;Outras;;2019
12/07/2019;11:48:00;SEM VÍTIMA;BAIRRO DO RECIFE;RUA BIONE;SUBURBIO;COLISÃO TRASEIRA;2;;;;;;;;0;;Bom;Não existe;Ilegível;Seca;Perfeito estado;Não existe;Outras;;2019
12/07/2019;13:52:00;SEM VÍTIMA;MADALENA;RUA BENFICA;SUBURBIO;ABALROAMENTO LONGITUDINAL;2;;;;;;;;0;;Bom;Não existe;Perfeito estado;Seca;Perfeito estado;Não existe;Não há placas;;2019
12/07/2019;14:20:00;SEM VÍTIMA;ROSARINHO;AV NORTE;SUBURBIO;COLISÃO TRASEIRA;2;;;;;;;;0;;Bom;Não existe;Perfeito estado;Seca;Perfeito estado;Não existe;Outras;;2019
12/07/2019;15:04:00;SEM VÍTIMA;ILHA DO LEITE;AV GOVERNADOR AGAMENON MAGALHAES;;ABALROAMENTO LONGITUDINAL;1;;;;1;;;;0;;Bom;Não existe;Perfeito estado;Seca;Perfeito estado;Não existe;Outras;60 km/h;2019
12/07/2019;15:27:00;SEM VÍTIMA;PINA;AV ANTONIO DE GOES;CIDADE;COLISÃO TRASEIRA;2;;;;;;;;0;;Bom;Não existe;Perfeito estado;Seca;Perfeito estado;Não existe;Não há placas;60 km/h;2019
12/07/2019;16:33:00;SEM VÍTIMA;CABANGA;RUA CAPITAO TEMUDO;SUBURBIO;ABALROAMENTO LONGITUDINAL;2;;;;;;;;0;;Bom;Não existe;Perfeito estado;Seca;Perfeito estado;Não existe;Não há placas;;2019
12/07/2019;16:35:00;SEM VÍTIMA;ENGENHO DO MEIO;RUA MANOEL CORTE REAL;;ABALROAMENTO TRANSVERSAL;2;;;;;;;;0;;Bom;Não existe;Não existente;Seca;Mal conservada;Não existe;Não há placas;;2019
12/07/2019;16:52:00;SEM VÍTIMA;ENGENHO DO MEIO;RUA CARNEIRO DE MARIZ;SUBURBIO;COLISÃO TRASEIRA;2;;;;;;;;0;;Bom;Não existe;Não existente;Seca;Perfeito estado;Não existe;Não há placas;30 km/h;2019
12/07/2019;17:11:00;SEM VÍTIMA;IPSEP;AV RECIFE;;COLISÃO TRASEIRA;2;;;;;;;;0;;Bom;Sem defeito;Perfeito estado;Seca;Perfeito estado;Faixa de pedestre;;;2019
12/07/2019;17:16:00;SEM VÍTIMA;PINA;RUA CAPITAO REBELINHO;SUBURBIO;ABALROAMENTO LONGITUDINAL;3;;;;;;;;0;;Bom;Não existe;Perfeito estado;Seca;Perfeito estado;Não existe;Outras;;2019
12/07/2019;17:32:00;SEM VÍTIMA;;RUA TOBIAS BARRETO;SUBURBIO;ABALROAMENTO LONGITUDINAL;2;;;;;;;;0;;Bom;Não existe;Perfeito estado;Seca;Perfeito estado;Não existe;Não há placas;;2019
12/07/2019;17:35:00;SEM VÍTIMA;BOA VIAGEM;RUA PADRE CARAPUCEIRO;;ABALROAMENTO TRANSVERSAL;1;;;;1;;;;0;;Bom;Sem defeito;Perfeito estado;Seca;Perfeito estado;Não existe;Não há placas;;2019
12/07/2019;17:42:00;SEM VÍTIMA;CABANGA;AV SATURNINO DE BRITO;SUBURBIO;COLISÃO TRASEIRA;2;;;;;;;;0;;Bom;Sem defeito;Perfeito estado;Seca;Perfeito estado;Faixa de pedestre;R-6a;;2019
12/07/2019;18:06:00;SEM VÍTIMA;ARRUDA;AV PROFESSOR JOSE DOS ANJOS;;ABALROAMENTO TRANSVERSAL;1;1;;;;;;;0;;Bom;Não existe;Perfeito estado;Seca;Perfeito estado;Não existe;Não há placas;;2019
12/07/2019;18:17:00;SEM VÍTIMA;DERBY;AV GOVERNADOR AGAMENON MAGALHAES;SUBURBIO;ABALROAMENTO LONGITUDINAL;1;;;;1;;;;0;;Bom;Sem defeito;Perfeito estado;Seca;Perfeito estado;Não existe;Não há placas;60 km/h;2019
12/07/2019;18:25:00;SEM VÍTIMA;VASCO DA GAMA;RUA VASCO DA GAMA;;COLISÃO;;2;;;;;;;0;;;;;;;;;;2019
12/07/2019;19:08:00;SEM VÍTIMA;;RUA BENFICA;CIDADE;ABALROAMENTO LONGITUDINAL;2;;;;;;;;0;;Bom;Sem defeito;Ilegível;Seca;Mal iluminada;Não existe;Não há placas;;2019
12/07/2019;20:03:00;SEM VÍTIMA;DERBY;AV GOVERNADOR AGAMENON MAGALHAES;SUBURBIO;COLISÃO TRASEIRA;2;;;;;;;;0;;Bom;Sem defeito;Perfeito estado;Seca;Perfeito estado;Não existe;;60 km/h;2019
12/07/2019;20:29:00;SEM VÍTIMA;CASA AMARELA;AV NORTE;;COLISÃO;2;;;;;;;;0;;;;;;;;;;2019
12/07/2019;20:42:00;SEM VÍTIMA;MADALENA;RUA DEMOCRITO DE SOUZA FILHO;CIDADE;COLISÃO TRASEIRA;2;;;;;;;;0;;Bom;Não existe;Incompleta;Seca;Perfeito estado;Não existe;;;2019
12/07/2019;22:26:00;SEM VÍTIMA;ARRUDA;AV BEBERIBE;;ABALROAMENTO LONGITUDINAL;2;;;;;;;;0;;Bom;Sem defeito;Perfeito estado;Seca;Perfeito estado;;Outras;60 km/h;2019
12/07/2019;22:36:00;SEM VÍTIMA;TEJIPIÓ;RUA FALCAO DE LACERDA;CIDADE;ABALROAMENTO LONGITUDINAL;1;;;;1;;;;0;;Bom;Não existe;Ilegível;Seca;Mal iluminada;Não existe;Não há placas;;2019
13/07/2019;01:47:00;COM VÍTIMA;BOA VIAGEM;AV ENGENHEIRO DOMINGOS FERREIRA;CID/SUB;ABALROAMENTO TRANSVERSAL;2;;;;;;;;1;;Bom;Sem defeito;Perfeito estado;Seca;Perfeito estado;Faixa de pedestre;;60 km/h;2019
13/07/2019;02:37:00;SEM VÍTIMA;BOA VIAGEM;AV ANTONIO DE GOES;CIDADE;CHOQUE OBJETO FIXO;1;;;;;;;;0;;Chuvoso;Não existe;Perfeito estado;Molhada;Perfeito estado;Não existe;;;2019
13/07/2019;04:06:00;SEM VÍTIMA;IPSEP;RUA JEAN EMILE FAVRE;SUBURBIO;ABALROAMENTO LONGITUDINAL;2;;;;;;;;0;;Chuvoso;Intermitente;Perfeito estado;Molhada;Perfeito estado;Agente;R-6a;40 km/h;2019
13/07/2019;09:15:00;SEM VÍTIMA;JAQUEIRA;RUA DO FUTURO;CIDADE;ABALROAMENTO TRANSVERSAL;2;;;;;;;;0;;Chuvoso;Não existe;Perfeito estado;Molhada;Perfeito estado;;Placas Pare;40 km/h;2019
13/07/2019;11:02:00;SEM VÍTIMA;SANTO AMARO;AV NORTE;;COLISÃO;2;;;;;;;;0;;;;;;;;;;2019
13/07/2019;11:06:00;SEM VÍTIMA;SANTO AMARO;AV NORTE;CIDADE;COLISÃO TRASEIRA;2;;;;;;;;0;;Chuvoso;Sem defeito;Perfeito estado;Molhada;Perfeito estado;Faixa de pedestre;Não há placas;;2019
13/07/2019;11:32:00;COM VÍTIMA;CIDADE UNIVERSITÁRIA;RUA AGRICOLANDIA;;ABALROAMENTO LONGITUDINAL;1;;;;;1;;;1;;Chuvoso;Não existe;Não existente;Seca;Perfeito estado;;Não há placas;;2019
13/07/2019;11:44:00;SEM VÍTIMA;SAN MARTIN;RUA DELMIRO GOUVEIA;CIDADE;ABALROAMENTO LONGITUDINAL;1;;;;;1;;1;0;;Bom;Não existe;Não existente;Seca;Perfeito estado;Não existe;Não há placas;;2019
13/07/2019;12:47:00;COM VÍTIMA;ROSARINHO;RUA DES MARTINS PEREIRA;SUBURBIO;ABALROAMENTO TRANSVERSAL;1;1;;;;;;;1;;Bom;Não existe;Perfeito estado;Seca;Perfeito estado;Faixa de pedestre;Placas Pare;;2019
13/07/2019;12:56:00;COM VÍTIMA;CIDADE UNIVERSITÁRIA;RUA AGRICOLANDIA;;COLISÃO;1;;;;;1;;;1;;;;;;;;;;2019
13/07/2019;14:01:00;SEM VÍTIMA;SANCHO;AV LIBERDADE;;COLISÃO;1;;;;1;;;;0;;;;;;;;;;2019
13/07/2019;14:15:00;SEM VÍTIMA;MADALENA;RUA REAL DA TORRE;SUBURBIO;ABALROAMENTO LONGITUDINAL;1;;;;;1;;;0;;Bom;Sem defeito;Perfeito estado;Seca;Perfeito estado;Faixa de pedestre;R-6a;;2019
13/07/2019;14:43:00;SEM VÍTIMA;ENCRUZILHADA;AV BEBERIBE;SUBURBIO;COLISÃO TRASEIRA;3;;;;;;;;0;;Bom;Sem defeito;Perfeito estado;Seca;Perfeito estado;Faixa de pedestre;R-6a;;2019
13/07/2019;16:15:00;SEM VÍTIMA;PRADO;RUA GOMES TABORDA;SUBURBIO;ABALROAMENTO TRANSVERSAL;1;1;;;;;;;0;;Bom;Não existe;Perfeito estado;Seca;Perfeito estado;Não existe;Outras;;2019
13/07/2019;16:31:00;COM VÍTIMA;IPUTINGA;AV CAXANGA;CIDADE;ABALROAMENTO LONGITUDINAL;1;;;;1;;;;1;;Bom;Sem defeito;Perfeito estado;Seca;Perfeito estado;Não existe;Outras;;2019
13/07/2019;16:49:00;SEM VÍTIMA;SANTO AMARO;AV GOVERNADOR AGAMENON MAGALHAES;SUBURBIO;COLISÃO TRASEIRA;3;;;;;;;;0;;Nublado;Sem defeito;Perfeito estado;Seca;Perfeito estado;Faixa de pedestre;Outras;;2019
13/07/2019;17:42:00;SEM VÍTIMA;BOA VISTA;RUA SAO GONCALO;;CHOQUE VEÍCULO PARADO;3;;;;;;;;0;;Chuvoso;Não existe;Perfeito estado;Molhada;Perfeito estado;Não existe;R-19;40 km/h;2019
13/07/2019;17:54:00;SEM VÍTIMA;SANTO AMARO;AV GOVERNADOR AGAMENON MAGALHAES;CIDADE;COLISÃO TRASEIRA;2;1;;;;;;;0;;Bom;Não existe;Perfeito estado;Seca;Perfeito estado;Não existe;Não há placas;;2019
13/07/2019;19:28:00;COM VÍTIMA;TAMARINEIRA;AV NORTE;SUBURBIO;COLISÃO;1;1;;;;;;;2;;;;;;;;;;2019
13/07/2019;20:01:00;COM VÍTIMA;VASCO DA GAMA;AV NORTE;CIDADE;ATROPELAMENTO;;;;1;1;;;;1;;Chuvoso;Sem defeito;Perfeito estado;Molhada;Perfeito estado;Faixa de pedestre;;60 km/h;2019
13/07/2019;20:11:00;SEM VÍTIMA;IPUTINGA;AV CAXANGA;SUBURBIO;COLISÃO TRASEIRA;2;;;;;;;;0;;Chuvoso;Não existe;Perfeito estado;Molhada;Perfeito estado;Não existe;R-6a;;2019
13/07/2019;20:39:00;SEM VÍTIMA;BOA VIAGEM;AV ENGENHEIRO DOMINGOS FERREIRA;;ABALROAMENTO LONGITUDINAL;2;;;;;;;;0;;Bom;Sem defeito;Perfeito estado;Seca;Perfeito estado;Faixa de pedestre;;;2019
13/07/2019;20:54:00;SEM VÍTIMA;BOA VIAGEM;RUA RIBEIRO DE BRITO;;COLISÃO TRASEIRA;3;;;;;;;;0;;Chuvoso;Não existe;Perfeito estado;Molhada;Perfeito estado;Não existe;Não há placas;;2019
13/07/2019;21:15:00;SEM VÍTIMA;;RUA VISCONDE DE JEQUITINHONHA;SUBURBIO;ABALROAMENTO LONGITUDINAL;2;;;;;;;;0;;Chuvoso;Sem defeito;Perfeito estado;Molhada;Perfeito estado;Faixa de pedestre;Outras;;2019
13/07/2019;21:44:00;SEM VÍTIMA;IMBIRIBEIRA;RUA IZABEL DE SOUZA;CIDADE;ABALROAMENTO TRANSVERSAL;2;;;;;;;;0;;Chuvoso;Sem defeito;Perfeito estado;Molhada;Perfeito estado;Faixa de pedestre;Não há placas;;2019
13/07/2019;22:24:00;SEM VÍTIMA;AREIAS;RUA IPOJUCA;SUBURBIO;COLISÃO FRONTAL;2;;;;;;;;0;;Chuvoso;Não existe;Não existente;Molhada;;Não existe;Não há placas;;2019
13/07/2019;23:55:00;COM VÍTIMA;TORRÕES;AV ENGENHEIRO ABDIAS DE CARVALHO;CIDADE;COLISÃO TRASEIRA;1;1;;;;;;;1;;Chuvoso;Não existe;Perfeito estado;Molhada;Perfeito estado;Não existe;Não há placas;;2019
14/07/2019;00:42:00;SEM VÍTIMA;CORDEIRO;AV CAXANGA;;ABALROAMENTO LONGITUDINAL;1;1;;;;;;;0;;Chuvoso;Sem defeito;Perfeito estado;Molhada;Perfeito estado;;R-6a;60 km/h;2019
14/07/2019;01:55:00;SEM VÍTIMA;ALTO DO MANDU;RUA TRAMANDAI;;CHOQUE VEÍCULO PARADO;2;;;;;;;;0;;Chuvoso;Não existe;Não existente;Molhada;Mal conservada;Não existe;Não há placas;;2019
14/07/2019;02:08:00;SEM VÍTIMA;IPUTINGA;AV PROFESSOR MORAES REGO;CIDADE;ABALROAMENTO LONGITUDINAL;2;;;;;;;;0;;Chuvoso;Não existe;Incompleta;Molhada;Mal iluminada;Não existe;Não há placas;;2019
14/07/2019;02:48:00;SEM VÍTIMA;AREIAS;AV RECIFE;SUBURBIO;ABALROAMENTO TRANSVERSAL;2;;;;;;;;0;;Chuvoso;Sem defeito;Perfeito estado;Molhada;Perfeito estado;Faixa de retenção;Não há placas;;2019
14/07/2019;06:02:00;COM VÍTIMA;CASA FORTE;AV DEZESSETE DE AGOSTO;;CHOQUE OBJETO FIXO;;;;1;;;;;1;;;;;;;;;;2019
14/07/2019;07:17:00;SEM VÍTIMA;SANTO AMARO;AV GOVERNADOR AGAMENON MAGALHAES;;COLISÃO TRASEIRA;2;;;;;;;;0;;Chuvoso;Não existe;Perfeito estado;Molhada;Perfeito estado;;Outras;60 km/h;2019
14/07/2019;07:48:00;SEM VÍTIMA;PINA;AV HERCULANO BANDEIRA;SUBURBIO;ABALROAMENTO LONGITUDINAL;2;;;;;;;;0;;Chuvoso;Desligado;Perfeito estado;Molhada;Perfeito estado;Faixa de pedestre;Outras;;2019
14/07/2019;11:15:00;SEM VÍTIMA;ENGENHO DO MEIO;RUA ANTONIO CURADO;CIDADE;ABALROAMENTO LONGITUDINAL;1;;;;1;;;;0;;Chuvoso;Não existe;Não existente;Molhada;Perfeito estado;Não existe;Não há placas;;2019
14/07/2019;11:17:00;SEM VÍTIMA;BOA VIAGEM;RUA PADRE CARAPUCEIRO;;COLISÃO;2;;;;;;;;0;;;;;;;;;;2019
14/07/2019;12:26:00;SEM VÍTIMA;AREIAS;AV RECIFE;SUBURBIO;COLISÃO TRASEIRA;2;;;;;;;;0;;Chuvoso;Sem defeito;Perfeito estado;Molhada;Perfeito estado;Faixa de pedestre;Outras;;2019
14/07/2019;12:52:00;SEM VÍTIMA;MADALENA;AV VISCONDE DE ALBUQUERQUE;SUBURBIO;CHOQUE OBJETO FIXO;1;;;;;;;;0;;Chuvoso;Não existe;Perfeito estado;Seca;Perfeito estado;Não existe;Não há placas;;2019
14/07/2019;14:01:00;SEM VÍTIMA;BOA VIAGEM;RUA RIBEIRO DE BRITO;SUBURBIO;ABALROAMENTO TRANSVERSAL;2;;;;;;;;0;;Chuvoso;Não existe;Incompleta;Seca;Perfeito estado;;Não há placas;;2019
14/07/2019;15:21:00;SEM VÍTIMA;MADALENA;RUA BENFICA;CIDADE;ABALROAMENTO LONGITUDINAL;2;;;;;;;;0;;Chuvoso;Não existe;Perfeito estado;Molhada;Mal conservada;Não existe;R-6a;40 km/h;2019
14/07/2019;16:53:00;SEM VÍTIMA;VÁRZEA;RUA MARQUES DE MARIALVA;SUBURBIO;ABALROAMENTO LONGITUDINAL;1;;;;1;;;;0;;Chuvoso;Não existe;Perfeito estado;Molhada;Perfeito estado;Não existe;Outras;30 km/h;2019
14/07/2019;17:58:00;COM VÍTIMA;IMBIRIBEIRA;RUA ARQUITETO LUIZ NUNES;SUBURBIO;ABALROAMENTO TRANSVERSAL;1;;;;;;;1;1;;Chuvoso;Não existe;Perfeito estado;Molhada;Perfeito estado;Não existe;Não há placas;;2019
14/07/2019;18:23:00;SEM VÍTIMA;AFOGADOS;RUA VISCONDE DE PELOTAS;SUBURBIO;CHOQUE VEÍCULO PARADO;1;1;;;;;;;0;;Chuvoso;Sem defeito;Perfeito estado;Molhada;Perfeito estado;Faixa de pedestre;Placas Pare;40 km/h;2019
14/07/2019;21:55:00;COM VÍTIMA;IBURA;RUA PADRE CICERO;;CHOQUE VEÍCULO PARADO;2;;;;;;;;1;;Bom;Não existe;Não existente;Seca;Mal iluminada;Não existe;Não há placas;;2019
14/07/2019;21:51:00;SEM VÍTIMA;ALTO JOSÉ DO PINHO;RUA HORACIO SILVA;SUBURBIO;COLISÃO FRONTAL;2;;;;;;;;0;;Chuvoso;Não existe;Perfeito estado;Molhada;Perfeito estado;;R-6c;30 km/h;2019
14/07/2019;22:31:00;SEM VÍTIMA;BOA VIAGEM;RUA DEZ DE JULHO;;ABALROAMENTO LONGITUDINAL;2;;;;;;;;0;;Bom;Não existe;Perfeito estado;Seca;Perfeito estado;Não existe;Placas Pare;;2019
14/07/2019;23:49:00;SEM VÍTIMA;DERBY;AV GOVERNADOR AGAMENON MAGALHAES;SUBURBIO;COLISÃO;1;;;;1;;;;0;;;;;;;;;;2019
14/07/2019;23:54:00;SEM VÍTIMA;CORDEIRO;AV PROFESSOR ESTEVAO FRANCISCO DA COSTA;SUBURBIO;ABALROAMENTO LONGITUDINAL;2;;;;;;;;0;;Bom;Sem defeito;Ilegível;Molhada;Mal iluminada;Faixa de pedestre;Não há placas;;2019
15/07/2019;06:13:00;SEM VÍTIMA;CASA FORTE;EST DO ENCANAMENTO;CIDADE;COLISÃO TRASEIRA;2;;;;;;;;0;;Bom;Sem defeito;Perfeito estado;Molhada;Perfeito estado;Faixa de pedestre;;40 km/h;2019
15/07/2019;06:43:00;SEM VÍTIMA;BAIRRO DO RECIFE;AV GOVERNADOR AGAMENON MAGALHAES;SUBURBIO;COLISÃO TRASEIRA;2;;;;;;;;0;;Bom;Sem defeito;Perfeito estado;Seca;Perfeito estado;Não existe;R-6a;;2019
15/07/2019;08:03:00;SEM VÍTIMA;JARDIM SÃO PAULO;AV RECIFE;;COLISÃO;1;;;;;1;;;0;;;;;;;;;;2019
15/07/2019;08:18:00;SEM VÍTIMA;JOANA BEZERRA;VIADUTO CAPITAO TEMUDO;;COLISÃO TRASEIRA;2;;;;;;;;0;;Bom;Não existe;Perfeito estado;Seca;Perfeito estado;Não existe;Outras;;2019
15/07/2019;08:19:00;SEM VÍTIMA;PINA;RUA PROFESSOR JOSUE DE CASTRO;;ABALROAMENTO LONGITUDINAL;2;;;;;;;;0;;Bom;Sem defeito;Perfeito estado;Seca;Perfeito estado;Faixa de pedestre;R-6a;;2019