data;hora;natureza_acidente;bairro;endereco;sentido_via;tipo;auto;moto;ciclista;pedestre;onibus;caminhao;viatura;outros;vitimas;vitimasfatais;tempo_clima;situacao_semaforo;sinalizacao;condicao_via;conservacao_via;ponto_controle;situacao_placa;velocidade_max_via;ano
15/07/2019;09:37:00;COM VÍTIMA;BOA VIAGEM;RUA DEZ DE JULHO;CIDADE;ABALROAMENTO LONGITUDINAL;1;1;;;;;;;1;;Bom;Não existe;Perfeito estado;Seca;Perfeito estado;Não existe;Não há placas;40 km/h;2019
15/07/2019;10:11:00;SEM VÍTIMA;IBURA;AV DOIS RIOS;CIDADE;ABALROAMENTO LONGITUDINAL;1;;;;1;;;;0;;Bom;Sem defeito;Perfeito estado;Seca;Perfeito estado;Faixa de pedestre;Outras;;2019
15/07/2019;10:35:00;SEM VÍTIMA;BAIRRO DO RECIFE;TRV TIRADENTES;;COLISÃO;1;1;;;;;;;0;;;;;;;;;;2019
15/07/2019;10:49:00;SEM VÍTIMA;BOA VIAGEM;RUA DEZ DE JULHO;SUBURBIO;COLISÃO TRASEIRA;2;;;;;;;;0;;Bom;Não existe;Perfeito estado;Seca;Perfeito estado;Agente;Outras;40 km/h;2019
15/07/2019;10:50:00;SEM VÍTIMA;AREIAS;AV DR JOSE RUFINO;SUBURBIO;ABALROAMENTO LONGITUDINAL;1;;;;;1;;;0;;Bom;Sem defeito;Perfeito estado;Seca;Perfeito estado;Faixa de pedestre;Outras;60 km/h;2019
15/07/2019;12:58:00;SEM VÍTIMA;BOA VISTA;RUA DO PRINCIPE;;COLISÃO TRASEIRA;2;;;;;;;;0;;Bom;Não existe;Perfeito estado;Seca;Perfeito estado;Não existe;R-6a;;2019
15/07/2019;13:01:00;SEM VÍTIMA;VÁRZEA;RUA RIBEIRO PESSOA;;COLISÃO;1;;;;1;;;;0;;;;;;;;;;2019
15/07/2019;13:45:00;SEM VÍTIMA;SANTO AMARO;RUA CAPITAO LIMA;;ABALROAMENTO TRANSVERSAL;2;;;;;;;;0;;Bom;Não existe;Incompleta;Seca;;Não existe;Não há placas;;2019
15/07/2019;14:17:00;SEM VÍTIMA;VÁRZEA;AV CAXANGA;CIDADE;COLISÃO TRASEIRA;4;;;;;;;;0;;Bom;Sem defeito;Perfeito estado;Seca;Perfeito estado;Faixa de pedestre;R-6a;;2019
15/07/2019;14:54:00;SEM VÍTIMA;IMBIRIBEIRA;AV MARECHAL MASCARENHAS DE MORAES;SUBURBIO;COLISÃO TRASEIRA;3;;;;;;;;0;;Bom;Sem defeito;Perfeito estado;Seca;Perfeito estado;Faixa de pedestre;Não há placas;60 km/h;2019
15/07/2019;15:10:00;SEM VÍTIMA;SANTO AMARO;RUA CAPITAO LIMA;;ABALROAMENTO LONGITUDINAL;2;;;;;;;;0;;Bom;Não existe;Perfeito estado;Seca;Perfeito estado;Não existe;Não há placas;40 km/h;2019
15/07/2019;15:13:00;SEM VÍTIMA;DERBY;AV GOVERNADOR AGAMENON MAGALHAES;SUBURBIO;ABALROAMENTO LONGITUDINAL;2;;;;;;;;0;;Bom;Não existe;Perfeito estado;Seca;Perfeito estado;Agente;Não há placas;60 km/h;2019
15/07/2019;15:15:00;SEM VÍTIMA;MADALENA;RUA BENFICA;CIDADE;TOMBAMENTO;1;;;;;;;;0;;Bom;Não existe;Perfeito estado;Seca;Perfeito estado;Não existe;Não há placas;;2019
15/07/2019;15:29:00;SEM VÍTIMA;SAN MARTIN;AV GENERAL SAN MARTIN;CIDADE;COLISÃO TRASEIRA;2;;;;;;;;0;;Bom;Sem defeito;Perfeito estado;Seca;Perfeito estado;Faixa de pedestre;;;2019
15/07/2019;15:54:00;SEM VÍTIMA;BOA VIAGEM;AV BOA VIAGEM;CIDADE;COLISÃO TRASEIRA;2;;;;;;;;0;;Bom;Sem defeito;Perfeito estado;Seca;Perfeito estado;Faixa de pedestre;Não há placas;;2019
15/07/2019;16:02:00;SEM VÍTIMA;TAMARINEIRA;EST DO ARRAIAL;;ABALROAMENTO LONGITUDINAL;1;;;;1;;;;0;;Bom;;Perfeito estado;Seca;Perfeito estado;Faixa de pedestre;R-6a;;2019
15/07/2019;16:24:00;SEM VÍTIMA;AFLITOS;AV CONS ROSA E SILVA;;COLISÃO;2;;;;;;;;0;;;;;;;;;;2019
15/07/2019;16:40:00;COM VÍTIMA;SANTO AMARO;AV CRUZ CABUGA;OLINDA;COLISÃO;;1;1;;;;;;2;;;;;;;;;;2019
15/07/2019;16:59:00;SEM VÍTIMA;AFOGADOS;RUA COSME VIANA;;COLISÃO TRASEIRA;2;;;;;;;;0;;Bom;Não existe;Perfeito estado;Seca;Perfeito estado;Outros;Outras;40 km/h;2019
15/07/2019;17:17:00;SEM VÍTIMA;AFOGADOS;RUA NICOLAU PEREIRA;;COLISÃO;2;;;;;;;;0;;;;;;;;;;2019
15/07/2019;18:21:00;COM VÍTIMA;SANTO AMARO;AV GOVERNADOR AGAMENON MAGALHAES;CIDADE;COLISÃO COM CICLISTA;;1;1;;;;;;1;;Bom;Não existe;Perfeito estado;Seca;Perfeito estado;Não existe;Não há placas;60 km/h;2019
15/07/2019;18:40:00;SEM VÍTIMA;CAXANGÁ;AV JOAQUIM RIBEIRO;;COLISÃO;2;;;;;;;;0;;;;;;;;;;2019
15/07/2019;18:57:00;SEM VÍTIMA;ILHA DO LEITE;AV FREI MATIAS TEVES;SUBURBIO;ABALROAMENTO TRANSVERSAL;2;;;;;;;;0;;Bom;Não existe;Perfeito estado;Seca;Perfeito estado;Não existe;Não há placas;;2019
15/07/2019;19:38:00;SEM VÍTIMA;AFOGADOS;EST DOS REMEDIOS;;CHOQUE;1;;;;;;;1;0;;;;;;;;;;2019
15/07/2019;20:30:00;SEM VÍTIMA;IBURA;RUA RIO PAJEU;SUBURBIO;ABALROAMENTO LONGITUDINAL;1;;;;;;;;0;;Bom;Não existe;Não existente;Seca;;Não existe;Não há placas;;2019
15/07/2019;22:30:00;SEM VÍTIMA;IMBIRIBEIRA;AV MARECHAL MASCARENHAS DE MORAES;;CHOQUE VEÍCULO PARADO;2;;;;;;;;0;;Bom;Não existe;Perfeito estado;Seca;Perfeito estado;Não existe;Não há placas;20 km/h;2019
15/07/2019;23:00:00;SEM VÍTIMA;DOIS IRMÃOS;RUA MANUEL DE MEDEIROS;;ABALROAMENTO LONGITUDINAL;1;;;;1;;;;0;;Bom;Sem defeito;;Seca;Perfeito estado;Não existe;Não há placas;;2019
16/07/2019;01:21:00;SEM VÍTIMA;BOA VIAGEM;RUA VISCONDE DE JEQUITINHONHA;;CHOQUE VEÍCULO PARADO;2;;;;;1;;;0;;;;;;;;;;2019
16/07/2019;09:27:00;SEM VÍTIMA;IMBIRIBEIRA;AV MARECHAL MASCARENHAS DE MORAES;;ABALROAMENTO LONGITUDINAL;2;;;;;;;;0;;Bom;Não existe;Perfeito estado;Seca;Perfeito estado;Faixa de pedestre;R-6a;20 km/h;2019
16/07/2019;10:53:00;SEM VÍTIMA;DERBY;AV GOVERNADOR AGAMENON MAGALHAES;;COLISÃO;2;;;;;;;;0;;;;;;;;;;2019
16/07/2019;12:27:00;COM VÍTIMA;SAN MARTIN;RUA VINTE E UM DE ABRIL;SUBURBIO;ATROPELAMENTO;;1;;1;;;;;1;;Bom;Não existe;Não existente;Seca;Perfeito estado;Não existe;Outras;;2019
16/07/2019;12:31:00;COM VÍTIMA;AFOGADOS;AV SUL;CIDADE;ABALROAMENTO LONGITUDINAL;1;1;;;;;;;2;;Bom;Não existe;Perfeito estado;Seca;Perfeito estado;Não existe;Não há placas;40 km/h;2019
16/07/2019;14:02:00;SEM VÍTIMA;AFOGADOS;RUA SAO MIGUEL;CIDADE;ABALROAMENTO TRANSVERSAL;;1;;;1;;;;0;;Bom;Sem defeito;Perfeito estado;Seca;Perfeito estado;Faixa de retenção;Não há placas;40 km/h;2019
16/07/2019;14:55:00;SEM VÍTIMA;ALTO JOSÉ DO PINHO;AV NORTE;SUBURBIO;COLISÃO TRASEIRA;1;1;;;;;;;0;;Bom;Não existe;Perfeito estado;Seca;Perfeito estado;Não existe;Não há placas;60 km/h;2019
16/07/2019;15:30:00;SEM VÍTIMA;DERBY;AV GOVERNADOR AGAMENON MAGALHAES;SUBURBIO;COLISÃO TRASEIRA;5;;;;;;;;0;;Bom;Sem defeito;Perfeito estado;Seca;Perfeito estado;Não existe;Outras;60 km/h;2019
16/07/2019;16:04:00;SEM VÍTIMA;TORRE;RUA MARQUES DE MARICA;SUBURBIO;ABALROAMENTO TRANSVERSAL;1;1;;;;;;;0;;Bom;Sem defeito;Perfeito estado;Seca;Perfeito estado;Outros;Outras;40 km/h;2019
16/07/2019;16:55:00;SEM VÍTIMA;BOA VIAGEM;AV ENGENHEIRO DOMINGOS FERREIRA;SUBURBIO;COLISÃO TRASEIRA;2;;;;;;;;0;;Bom;Sem defeito;Perfeito estado;Seca;Perfeito estado;Faixa de pedestre;Não há placas;;2019
16/07/2019;21:23:00;SEM VÍTIMA;SÃO JOSÉ;VDO DAS CINCO PONTAS;CIDADE;CHOQUE VEÍCULO PARADO;1;;;;;;1;;0;;Bom;Não existe;Ilegível;Seca;Mal iluminada;Não existe;Não há placas;;2019
16/07/2019;22:59:00;SEM VÍTIMA;ILHA DO RETIRO;AV ENGENHEIRO ABDIAS DE CARVALHO;CIDADE;COLISÃO TRASEIRA;2;;;;;;;;0;;Bom;Sem defeito;Perfeito estado;Seca;Perfeito estado;Faixa de retenção;Outras;60 km/h;2019
16/07/2019;23:14:00;COM VÍTIMA;IMBIRIBEIRA;RUA JOAQUIM BANDEIRA;SUBURBIO;ABALROAMENTO TRANSVERSAL;1;1;;;;;;;1;;Bom;Não existe;Incompleta;Seca;Perfeito estado;Não existe;Não há placas;;2019
17/07/2019;06:29:00;COM VÍTIMA;JIQUIÁ;AV DR JOSE RUFINO;CIDADE;COLISÃO TRASEIRA;1;1;;;;;;;1;;Bom;Sem defeito;Perfeito estado;Seca;Perfeito estado;Não existe;Outras;60 km/h;2019
17/07/2019;07:13:00;SEM VÍTIMA;PAISSANDU;PTE JOSE DE BARROS LIMA;;ABALROAMENTO LONGITUDINAL;1;;;;;1;;;0;;Bom;Sem defeito;Perfeito estado;Seca;Perfeito estado;Agente;;60 km/h;2019
17/07/2019;08:12:00;SEM VÍTIMA;ENGENHO DO MEIO;AV MARIO ALVARES PEREIRA DE LYRA;CIDADE;ABALROAMENTO LONGITUDINAL;2;;;;;;;;0;;Bom;Não existe;Não existente;Seca;Perfeito estado;Faixa de pedestre;Não há placas;;2019
17/07/2019;08:23:00;SEM VÍTIMA;IMBIRIBEIRA;AV GENERAL MAC ARTHUR;SUBURBIO;COLISÃO TRASEIRA;2;;;;;;;;0;;Bom;Não existe;Perfeito estado;Seca;Perfeito estado;Não existe;Não há placas;40 km/h;2019
17/07/2019;08:35:00;COM VÍTIMA;PINA;AV ANTONIO DE GOES;CIDADE;COLISÃO TRASEIRA;4;;;;;;;;1;;Bom;Não existe;Perfeito estado;Seca;Perfeito estado;Não existe;Não há placas;60 km/h;2019
17/07/2019;08:57:00;SEM VÍTIMA;AFOGADOS;EST DOS REMEDIOS;;COLISÃO;2;;;;;;;;0;;;;;;;;;;2019
17/07/2019;09:19:00;COM VÍTIMA;DERBY;AV GOVERNADOR AGAMENON MAGALHAES;CID/SUB;ABALROAMENTO TRANSVERSAL;1;1;;;;;;;2;;Bom;Sem defeito;Perfeito estado;Seca;Perfeito estado;;Não há placas;60 km/h;2019
17/07/2019;09:21:00;SEM VÍTIMA;CORDEIRO;AV CAXANGA;CIDADE;ABALROAMENTO LONGITUDINAL;1;1;;;;;;;0;;Bom;Sem defeito;Perfeito estado;Seca;Perfeito estado;Faixa de pedestre;Outras;;2019
17/07/2019;09:43:00;SEM VÍTIMA;FUNDÃO;AV BEBERIBE;CIDADE;COLISÃO TRASEIRA;1;1;;;;;;;0;;Bom;Sem defeito;Perfeito estado;Seca;Perfeito estado;Faixa de pedestre;Outras;60 km/h;2019
17/07/2019;10:09:00;SEM VÍTIMA;TEJIPIÓ;AV DR JOSE RUFINO;;COLISÃO TRASEIRA;2;;;;;;;;0;;Bom;Não existe;Incompleta;Seca;Perfeito estado;Não existe;Outras;;2019
17/07/2019;10:25:00;SEM VÍTIMA;AREIAS;AV DR JOSE RUFINO;SUBURBIO;ABALROAMENTO LONGITUDINAL;;;;;1;1;;;0;;Bom;Sem defeito;Perfeito estado;Seca;Perfeito estado;Faixa de pedestre;Outras;;2019
17/07/2019;10:33:00;COM VÍTIMA;BOA VIAGEM;AV ENGENHEIRO DOMINGOS FERREIRA;SUBURBIO;COLISÃO TRASEIRA;1;1;;;;;;;1;;Bom;Não existe;Perfeito estado;Seca;Perfeito estado;Não existe;Não há placas;60 km/h;2019
17/07/2019;10:44:00;SEM VÍTIMA;MADALENA;AV ENGENHEIRO ABDIAS DE CARVALHO;;COLISÃO;2;;;;;;;;0;;;;;;;;;;2019
17/07/2019;11:24:00;COM VÍTIMA;DERBY;AV GOVERNADOR AGAMENON MAGALHAES;;COLISÃO;1;1;;;;;;;2;;;;;;;;;;2019
17/07/2019;12:26:00;COM VÍTIMA;BOA VIAGEM;RUA TENENTE JOAO CICERO;;ABALROAMENTO TRANSVERSAL;2;;;;;;;;1;;Bom;Não existe;Perfeito estado;Seca;Perfeito estado;Faixa de pedestre;;;2019
17/07/2019;12:39:00;COM VÍTIMA;IMBIRIBEIRA;AV PRESIDENTE DUTRA;;COLISÃO COM CICLISTA;1;;1;;;;;;1;;Bom;Não existe;Perfeito estado;Seca;Perfeito estado;Não existe;Não há placas;;2019
17/07/2019;12:55:00;SEM VÍTIMA;BOA VIAGEM;RUA DOS NAVEGANTES;;ABALROAMENTO TRANSVERSAL;2;;;;;;;;0;;Bom;Não existe;Perfeito estado;Seca;Perfeito estado;Faixa de retenção;Placas Pare;;2019
17/07/2019;13:07:00;COM VÍTIMA;PINA;AV ENGENHEIRO DOMINGOS FERREIRA;SUBURBIO;ATROPELAMENTO;1;;;1;;;;;1;;Bom;Não existe;Perfeito estado;Seca;Perfeito estado;Não existe;R-6a;60 km/h;2019
17/07/2019;13:48:00;SEM VÍTIMA;AFOGADOS;RUA COSME VIANA;SUBURBIO;COLISÃO TRASEIRA;2;1;;;;;;;0;;Bom;Não existe;Perfeito estado;Seca;Perfeito estado;Não existe;Não há placas;;2019
17/07/2019;13:56:00;SEM VÍTIMA;AFOGADOS;EST DOS REMEDIOS;;COLISÃO TRASEIRA;1;;;;1;;;;0;;Bom;Não existe;Perfeito estado;Seca;Perfeito estado;Não existe;Outras;;2019
17/07/2019;13:59:00;SEM VÍTIMA;TAMARINEIRA;RUA PADRE ROMA;CIDADE;COLISÃO TRASEIRA;1;;;;;1;;;0;;Bom;Sem defeito;Perfeito estado;Seca;Perfeito estado;Faixa de pedestre;R-6a;50 km/h;2019
17/07/2019;14:05:00;SEM VÍTIMA;BOA VIAGEM;RUA RIBEIRO DE BRITO;SUBURBIO;ABALROAMENTO LONGITUDINAL;1;1;;;;;;;0;;Bom;Não existe;Perfeito estado;Seca;Perfeito estado;Não existe;Não há placas;;2019
17/07/2019;14:14:00;SEM VÍTIMA;JAQUEIRA;AV RUI BARBOSA;CIDADE;ABALROAMENTO LONGITUDINAL;1;1;;;;;;;0;;Bom;Não existe;Perfeito estado;Seca;Perfeito estado;Não existe;Não há placas;60 km/h;2019
17/07/2019;14:43:00;SEM VÍTIMA;IMBIRIBEIRA;RUA ITACARI;;COLISÃO;2;;;;;;;;0;;;;;;;;;;2019
17/07/2019;15:11:00;SEM VÍTIMA;TAMARINEIRA;EST DO ARRAIAL;SUBURBIO;COLISÃO TRASEIRA;3;;;;;;;;0;;Bom;Não existe;Perfeito estado;Seca;Perfeito estado;Não existe;R-6a;;2019
17/07/2019;15:23:00;SEM VÍTIMA;IMBIRIBEIRA;RUA JOAQUIM BANDEIRA;CIDADE;ABALROAMENTO LONGITUDINAL;1;;;;;1;;;0;;Bom;Não existe;Não existente;Seca;Perfeito estado;Não existe;Não há placas;;2019
17/07/2019;15:52:00;SEM VÍTIMA;CASA AMARELA;EST DO ARRAIAL;SUBURBIO;ABALROAMENTO LONGITUDINAL;2;;;;;;;;0;;Bom;Não existe;Perfeito estado;Seca;Perfeito estado;Não existe;Placas Pare;40 km/h;2019
17/07/2019;16:05:00;SEM VÍTIMA;IMBIRIBEIRA;RUA SARGENTO SILVINO DE MACEDO;;ABALROAMENTO TRANSVERSAL;2;;;;;;;;0;;Bom;Não existe;Perfeito estado;Seca;Perfeito estado;Não existe;Placas Pare;;2019
17/07/2019;17:40:00;SEM VÍTIMA;SANTO AMARO;AV GOVERNADOR AGAMENON MAGALHAES;;COLISÃO;1;;;;1;;;;0;;;;;;;;;;2019
17/07/2019;17:52:00;SEM VÍTIMA;SÃO JOSÉ;AV MARTINS DE BARROS;CIDADE;ABALROAMENTO LONGITUDINAL;2;;;;;;;;0;;Bom;Não existe;Perfeito estado;Seca;Mal iluminada;Não existe;Outras;;2019
17/07/2019;18:35:00;COM VÍTIMA;BAIRRO DO RECIFE;PTE GIRATORIA;SUBURBIO;COLISÃO TRASEIRA;1;1;;;;;;;1;;Bom;Não existe;Perfeito estado;Seca;Perfeito estado;Não existe;Não há placas;;2019
17/07/2019;18:38:00;SEM VÍTIMA;CASA AMARELA;AV NORTE;SUBURBIO;COLISÃO TRASEIRA;2;;;;;;;;0;;Bom;Não existe;Perfeito estado;Seca;Perfeito estado;Não existe;Não há placas;;2019
17/07/2019;18:46:00;SEM VÍTIMA;AREIAS;AV RECIFE;;ABALROAMENTO LONGITUDINAL;1;;;;;1;;;0;;Bom;Não existe;Perfeito estado;Seca;Perfeito estado;Não existe;Não há placas;;2019
17/07/2019;19:17:00;SEM VÍTIMA;ÁGUA FRIA;RUA DR EUDES COSTA;CIDADE;ABALROAMENTO TRANSVERSAL;1;;;;1;;;;0;;Bom;Não existe;Perfeito estado;Seca;Perfeito estado;Faixa de retenção;Placas Pare;;2019
17/07/2019;19:26:00;SEM VÍTIMA;BOA VIAGEM;RUA ERNESTO DE PAULA SANTOS;SUBURBIO;ABALROAMENTO TRANSVERSAL;2;;;;;;;;0;;Bom;Não existe;Perfeito estado;Seca;Perfeito estado;Faixa de pedestre;Placas Pare;;2019
17/07/2019;20:12:00;SEM VÍTIMA;JORDÃO;AV GOVERNADOR TORRES GALVAO;SUBURBIO;CHOQUE VEÍCULO PARADO;;;;;1;;;;0;;Chuvoso;Não existe;Perfeito estado;Molhada;Mal conservada;Não existe;Placas Pare;40 km/h;2019
17/07/2019;20:52:00;COM VÍTIMA;SANTO AMARO;AV MARIO MELO;SUBURBIO;ABALROAMENTO TRANSVERSAL;1;1;;;;;;;1;;Bom;Sem defeito;Perfeito estado;Seca;Perfeito estado;Faixa de pedestre;Não há placas;;2019
17/07/2019;21:00:00;SEM VÍTIMA;MUSTARDINHA;RUA JOSE BEZERRA CAVALCANTE;SUBURBIO;CHOQUE VEÍCULO PARADO;1;;;;;;;;0;;Bom;Não existe;Não existente;Seca;Perfeito estado;Não existe;Não há placas;;2019
17/07/2019;21:41:00;SEM VÍTIMA;BOMBA DO HEMETÉRIO;EST VELHA DE AGUA FRIA;SUBURBIO;COLISÃO TRASEIRA;2;;;;;;;;0;;Chuvoso;Não existe;Não existente;Molhada;Perfeito estado;Não existe;Não há placas;60 km/h;2019
17/07/2019;21:43:00;COM VÍTIMA;ILHA DO RETIRO;AV BEIRA RIO;CIDADE;ABALROAMENTO LONGITUDINAL;1;1;;;;;;;1;;Bom;Não existe;Perfeito estado;Seca;Perfeito estado;Não existe;Não há placas;;2019
17/07/2019;21:56:00;COM VÍTIMA;ÁGUA FRIA;EST VELHA DE AGUA FRIA;;COLISÃO TRASEIRA;;;1;;;1;;;1;;Chuvoso;Não existe;Incompleta;Molhada;Mal conservada;Não existe;Não há placas;;2019
18/07/2019;00:51:00;SEM VÍTIMA;SANTO AMARO;RUA DO SOSSEGO;CIDADE;CHOQUE VEÍCULO PARADO;2;;;;;;;;0;;Bom;Não existe;Não existente;Seca;Mal conservada;Não existe;Não há placas;;2019
18/07/2019;02:30:00;SEM VÍTIMA;IMBIRIBEIRA;AV MARECHAL MASCARENHAS DE MORAES;CIDADE;ABALROAMENTO TRANSVERSAL;1;;;;;1;;;0;;Chuvoso;Sem defeito;Perfeito estado;Molhada;Perfeito estado;Faixa de pedestre;Não há placas;;2019
18/07/2019;07:33:00;SEM VÍTIMA;MADALENA;RUA BENFICA;CIDADE;ABALROAMENTO LONGITUDINAL;1;;;;;;;;0;;Bom;Não existe;Perfeito estado;Seca;Perfeito estado;Faixa de pedestre;R-6a;;2019
18/07/2019;07:42:00;COM VÍTIMA;DOIS IRMÃOS;RUA MANUEL DE MEDEIROS;;ABALROAMENTO LONGITUDINAL;1;1;;;;;;;1;;Bom;Sem defeito;Perfeito estado;Seca;Perfeito estado;Não existe;Não há placas;;2019
18/07/2019;08:21:00;SEM VÍTIMA;CAMPO GRANDE;RUA ODORICO MENDES;CIDADE;ABALROAMENTO LONGITUDINAL;1;1;;;;;;;0;;Bom;Não existe;Perfeito estado;Seca;Perfeito estado;Não existe;;;2019
18/07/2019;08:58:00;SEM VÍTIMA;POÇO DA PANELA;AV DEZESSETE DE AGOSTO;SUBURBIO;ABALROAMENTO TRANSVERSAL;2;;;;;;;;0;;Bom;Não existe;Perfeito estado;Seca;Perfeito estado;Não existe;Não há placas;40 km/h;2019
18/07/2019;09:21:00;COM VÍTIMA;TOTÓ;AV LIBERDADE;SUBURBIO;ABALROAMENTO TRANSVERSAL;1;1;;;;;;;1;;Bom;Não existe;Perfeito estado;Seca;Perfeito estado;Não existe;Outras;40 km/h;2019
18/07/2019;09:43:00;COM VÍTIMA;ÁGUA FRIA;AV BEBERIBE;CIDADE;ABALROAMENTO TRANSVERSAL;;1;1;;;;;;2;;Bom;Sem defeito;Perfeito estado;Seca;Perfeito estado;Faixa de pedestre;;;2019
18/07/2019;09:54:00;COM VÍTIMA;BOA VIAGEM;AV ENGENHEIRO DOMINGOS FERREIRA;SUBURBIO;COLISÃO TRASEIRA;1;1;;;;;;;2;;Bom;Não existe;Perfeito estado;Seca;Perfeito estado;Não existe;Não há placas;60 km/h;2019
18/07/2019;09:56:00;SEM VÍTIMA;IMBIRIBEIRA;AV MARECHAL MASCARENHAS DE MORAES;;ABALROAMENTO LONGITUDINAL;1;;;;1;;;;0;;Bom;Não existe;Perfeito estado;Seca;Perfeito estado;Não existe;Não há placas;20 km/h;2019
18/07/2019;10:02:00;SEM VÍTIMA;ESTÂNCIA;AV DR JOSE RUFINO;SUBURBIO;ABALROAMENTO LONGITUDINAL;1;;;;;1;;;0;;Bom;Não existe;Perfeito estado;Seca;Perfeito estado;Não existe;Não há placas;;2019
18/07/2019;10:35:00;SEM VÍTIMA;SÃO JOSÉ;AV SUL;CIDADE;ABALROAMENTO TRANSVERSAL;2;;;;;;;;0;;Bom;Não existe;Não existente;Seca;Perfeito estado;Não existe;Não há placas;;2019
18/07/2019;11:12:00;SEM VÍTIMA;CASA FORTE;AV DEZESSETE DE AGOSTO;;ABALROAMENTO TRANSVERSAL;2;;;;;;;;0;;Bom;Não existe;Perfeito estado;Seca;Perfeito estado;Não existe;Outras;;2019
18/07/2019;11:34:00;SEM VÍTIMA;BOA VISTA;AV CONDE DA BOA VISTA;CIDADE;COLISÃO TRASEIRA;1;1;;;;;;;0;;Bom;Não existe;Incompleta;Seca;Perfeito estado;Não existe;Outras;;2019
18/07/2019;11:40:00;SEM VÍTIMA;BOA VIAGEM;AV ENGENHEIRO DOMINGOS FERREIRA;SUBURBIO;COLISÃO TRASEIRA;1;;;;1;;;;0;;Bom;Não existe;Perfeito estado;Seca;Perfeito estado;Não existe;Não há placas;60 km/h;2019
18/07/2019;11:57:00;SEM VÍTIMA;JARDIM SÃO PAULO;RUA PAJUSSARA;;COLISÃO;2;;;;;;;;0;;;;;;;;;;2019
18/07/2019;12:08:00;SEM VÍTIMA;CORDEIRO;AV CAXANGA;SUBURBIO;ENGAVETAMENTO;3;;;;;;;;0;;;;;;;;;;2019
18/07/2019;12:10:00;SEM VÍTIMA;AFOGADOS;RUA AUGUSTO CALHEIROS;SUBURBIO;ABALROAMENTO LONGITUDINAL;1;;;;;1;;;0;;Bom;Não existe;Perfeito estado;Seca;Perfeito estado;Não existe;Outras;40 km/h;2019
18/07/2019;12:13:00;SEM VÍTIMA;GRAÇAS;RUA XAVIER MARQUES;CIDADE;ABALROAMENTO TRANSVERSAL;1;;;;;1;;;0;;Bom;Não existe;Não existente;Seca;Perfeito estado;Não existe;Não há placas;;2019
18/07/2019;13:08:00;SEM VÍTIMA;TORRÕES;AV ENGENHEIRO ABDIAS DE CARVALHO;CIDADE;COLISÃO TRASEIRA;2;;;;;;;;0;;Bom;Sem defeito;Perfeito estado;Seca;Perfeito estado;Não existe;Outras;60 km/h;2019
18/07/2019;13:48:00;COM VÍTIMA;POÇO DA PANELA;RUA DOS ARCOS;;COLISÃO COM CICLISTA;1;;1;;;;;;2;;Bom;Não existe;Não existente;Seca;Perfeito estado;Não existe;Placas Pare;;2019
18/07/2019;14:48:00;SEM VÍTIMA;IPSEP;AV RECIFE;CIDADE;COLISÃO TRASEIRA;1;1;;;;;;;0;;Bom;Não existe;Perfeito estado;Seca;Perfeito estado;Não existe;Não há placas;;2019
18/07/2019;14:52:00;COM VÍTIMA;CASA AMARELA;AV NORTE;CIDADE;COLISÃO TRASEIRA;1;1;;;;;;;1;;Bom;Não existe;Perfeito estado;Seca;Perfeito estado;Não existe;Não há placas;60 km/h;2019
18/07/2019;15:49:00;SEM VÍTIMA;BARRO;AV DR JOSE RUFINO;CIDADE;ABALROAMENTO LONGITUDINAL;1;;;;;1;;;0;;Bom;Não existe;Perfeito estado;Seca;Perfeito estado;Faixa de pedestre;Não há placas;60 km/h;2019
18/07/2019;15:53:00;SEM VÍTIMA;TORRÕES;AV ENGENHEIRO ABDIAS DE CARVALHO;;COLISÃO;2;;;;;;;;0;;;;;;;;;;2019
18/07/2019;16:03:00;SEM VÍTIMA;CORDEIRO;RUA MANOEL DE ARRUDA CAMARA;SUBURBIO;ABALROAMENTO LONGITUDINAL;1;;;;1;;;;0;;Bom;Sem defeito;Perfeito estado;Seca;Perfeito estado;Faixa de pedestre;Não há placas;;2019
18/07/2019;16:05:00;SEM VÍTIMA;BOA VIAGEM;RUA FELIX DE BRITO E MELO;;COLISÃO;2;;;;;;;;0;;;;;;;;;;2019
18/07/2019;16:10:00;SEM VÍTIMA;PINA;AV ANTONIO DE GOES;;COLISÃO;1;;;;1;;;;0;;;;;;;;;;2019
18/07/2019;17:15:00;SEM VÍTIMA;MADALENA;AV ENGENHEIRO ABDIAS DE CARVALHO;;COLISÃO;2;;;;;;;;0;;;;;;;;;;2019
18/07/2019;18:19:00;SEM VÍTIMA;TORRE;RUA JORNALISTA LUIZ TEIXEIRA;SUBURBIO;ABALROAMENTO LONGITUDINAL;2;;;;;;;;0;;Bom;Não existe;Não existente;Seca;Mal conservada;Não existe;Não há placas;;2019