data;hora;natureza_acidente;bairro;endereco;sentido_via;tipo;auto;moto;ciclista;pedestre;onibus;caminhao;viatura;outros;vitimas;vitimasfatais;tempo_clima;situacao_semaforo;sinalizacao;condicao_via;conservacao_via;ponto_controle;situacao_placa;velocidade_max_via;ano
18/07/2019;18:47:00;SEM VÍTIMA;TORRÕES;AV BICENTENARIO DA REVOLUCAO FRANCESA;SUBURBIO;ABALROAMENTO LONGITUDINAL;1;;;;1;;;;0;;Bom;Não existe;Ilegível;Seca;Mal iluminada;Não existe;Não há placas;;2019
18/07/2019;19:10:00;SEM VÍTIMA;JOANA BEZERRA;VIADUTO CAPITAO TEMUDO;SUBURBIO;COLISÃO TRASEIRA;2;;;;;;;;0;;Bom;Não existe;Perfeito estado;Seca;Perfeito estado;Outros;Outras;;2019
18/07/2019;19:39:00;SEM VÍTIMA;GRAÇAS;AV RUI BARBOSA;CIDADE;ABALROAMENTO LONGITUDINAL;2;;;;;;;;0;;Bom;Não existe;Perfeito estado;Seca;Perfeito estado;;Outras;;2019
18/07/2019;20:57:00;SEM VÍTIMA;BOA VIAGEM;RUA VISCONDE DE JEQUITINHONHA;;COLISÃO;2;;;;;;;;0;;;;;;;;;;2019
18/07/2019;21:42:00;COM VÍTIMA;ROSARINHO;RUA DR JOSE MARIA;;ABALROAMENTO LONGITUDINAL;1;1;;;;;;;1;;Bom;Não existe;Ilegível;Molhada;Mal iluminada;Não existe;Placas Pare;;2019
19/07/2019;07:39:00;COM VÍTIMA;CASA AMARELA;AV NORTE;CIDADE;ABALROAMENTO LONGITUDINAL;1;1;;;;;;;1;;Bom;Sem defeito;Perfeito estado;Seca;Perfeito estado;Faixa de pedestre;;;2019
19/07/2019;08:11:00;SEM VÍTIMA;BOA VISTA;AV CONDE DA BOA VISTA;CIDADE;COLISÃO TRASEIRA;1;1;;;;;;;0;;Chuvoso;Não existe;Ilegível;Molhada;Perfeito estado;Faixa de retenção;R-6c;;2019
19/07/2019;08:39:00;SEM VÍTIMA;CASA AMARELA;AV NORTE;SUBURBIO;COLISÃO TRASEIRA;3;;;;;;;;0;;Bom;Não existe;Perfeito estado;Seca;Perfeito estado;Faixa de pedestre;R-6a;60 km/h;2019
19/07/2019;09:01:00;SEM VÍTIMA;ILHA DO LEITE;AV FREI MATIAS TEVES;CIDADE;ABALROAMENTO TRANSVERSAL;2;;;;;;;;0;;Bom;Não existe;Perfeito estado;Seca;Perfeito estado;Não existe;Placas Pare;30 km/h;2019
19/07/2019;09:18:00;SEM VÍTIMA;AFOGADOS;RUA SAO MIGUEL;CIDADE;ABALROAMENTO LONGITUDINAL;1;;;;;1;;1;0;;Bom;Não existe;Incompleta;Seca;Perfeito estado;Não existe;Não há placas;;2019
19/07/2019;09:35:00;SEM VÍTIMA;AREIAS;AV RECIFE;;COLISÃO TRASEIRA;2;;;;;;;;0;;Chuvoso;Sem defeito;Perfeito estado;Molhada;Perfeito estado;Faixa de pedestre;Não há placas;60 km/h;2019
19/07/2019;09:41:00;SEM VÍTIMA;PINA;RUA PEREIRA DA COSTA;;COLISÃO;2;;;;;;;;0;;;;;;;;;;2019
19/07/2019;09:52:00;COM VÍTIMA;IPUTINGA;AV MAURICIO DE NASSAU;CIDADE;COLISÃO FRONTAL;;1;;;1;;;;1;;Chuvoso;Não existe;;Molhada;;Não existe;Não há placas;;2019
19/07/2019;10:23:00;SEM VÍTIMA;SANTO AMARO;AV CRUZ CABUGA;SUBURBIO;CHOQUE OBJETO FIXO;1;;;;;;;;0;;Chuvoso;Sem defeito;Não existente;Seca;Outros;Não existe;Outras;;2019
19/07/2019;10:51:00;SEM VÍTIMA;IBURA;AV DOZE DE JUNHO;;ABALROAMENTO TRANSVERSAL;1;;;;;;1;;0;;Bom;Sem defeito;Incompleta;Seca;Mal conservada;Não existe;Não há placas;;2019
19/07/2019;11:50:00;SEM VÍTIMA;IMBIRIBEIRA;AV MARECHAL MASCARENHAS DE MORAES;SUBURBIO;ABALROAMENTO LONGITUDINAL;2;;;;;;;;0;;Chuvoso;Não existe;Perfeito estado;Molhada;Perfeito estado;Não existe;Outras;;2019
19/07/2019;11:52:00;SEM VÍTIMA;GRAÇAS;AV GOVERNADOR AGAMENON MAGALHAES;SUBURBIO;ABALROAMENTO TRANSVERSAL;2;;;;;;;;0;;Nublado;Sem defeito;Perfeito estado;Molhada;Perfeito estado;Agente;Outras;60 km/h;2019
19/07/2019;12:04:00;SEM VÍTIMA;ILHA DO LEITE;RUA ANTONIO GOMES DE FREITAS;SUBURBIO;ABALROAMENTO LONGITUDINAL;2;;;;;;;;0;;Bom;Não existe;Perfeito estado;Seca;Perfeito estado;Não existe;Placas Pare;40 km/h;2019
19/07/2019;12:23:00;SEM VÍTIMA;APIPUCOS;;;COLISÃO TRASEIRA;2;;;;;;;;0;;Chuvoso;Não existe;Perfeito estado;Molhada;Perfeito estado;Não existe;R-28;30 km/h;2019
19/07/2019;12:36:00;SEM VÍTIMA;IMBIRIBEIRA;AV MARECHAL MASCARENHAS DE MORAES;SUBURBIO;CHOQUE VEÍCULO PARADO;1;;;;;1;;;0;;Bom;Não existe;Perfeito estado;Molhada;Perfeito estado;Não existe;Não há placas;60 km/h;2019
19/07/2019;12:38:00;SEM VÍTIMA;IMBIRIBEIRA;AV GENERAL MAC ARTHUR;CIDADE;ABALROAMENTO TRANSVERSAL;2;;;;;;;;0;;Chuvoso;Sem defeito;;;;;;;2019
19/07/2019;13:01:00;SEM VÍTIMA;ENCRUZILHADA;RUA INACIO GALVAO DOS SANTOS;;COLISÃO;2;;;;;;;;0;;;;;;;;;;2019
19/07/2019;13:18:00;SEM VÍTIMA;SANTO AMARO;RUA SAO GERALDO;;ABALROAMENTO TRANSVERSAL;2;;;;;;;;0;;Chuvoso;Não existe;Não existente;Molhada;Mal conservada;Não existe;R-6a;;2019
19/07/2019;15:40:00;SEM VÍTIMA;DERBY;AV GOVERNADOR AGAMENON MAGALHAES;SUBURBIO;ABALROAMENTO LONGITUDINAL;2;;;;;;;;0;;Bom;Não existe;Perfeito estado;Seca;Perfeito estado;Não existe;Outras;60 km/h;2019
19/07/2019;15:49:00;SEM VÍTIMA;BOA VISTA;RUA GERVASIO PIRES;SUBURBIO;ABALROAMENTO LONGITUDINAL;2;;;;;;;;0;;Bom;Sem defeito;Incompleta;Seca;Perfeito estado;Agente;Não há placas;40 km/h;2019
19/07/2019;16:03:00;SEM VÍTIMA;SANTO AMARO;AV DR JAYME DA FONTE;SUBURBIO;COLISÃO TRASEIRA;3;;;;;;;;0;;Bom;Sem defeito;Perfeito estado;Seca;Perfeito estado;Não existe;Não há placas;;2019
19/07/2019;16:04:00;SEM VÍTIMA;IMBIRIBEIRA;AV MARECHAL MASCARENHAS DE MORAES;CIDADE;ABALROAMENTO LONGITUDINAL;2;;;;;;;1;0;;Bom;Sem defeito;Perfeito estado;Seca;Perfeito estado;Faixa de pedestre;Não há placas;60 km/h;2019
19/07/2019;16:13:00;SEM VÍTIMA;SÃO JOSÉ;AV SUL;CIDADE;ABALROAMENTO LONGITUDINAL;1;;;;;1;;;0;;Bom;Sem defeito;Perfeito estado;Seca;Perfeito estado;Faixa de pedestre;Outras;;2019
19/07/2019;16:52:00;SEM VÍTIMA;VÁRZEA;RUA ACADEMICO HELIO RAMOS;;COLISÃO;1;;;;1;;;;0;;Bom;Não existe;Perfeito estado;Seca;Perfeito estado;Faixa de pedestre;R-6a;;2019
19/07/2019;16:58:00;SEM VÍTIMA;TORRE;RUA REAL DA TORRE;SUBURBIO;COLISÃO TRASEIRA;3;;;;;;;;0;;Bom;Não existe;Perfeito estado;Seca;Perfeito estado;Não existe;Não há placas;;2019
19/07/2019;17:40:00;SEM VÍTIMA;PRADO;RUA FIDELIS MOLITERNO;SUBURBIO;ABALROAMENTO LONGITUDINAL;2;;;;;;;;0;;Chuvoso;Não existe;;Molhada;Perfeito estado;Não existe;Não há placas;;2019
19/07/2019;17:55:00;SEM VÍTIMA;SÃO JOSÉ;PRC DAS CINCO PONTAS;SUBURBIO;ABALROAMENTO LONGITUDINAL;1;1;;;;;;;0;;Bom;Não existe;Não existente;Seca;Perfeito estado;Não existe;Outras;;2019
19/07/2019;18:10:00;SEM VÍTIMA;IPSEP;RUA JEAN EMILE FAVRE;SUBURBIO;ABALROAMENTO LONGITUDINAL;1;;;;1;;;;0;;Bom;Sem defeito;Perfeito estado;Seca;Perfeito estado;Faixa de pedestre;R-6a;60 km/h;2019
19/07/2019;18:24:00;COM VÍTIMA;BOA VIAGEM;AV DOM JOAO VI;SUBURBIO;ABALROAMENTO LONGITUDINAL;1;1;;;;;;;1;;Bom;Sem defeito;Perfeito estado;Seca;Perfeito estado;Faixa de pedestre;Não há placas;;2019
19/07/2019;18:49:00;COM VÍTIMA;CASA AMARELA;AV NORTE;SUBURBIO;ABALROAMENTO TRANSVERSAL;1;1;;;;;;;2;;Bom;Sem defeito;Perfeito estado;Seca;Perfeito estado;Faixa de pedestre;;;2019
19/07/2019;19:00:00;SEM VÍTIMA;CORDEIRO;RUA DR MIGUEL VIEIRA FERREIRA;CIDADE;COLISÃO TRASEIRA;3;;;;;;;;0;;Bom;Não existe;Incompleta;Seca;Perfeito estado;Não existe;R-6a;;2019
19/07/2019;19:15:00;SEM VÍTIMA;BOA VIAGEM;AV ENGENHEIRO DOMINGOS FERREIRA;SUBURBIO;COLISÃO TRASEIRA;2;;;;;;;;0;;Bom;Sem defeito;Perfeito estado;Seca;Perfeito estado;;R-6a;;2019
19/07/2019;19:31:00;SEM VÍTIMA;BOA VIAGEM;RUA BARAO DE SOUZA LEAO;SUBURBIO;ABALROAMENTO LONGITUDINAL;1;;;;1;;;;0;;Bom;Não existe;Perfeito estado;Seca;Perfeito estado;Não existe;Não há placas;;2019
19/07/2019;21:28:00;SEM VÍTIMA;JAQUEIRA;RUA PADRE ROMA;;COLISÃO;1;;;;1;;;;0;;;;;;;;;;2019
20/07/2019;04:18:00;SEM VÍTIMA;SÃO JOSÉ;AV DANTAS BARRETO;;COLISÃO;;;;;2;;;;0;;;;;;;;;;2019
20/07/2019;09:06:00;SEM VÍTIMA;IMBIRIBEIRA;AV MARECHAL MASCARENHAS DE MORAES;SUBURBIO;COLISÃO TRASEIRA;3;;;;;;;;0;;Chuvoso;Sem defeito;Perfeito estado;Molhada;Perfeito estado;Faixa de pedestre;Outras;;2019
20/07/2019;09:07:00;SEM VÍTIMA;ALTO DO MANDU;RUA QUATRO DE MARCO;SUBURBIO;ABALROAMENTO LONGITUDINAL;1;;;;;1;;;0;;Chuvoso;Não existe;Não existente;Molhada;Perfeito estado;Não existe;Não há placas;;2019
20/07/2019;10:38:00;COM VÍTIMA;IBURA;AV SANTOS;SUBURBIO;ABALROAMENTO TRANSVERSAL;;2;;;;;;;1;;Chuvoso;Não existe;Incompleta;Molhada;Mal iluminada;Outros;Placas Pare;;2019
20/07/2019;10:58:00;SEM VÍTIMA;NOVA DESCOBERTA;AV VEREADOR OTACILIO AZEVEDO;SUBURBIO;COLISÃO TRASEIRA;2;;;;;;;;0;;Chuvoso;Não existe;Perfeito estado;Molhada;Perfeito estado;Não existe;R-6a;;2019
20/07/2019;11:44:00;SEM VÍTIMA;VÁRZEA;AV CAXANGA;CIDADE;COLISÃO TRASEIRA;3;;;;;;;;0;;Chuvoso;Não existe;Perfeito estado;Molhada;Perfeito estado;Não existe;Outras;60 km/h;2019
20/07/2019;12:32:00;SEM VÍTIMA;ESTÂNCIA;AV DR JOSE RUFINO;SUBURBIO;ABALROAMENTO LONGITUDINAL;2;;;;;;;;0;;Chuvoso;Não existe;Incompleta;Molhada;Mal conservada;Não existe;Não há placas;60 km/h;2019
20/07/2019;12:57:00;SEM VÍTIMA;IMBIRIBEIRA;AV MARECHAL MASCARENHAS DE MORAES;SUBURBIO;ABALROAMENTO LONGITUDINAL;1;;;;1;;;;0;;Chuvoso;Sem defeito;Perfeito estado;Molhada;Perfeito estado;;;;2019
20/07/2019;14:40:00;SEM VÍTIMA;AREIAS;RUA AIRES BELO;SUBURBIO;COLISÃO FRONTAL;2;;;;;;;;0;;Chuvoso;Não existe;Perfeito estado;Molhada;Perfeito estado;Não existe;Não há placas;30 km/h;2019
20/07/2019;16:16:00;SEM VÍTIMA;ALTO JOSÉ BONIFÁCIO;RUA CORREGO DO EUCLIDES;CIDADE;COLISÃO TRASEIRA;1;;;;1;;;;0;;Chuvoso;Não existe;Perfeito estado;Molhada;Perfeito estado;Não existe;Não há placas;40 km/h;2019
20/07/2019;17:03:00;SEM VÍTIMA;BOA VISTA;AV GOVERNADOR AGAMENON MAGALHAES;SUBURBIO;ABALROAMENTO LONGITUDINAL;2;;;;;;;;0;;Chuvoso;Sem defeito;Perfeito estado;Molhada;Perfeito estado;Faixa de pedestre;;60 km/h;2019
20/07/2019;19:13:00;SEM VÍTIMA;BOA VIAGEM;RUA CORONEL SERGIO HENRIQUE CARDIM;;CHOQUE VEÍCULO PARADO;2;;;;;;;;0;;Chuvoso;Não existe;;Seca;Perfeito estado;Não existe;Outras;;2019
20/07/2019;19:50:00;SEM VÍTIMA;HIPÓDROMO;RUA NOGUEIRA LIMA;SUBURBIO;ABALROAMENTO TRANSVERSAL;2;;;;;;;;0;;Chuvoso;Não existe;;Molhada;Perfeito estado;Outros;Outras;;2019
20/07/2019;22:00:00;SEM VÍTIMA;DERBY;AV GOVERNADOR AGAMENON MAGALHAES;SUBURBIO;ABALROAMENTO LONGITUDINAL;1;;;;;1;;;0;;Chuvoso;Sem defeito;Perfeito estado;Molhada;Perfeito estado;Outros;Não há placas;;2019
20/07/2019;22:19:00;COM VÍTIMA;IBURA;AV DOIS RIOS;SUBURBIO;ABALROAMENTO TRANSVERSAL;1;1;;;;;;;1;;Chuvoso;Não existe;Perfeito estado;Molhada;Perfeito estado;Não existe;Não há placas;;2019
20/07/2019;22:37:00;SEM VÍTIMA;CASA FORTE;AV DEZESSETE DE AGOSTO;;COLISÃO;2;;;;;;;;0;;;;;;;;;;2019
20/07/2019;22:41:00;SEM VÍTIMA;BOA VIAGEM;AVENIDA CELSO FURTADO (VIA MANGUE);SUBURBIO;ABALROAMENTO LONGITUDINAL;2;;;;;;;;0;;Chuvoso;Não existe;Não existente;Molhada;Perfeito estado;Não existe;Não há placas;;2019
20/07/2019;23:47:00;SEM VÍTIMA;;RUA ALTO DO EUCALIPTO;SUBURBIO;CHOQUE OBJETO FIXO;2;;;;;;;;0;;Chuvoso;Não existe;Perfeito estado;Molhada;Perfeito estado;Outros;Outras;;2019
20/07/2019;23:54:00;COM VÍTIMA;IPSEP;AV RECIFE;SUBURBIO;ABALROAMENTO TRANSVERSAL;1;1;;;;;;;2;;Chuvoso;Sem defeito;Perfeito estado;Molhada;Perfeito estado;Faixa de pedestre;;;2019
21/07/2019;01:58:00;SEM VÍTIMA;BOA VIAGEM;RUA DOS NAVEGANTES;;ABALROAMENTO TRANSVERSAL;2;;;;;;;;0;;Bom;Não existe;Incompleta;Seca;Mal iluminada;Faixa de pedestre;Placas Pare;;2019
21/07/2019;06:27:00;SEM VÍTIMA;VASCO DA GAMA;RUA ALTO DO EUCALIPTO;SUBURBIO;CHOQUE VEÍCULO PARADO;2;1;;;;;;;0;;Chuvoso;Não existe;Incompleta;Molhada;;Não existe;Não há placas;30 km/h;2019
21/07/2019;07:43:00;SEM VÍTIMA;IMBIRIBEIRA;AV MARECHAL MASCARENHAS DE MORAES;;COLISÃO;2;;;;;;;;0;;;;;;;;;;2019
21/07/2019;10:15:00;COM VÍTIMA;PINA;AV HERCULANO BANDEIRA;SUBURBIO;ABALROAMENTO TRANSVERSAL;1;1;;;;;;;1;;Bom;Sem defeito;Perfeito estado;Seca;Perfeito estado;Outros;Outras;60 km/h;2019
21/07/2019;10:35:00;COM VÍTIMA;IMBIRIBEIRA;AV MARECHAL MASCARENHAS DE MORAES;CID/SUB;ABALROAMENTO LONGITUDINAL;1;1;;;;;;;2;;Bom;Não existe;Perfeito estado;Seca;Perfeito estado;Não existe;Não há placas;60 km/h;2019
21/07/2019;12:11:00;SEM VÍTIMA;BOA VIAGEM;RUA BALTAZAR PASSOS;SUBURBIO;ABALROAMENTO TRANSVERSAL;2;;;;;;;;0;;Bom;Sem defeito;Perfeito estado;Seca;Perfeito estado;Faixa de retenção;;;2019
21/07/2019;14:01:00;SEM VÍTIMA;BOA VIAGEM;AV CONSELHEIRO AGUIAR;CIDADE;ABALROAMENTO TRANSVERSAL;1;;;;1;;;;0;;Bom;Não existe;Perfeito estado;Seca;Perfeito estado;Agente;R-6a;60 km/h;2019
21/07/2019;14:13:00;SEM VÍTIMA;IMBIRIBEIRA;AV MARECHAL MASCARENHAS DE MORAES;;COLISÃO TRASEIRA;2;;;;;;;;0;;Bom;Sem defeito;Perfeito estado;Seca;Perfeito estado;Faixa de pedestre;Não há placas;;2019
21/07/2019;15:14:00;SEM VÍTIMA;CASA AMARELA;COR DO BARTOLOMEU;;COLISÃO;2;;;;;;;;0;;;;;;;;;;2019
21/07/2019;16:15:00;COM VÍTIMA;CAMPO GRANDE;RUA DONA ELVIRA;SUBURBIO;ABALROAMENTO TRANSVERSAL;1;1;;;;;;;2;;Bom;Não existe;Incompleta;Seca;Mal conservada;Não existe;Placas Pare;;2019
21/07/2019;16:58:00;SEM VÍTIMA;DERBY;PRC DO DERBY;SUBURBIO;ABALROAMENTO LONGITUDINAL;2;;;;;;;;0;;Bom;Sem defeito;Perfeito estado;Seca;Perfeito estado;Não existe;Outras;60 km/h;2019
21/07/2019;17:25:00;COM VÍTIMA;VÁRZEA;AV AFONSO OLINDENSE;SUBURBIO;ABALROAMENTO TRANSVERSAL;1;;;;;;;;1;;Bom;Não existe;Perfeito estado;Seca;Perfeito estado;Não existe;Não há placas;;2019
21/07/2019;19:01:00;SEM VÍTIMA;PINA;AV ANTONIO DE GOES;CIDADE;CHOQUE OBJETO FIXO;1;;;;;;;;0;;Bom;Não existe;Perfeito estado;Seca;Perfeito estado;Não existe;Não há placas;;2019
21/07/2019;20:35:00;COM VÍTIMA;BOA VIAGEM;RUA PROFESSOR JOAO MEDEIROS;CIDADE;COLISÃO COM CICLISTA;1;;1;;;;;;1;;Bom;Sem defeito;Perfeito estado;Seca;Perfeito estado;Faixa de pedestre;Não há placas;;2019
21/07/2019;20:54:00;COM VÍTIMA;IMBIRIBEIRA;AV MARECHAL MASCARENHAS DE MORAES;CIDADE;COLISÃO TRASEIRA;1;1;;;;;;;1;;Bom;Sem defeito;Perfeito estado;Seca;;Faixa de pedestre;;;2019
22/07/2019;00:36:00;SEM VÍTIMA;BREJO DE BEBERIBE;AV VEREADOR OTACILIO AZEVEDO;SUBURBIO;COLISÃO FRONTAL;2;;;;;;;;0;;Chuvoso;Não existe;Perfeito estado;Molhada;Perfeito estado;Não existe;Não há placas;;2019
22/07/2019;00:37:00;SEM VÍTIMA;BOA VIAGEM;RUA RIBEIRO DE BRITO;SUBURBIO;ABALROAMENTO TRANSVERSAL;2;;;;;;;;0;;Chuvoso;Intermitente;Perfeito estado;Molhada;Perfeito estado;Faixa de pedestre;Outras;;2019
22/07/2019;06:38:00;SEM VÍTIMA;BOA VIAGEM;AV BOA VIAGEM;SUBURBIO;ABALROAMENTO LONGITUDINAL;3;;;;;;;;0;;Chuvoso;Não existe;Perfeito estado;Molhada;Perfeito estado;Não existe;Não há placas;;2019
22/07/2019;07:02:00;SEM VÍTIMA;DERBY;RUA JENER DE SOUZA;;COLISÃO;1;;;;1;;;;0;;;;;;;;;;2019
22/07/2019;07:37:00;SEM VÍTIMA;BOA VISTA;AV GOVERNADOR AGAMENON MAGALHAES;;COLISÃO TRASEIRA;1;;;;1;;;;0;;Chuvoso;Sem defeito;Perfeito estado;Seca;Perfeito estado;Faixa de pedestre;Outras;;2019
22/07/2019;07:44:00;SEM VÍTIMA;IPSEP;AV RECIFE;SUBURBIO;COLISÃO TRASEIRA;3;;;;;;;;0;;Chuvoso;;;;;Faixa de pedestre;R-6a;;2019
22/07/2019;07:45:00;COM VÍTIMA;TEJIPIÓ;RUA APRIGIO GUIMARAES;SUBURBIO;COLISÃO TRASEIRA;1;1;;;;;;;1;;Chuvoso;Não existe;Não existente;Molhada;Perfeito estado;Não existe;Não há placas;40 km/h;2019
22/07/2019;07:48:00;COM VÍTIMA;MADALENA;AV VISCONDE DE ALBUQUERQUE;SUBURBIO;ABALROAMENTO LONGITUDINAL;1;1;;;;;;;1;;Chuvoso;Não existe;Perfeito estado;Molhada;Perfeito estado;Não existe;Não há placas;;2019
22/07/2019;08:20:00;SEM VÍTIMA;GRAÇAS;RUA AMELIA;CIDADE;COLISÃO TRASEIRA;3;1;;;;;;;0;;Chuvoso;Não existe;Perfeito estado;Molhada;Perfeito estado;Não existe;Outras;40 km/h;2019
22/07/2019;09:11:00;SEM VÍTIMA;BOA VIAGEM;AV CONSELHEIRO AGUIAR;SUBURBIO;COLISÃO TRASEIRA;2;;;;;;;;0;;Chuvoso;Não existe;;Molhada;Perfeito estado;Não existe;R-6a;60 km/h;2019
22/07/2019;09:43:00;SEM VÍTIMA;CASA AMARELA;AV NORTE;;ACID. DE PERCURSO;;1;;;;;;;0;;;;;;;;;;2019
22/07/2019;10:09:00;SEM VÍTIMA;CORDEIRO;AV GENERAL SAN MARTIN;;ABALROAMENTO LONGITUDINAL;2;;;;;;;;0;;Chuvoso;Não existe;Perfeito estado;Molhada;Perfeito estado;Não existe;R-6a;;2019
22/07/2019;10:30:00;SEM VÍTIMA;IPUTINGA;AV CAXANGA;SUBURBIO;COLISÃO TRASEIRA;2;;;;;;;;0;;Bom;Sem defeito;Perfeito estado;Molhada;Perfeito estado;Faixa de pedestre;Não há placas;60 km/h;2019
22/07/2019;10:51:00;SEM VÍTIMA;SÃO JOSÉ;RUA SANTA RITA;;COLISÃO;2;;;;;;;;0;;;;;;;;;;2019
22/07/2019;10:54:00;SEM VÍTIMA;AFOGADOS;EST DOS REMEDIOS;CIDADE;ABALROAMENTO LONGITUDINAL;1;;;;1;;;;0;;Chuvoso;Não existe;Perfeito estado;Molhada;Perfeito estado;Não existe;R-6a;;2019
22/07/2019;11:13:00;SEM VÍTIMA;SANTO AMARO;RUA DA SAUDADE;CIDADE;ABALROAMENTO LONGITUDINAL;1;;;;;1;;;0;;Chuvoso;Sem defeito;Perfeito estado;Molhada;Perfeito estado;Faixa de pedestre;R-6a;;2019
22/07/2019;11:36:00;SEM VÍTIMA;SANTO AMARO;AV CRUZ CABUGA;CIDADE;COLISÃO;2;;;;;;;;0;;;;;;;;;;2019
22/07/2019;12:20:00;SEM VÍTIMA;VÁRZEA;AV AFONSO OLINDENSE;SUBURBIO;ABALROAMENTO TRANSVERSAL;2;;;;;;;;0;;Chuvoso;Não existe;Incompleta;Molhada;Perfeito estado;Não existe;Não há placas;;2019
22/07/2019;12:22:00;SEM VÍTIMA;IMBIRIBEIRA;;SUBURBIO;COLISÃO;1;;;;1;;;;0;;;;;;;;;;2019
22/07/2019;12:53:00;SEM VÍTIMA;BOA VIAGEM;AV DOM JOAO VI;SUBURBIO;COLISÃO TRASEIRA;2;;;;;;;;0;;Chuvoso;Sem defeito;Perfeito estado;Molhada;Perfeito estado;Outros;Outras;60 km/h;2019
22/07/2019;13:51:00;SEM VÍTIMA;CAXANGÁ;RUA EMILIANO BRAGA;;COLISÃO;2;;;;;;;;0;;;;;;;;;;2019
22/07/2019;17:08:00;SEM VÍTIMA;IMBIRIBEIRA;AV MARECHAL MASCARENHAS DE MORAES;CIDADE;ABALROAMENTO LONGITUDINAL;1;1;;;;;;;0;;Chuvoso;Não existe;Perfeito estado;Molhada;Perfeito estado;Não existe;Não há placas;;2019
22/07/2019;17:48:00;SEM VÍTIMA;CAXANGÁ;RUA RIBEIRO PESSOA;;COLISÃO;1;;;;;1;;;0;;;;;;;;;;2019
22/07/2019;18:10:00;COM VÍTIMA;ARRUDA;RUA DO MACHADO;SUBURBIO;ABALROAMENTO TRANSVERSAL;1;1;;;;;;;1;;Chuvoso;Não existe;Perfeito estado;Molhada;Perfeito estado;Faixa de pedestre;Placas Pare;;2019
22/07/2019;18:25:00;SEM VÍTIMA;ESPINHEIRO;RUA MARQUES DO PARANA;SUBURBIO;CHOQUE;1;;;;;;;;0;;Chuvoso;;Perfeito estado;Seca;Mal conservada;Não existe;Não há placas;;2019
22/07/2019;18:50:00;SEM VÍTIMA;SANTO AMARO;AV CRUZ CABUGA;CIDADE;COLISÃO TRASEIRA;1;;;;1;;;;0;;Chuvoso;Não existe;Ilegível;Molhada;Mal iluminada;Não existe;Não há placas;;2019
22/07/2019;19:35:00;SEM VÍTIMA;BOA VIAGEM;;CIDADE;ABALROAMENTO LONGITUDINAL;2;;;;;;;;0;;Chuvoso;Não existe;Perfeito estado;Molhada;Perfeito estado;Faixa de pedestre;Não há placas;;2019
22/07/2019;19:56:00;SEM VÍTIMA;MADALENA;RUA JOSE OSORIO;SUBURBIO;COLISÃO TRASEIRA;2;;;;;;;;0;;Bom;Não existe;Ilegível;Molhada;Mal iluminada;Não existe;Não há placas;;2019
22/07/2019;20:12:00;SEM VÍTIMA;IMBIRIBEIRA;AV SUL;CIDADE;COLISÃO TRASEIRA;2;;;;;;;;0;;Chuvoso;Não existe;Não existente;Molhada;Mal iluminada;Não existe;Não há placas;;2019
22/07/2019;20:20:00;SEM VÍTIMA;SAN MARTIN;RUA ITAPEMIRIM;;ABALROAMENTO LONGITUDINAL;1;1;;;;;;;0;;Chuvoso;Não existe;Ilegível;Molhada;Mal iluminada;Não existe;Não há placas;;2019
22/07/2019;21:04:00;COM VÍTIMA;TORRE;RUA JOSE BONIFACIO;SUBURBIO;COLISÃO TRASEIRA;1;1;;;;;;;2;;Chuvoso;Não existe;Perfeito estado;Molhada;Perfeito estado;;R-6a;40 km/h;2019
22/07/2019;21:21:00;SEM VÍTIMA;BOA VIAGEM;VIADUTO TANCREDO NEVES;;ENGAVETAMENTO;3;;;;;;;;0;;;;;;;;;;2019
22/07/2019;21:51:00;COM VÍTIMA;IBURA;AV DOIS RIOS;SUBURBIO;COLISÃO FRONTAL;1;1;;;;;;;1;;Chuvoso;Não existe;Não existente;Molhada;Mal iluminada;Não existe;Não há placas;40 km/h;2019
23/07/2019;02:21:00;SEM VÍTIMA;BOA VIAGEM;RUA ERNESTO DE PAULA SANTOS;;ABALROAMENTO TRANSVERSAL;2;;;;;;;;0;;Chuvoso;Sem defeito;Perfeito estado;Molhada;Perfeito estado;;;;2019
23/07/2019;06:02:00;COM VÍTIMA;APIPUCOS;RUA CORONEL JOAO BATISTA DO REGO BARROS;CIDADE;CHOQUE OBJETO FIXO;1;;;;;;;;1;;Chuvoso;Desligado;Perfeito estado;Molhada;Perfeito estado;;Outras;;2019
23/07/2019;07:27:00;SEM VÍTIMA;BAIRRO DO RECIFE;CAIS DO APOLO;;COLISÃO;1;1;;;;;;;0;;;;;;;;;;2019
23/07/2019;07:35:00;SEM VÍTIMA;PINA;RUA MANOEL DE BRITO;CIDADE;COLISÃO TRASEIRA;;;1;;;;1;;0;;Chuvoso;Não existe;Perfeito estado;Molhada;Perfeito estado;Faixa de retenção;Outras;;2019
23/07/2019;07:56:00;SEM VÍTIMA;PINA;AV ANTONIO DE GOES;CIDADE;COLISÃO TRASEIRA;2;;;;;;;;0;;Chuvoso;Não existe;Perfeito estado;Molhada;Perfeito estado;Não existe;Não há placas;60 km/h;2019
23/07/2019;08:16:00;COM VÍTIMA;DERBY;AV GOVERNADOR AGAMENON MAGALHAES;OLINDA;ABALROAMENTO LONGITUDINAL;1;1;;;;;;;2;;Chuvoso;Sem defeito;Perfeito estado;Molhada;Perfeito estado;Faixa de pedestre;Outras;60 km/h;2019