data;hora;natureza_acidente;bairro;endereco;sentido_via;tipo;auto;moto;ciclista;pedestre;onibus;caminhao;viatura;outros;vitimas;vitimasfatais;tempo_clima;situacao_semaforo;sinalizacao;condicao_via;conservacao_via;ponto_controle;situacao_placa;velocidade_max_via;ano
23/07/2019;09:15:00;SEM VÍTIMA;BOA VIAGEM;AV ENGENHEIRO DOMINGOS FERREIRA;;COLISÃO;2;;;;;;;;0;;;;;;;;;;2019
23/07/2019;09:15:00;SEM VÍTIMA;MADALENA;RUA PESSOA DE MELO;;COLISÃO;2;;;;;;;;0;;;;;;;;;;2019
23/07/2019;09:16:00;SEM VÍTIMA;BOA VIAGEM;RUA JOAO CARDOSO AIRES;SUBURBIO;ABALROAMENTO TRANSVERSAL;2;;;;;;;;0;;Chuvoso;Não existe;Perfeito estado;Molhada;Perfeito estado;Faixa de retenção;Placas Pare;40 km/h;2019
23/07/2019;09:26:00;SEM VÍTIMA;ESPINHEIRO;RUA QUARENTA E OITO;;COLISÃO;1;1;;;;;;;0;;;;;;;;;;2019
23/07/2019;09:31:00;SEM VÍTIMA;ARRUDA;AV PROFESSOR JOSE DOS ANJOS;SUBURBIO;COLISÃO TRASEIRA;2;;;;;;;;0;;Bom;Sem defeito;Perfeito estado;Molhada;Perfeito estado;Faixa de pedestre;Não há placas;60 km/h;2019
23/07/2019;09:56:00;SEM VÍTIMA;IMBIRIBEIRA;AV MARECHAL MASCARENHAS DE MORAES;SUBURBIO;ABALROAMENTO LONGITUDINAL;1;;;;;1;;1;0;;Chuvoso;Não existe;Perfeito estado;Molhada;Perfeito estado;Não existe;Não há placas;60 km/h;2019
23/07/2019;10:11:00;SEM VÍTIMA;BOA VIAGEM;AV ENGENHEIRO DOMINGOS FERREIRA;SUBURBIO;COLISÃO TRASEIRA;4;;;;;;;;0;;Bom;Não existe;Perfeito estado;Seca;Perfeito estado;Não existe;Outras;;2019
23/07/2019;10:38:00;SEM VÍTIMA;SANTO AMARO;AV GOVERNADOR AGAMENON MAGALHAES;SUBURBIO;COLISÃO TRASEIRA;2;;;;;;;;0;;Chuvoso;Não existe;Perfeito estado;Molhada;Perfeito estado;Não existe;Não há placas;60 km/h;2019
23/07/2019;14:12:00;COM VÍTIMA;IBURA;TRV JOAO RIO BRANCO DE LIMA;;COLISÃO;1;1;;;;;;;1;;;;;;;;;;2019
23/07/2019;14:19:00;SEM VÍTIMA;AREIAS;AV DR JOSE RUFINO;AFOGADOS;COLISÃO;2;;;;;;;;0;;;;;;;;;;2019
23/07/2019;14:24:00;COM VÍTIMA;SÃO JOSÉ;AV SUL;CIDADE;ATROPELAMENTO;;;;1;1;;;;1;;Bom;Não existe;Não existente;Seca;Mal conservada;Não existe;Não há placas;;2019
23/07/2019;14:25:00;SEM VÍTIMA;ILHA DO RETIRO;RUA SPORT CLUBE DO RECIFE;;ABALROAMENTO LONGITUDINAL;;1;;;;;1;;0;;Chuvoso;Sem defeito;Perfeito estado;Molhada;Perfeito estado;Faixa de pedestre;Não há placas;;2019
23/07/2019;14:50:00;SEM VÍTIMA;IMBIRIBEIRA;AV MARECHAL MASCARENHAS DE MORAES;SUBURBIO;COLISÃO TRASEIRA;2;;;;;;;;0;;Bom;Não existe;Perfeito estado;Seca;Perfeito estado;;Não há placas;60 km/h;2019
23/07/2019;15:16:00;SEM VÍTIMA;TEJIPIÓ;RUA FALCAO DE LACERDA;SUBURBIO;CHOQUE VEÍCULO PARADO;2;1;;;;;;;0;;Bom;Não existe;Perfeito estado;Seca;Perfeito estado;Não existe;R-6a;;2019
23/07/2019;15:27:00;COM VÍTIMA;CASA AMARELA;RUA XAVANTES;SUBURBIO;ABALROAMENTO TRANSVERSAL;1;1;;;;;;;2;;Chuvoso;Não existe;Perfeito estado;Molhada;Perfeito estado;Não existe;Placas Pare;;2019
23/07/2019;15:29:00;SEM VÍTIMA;IMBIRIBEIRA;AV MARECHAL MASCARENHAS DE MORAES;CIDADE;ABALROAMENTO TRANSVERSAL;1;;;;1;;;;0;;Bom;Não existe;Perfeito estado;Seca;Perfeito estado;Não existe;Não há placas;;2019
23/07/2019;16:08:00;SEM VÍTIMA;BOA VIAGEM;AV HERCULANO BANDEIRA;SUBURBIO;ABALROAMENTO TRANSVERSAL;1;;;;1;;;;0;;Chuvoso;Sem defeito;Perfeito estado;Seca;Perfeito estado;Faixa de pedestre;;;2019
23/07/2019;16:57:00;COM VÍTIMA;IMBIRIBEIRA;AV MARECHAL MASCARENHAS DE MORAES;CIDADE;COLISÃO COM CICLISTA;1;;1;;;;;;1;;Bom;Não existe;Perfeito estado;Seca;Perfeito estado;Não existe;Não há placas;60 km/h;2019
23/07/2019;17:38:00;SEM VÍTIMA;MACAXEIRA;AV NORTE;SUBURBIO;ABALROAMENTO LONGITUDINAL;2;;;;;;;;0;;Chuvoso;Não existe;Perfeito estado;Molhada;Perfeito estado;Não existe;Não há placas;;2019
23/07/2019;17:09:00;SEM VÍTIMA;IMBIRIBEIRA;AV MARECHAL MASCARENHAS DE MORAES;SUBURBIO;ABALROAMENTO TRANSVERSAL;1;;;;1;;;;0;;Chuvoso;Sem defeito;Perfeito estado;Molhada;Perfeito estado;;;;2019
23/07/2019;18:58:00;COM VÍTIMA;BOA VIAGEM;RUA VISCONDE DE JEQUITINHONHA;SUBURBIO;ATROPELAMENTO;1;;;1;;;;;1;;Chuvoso;Sem defeito;Perfeito estado;Molhada;Perfeito estado;Faixa de pedestre;Não há placas;;2019
23/07/2019;19:14:00;SEM VÍTIMA;PINA;AV ENGENHEIRO DOMINGOS FERREIRA;;COLISÃO;2;;;;;;;;0;;;;;;;;;;2019
23/07/2019;19:26:00;SEM VÍTIMA;MADALENA;EST DOS REMEDIOS;;ABALROAMENTO LONGITUDINAL;1;;;;1;;;;0;;Chuvoso;Sem defeito;Perfeito estado;Molhada;Perfeito estado;Faixa de pedestre;;;2019
23/07/2019;19:31:00;SEM VÍTIMA;GRAÇAS;AV GOVERNADOR AGAMENON MAGALHAES;;COLISÃO TRASEIRA;2;;;;;;;;0;;Chuvoso;Não existe;Perfeito estado;Molhada;Perfeito estado;Não existe;Não há placas;;2019
23/07/2019;19:49:00;SEM VÍTIMA;CORDEIRO;AV MARIO ALVARES PEREIRA DE LYRA;CIDADE;ABALROAMENTO LONGITUDINAL;2;;;;;;;;0;;Chuvoso;;Perfeito estado;Molhada;Perfeito estado;Não existe;Outras;;2019
23/07/2019;20:23:00;SEM VÍTIMA;BOA VISTA;RUA HENRIQUE DIAS;CIDADE;COLISÃO COM CICLISTA;1;;1;;;;;;0;;Chuvoso;Não existe;Perfeito estado;Molhada;Perfeito estado;Não existe;Não há placas;;2019
23/07/2019;21:56:00;SEM VÍTIMA;IBURA;AV JORNALISTA COSTA PORTO;;COLISÃO;2;;;;;;;;0;;;;;;;;;;2019
23/07/2019;22:31:00;SEM VÍTIMA;GRAÇAS;RUA DAS PERNAMBUCANAS;SUBURBIO;ABALROAMENTO LONGITUDINAL;1;;;;;1;;;0;;Chuvoso;Não existe;Perfeito estado;Molhada;Perfeito estado;Não existe;Outras;40 km/h;2019
24/07/2019;06:29:00;SEM VÍTIMA;BOA VISTA;RUA DO PROGRESSO;CIDADE;ABALROAMENTO TRANSVERSAL;2;;;;;;;;0;;Chuvoso;Não existe;Incompleta;Molhada;Perfeito estado;;Placas Pare;;2019
24/07/2019;07:03:00;SEM VÍTIMA;ARRUDA;RUA JERONIMO VILELA;;COLISÃO;2;;;;;;;;0;;;;;;;;;;2019
24/07/2019;07:50:00;SEM VÍTIMA;BOA VISTA;AV GOVERNADOR AGAMENON MAGALHAES;SUBURBIO;COLISÃO TRASEIRA;2;;;;;;;;0;;Chuvoso;Sem defeito;;Molhada;Perfeito estado;Outros;R-6a;60 km/h;2019
24/07/2019;08:25:00;SEM VÍTIMA;IBURA;RUA PINTOR AGENOR DE ALBUQUERQUE CESAR;SUBURBIO;ABALROAMENTO TRANSVERSAL;1;;;;1;;;;0;;Chuvoso;Não existe;Ilegível;Molhada;Mal conservada;Não existe;Não há placas;;2019
24/07/2019;08:37:00;SEM VÍTIMA;BOA VIAGEM;RUA BARAO DE SOUZA LEAO;;ABALROAMENTO LONGITUDINAL;2;;;;;;;;0;;Chuvoso;Não existe;Perfeito estado;Molhada;Perfeito estado;Não existe;Não há placas;;2019
24/07/2019;09:25:00;SEM VÍTIMA;IPUTINGA;RUA PEREIRA COUTINHO FILHO;SUBURBIO;ABALROAMENTO LONGITUDINAL;1;;;;1;;;;0;;Chuvoso;Não existe;Não existente;Molhada;Perfeito estado;Não existe;Não há placas;;2019
24/07/2019;09:44:00;COM VÍTIMA;BOA VIAGEM;RUA BALTAZAR PASSOS;CIDADE;ABALROAMENTO TRANSVERSAL;1;1;;;;;;;1;;Chuvoso;Não existe;Perfeito estado;Molhada;Perfeito estado;Não existe;Placas Pare;;2019
24/07/2019;10:01:00;SEM VÍTIMA;CASA AMARELA;RUA BELA VISTA;;ATROPELAMENTO;1;;;1;;;;;0;;;;;;;;;;2019
24/07/2019;11:25:00;COM VÍTIMA;JARDIM SÃO PAULO;AV SAO PAULO;SUBURBIO;COLISÃO TRASEIRA;1;1;;;;;;;1;;Chuvoso;Não existe;Incompleta;Molhada;Mal conservada;Não existe;R-6a;40 km/h;2019
24/07/2019;11:37:00;SEM VÍTIMA;DERBY;RUA AMARO BEZERRA;CIDADE;ABALROAMENTO LONGITUDINAL;2;;;;;;;;0;;Chuvoso;Não existe;Perfeito estado;Molhada;Perfeito estado;Não existe;R-6a;40 km/h;2019
24/07/2019;11:46:00;SEM VÍTIMA;BOA VIAGEM;AV BOA VIAGEM;CIDADE;COLISÃO TRASEIRA;1;1;;;;;;;0;;Chuvoso;Não existe;Ilegível;Molhada;Perfeito estado;Não existe;Não há placas;60 km/h;2019
24/07/2019;12:30:00;SEM VÍTIMA;BOA VISTA;RUA JOSE DE ALENCAR;;COLISÃO;1;1;;;;;;;0;;;;;;;;;;2019
24/07/2019;12:37:00;SEM VÍTIMA;TAMARINEIRA;AV NORTE;CIDADE;COLISÃO TRASEIRA;2;;;;;;;;0;;Chuvoso;Sem defeito;Perfeito estado;Molhada;Perfeito estado;Faixa de pedestre;Outras;;2019
24/07/2019;14:32:00;SEM VÍTIMA;PORTO DA MADEIRA;AV BEBERIBE;CIDADE;ABALROAMENTO LONGITUDINAL;2;;;;;;;;0;;Chuvoso;Não existe;Incompleta;Seca;Perfeito estado;Não existe;Não há placas;;2019
24/07/2019;15:00:00;SEM VÍTIMA;BOA VISTA;RUA AURORA;CIDADE;ABALROAMENTO TRANSVERSAL;2;;;;;;;;0;;Chuvoso;Sem defeito;Perfeito estado;Seca;Perfeito estado;Faixa de pedestre;R-6a;;2019
24/07/2019;17:23:00;COM VÍTIMA;PINA;AV HERCULANO BANDEIRA;SUBURBIO;COLISÃO FRONTAL;1;1;;;;;;;1;;Bom;Não existe;Perfeito estado;Seca;Perfeito estado;Não existe;;;2019
24/07/2019;19:13:00;SEM VÍTIMA;SANTO AMARO;RUA TREZE DE MAIO;;ABALROAMENTO LONGITUDINAL;2;;;;;;;;0;;Chuvoso;Não existe;Ilegível;Molhada;Mal iluminada;Não existe;Não há placas;;2019
24/07/2019;19:53:00;SEM VÍTIMA;APIPUCOS;AV NORTE;CIDADE;ABALROAMENTO LONGITUDINAL;1;;;;;1;;;0;;Chuvoso;Não existe;Perfeito estado;Molhada;Perfeito estado;Faixa de pedestre;Não há placas;;2019
24/07/2019;20:20:00;SEM VÍTIMA;BOA VIAGEM;RUA SA E SOUZA;SUBURBIO;CHOQUE VEÍCULO PARADO;2;;;;;;;;0;;Chuvoso;Não existe;Ilegível;Molhada;Mal iluminada;Não existe;Placas Pare;;2019
24/07/2019;21:41:00;SEM VÍTIMA;AREIAS;AV RECIFE;SUBURBIO;CHOQUE VEÍCULO PARADO;2;;;;;;;;0;;Chuvoso;Sem defeito;Perfeito estado;Molhada;Perfeito estado;Faixa de pedestre;Não há placas;60 km/h;2019
24/07/2019;21:57:00;SEM VÍTIMA;;AV MARECHAL JUAREZ TAVORA;SUBURBIO;CHOQUE VEÍCULO PARADO;2;;;;;;;;0;;Chuvoso;Não existe;Incompleta;Molhada;Mal iluminada;Não existe;Não há placas;40 km/h;2019
24/07/2019;22:28:00;SEM VÍTIMA;TORRE;AV BEIRA RIO;SUBURBIO;COLISÃO TRASEIRA;2;;;;;;;;0;;Chuvoso;Não existe;Perfeito estado;Molhada;Mal iluminada;Não existe;Não há placas;;2019
24/07/2019;23:05:00;SEM VÍTIMA;TORRÕES;AV ENGENHEIRO ABDIAS DE CARVALHO;;COLISÃO;2;;;;;;;;0;;;;;;;;;;2019
25/07/2019;05:05:00;SEM VÍTIMA;VÁRZEA;RUA MARIO CAMPELO;CIDADE;ABALROAMENTO LONGITUDINAL;1;;;;1;;;;0;;Bom;Não existe;Incompleta;Molhada;Perfeito estado;Não existe;Placas Pare;;2019
25/07/2019;08:45:00;SEM VÍTIMA;ILHA DO LEITE;RUA GENERAL JOAQUIM INACIO;SUBURBIO;COLISÃO TRASEIRA;2;;;;;;;;0;;Bom;Não existe;Perfeito estado;Seca;Perfeito estado;Agente;Não há placas;40 km/h;2019
25/07/2019;08:47:00;SEM VÍTIMA;;RUA GENERAL POLIDORO;SUBURBIO;ABALROAMENTO LONGITUDINAL;1;;;;1;;;;0;;Bom;Não existe;Perfeito estado;Seca;Perfeito estado;Outros;Outras;;2019
25/07/2019;09:11:00;COM VÍTIMA;BOA VIAGEM;RUA AVIADOR SEVERIANO LINS;PRAIA;ABALROAMENTO LONGITUDINAL;1;1;;;;;;;2;;Bom;Não existe;Perfeito estado;Seca;Perfeito estado;Faixa de retenção;Placas Pare;;2019
25/07/2019;10:41:00;SEM VÍTIMA;CASA FORTE;RUA LEONARDO BEZERRA CAVALCANTE;SUBURBIO;ABALROAMENTO LONGITUDINAL;2;;;;;;;;0;;Chuvoso;Sem defeito;Perfeito estado;Molhada;Perfeito estado;Outros;R-6a;;2019
25/07/2019;11:42:00;SEM VÍTIMA;TEJIPIÓ;AV PADRE IBIAPINA;;COLISÃO;2;;;;;;;;0;;;;;;;;;;2019
25/07/2019;12:09:00;COM VÍTIMA;CORDEIRO;AV CAXANGA;;ABALROAMENTO LONGITUDINAL;;;;;1;;;;2;;Bom;Sem defeito;Perfeito estado;Seca;Perfeito estado;Agente;;;2019
25/07/2019;12:09:00;SEM VÍTIMA;ESPINHEIRO;RUA AMELIA;CIDADE;ABALROAMENTO TRANSVERSAL;1;;;;;;;1;0;;Bom;Sem defeito;Perfeito estado;Seca;Perfeito estado;Faixa de pedestre;Placas Pare;;2019
25/07/2019;12:28:00;SEM VÍTIMA;NOVA DESCOBERTA;RUA SANTA TEREZA;SUBURBIO;ABALROAMENTO LONGITUDINAL;1;;;;1;;;;0;;Bom;Não existe;Perfeito estado;Seca;Perfeito estado;Não existe;Não há placas;;2019
25/07/2019;12:40:00;SEM VÍTIMA;IMBIRIBEIRA;RUA ARQUITETO LUIZ NUNES;CIDADE;COLISÃO TRASEIRA;2;;;;1;;;;0;;Bom;Sem defeito;Perfeito estado;Seca;Perfeito estado;Outros;Outras;60 km/h;2019
25/07/2019;12:49:00;SEM VÍTIMA;BOA VIAGEM;RUA DES JOAO PAES;CIDADE;ABALROAMENTO TRANSVERSAL;1;1;;;;;;;0;;Bom;Não existe;Perfeito estado;Seca;Perfeito estado;;Placas Pare;40 km/h;2019
25/07/2019;12:50:00;SEM VÍTIMA;JOANA BEZERRA;AV DES GUERRA BARRETO;SUBURBIO;COLISÃO TRASEIRA;2;;;;;;;;0;;Bom;Não existe;Perfeito estado;Seca;Perfeito estado;Agente;Não há placas;40 km/h;2019
25/07/2019;12:58:00;COM VÍTIMA;CAXANGÁ;AV CAXANGA;SUBURBIO;COLISÃO TRASEIRA;;1;;;1;;;;1;;Bom;Não existe;Perfeito estado;Seca;Perfeito estado;Não existe;Não há placas;;2019
25/07/2019;13:48:00;SEM VÍTIMA;TORRE;RUA CONS THEODORO;SUBURBIO;COLISÃO FRONTAL;2;;;;;;;;0;;Bom;Sem defeito;Perfeito estado;Seca;Perfeito estado;Faixa de pedestre;Outras;;2019
25/07/2019;14:21:00;SEM VÍTIMA;ENCRUZILHADA;AV JOAO DE BARROS;CIDADE;ABALROAMENTO LONGITUDINAL;1;;;;;;;1;0;;Bom;Sem defeito;Perfeito estado;Seca;Perfeito estado;Agente;R-6a;40 km/h;2019
25/07/2019;14:42:00;COM VÍTIMA;DERBY;RUA JENER DE SOUZA;SUBURBIO;COLISÃO COM CICLISTA;1;;1;;;;;;1;;Bom;Sem defeito;Perfeito estado;Seca;Perfeito estado;Não existe;Outras;40 km/h;2019
25/07/2019;15:22:00;SEM VÍTIMA;BOA VISTA;RUA DO JASMIM;;COLISÃO;;;;;1;;;;0;;;;;;;;;;2019
25/07/2019;15:25:00;SEM VÍTIMA;IMBIRIBEIRA;AV MARECHAL MASCARENHAS DE MORAES;SUBURBIO;ABALROAMENTO LONGITUDINAL;1;;;;;1;;;0;;Bom;Sem defeito;Perfeito estado;Seca;Perfeito estado;;Outras;60 km/h;2019
25/07/2019;15:46:00;SEM VÍTIMA;VÁRZEA;RUA CORONEL PACHECO;;CHOQUE VEÍCULO PARADO;1;;;;1;;;;0;;Bom;Não existe;Não existente;Seca;Perfeito estado;Não existe;Outras;;2019
25/07/2019;16:18:00;SEM VÍTIMA;ÁGUA FRIA;AV BEBERIBE;CIDADE;ABALROAMENTO LONGITUDINAL;;;;;1;;;1;0;;Chuvoso;Sem defeito;Perfeito estado;Molhada;Perfeito estado;Faixa de pedestre;R-19;40 km/h;2019
25/07/2019;17:05:00;COM VÍTIMA;BEBERIBE;RUA URIEL DE HOLANDA;;COLISÃO;1;1;;;;;;;1;;;;;;;;;;2019
25/07/2019;18:23:00;SEM VÍTIMA;BOA VISTA;AV MONTEVIDEU;;ABALROAMENTO LONGITUDINAL;2;;;;;;;;0;;Bom;Não existe;Perfeito estado;Seca;Perfeito estado;Não existe;R-6a;;2019
25/07/2019;18:26:00;SEM VÍTIMA;BARRO;AV DR JOSE RUFINO;CIDADE;COLISÃO;2;;;;;;;;0;;;;;;;;;;2019
25/07/2019;21:34:00;SEM VÍTIMA;GRAÇAS;RUA JOAQUIM NABUCO;SUBURBIO;COLISÃO TRASEIRA;3;;;;;;;;0;;Bom;Sem defeito;Perfeito estado;Seca;Perfeito estado;Faixa de pedestre;R-6a;;2019
25/07/2019;22:18:00;SEM VÍTIMA;BOA VIAGEM;AV BOA VIAGEM;SUBURBIO;ABALROAMENTO LONGITUDINAL;2;;;;;;;;0;;Chuvoso;Não existe;Perfeito estado;Molhada;Perfeito estado;Não existe;R-6a;60 km/h;2019
25/07/2019;23:41:00;SEM VÍTIMA;CAMPO GRANDE;RUA ODORICO MENDES;SUBURBIO;COLISÃO TRASEIRA;1;;;;1;;;;0;;Bom;Sem defeito;Perfeito estado;Seca;Perfeito estado;Faixa de pedestre;Outras;;2019
26/07/2019;07:05:00;SEM VÍTIMA;IPUTINGA;EST DO BARBALHO;;ABALROAMENTO LONGITUDINAL;1;;;;;1;;;0;;Bom;Sem defeito;Perfeito estado;Seca;Perfeito estado;Faixa de pedestre;;;2019
26/07/2019;07:24:00;COM VÍTIMA;BONGI;AV GENERAL SAN MARTIN;SUBURBIO;COLISÃO COM CICLISTA;1;;1;;;;;;1;;Chuvoso;Sem defeito;Perfeito estado;Molhada;Perfeito estado;Agente;Outras;60 km/h;2019
26/07/2019;07:43:00;SEM VÍTIMA;SANTO AMARO;RUA DOS PALMARES;SUBURBIO;COLISÃO TRASEIRA;1;;;;;1;;;0;;Bom;Sem defeito;Perfeito estado;Seca;Perfeito estado;Faixa de pedestre;;;2019
26/07/2019;08:47:00;SEM VÍTIMA;BOA VIAGEM;RUA ERNESTO DE PAULA SANTOS;CIDADE;ABALROAMENTO LONGITUDINAL;2;;;;;;;;0;;Bom;Não existe;Perfeito estado;Seca;Perfeito estado;Não existe;Não há placas;;2019
26/07/2019;08:56:00;SEM VÍTIMA;BOA VIAGEM;AV BOA VIAGEM;CIDADE;COLISÃO TRASEIRA;2;;;;;;;;0;;Chuvoso;Sem defeito;Perfeito estado;Molhada;Perfeito estado;Faixa de pedestre;Não há placas;60 km/h;2019
26/07/2019;09:20:00;SEM VÍTIMA;ILHA DO RETIRO;RUA JOAO ELISIO RAMOS;;COLISÃO;2;;;;;;;;0;;;;;;;;;;2019
26/07/2019;10:26:00;SEM VÍTIMA;VÁRZEA;RUA ACADEMICO HELIO RAMOS;;COLISÃO;1;;;;1;;;;0;;;;;;;;;;2019
26/07/2019;11:01:00;COM VÍTIMA;IBURA;RUA EMILIO MONTEIRO FONSECA;;ATROPELAMENTO;;1;;2;;;;;3;;Bom;Não existe;Incompleta;Seca;Perfeito estado;Não existe;Não há placas;30 km/h;2019
26/07/2019;11:38:00;SEM VÍTIMA;POÇO DA PANELA;RUA DO CHACON;SUBURBIO;CHOQUE VEÍCULO PARADO;2;;;;;;;;0;;Bom;Não existe;Incompleta;Seca;Perfeito estado;Não existe;Outras;30 km/h;2019
26/07/2019;12:11:00;COM VÍTIMA;IPSEP;AV RECIFE;CIDADE;COLISÃO TRASEIRA;1;1;;;;;;;1;;Bom;Não existe;Perfeito estado;Molhada;Perfeito estado;Não existe;Não há placas;60 km/h;2019
26/07/2019;12:14:00;SEM VÍTIMA;SANTO AMARO;AV PREFEITO ARTUR LIMA CAVALCANTI;SUBURBIO;ABALROAMENTO LONGITUDINAL;1;1;;;;;;;0;;Chuvoso;Não existe;Não existente;Seca;Perfeito estado;Não existe;Não há placas;;2019
26/07/2019;12:45:00;SEM VÍTIMA;IMBIRIBEIRA;AV MARECHAL MASCARENHAS DE MORAES;CIDADE;COLISÃO TRASEIRA;1;;;;;1;;;0;;Chuvoso;Sem defeito;Perfeito estado;Molhada;Perfeito estado;Faixa de pedestre;;60 km/h;2019
26/07/2019;12:48:00;SEM VÍTIMA;;RUA JOAQUIM NABUCO;SUBURBIO;ABALROAMENTO LONGITUDINAL;1;;;;1;;;;0;;Bom;Sem defeito;Perfeito estado;Seca;Perfeito estado;Agente;Outras;40 km/h;2019
26/07/2019;13:44:00;SEM VÍTIMA;;AV GOVERNADOR AGAMENON MAGALHAES;;ABALROAMENTO LONGITUDINAL;1;;;;;1;;;0;;Bom;Sem defeito;Perfeito estado;Seca;Perfeito estado;Faixa de pedestre;Outras;60 km/h;2019
26/07/2019;14:11:00;SEM VÍTIMA;;AV GOVERNADOR AGAMENON MAGALHAES;;ABALROAMENTO LONGITUDINAL;1;;;;;;;1;0;;Chuvoso;Sem defeito;Perfeito estado;Molhada;Perfeito estado;Faixa de pedestre;;60 km/h;2019
26/07/2019;14:48:00;SEM VÍTIMA;ILHA DO LEITE;PRC MIGUEL DE CERVANTES;;ABALROAMENTO LONGITUDINAL;2;;;;;;;;0;;Chuvoso;Não existe;Perfeito estado;Molhada;Perfeito estado;Não existe;Outras;;2019
26/07/2019;15:00:00;SEM VÍTIMA;BOA VIAGEM;RUA BELMONTE;;COLISÃO;2;;;;;;;;0;;;;;;;;;;2019
26/07/2019;15:34:00;SEM VÍTIMA;TORRÕES;RUA ZUMBI DOS PALMARES;;COLISÃO;2;;;;;;;;0;;;;;;;;;;2019
26/07/2019;15:45:00;SEM VÍTIMA;DERBY;AV GOVERNADOR AGAMENON MAGALHAES;;COLISÃO TRASEIRA;2;;;;;;;;0;;Chuvoso;;Perfeito estado;Molhada;Perfeito estado;Faixa de pedestre;Não há placas;60 km/h;2019
26/07/2019;16:26:00;SEM VÍTIMA;IMBIRIBEIRA;AV MARECHAL MASCARENHAS DE MORAES;CIDADE;COLISÃO TRASEIRA;1;;;;1;;;;0;;Chuvoso;Não existe;Perfeito estado;Molhada;Perfeito estado;Não existe;;;2019
26/07/2019;16:43:00;SEM VÍTIMA;MADALENA;PRC DA BANDEIRA;;COLISÃO;1;;;;;1;;;0;;;;;;;;;;2019
26/07/2019;17:08:00;SEM VÍTIMA;IMBIRIBEIRA;RUA JOAQUIM BANDEIRA;;COLISÃO;2;;;;;;;;0;;;;;;;;;;2019
26/07/2019;17:18:00;COM VÍTIMA;TORRÕES;RUA TAMBORIL;SUBURBIO;COLISÃO FRONTAL;1;;1;;;;;;1;;Chuvoso;Sem defeito;Incompleta;Molhada;Mal conservada;Não existe;R-6a;40 km/h;2019
26/07/2019;17:19:00;SEM VÍTIMA;IMBIRIBEIRA;RUA JOAQUIM BANDEIRA;CIDADE;ABALROAMENTO LONGITUDINAL;2;;;;;;;;0;;Chuvoso;Não existe;Não existente;Molhada;Perfeito estado;;Não há placas;;2019
26/07/2019;18:36:00;SEM VÍTIMA;BOA VIAGEM;RUA ANTONIO FALCAO;SUBURBIO;ABALROAMENTO LONGITUDINAL;1;;;;;1;;;0;;Bom;Não existe;Perfeito estado;Seca;Perfeito estado;Não existe;Não há placas;;2019
26/07/2019;21:26:00;SEM VÍTIMA;TORRÕES;AV ENGENHEIRO ABDIAS DE CARVALHO;SUBURBIO;ABALROAMENTO LONGITUDINAL;2;;;;;;;;0;;Bom;Não existe;Perfeito estado;Molhada;Perfeito estado;Não existe;R-6a;60 km/h;2019
26/07/2019;22:28:00;SEM VÍTIMA;CAXANGÁ;AV JOAQUIM RIBEIRO;CIDADE;ABALROAMENTO LONGITUDINAL;2;;;;;;;;0;;Chuvoso;Sem defeito;Perfeito estado;Molhada;Perfeito estado;Faixa de pedestre;Não há placas;;2019
26/07/2019;23:39:00;SEM VÍTIMA;AFLITOS;AV SANTOS DUMONT;SUBURBIO;COLISÃO TRASEIRA;1;;;;;;1;;0;;Chuvoso;Não existe;Perfeito estado;Molhada;Perfeito estado;Faixa de retenção;R-6a;30 km/h;2019
26/07/2019;23:44:00;SEM VÍTIMA;BOA VIAGEM;RUA DONA BENVINDA DE FARIAS;CIDADE;ABALROAMENTO TRANSVERSAL;2;;;;;;;;0;;Bom;Não existe;Perfeito estado;Molhada;;;Placas Pare;;2019
27/07/2019;00:06:00;COM VÍTIMA;TORRE;RUA JOSE BONIFACIO;CIDADE;COLISÃO TRASEIRA;1;1;;;;;;;1;;Bom;Não existe;Ilegível;Seca;Mal iluminada;Não existe;Não há placas;;2019
27/07/2019;06:09:00;SEM VÍTIMA;CASA AMARELA;AV NORTE;SUBURBIO;CHOQUE OBJETO FIXO;1;;;;;;;;0;;Chuvoso;Não existe;Perfeito estado;Seca;Perfeito estado;Faixa de pedestre;R-6a;40 km/h;2019
27/07/2019;07:16:00;SEM VÍTIMA;BOA VIAGEM;RUA SETUBAL;CIDADE;ABALROAMENTO LONGITUDINAL;1;;;;;1;;;0;;Bom;Não existe;Perfeito estado;Seca;Perfeito estado;Faixa de retenção;Não há placas;;2019
27/07/2019;09:35:00;SEM VÍTIMA;LINHA DO TIRO;RUA URIEL DE HOLANDA;;COLISÃO;1;;;;;1;;;0;;;;;;;;;;2019
27/07/2019;11:26:00;COM VÍTIMA;CASA AMARELA;AV NORTE;SUBURBIO;ATROPELAMENTO;1;;;1;;;;;1;;Chuvoso;Sem defeito;Perfeito estado;Molhada;Perfeito estado;Faixa de pedestre;R-6a;;2019
27/07/2019;12:26:00;SEM VÍTIMA;ALTO SANTA TERESINHA;RUA TAMBOARA;;COLISÃO;1;;;;;1;;;0;;;;;;;;;;2019