data;hora;natureza_acidente;bairro;endereco;sentido_via;tipo;auto;moto;ciclista;pedestre;onibus;caminhao;viatura;outros;vitimas;vitimasfatais;tempo_clima;situacao_semaforo;sinalizacao;condicao_via;conservacao_via;ponto_controle;situacao_placa;velocidade_max_via;ano
27/07/2019;12:44:00;SEM VÍTIMA;MACAXEIRA;RUA DR ALTO CAETE;SUBURBIO;COLISÃO FRONTAL;2;;;;;;;;0;;Chuvoso;Não existe;Não existente;Molhada;Perfeito estado;Não existe;Não há placas;30 km/h;2019
27/07/2019;12:58:00;SEM VÍTIMA;BOA VIAGEM;AV DES JOSE NEVES;SUBURBIO;COLISÃO TRASEIRA;2;;;;;;;;0;;Bom;Não existe;Perfeito estado;Seca;Perfeito estado;Não existe;R-6a;;2019
27/07/2019;13:20:00;SEM VÍTIMA;MADALENA;TUNEL DA ABOLICAO;;COLISÃO;1;;;;1;;;;0;;;;;;;;;;2019
27/07/2019;13:36:00;SEM VÍTIMA;;AV ENGENHEIRO ABDIAS DE CARVALHO;;CHOQUE;;;;;;;;;0;;;;;;;;;;2019
27/07/2019;14:11:00;SEM VÍTIMA;MADALENA;AV ENGENHEIRO ABDIAS DE CARVALHO;CIDADE;COLISÃO TRASEIRA;2;;;;;;;;0;;Chuvoso;Sem defeito;Perfeito estado;Molhada;Perfeito estado;Faixa de pedestre;Outras;;2019
27/07/2019;14:23:00;SEM VÍTIMA;BOA VISTA;AV GOVERNADOR AGAMENON MAGALHAES;;ABALROAMENTO LONGITUDINAL;1;;;;;;;1;0;;Bom;Sem defeito;Perfeito estado;Seca;Perfeito estado;Faixa de pedestre;Outras;;2019
27/07/2019;14:49:00;SEM VÍTIMA;IMBIRIBEIRA;AV PINHEIROS;SUBURBIO;CHOQUE VEÍCULO PARADO;1;1;;;;;;;0;;Chuvoso;Não existe;Ilegível;Molhada;Perfeito estado;Não existe;Não há placas;;2019
27/07/2019;14:54:00;SEM VÍTIMA;IBURA;AV DOM HELDER CAMARA;SUBURBIO;COLISÃO TRASEIRA;1;;;;1;;;;0;;Chuvoso;Não existe;Incompleta;Molhada;Mal conservada;Não existe;Não há placas;;2019
27/07/2019;15:43:00;SEM VÍTIMA;MADALENA;RUA REAL DA TORRE;CIDADE;ABALROAMENTO LONGITUDINAL;1;;;;1;;;;0;;Chuvoso;Sem defeito;Perfeito estado;Molhada;Perfeito estado;Agente;Não há placas;;2019
27/07/2019;15:51:00;SEM VÍTIMA;ESTÂNCIA;AV RECIFE;;COLISÃO TRASEIRA;2;;;;;;;;0;;Chuvoso;Sem defeito;Perfeito estado;Molhada;Perfeito estado;Faixa de pedestre;Não há placas;50 km/h;2019
27/07/2019;17:06:00;COM VÍTIMA;MANGABEIRA;AV NORTE;SUBURBIO;COLISÃO TRASEIRA;1;1;;;;;;;1;;Chuvoso;Sem defeito;Perfeito estado;Molhada;Perfeito estado;Faixa de pedestre;Outras;;2019
27/07/2019;21:21:00;SEM VÍTIMA;;AV JOSE GONCALVES DE MEDEIROS;SUBURBIO;COLISÃO TRASEIRA;1;1;;;;;;;0;;Bom;Não existe;Perfeito estado;Seca;Perfeito estado;Não existe;Não há placas;;2019
27/07/2019;21:51:00;SEM VÍTIMA;PARNAMIRIM;AV FLOR DE SANTANA;CIDADE;ABALROAMENTO LONGITUDINAL;2;;;;;;;;0;;Chuvoso;Não existe;Perfeito estado;Molhada;Perfeito estado;Não existe;Outras;;2019
28/07/2019;02:57:00;COM VÍTIMA;LINHA DO TIRO;RUA URIEL DE HOLANDA;;CHOQUE OBJETO FIXO;1;;;;;;;;2;;Chuvoso;Não existe;Incompleta;Molhada;Perfeito estado;Não existe;Outras;;2019
28/07/2019;03:44:00;SEM VÍTIMA;BOA VIAGEM;RUA CAPITAO ZUZINHA;SUBURBIO;CHOQUE VEÍCULO PARADO;4;;;;;;;;0;;Bom;Não existe;Perfeito estado;Seca;Perfeito estado;Não existe;Não há placas;;2019
28/07/2019;08:43:00;SEM VÍTIMA;BOA VIAGEM;RUA FELIX DE BRITO E MELO;;COLISÃO TRASEIRA;2;;;;;;;;0;;Chuvoso;Sem defeito;Perfeito estado;Molhada;Perfeito estado;Faixa de retenção;Não há placas;;2019
28/07/2019;11:11:00;SEM VÍTIMA;AREIAS;AV RECIFE;SUBURBIO;CHOQUE OBJETO FIXO;1;;;;;;;;0;;Bom;Não existe;Perfeito estado;Seca;Perfeito estado;Não existe;Outras;60 km/h;2019
28/07/2019;11:45:00;SEM VÍTIMA;NOVA DESCOBERTA;RUA DANTAS;;CHOQUE;1;;;;;;;;0;;;;;;;;;;2019
28/07/2019;11:55:00;SEM VÍTIMA;GUABIRABA;EST DOS MACACOS;;ABALROAMENTO TRANSVERSAL;2;;;;;;;;0;;Chuvoso;Não existe;Não existente;Molhada;Perfeito estado;Não existe;Outras;;2019
28/07/2019;12:41:00;SEM VÍTIMA;TORRE;RUA SOUZA BANDEIRA;SUBURBIO;COLISÃO FRONTAL;2;;;;;;;;0;;Bom;Sem defeito;Incompleta;Seca;Perfeito estado;Não existe;R-6a;40 km/h;2019
28/07/2019;13:31:00;SEM VÍTIMA;GRAÇAS;PRC DO ENTRONCAMENTO;;COLISÃO;2;;;;;;;;0;;;;;;;;;;2019
28/07/2019;14:03:00;SEM VÍTIMA;BOA VISTA;RUA JOSE DE ALENCAR;SUBURBIO;CHOQUE VEÍCULO PARADO;2;;;;;;;;0;;Bom;Não existe;Perfeito estado;Seca;Perfeito estado;;R-6a;;2019
28/07/2019;14:16:00;COM VÍTIMA;CORDEIRO;AV CAXANGA;;ABALROAMENTO LONGITUDINAL;1;1;;;;;;;1;;Bom;Sem defeito;Perfeito estado;Seca;Perfeito estado;Não existe;R-6a;;2019
28/07/2019;19:13:00;COM VÍTIMA;VÁRZEA;AV PROFESSOR LUIZ FREIRE;SUBURBIO;ABALROAMENTO TRANSVERSAL;1;1;;;;;;;1;;Bom;Não existe;Perfeito estado;Seca;Perfeito estado;;;;2019
28/07/2019;20:22:00;SEM VÍTIMA;TAMARINEIRA;RUA CONEGO BARATA;;COLISÃO;1;;;;1;;;;0;;;;;;;;;;2019
28/07/2019;20:59:00;COM VÍTIMA;VÁRZEA;RUA ACADEMICO HELIO RAMOS;BR 101;ABALROAMENTO TRANSVERSAL;1;1;;;;;;;1;;Chuvoso;Com defeito;Perfeito estado;Molhada;Perfeito estado;Faixa de pedestre;R-19;30 km/h;2019
28/07/2019;21:38:00;SEM VÍTIMA;PINA;AV REPUBLICA DO LIBANO;SUBURBIO;COLISÃO TRASEIRA;2;;;;;;;;0;;Bom;Não existe;Perfeito estado;Seca;Perfeito estado;Não existe;Outras;60 km/h;2019
28/07/2019;22:51:00;COM VÍTIMA;MUSTARDINHA;PRC A B C;SUBURBIO;COLISÃO COM CICLISTA;1;;1;;;;;;1;;Chuvoso;Não existe;Perfeito estado;Molhada;Perfeito estado;Faixa de pedestre;R-6a;30 km/h;2019
28/07/2019;23:04:00;SEM VÍTIMA;SANTO AMARO;AV CRUZ CABUGA;;ABALROAMENTO TRANSVERSAL;1;;;;1;;;;0;;Bom;Não existe;Perfeito estado;Seca;Perfeito estado;Faixa de pedestre;Placas Pare;;2019
29/07/2019;06:05:00;COM VÍTIMA;MACAXEIRA;AV NORTE;SUBURBIO;CHOQUE OBJETO FIXO;1;;;;;;;;1;;Chuvoso;Não existe;Perfeito estado;Molhada;Perfeito estado;Não existe;Outras;;2019
29/07/2019;06:57:00;COM VÍTIMA;IBURA;AV PERNAMBUCO;CIDADE;ABALROAMENTO LONGITUDINAL;1;1;;;1;;;;2;;Bom;Não existe;Perfeito estado;Seca;Perfeito estado;Não existe;R-6a;;2019
29/07/2019;07:41:00;SEM VÍTIMA;CABANGA;VIADUTO CAPITAO TEMUDO;CIDADE;COLISÃO TRASEIRA;2;;;;;;;;0;;Bom;Não existe;Perfeito estado;Seca;Perfeito estado;Não existe;Não há placas;60 km/h;2019
29/07/2019;08:30:00;SEM VÍTIMA;BEBERIBE;AV BEBERIBE;CIDADE;COLISÃO;1;;;;1;;;;0;;;;;;;;;;2019
29/07/2019;09:12:00;SEM VÍTIMA;BOA VISTA;RUA VELHA;;COLISÃO;2;;;;;;;;0;;;;;;;;;;2019
29/07/2019;09:27:00;SEM VÍTIMA;BOA VISTA;RUA DOM BOSCO;;COLISÃO;2;;;;;;;;0;;;;;;;;;;2019
29/07/2019;09:36:00;SEM VÍTIMA;BOA VISTA;RUA DA SOLEDADE;SUBURBIO;COLISÃO TRASEIRA;1;1;;;;;;;0;;Bom;Sem defeito;Perfeito estado;Seca;Perfeito estado;Faixa de pedestre;R-6a;;2019
29/07/2019;09:39:00;SEM VÍTIMA;BOA VIAGEM;RUA FELIX DE BRITO E MELO;;COLISÃO;1;;;;;1;;;0;;;;;;;;;;2019
29/07/2019;09:59:00;SEM VÍTIMA;AREIAS;AV RECIFE;CIDADE;ABALROAMENTO LONGITUDINAL;1;1;;;;;;;0;;Bom;Sem defeito;Perfeito estado;Seca;Perfeito estado;Faixa de pedestre;Outras;;2019
29/07/2019;10:11:00;COM VÍTIMA;MUSTARDINHA;RUA VINTE E UM DE ABRIL;SAN MARTNI;ATROPELAMENTO;1;;;1;;;;;1;;Bom;Não existe;Incompleta;Seca;Perfeito estado;Não existe;Não há placas;;2019
29/07/2019;10:16:00;SEM VÍTIMA;ILHA DO RETIRO;RUA TABAIARES;SUBURBIO;COLISÃO FRONTAL;2;;;;;;;;0;;Bom;Não existe;Perfeito estado;Seca;Perfeito estado;Não existe;Não há placas;;2019
29/07/2019;10:35:00;SEM VÍTIMA;ESPINHEIRO;RUA DA HORA;CIDADE;ABALROAMENTO TRANSVERSAL;2;;;;;;;;0;;Bom;Não existe;Perfeito estado;Seca;Perfeito estado;Faixa de pedestre;Placas Pare;;2019
29/07/2019;10:43:00;SEM VÍTIMA;AFOGADOS;RUA COSME VIANA;;ABALROAMENTO LONGITUDINAL;2;;;;;;;;0;;Bom;Sem defeito;Perfeito estado;Seca;Perfeito estado;Faixa de pedestre;Não há placas;;2019
29/07/2019;10:47:00;SEM VÍTIMA;DERBY;AV GOVERNADOR AGAMENON MAGALHAES;SUBURBIO;ABALROAMENTO LONGITUDINAL;1;;;;;1;;;0;;Bom;Não existe;Perfeito estado;Seca;Perfeito estado;Não existe;Não há placas;60 km/h;2019
29/07/2019;11:18:00;SEM VÍTIMA;CASA AMARELA;RUA MAJOR NEREU GUERRA;CIDADE;COLISÃO TRASEIRA;1;;;;1;;;;0;;Bom;Sem defeito;Perfeito estado;Seca;Perfeito estado;Faixa de pedestre;Não há placas;;2019
29/07/2019;11:55:00;COM VÍTIMA;BOA VIAGEM;AV ENGENHEIRO DOMINGOS FERREIRA;SUBURBIO;ABALROAMENTO TRANSVERSAL;1;;;;1;;;;1;;Bom;Sem defeito;Perfeito estado;Seca;Perfeito estado;Não existe;Não há placas;;2019
29/07/2019;12:28:00;COM VÍTIMA;CAXANGÁ;AV CAXANGA;SUBURBIO;ATROPELAMENTO;;;;1;1;;;;1;;Bom;Sem defeito;Perfeito estado;Seca;Perfeito estado;Agente;Outras;;2019
29/07/2019;12:30:00;SEM VÍTIMA;ESPINHEIRO;AV GOVERNADOR AGAMENON MAGALHAES;;COLISÃO;2;;;;;;;;0;;;;;;;;;;2019
29/07/2019;12:31:00;SEM VÍTIMA;MADALENA;RUA REAL DA TORRE;SUBURBIO;ABALROAMENTO LONGITUDINAL;1;;;;1;;;;0;;Chuvoso;Sem defeito;Perfeito estado;Molhada;Perfeito estado;Faixa de pedestre;;;2019
29/07/2019;13:17:00;SEM VÍTIMA;IMBIRIBEIRA;AV MARECHAL MASCARENHAS DE MORAES;SUBURBIO;ABALROAMENTO LONGITUDINAL;1;1;;;;;;;0;;Bom;Sem defeito;Perfeito estado;Seca;Perfeito estado;Faixa de retenção;Não há placas;;2019
29/07/2019;14:45:00;SEM VÍTIMA;SAN MARTIN;AV ENGENHEIRO ABDIAS DE CARVALHO;CIDADE;ABALROAMENTO LONGITUDINAL;1;;;;;1;;;0;;Bom;Sem defeito;Perfeito estado;Seca;Perfeito estado;Agente;R-6a;;2019
29/07/2019;15:12:00;SEM VÍTIMA;PINA;AV ANTONIO DE GOES;CIDADE;COLISÃO TRASEIRA;2;;;;;;;;0;;Bom;Não existe;Perfeito estado;Seca;Perfeito estado;Não existe;Placas Pare;;2019
29/07/2019;15:49:00;SEM VÍTIMA;SANTO ANTÔNIO;RUA SIQUEIRA CAMPOS;SUBURBIO;ABALROAMENTO TRANSVERSAL;1;;;;1;;;;0;;Bom;Sem defeito;Perfeito estado;Seca;Perfeito estado;;Outras;40 km/h;2019
29/07/2019;15:59:00;SEM VÍTIMA;CAJUEIRO;AV CIDADE DE MONTEIRO;CIDADE;ABALROAMENTO TRANSVERSAL;;;;;1;1;;;0;;Bom;Não existe;Incompleta;Seca;Mal conservada;Não existe;Não há placas;;2019
29/07/2019;16:27:00;SEM VÍTIMA;BOA VIAGEM;RUA ALFREDO MARCONDES;;COLISÃO;3;;;;;;;;0;;;;;;;;;;2019
29/07/2019;17:18:00;SEM VÍTIMA;CORDEIRO;AV INACIO MONTEIRO;CIDADE;ABALROAMENTO LONGITUDINAL;1;1;;;;;;;0;;Bom;Não existe;Perfeito estado;Seca;Perfeito estado;Não existe;Não há placas;;2019
29/07/2019;17:57:00;SEM VÍTIMA;BOA VIAGEM;AV DES JOSE NEVES;CIDADE;ABALROAMENTO LONGITUDINAL;2;;;;;;;;0;;Bom;Sem defeito;Perfeito estado;Seca;Perfeito estado;Faixa de pedestre;Outras;;2019
29/07/2019;23:57:00;SEM VÍTIMA;ARRUDA;AV PROFESSOR JOSE DOS ANJOS;CIDADE;CHOQUE VEÍCULO PARADO;2;;;;;;;;0;;Bom;Não existe;Perfeito estado;Seca;Perfeito estado;Não existe;Outras;40 km/h;2019
30/07/2019;08:06:00;SEM VÍTIMA;ESPINHEIRO;AV GOVERNADOR AGAMENON MAGALHAES;CIDADE;COLISÃO TRASEIRA;1;;;;;1;;;0;;Bom;Sem defeito;Perfeito estado;Seca;Perfeito estado;Outros;Outras;60 km/h;2019
30/07/2019;08:14:00;SEM VÍTIMA;IPSEP;AV RECIFE;CIDADE;COLISÃO TRASEIRA;4;;;;;;;;0;;Chuvoso;Não existe;Perfeito estado;Molhada;Perfeito estado;Não existe;Não há placas;60 km/h;2019
30/07/2019;08:20:00;SEM VÍTIMA;POÇO DA PANELA;RUA OLIVEIRA GOES;SUBURBIO;COLISÃO FRONTAL;2;;;;;;;;0;;Bom;Não existe;Incompleta;Seca;Perfeito estado;Não existe;Placas Pare;20 km/h;2019
30/07/2019;08:40:00;COM VÍTIMA;ESPINHEIRO;AV GOVERNADOR AGAMENON MAGALHAES;SUBURBIO;ENGAVETAMENTO;2;2;;;;;;;2;;Bom;Sem defeito;Perfeito estado;Seca;Perfeito estado;Outros;Outras;;2019
30/07/2019;09:21:00;SEM VÍTIMA;BOA VIAGEM;AV BOA VIAGEM;CIDADE;COLISÃO TRASEIRA;3;;;;;;;;0;;Bom;Sem defeito;Perfeito estado;Seca;Perfeito estado;Não existe;Não há placas;60 km/h;2019
30/07/2019;09:24:00;SEM VÍTIMA;PAISSANDU;RUA VIS DO LIVRAMENTO;;COLISÃO;2;;;;;;;;0;;;;;;;;;;2019
30/07/2019;09:43:00;SEM VÍTIMA;BOA VIAGEM;AV FERNANDO SIMOES BARBOSA;;COLISÃO;1;;;;;1;;;0;;;;;;;;;;2019
30/07/2019;09:59:00;SEM VÍTIMA;BOA VIAGEM;RUA DOS NAVEGANTES;SUBURBIO;ABALROAMENTO LONGITUDINAL;1;1;;;;;;;0;;Bom;Não existe;Perfeito estado;Seca;Perfeito estado;Não existe;Não há placas;;2019
30/07/2019;10:34:00;SEM VÍTIMA;CASA FORTE;AV DEZESSETE DE AGOSTO;SUBURBIO;COLISÃO TRASEIRA;2;;;;;;;;0;;Chuvoso;Sem defeito;Perfeito estado;Molhada;Perfeito estado;;Outras;;2019
30/07/2019;12:33:00;SEM VÍTIMA;BOA VIAGEM;RUA BALTAZAR PASSOS;;COLISÃO;2;;;;;;;;0;;;;;;;;;;2019
30/07/2019;13:01:00;SEM VÍTIMA;DERBY;AV GOVERNADOR AGAMENON MAGALHAES;;COLISÃO TRASEIRA;2;;;;;;;;0;;Bom;Sem defeito;Perfeito estado;Seca;Perfeito estado;;;60 km/h;2019
30/07/2019;13:19:00;SEM VÍTIMA;GRAÇAS;AV RUI BARBOSA;;COLISÃO;2;;;;;;;;0;;;;;;;;;;2019
30/07/2019;13:24:00;SEM VÍTIMA;PINA;AV ANTONIO DE GOES;OLINDA;COLISÃO;3;;;;;;;;0;;;;;;;;;;2019
30/07/2019;13:59:00;COM VÍTIMA;DERBY;RUA DR SEVERINO PINHEIRO;CIDADE;COLISÃO COM CICLISTA;1;;1;;;;;;1;;Bom;Não existe;Perfeito estado;Seca;Perfeito estado;Não existe;R-6a;;2019
30/07/2019;14:26:00;SEM VÍTIMA;BOA VIAGEM;AV ENGENHEIRO DOMINGOS FERREIRA;SUBURBIO;ABALROAMENTO LONGITUDINAL;1;1;;;;;;;0;;Bom;Sem defeito;Perfeito estado;Seca;Perfeito estado;Faixa de retenção;;60 km/h;2019
30/07/2019;15:11:00;SEM VÍTIMA;ILHA DO LEITE;RUA DOS COELHOS;;COLISÃO;2;;;;;;;;0;;;;;;;;;;2019
30/07/2019;15:29:00;SEM VÍTIMA;IMBIRIBEIRA;AV MARECHAL MASCARENHAS DE MORAES;CIDADE;COLISÃO TRASEIRA;2;;;;;;;;0;;Chuvoso;Sem defeito;Perfeito estado;Seca;Perfeito estado;Faixa de pedestre;Outras;60 km/h;2019
30/07/2019;15:42:00;SEM VÍTIMA;TORRE;RUA MARQUES DE MARICA;;ABALROAMENTO TRANSVERSAL;1;1;;;;;;;0;;Chuvoso;Não existe;Perfeito estado;Molhada;Perfeito estado;Não existe;Placas Pare;;2019
30/07/2019;16:02:00;SEM VÍTIMA;PARNAMIRIM;EST DO ENCANAMENTO;CIDADE;COLISÃO TRASEIRA;2;;;;;;;;0;;Chuvoso;Sem defeito;Perfeito estado;Molhada;Perfeito estado;Faixa de pedestre;Outras;40 km/h;2019
30/07/2019;16:02:00;SEM VÍTIMA;TEJIPIÓ;AV DR JOSE RUFINO;CIDADE;ABALROAMENTO TRANSVERSAL;2;;;;;;;;0;;Chuvoso;Não existe;Perfeito estado;Molhada;Perfeito estado;Não existe;Não há placas;;2019
30/07/2019;16:11:00;SEM VÍTIMA;TORRE;RUA PIO NONO;SUBURBIO;COLISÃO TRASEIRA;1;;;;;;;1;0;;Bom;Não existe;Perfeito estado;Seca;Perfeito estado;;Outras;;2019
30/07/2019;16:44:00;SEM VÍTIMA;ESPINHEIRO;RUA DO ESPINHEIRO;CIDADE;ABALROAMENTO TRANSVERSAL;2;;;;;;;;0;;Chuvoso;Não existe;Perfeito estado;Molhada;Perfeito estado;Faixa de pedestre;Placas Pare;;2019
30/07/2019;17:13:00;SEM VÍTIMA;PASSARINHO;EST DE PASSARINHO;;COLISÃO;2;;;;;;;;0;;;;;;;;;;2019
30/07/2019;17:30:00;SEM VÍTIMA;ROSARINHO;AV NORTE;CIDADE;COLISÃO TRASEIRA;2;;;;;;;;0;;Chuvoso;Sem defeito;Perfeito estado;Molhada;Perfeito estado;Faixa de pedestre;Não há placas;60 km/h;2019
30/07/2019;17:13:00;SEM VÍTIMA;IMBIRIBEIRA;AV MARECHAL MASCARENHAS DE MORAES;CIDADE;COLISÃO TRASEIRA;2;;;;;;;;0;;Chuvoso;Sem defeito;Perfeito estado;Molhada;Perfeito estado;;;;2019
30/07/2019;17:47:00;SEM VÍTIMA;SANTO AMARO;AV NORTE;;COLISÃO TRASEIRA;4;;;;;;;;0;;Chuvoso;Não existe;Incompleta;Molhada;Mal iluminada;Não existe;Outras;;2019
30/07/2019;18:07:00;COM VÍTIMA;BAIRRO DO RECIFE;RUA DO APOLO;CIDADE;ATROPELAMENTO;1;;;1;;;;;1;;Bom;Não existe;Perfeito estado;Seca;Perfeito estado;Não existe;Não há placas;;2019
30/07/2019;18:28:00;SEM VÍTIMA;IMBIRIBEIRA;AV MARECHAL MASCARENHAS DE MORAES;CIDADE;COLISÃO TRASEIRA;2;;;;;;;;0;;Chuvoso;Não existe;Perfeito estado;Seca;Perfeito estado;Não existe;Não há placas;;2019
30/07/2019;19:22:00;SEM VÍTIMA;ÁGUA FRIA;AV BEBERIBE;;ABALROAMENTO TRANSVERSAL;2;;;;;;;;0;;Chuvoso;Não existe;;Molhada;Perfeito estado;Não existe;Outras;;2019
30/07/2019;19:33:00;COM VÍTIMA;VÁRZEA;RUA BARAO DE CERRO LARGO;;COLISÃO;1;1;;;;;;;1;;;;;;;;;;2019
30/07/2019;19:46:00;SEM VÍTIMA;PAISSANDU;RUA GENERAL JOAQUIM INACIO;CIDADE;ABALROAMENTO LONGITUDINAL;2;;;;;;;;0;;Chuvoso;Sem defeito;Perfeito estado;Molhada;Perfeito estado;Faixa de pedestre;;60 km/h;2019
30/07/2019;19:57:00;SEM VÍTIMA;ESTÂNCIA;RUA ORLEANS;;CHOQUE;1;;;;;;;1;0;;;;;;;;;;2019
30/07/2019;20:14:00;SEM VÍTIMA;BOA VIAGEM;AV FERNANDO SIMOES BARBOSA;;COLISÃO;2;;;;;;;;0;;;;;;;;;;2019
30/07/2019;20:37:00;COM VÍTIMA;BARRO;AV CENTRAL;SUBURBIO;ATROPELAMENTO;;;;1;1;;;;1;;Chuvoso;Não existe;;Molhada;Perfeito estado;Outros;Outras;;2019
30/07/2019;20:58:00;SEM VÍTIMA;BOA VIAGEM;AV CONSELHEIRO AGUIAR;;COLISÃO TRASEIRA;2;;;;;;;;0;;Chuvoso;Não existe;Perfeito estado;Molhada;;Não existe;R-6a;60 km/h;2019
31/07/2019;09:05:00;SEM VÍTIMA;ENCRUZILHADA;AV BEBERIBE;CIDADE;ABALROAMENTO LONGITUDINAL;1;;;;1;;;;0;;Chuvoso;Não existe;Perfeito estado;Molhada;Perfeito estado;Não existe;R-6a;60 km/h;2019
31/07/2019;09:33:00;SEM VÍTIMA;DERBY;RUA JENER DE SOUZA;CIDADE;ABALROAMENTO LONGITUDINAL;1;;;;1;;;;0;;Chuvoso;Não existe;Incompleta;Molhada;Perfeito estado;Não existe;Não há placas;;2019
31/07/2019;09:38:00;SEM VÍTIMA;MACAXEIRA;AV NORTE;CIDADE;ABALROAMENTO LONGITUDINAL;;;;;;1;;;0;;Chuvoso;Não existe;Perfeito estado;Molhada;Perfeito estado;Não existe;Não há placas;;2019
31/07/2019;09:59:00;SEM VÍTIMA;BOA VISTA;RUA GERVASIO PIRES;;COLISÃO;3;;;;;1;;;0;;;;;;;;;;2019
31/07/2019;10:05:00;SEM VÍTIMA;MADALENA;EST DOS REMEDIOS;;ABALROAMENTO LONGITUDINAL;2;;;;;;;;0;;Bom;Sem defeito;Perfeito estado;Seca;Perfeito estado;Faixa de pedestre;Outras;;2019
31/07/2019;10:32:00;SEM VÍTIMA;ESPINHEIRO;RUA CONS PORTELA;;ABALROAMENTO LONGITUDINAL;1;;;;1;;;;0;;Bom;Não existe;Perfeito estado;Seca;Perfeito estado;Faixa de pedestre;R-6a;;2019
31/07/2019;10:42:00;SEM VÍTIMA;TORRE;RUA ANA NERY;SUBURBIO;ABALROAMENTO LONGITUDINAL;2;;;;;;;;0;;Bom;Não existe;Perfeito estado;Seca;Perfeito estado;Não existe;Não há placas;;2019
31/07/2019;10:53:00;SEM VÍTIMA;BOA VIAGEM;RUA ERNESTO DE PAULA SANTOS;SUBURBIO;COLISÃO FRONTAL;2;;;;;;;;0;;Chuvoso;Não existe;Não existente;Seca;Perfeito estado;Não existe;Não há placas;;2019
31/07/2019;11:33:00;SEM VÍTIMA;ENCRUZILHADA;RUA INACIO GALVAO DOS SANTOS;SUBURBIO;CHOQUE VEÍCULO PARADO;1;;;;;;;;0;;Bom;Não existe;Perfeito estado;Seca;Perfeito estado;Não existe;Placas Pare;;2019
31/07/2019;11:38:00;SEM VÍTIMA;BARRO;AV DR JOSE RUFINO;CIDADE;COLISÃO TRASEIRA;1;1;;;;;;;0;;Chuvoso;Sem defeito;Perfeito estado;Seca;Perfeito estado;Faixa de pedestre;Outras;;2019
31/07/2019;11:41:00;SEM VÍTIMA;VÁRZEA;RUA PROFESSOR ANTONIO COELHO;SUBURBIO;ABALROAMENTO TRANSVERSAL;2;;;;;;;;0;;Bom;Não existe;Perfeito estado;Seca;Perfeito estado;Faixa de pedestre;Placas Pare;;2019
31/07/2019;11:51:00;SEM VÍTIMA;IMBIRIBEIRA;AV MARECHAL MASCARENHAS DE MORAES;CIDADE;ABALROAMENTO LONGITUDINAL;1;;;;;1;;;0;;Bom;Sem defeito;Perfeito estado;Seca;;Faixa de pedestre;Não há placas;60 km/h;2019
31/07/2019;11:54:00;COM VÍTIMA;GRAÇAS;RUA JOAO RAMOS;SUBURBIO;ABALROAMENTO TRANSVERSAL;1;1;;;;;;;1;;Bom;Não existe;Perfeito estado;Seca;Perfeito estado;Outros;Placas Pare;;2019
31/07/2019;12:09:00;SEM VÍTIMA;LINHA DO TIRO;RUA URIEL DE HOLANDA;;COLISÃO;1;;;;1;;;;0;;;;;;;;;;2019
31/07/2019;12:12:00;SEM VÍTIMA;ÁGUA FRIA;RUA ALEGRE;SUBURBIO;COLISÃO TRASEIRA;;;;;1;1;;;0;;Bom;Não existe;Perfeito estado;Seca;Perfeito estado;Não existe;Não há placas;50 km/h;2019
31/07/2019;13:55:00;SEM VÍTIMA;;RUA ANTONIO VICENTE;;CHOQUE VEÍCULO PARADO;2;;;;;;;;0;;Chuvoso;Não existe;Incompleta;Seca;Perfeito estado;Não existe;Não há placas;;2019
31/07/2019;15:10:00;COM VÍTIMA;AREIAS;AV TENENTE FELIPE BANDEIRA DE MELO;;ATROPELAMENTO;1;;;1;;;;;1;;Bom;Não existe;;Seca;Perfeito estado;Outros;Não há placas;;2019
31/07/2019;15:11:00;SEM VÍTIMA;CORDEIRO;AV CAXANGA;CIDADE;ABALROAMENTO LONGITUDINAL;1;2;;;;;;;0;;Bom;;Perfeito estado;Seca;Perfeito estado;Não existe;R-6a;;2019
31/07/2019;15:27:00;SEM VÍTIMA;BOA VIAGEM;AV CONSELHEIRO AGUIAR;SUBURBIO;ABALROAMENTO TRANSVERSAL;1;;;;1;;;;0;;Bom;Sem defeito;Perfeito estado;Seca;Perfeito estado;Não existe;Não há placas;;2019
31/07/2019;15:40:00;SEM VÍTIMA;DERBY;RUA BENFICA;CIDADE;COLISÃO TRASEIRA;1;;;;1;;;;0;;Bom;Não existe;Perfeito estado;Seca;Perfeito estado;Não existe;Outras;;2019
31/07/2019;15:44:00;COM VÍTIMA;IPUTINGA;AV MAURICIO DE NASSAU;SUBURBIO;COLISÃO COM CICLISTA;1;;1;;;;;;1;;Bom;Não existe;Perfeito estado;Seca;Perfeito estado;Não existe;Não há placas;;2019
31/07/2019;15:46:00;SEM VÍTIMA;ESPINHEIRO;RUA MARQUES DO PARANA;;ABALROAMENTO LONGITUDINAL;2;;;;;;;;0;;Bom;Não existe;Perfeito estado;Seca;Perfeito estado;Não existe;Placas Pare;;2019
31/07/2019;15:58:00;SEM VÍTIMA;DERBY;RUA BENFICA;CIDADE;COLISÃO;1;;;;1;;;;0;;;;;;;;;;2019
31/07/2019;16:30:00;SEM VÍTIMA;TORRE;RUA DOM MANOEL DA COSTA;;COLISÃO;3;;;;;;;;0;;;;;;;;;;2019
31/07/2019;16:36:00;SEM VÍTIMA;DERBY;AV GOVERNADOR AGAMENON MAGALHAES;SUBURBIO;COLISÃO;2;;;;;;;;0;;;;;;;;;;2019