data;hora;natureza_acidente;bairro;endereco;sentido_via;tipo;auto;moto;ciclista;pedestre;onibus;caminhao;viatura;outros;vitimas;vitimasfatais;tempo_clima;situacao_semaforo;sinalizacao;condicao_via;conservacao_via;ponto_controle;situacao_placa;velocidade_max_via;ano
31/07/2019;16:37:00;SEM VÍTIMA;GUABIRABA;AV DA RECUPERACAO;SUBURBIO;COLISÃO FRONTAL;1;1;;;;;;;0;;Bom;Não existe;Não existente;Seca;Perfeito estado;Não existe;Não há placas;;2019
31/07/2019;16:48:00;SEM VÍTIMA;BOA VISTA;AV GOVERNADOR AGAMENON MAGALHAES;;COLISÃO TRASEIRA;2;;;;;;;;0;;Chuvoso;Não existe;Perfeito estado;Seca;Perfeito estado;Não existe;Não há placas;60 km/h;2019
31/07/2019;16:57:00;SEM VÍTIMA;ESTÂNCIA;AV DR JOSE RUFINO;SUBURBIO;ABALROAMENTO LONGITUDINAL;;;;;2;;;;0;;Chuvoso;Sem defeito;Perfeito estado;Molhada;Perfeito estado;Faixa de pedestre;Outras;60 km/h;2019
31/07/2019;17:04:00;SEM VÍTIMA;MADALENA;RUA BENFICA;CIDADE;ABALROAMENTO LONGITUDINAL;;;;;;1;;1;0;;Bom;Não existe;Não existente;Seca;Mal conservada;Não existe;Não há placas;;2019
31/07/2019;17:12:00;COM VÍTIMA;ESPINHEIRO;RUA BUENOS AYRES;OLINDA;ABALROAMENTO TRANSVERSAL;1;2;;;;;;;1;;Bom;Sem defeito;Perfeito estado;Seca;Perfeito estado;Faixa de pedestre;Outras;;2019
31/07/2019;18:06:00;SEM VÍTIMA;IPSEP;RUA JEAN EMILE FAVRE;SUBURBIO;ABALROAMENTO TRANSVERSAL;1;;;;;1;;;0;;Bom;Não existe;Perfeito estado;Seca;Perfeito estado;Não existe;Não há placas;;2019
31/07/2019;18:57:00;SEM VÍTIMA;PRADO;RUA SANTA EDWIRGES;SUBURBIO;ABALROAMENTO TRANSVERSAL;2;;;;;;;;0;;Chuvoso;Não existe;Incompleta;Molhada;Mal conservada;;Não há placas;;2019
31/07/2019;19:16:00;SEM VÍTIMA;MADALENA;AV VISCONDE DE ALBUQUERQUE;;COLISÃO;2;;;;;;;;0;;;;;;;;;;2019
31/07/2019;20:10:00;COM VÍTIMA;CORDEIRO;AV MAURICIO DE NASSAU;CIDADE;COLISÃO COM CICLISTA;1;;1;;;;;;1;;Chuvoso;Não existe;Perfeito estado;Molhada;Perfeito estado;Não existe;Não há placas;40 km/h;2019
31/07/2019;21:12:00;SEM VÍTIMA;TORRE;RUA JOSE BONIFACIO;;COLISÃO;;2;;;;;;;0;;;;;;;;;;2019
31/07/2019;21:40:00;SEM VÍTIMA;PARNAMIRIM;RUA JOAO TUDE DE MELO;;COLISÃO TRASEIRA;2;;;;;;;;0;;Chuvoso;Sem defeito;Perfeito estado;Molhada;Perfeito estado;Faixa de pedestre;Não há placas;;2019
01/08/2019;00:00:00;SEM VÍTIMA;ESPINHEIRO;AV CONS ROSA E SILVA;SUBURBIO;ABALROAMENTO LONGITUDINAL;;;;;;;;;0;;;;;;;;;;2019
01/08/2019;11:57:00;SEM VÍTIMA;IBURA;AV DOIS RIOS;;COLISÃO;1;1;;;;;;;0;;;;;;;;;;2019
01/08/2019;04:40:00;SEM VÍTIMA;CASA AMARELA;RUA PAULA BATISTA;CIDADE;ABALROAMENTO TRANSVERSAL;2;;;;;;;;0;;Bom;Não existe;Incompleta;Seca;;Não existe;Placas Pare;;2019
01/08/2019;07:06:00;SEM VÍTIMA;GRAÇAS;RUA XAVIER MARQUES;;COLISÃO;2;;;;;;;;0;;;;;;;;;;2019
01/08/2019;07:10:00;SEM VÍTIMA;JARDIM SÃO PAULO;RUA LEANDRO BARRETO;CIDADE;COLISÃO TRASEIRA;2;;;;;;;;0;;Bom;Não existe;Não existente;Seca;Perfeito estado;Não existe;Não há placas;;2019
01/08/2019;07:54:00;SEM VÍTIMA;JARDIM SÃO PAULO;RUA LEANDRO BARRETO;;COLISÃO;2;;;;;;;;0;;;;;;;;;;2019
01/08/2019;07:56:00;COM VÍTIMA;MADALENA;RUA BENFICA;SUBURBIO;ABALROAMENTO LONGITUDINAL;1;1;;;;;;;1;;Bom;Sem defeito;Perfeito estado;Seca;Perfeito estado;Faixa de pedestre;R-6a;;2019
01/08/2019;08:01:00;SEM VÍTIMA;CORDEIRO;AV ENGENHEIRO ABDIAS DE CARVALHO;CIDADE;ABALROAMENTO LONGITUDINAL;1;1;;;;;1;;0;;Bom;Sem defeito;Perfeito estado;Seca;Perfeito estado;Agente;R-6a;;2019
01/08/2019;08:27:00;SEM VÍTIMA;MACAXEIRA;;;ABALROAMENTO LONGITUDINAL;2;;;;;;;;0;;Bom;Não existe;Perfeito estado;Seca;Perfeito estado;Não existe;Não há placas;;2019
01/08/2019;08:33:00;SEM VÍTIMA;BOA VISTA;PRC PARQUE AMORIM;;COLISÃO;1;;;;;;;1;0;;;;;;;;;;2019
01/08/2019;09:57:00;SEM VÍTIMA;CORDEIRO;RUA GREGORIO JUNIOR;SUBURBIO;ABALROAMENTO TRANSVERSAL;1;;;;1;;;;0;;Bom;Não existe;Não existente;Seca;Perfeito estado;Não existe;R-6a;;2019
01/08/2019;10:18:00;SEM VÍTIMA;IPSEP;AV DOM HELDER CAMARA;;ABALROAMENTO LONGITUDINAL;1;;;;1;;;;0;;Bom;Sem defeito;Não existente;Seca;Perfeito estado;;Não há placas;60 km/h;2019
01/08/2019;11:25:00;COM VÍTIMA;ROSARINHO;RUA DR JOSE MARIA;;ABALROAMENTO TRANSVERSAL;1;1;;;;;;;1;;Bom;Não existe;Perfeito estado;Seca;Perfeito estado;Não existe;Outras;;2019
01/08/2019;11:42:00;SEM VÍTIMA;BOA VIAGEM;RUA BARAO DE SOUZA LEAO;SUBURBIO;ABALROAMENTO LONGITUDINAL;1;;;;;1;;;0;;Bom;Sem defeito;Perfeito estado;Seca;Perfeito estado;Faixa de pedestre;Outras;;2019
01/08/2019;11:46:00;SEM VÍTIMA;PARNAMIRIM;AV RUI BARBOSA;;COLISÃO;2;;;;;;;;0;;;;;;;;;;2019
01/08/2019;12:22:00;SEM VÍTIMA;GRAÇAS;RUA CONFEDERACAO DO EQUADOR;CIDADE;COLISÃO TRASEIRA;2;;;;;;;;0;;Bom;Não existe;Não existente;Seca;Perfeito estado;Não existe;Não há placas;;2019
01/08/2019;13:18:00;SEM VÍTIMA;SANTO AMARO;RUA DOS PALMARES;SUBURBIO;COLISÃO TRASEIRA;2;;;;;;;;0;;Bom;Sem defeito;Perfeito estado;Seca;Perfeito estado;Não existe;Não há placas;;2019
01/08/2019;13:23:00;SEM VÍTIMA;TEJIPIÓ;AV PADRE IBIAPINA;;CHOQUE VEÍCULO PARADO;2;;;;;;;;0;;Bom;Não existe;Incompleta;Seca;Perfeito estado;Não existe;Não há placas;;2019
01/08/2019;13:49:00;SEM VÍTIMA;CABANGA;AV SATURNINO DE BRITO;SUBURBIO;COLISÃO TRASEIRA;2;;;;;;;;0;;Bom;Sem defeito;Perfeito estado;Seca;Perfeito estado;Faixa de pedestre;Não há placas;50 km/h;2019
01/08/2019;14:05:00;SEM VÍTIMA;CASA FORTE;AV DEZESSETE DE AGOSTO;;COLISÃO;2;;;;;;;;0;;;;;;;;;;2019
01/08/2019;14:36:00;COM VÍTIMA;CAXANGÁ;AV CAXANGA;;ATROPELAMENTO;;1;;1;;;;;1;;;;;;;;;;2019
01/08/2019;14:39:00;SEM VÍTIMA;JARDIM SÃO PAULO;AV PIRACICABA;CIDADE;COLISÃO TRASEIRA;1;;;;1;;;;0;;Bom;Não existe;Perfeito estado;Seca;Perfeito estado;;Outras;;2019
01/08/2019;14:45:00;SEM VÍTIMA;IMBIRIBEIRA;AV MARECHAL MASCARENHAS DE MORAES;CIDADE;ABALROAMENTO LONGITUDINAL;1;;;;;1;;;0;;Bom;Sem defeito;Perfeito estado;Seca;Perfeito estado;Não existe;Não há placas;;2019
01/08/2019;15:45:00;SEM VÍTIMA;IPSEP;RUA PROFESSOR JOSE VICENTE;;COLISÃO;2;;;;;;;;0;;;;;;;;;;2019
01/08/2019;16:16:00;SEM VÍTIMA;IPUTINGA;EST DO CAIARA;SUBURBIO;ABALROAMENTO LONGITUDINAL;2;;;;;;;;0;;Bom;Não existe;Perfeito estado;Seca;Perfeito estado;;Não há placas;;2019
01/08/2019;16:25:00;SEM VÍTIMA;APIPUCOS;RUA DE APIPUCOS;;ABALROAMENTO TRANSVERSAL;3;;;;;;;;0;;Bom;Sem defeito;Perfeito estado;Seca;Perfeito estado;Não existe;Não há placas;;2019
01/08/2019;16:32:00;SEM VÍTIMA;SANTO AMARO;RUA DA FUNDICAO;SUBURBIO;ABALROAMENTO LONGITUDINAL;;;;;;2;;;0;;Bom;Não existe;Perfeito estado;Seca;Perfeito estado;Não existe;Não há placas;;2019
01/08/2019;16:37:00;SEM VÍTIMA;SANTO AMARO;RUA CAPITAO LIMA;;COLISÃO;;;;;;1;;1;0;;;;;;;;;;2019
01/08/2019;17:14:00;SEM VÍTIMA;BOA VIAGEM;RUA DEZ DE JULHO;;COLISÃO TRASEIRA;2;;;;;;;;0;;Chuvoso;Não existe;Perfeito estado;Molhada;Perfeito estado;Não existe;Outras;40 km/h;2019
01/08/2019;17:17:00;SEM VÍTIMA;JOANA BEZERRA;AV BEIRA RIO;CIDADE;ABALROAMENTO TRANSVERSAL;1;1;;;;;;;0;;Chuvoso;Não existe;Perfeito estado;Molhada;Perfeito estado;Outros;Placas Pare;60 km/h;2019
01/08/2019;17:22:00;SEM VÍTIMA;BOA VIAGEM;RUA DEZ DE JULHO;;COLISÃO;2;;;;;;;;0;;;;;;;;;;2019
01/08/2019;17:26:00;COM VÍTIMA;PORTO DA MADEIRA;AV BEBERIBE;SUBURBIO;TOMBAMENTO;;1;;;;;;;1;;Chuvoso;Não existe;Incompleta;Molhada;Mal conservada;Não existe;Não há placas;;2019
01/08/2019;18:05:00;SEM VÍTIMA;IMBIRIBEIRA;AV MARECHAL MASCARENHAS DE MORAES;CIDADE;ABALROAMENTO LONGITUDINAL;1;;;;;1;;;0;;Chuvoso;Sem defeito;Perfeito estado;Molhada;Perfeito estado;Faixa de pedestre;R-6a;60 km/h;2019
01/08/2019;18:17:00;SEM VÍTIMA;ÁGUA FRIA;EST VELHA DE AGUA FRIA;;COLISÃO;1;1;;;;;;;0;;;;;;;;;;2019
01/08/2019;18:55:00;SEM VÍTIMA;IPSEP;RUA PINTOR ANTONIO ALBUQUERQUE;CIDADE;ABALROAMENTO LONGITUDINAL;1;;;;1;;;;0;;Chuvoso;Não existe;Perfeito estado;Molhada;Perfeito estado;;R-6a;40 km/h;2019
01/08/2019;19:23:00;SEM VÍTIMA;VÁRZEA;AV CAXANGA;SUBURBIO;ABALROAMENTO LONGITUDINAL;1;;;;;1;;;0;;Chuvoso;Sem defeito;Perfeito estado;Molhada;Perfeito estado;Faixa de pedestre;R-6a;;2019
01/08/2019;19:48:00;SEM VÍTIMA;DERBY;RUA JOAQUIM NABUCO;;COLISÃO;2;;;;;;;;0;;;;;;;;;;2019
01/08/2019;19:49:00;SEM VÍTIMA;MACAXEIRA;AV NORTE;SUBURBIO;ABALROAMENTO LONGITUDINAL;1;;;;;;;1;0;;Chuvoso;Não existe;Incompleta;Molhada;Mal iluminada;Não existe;Não há placas;;2019
01/08/2019;20:39:00;SEM VÍTIMA;MADALENA;RUA JOSE OSORIO;SUBURBIO;COLISÃO TRASEIRA;2;;;;;;;;0;;Chuvoso;Sem defeito;Perfeito estado;Molhada;Perfeito estado;;R-6a;40 km/h;2019
01/08/2019;21:08:00;SEM VÍTIMA;GRAÇAS;RUA DO FUTURO;;ABALROAMENTO LONGITUDINAL;;;;;1;1;;;0;;Chuvoso;Não existe;Perfeito estado;Molhada;Perfeito estado;Não existe;R-6a;30 km/h;2019
01/08/2019;21:53:00;SEM VÍTIMA;ESPINHEIRO;RUA LAURO MONTENEGRO;SUBURBIO;CHOQUE VEÍCULO PARADO;2;;;;;;;;0;;Chuvoso;Não existe;Ilegível;Molhada;Mal iluminada;Não existe;Não há placas;;2019
02/08/2019;00:03:00;SEM VÍTIMA;ESPINHEIRO;RUA DO ESPINHEIRO;;ABALROAMENTO TRANSVERSAL;2;;;;;;;;0;;Chuvoso;Sem defeito;Perfeito estado;Molhada;Perfeito estado;Faixa de pedestre;Outras;;2019
02/08/2019;07:06:00;SEM VÍTIMA;MADALENA;RUA DES LUIZ SALAZAR;;ABALROAMENTO TRANSVERSAL;2;;;;;;;;0;;Chuvoso;Não existe;Incompleta;Molhada;Perfeito estado;Não existe;Não há placas;;2019
02/08/2019;07:56:00;SEM VÍTIMA;TORRE;AV PROFESSOR ESTEVAO FRANCISCO DA COSTA;SUBURBIO;COLISÃO TRASEIRA;2;;;;;;;;0;;Chuvoso;;Perfeito estado;Molhada;Perfeito estado;Não existe;Não há placas;;2019
02/08/2019;08:12:00;SEM VÍTIMA;BOA VIAGEM;AV CONSELHEIRO AGUIAR;CIDADE;ABALROAMENTO LONGITUDINAL;2;;;;;;;;0;;Bom;Sem defeito;Perfeito estado;Seca;Perfeito estado;Faixa de pedestre;Outras;60 km/h;2019
02/08/2019;08:15:00;COM VÍTIMA;SAN MARTIN;AV GENERAL SAN MARTIN;SUBURBIO;ABALROAMENTO TRANSVERSAL;1;1;;;;;;;1;;Nublado;Não existe;Perfeito estado;Seca;Perfeito estado;Não existe;Não há placas;;2019
02/08/2019;08:21:00;SEM VÍTIMA;MACAXEIRA;AV NORTE;SUBURBIO;COLISÃO TRASEIRA;2;;;;;;;;0;;Bom;Não existe;Perfeito estado;Seca;Perfeito estado;Não existe;R-6a;60 km/h;2019
02/08/2019;08:41:00;SEM VÍTIMA;TAMARINEIRA;RUA CONEGO BARATA;SUBURBIO;ABALROAMENTO LONGITUDINAL;2;;;;;;;;0;;Nublado;Não existe;Perfeito estado;Seca;Perfeito estado;Não existe;Não há placas;;2019
02/08/2019;08:50:00;SEM VÍTIMA;PAISSANDU;AV LINS PETIT;;COLISÃO;2;;;;;;;;0;;;;;;;;;;2019
02/08/2019;10:11:00;SEM VÍTIMA;DERBY;AV GOVERNADOR AGAMENON MAGALHAES;;COLISÃO TRASEIRA;2;;;;;;;;0;;Bom;Não existe;Perfeito estado;Seca;Perfeito estado;Não existe;R-6a;60 km/h;2019
02/08/2019;10:39:00;SEM VÍTIMA;FUNDÃO;AV BEBERIBE;CIDADE;COLISÃO TRASEIRA;2;;;;1;;;;0;;Chuvoso;Sem defeito;Perfeito estado;Molhada;Perfeito estado;Faixa de pedestre;R-6a;;2019
02/08/2019;10:40:00;COM VÍTIMA;IMBIRIBEIRA;AV MARECHAL MASCARENHAS DE MORAES;CIDADE;ATROPELAMENTO;;;;1;1;;;;1;;Chuvoso;Sem defeito;Perfeito estado;Molhada;Perfeito estado;Não existe;Não há placas;60 km/h;2019
02/08/2019;11:01:00;SEM VÍTIMA;BOA VISTA;RUA GERVASIO PIRES;SUBURBIO;ABALROAMENTO LONGITUDINAL;;;;;;2;;;0;;Bom;Não existe;Perfeito estado;Seca;Perfeito estado;Não existe;Outras;;2019
02/08/2019;11:08:00;SEM VÍTIMA;CASA AMARELA;RUA CONS PERETTI;SUBURBIO;ABALROAMENTO TRANSVERSAL;2;;;;;;;;0;;Bom;Não existe;Perfeito estado;Seca;Perfeito estado;Não existe;R-6a;;2019
02/08/2019;11:10:00;SEM VÍTIMA;AREIAS;AV DR JOSE RUFINO;;ABALROAMENTO LONGITUDINAL;1;;;;;1;;;0;;Bom;Não existe;Perfeito estado;Seca;Perfeito estado;Não existe;R-6a;60 km/h;2019
02/08/2019;11:13:00;SEM VÍTIMA;BOA VIAGEM;AV ENGENHEIRO DOMINGOS FERREIRA;;ENGAVETAMENTO;3;;;;;;;;0;;;;;;;;;;2019
02/08/2019;12:32:00;SEM VÍTIMA;PAISSANDU;AV GOVERNADOR AGAMENON MAGALHAES;;COLISÃO TRASEIRA;1;1;;;;;;;0;;Bom;Sem defeito;Perfeito estado;Seca;Perfeito estado;Outros;Outras;60 km/h;2019
02/08/2019;12:32:00;SEM VÍTIMA;AFOGADOS;RUA SAO MIGUEL;;COLISÃO;1;1;;;;;;;0;;;;;;;;;;2019
02/08/2019;12:39:00;SEM VÍTIMA;BOA VIAGEM;RUA PROFESSOR JOAO MEDEIROS;;COLISÃO;2;;;;;;;;0;;;;;;;;;;2019
02/08/2019;13:01:00;COM VÍTIMA;ARRUDA;AV BEBERIBE;;COLISÃO TRASEIRA;1;1;;;;;;;1;;Bom;Sem defeito;Perfeito estado;Seca;Perfeito estado;Não existe;Não há placas;;2019
02/08/2019;14:21:00;COM VÍTIMA;ESPINHEIRO;RUA DO ESPINHEIRO;CID/SUB;ATROPELAMENTO;;;;1;1;;;;1;;Nublado;Não existe;;Seca;;Faixa de pedestre;Outras;;2019
02/08/2019;14:33:00;SEM VÍTIMA;ENCRUZILHADA;EST DE BELEM;SUBURBIO;COLISÃO TRASEIRA;2;;;;;;;;0;;Bom;Não existe;Perfeito estado;Seca;Perfeito estado;Outros;R-6a;;2019
02/08/2019;14:46:00;SEM VÍTIMA;IMBIRIBEIRA;AV MARECHAL MASCARENHAS DE MORAES;CIDADE;ABALROAMENTO LONGITUDINAL;1;;;;1;;;;0;;Bom;Sem defeito;Perfeito estado;Seca;Perfeito estado;Não existe;Outras;60 km/h;2019
02/08/2019;15:09:00;SEM VÍTIMA;BOA VIAGEM;RUA PROFESSOR EDUARDO WANDERLEY FILHO;CIDADE;ABALROAMENTO LONGITUDINAL;2;;;;;;;;0;;Bom;Não existe;Incompleta;Seca;Perfeito estado;Não existe;Outras;;2019
02/08/2019;15:20:00;SEM VÍTIMA;SÃO JOSÉ;RUA VIDAL DE NEGREIROS;SUBURBIO;ABALROAMENTO LONGITUDINAL;2;;;;;;;;0;;Bom;Sem defeito;Perfeito estado;Seca;Mal conservada;Não existe;Não há placas;;2019
02/08/2019;15:20:00;SEM VÍTIMA;BAIRRO DO RECIFE;CAIS DO APOLO;SUBURBIO;ABALROAMENTO LONGITUDINAL;2;;;;;;;;0;;Bom;Sem defeito;Perfeito estado;Seca;Perfeito estado;Não existe;R-6a;30 km/h;2019
02/08/2019;15:20:00;SEM VÍTIMA;ILHA DO RETIRO;AV ENGENHEIRO ABDIAS DE CARVALHO;SUBURBIO;ABALROAMENTO LONGITUDINAL;2;;;;;;;;0;;Bom;Não existe;Perfeito estado;Seca;Perfeito estado;Não existe;R-6a;;2019
02/08/2019;15:33:00;SEM VÍTIMA;IMBIRIBEIRA;AV MARECHAL MASCARENHAS DE MORAES;CIDADE;ABALROAMENTO LONGITUDINAL;2;;;;;;;;0;;Bom;Não existe;Perfeito estado;Seca;Perfeito estado;Não existe;Não há placas;60 km/h;2019
02/08/2019;15:35:00;SEM VÍTIMA;BOA VIAGEM;AV DES JOSE NEVES;CIDADE;ABALROAMENTO LONGITUDINAL;3;;;;;;;;0;;Bom;Não existe;Perfeito estado;Seca;Perfeito estado;Não existe;Outras;60 km/h;2019
02/08/2019;15:39:00;COM VÍTIMA;JIQUIÁ;AV DR JOSE RUFINO;SUB/CID;ABALROAMENTO TRANSVERSAL;1;1;;;;;;;1;;Bom;Não existe;Perfeito estado;Seca;Perfeito estado;;Outras;60 km/h;2019
02/08/2019;16:02:00;SEM VÍTIMA;ESPINHEIRO;AV CONS ROSA E SILVA;SUBURBIO;ABALROAMENTO LONGITUDINAL;2;;;;;;;;0;;Nublado;Sem defeito;Perfeito estado;Seca;;Faixa de pedestre;Outras;;2019
02/08/2019;16:23:00;COM VÍTIMA;SANTO AMARO;RUA DO HOSPICIO;CIDADE;ABALROAMENTO LONGITUDINAL;1;1;;;;;;;2;;Bom;Sem defeito;Perfeito estado;Seca;Perfeito estado;Faixa de pedestre;Não há placas;;2019
02/08/2019;17:41:00;SEM VÍTIMA;CAXANGÁ;AV CAXANGA;CIDADE;ABALROAMENTO LONGITUDINAL;1;1;;;;;;;0;;Bom;Não existe;Perfeito estado;Seca;Perfeito estado;Não existe;R-6a;;2019
02/08/2019;17:53:00;COM VÍTIMA;AREIAS;AV RECIFE;CIDADE;ATROPELAMENTO;;1;;1;;;;;1;;Bom;Sem defeito;Perfeito estado;Seca;Perfeito estado;Não existe;Outras;60 km/h;2019
02/08/2019;18:40:00;SEM VÍTIMA;CASA FORTE;AV DEZESSETE DE AGOSTO;CIDADE;COLISÃO TRASEIRA;2;;;;;;;;0;;Bom;Não existe;Perfeito estado;Seca;Perfeito estado;Não existe;R-6a;;2019
02/08/2019;19:21:00;COM VÍTIMA;TORRÕES;AV RECIFE;;COLISÃO;;;;;1;;;;1;;;;;;;;;;2019
02/08/2019;20:05:00;COM VÍTIMA;IBURA;AV DOIS RIOS;CIDADE;COLISÃO TRASEIRA;1;1;;;;;;;1;;Bom;Não existe;Perfeito estado;Seca;Perfeito estado;Outros;Não há placas;;2019
02/08/2019;20:20:00;SEM VÍTIMA;IMBIRIBEIRA;AV MARECHAL MASCARENHAS DE MORAES;CIDADE;ABALROAMENTO TRANSVERSAL;2;;;;;;;;0;;Bom;Sem defeito;Perfeito estado;Seca;Perfeito estado;Faixa de retenção;Não há placas;;2019
02/08/2019;20:31:00;SEM VÍTIMA;BOA VISTA;AV GOVERNADOR AGAMENON MAGALHAES;;COLISÃO;1;;;;;1;;;0;;;;;;;;;;2019
02/08/2019;21:04:00;SEM VÍTIMA;AFLITOS;RUA QUARENTA E OITO;CIDADE;ABALROAMENTO LONGITUDINAL;2;;;;;;;;0;;Bom;Não existe;Perfeito estado;Seca;Perfeito estado;Não existe;Não há placas;;2019
02/08/2019;21:43:00;SEM VÍTIMA;TOTÓ;RUA PAULINO DE FARIAS;SUBURBIO;ABALROAMENTO LONGITUDINAL;1;;;;1;;;;0;;Bom;Não existe;Incompleta;Seca;Perfeito estado;Não existe;Outras;;2019
02/08/2019;21:56:00;COM VÍTIMA;;AV VISCONDE DE ALBUQUERQUE;SUBURBIO;ATROPELAMENTO;;1;;1;;;;;1;;Bom;Não existe;Perfeito estado;Seca;Perfeito estado;Não existe;R-6a;;2019
03/08/2019;08:23:00;SEM VÍTIMA;BOA VIAGEM;RUA VISCONDE DE JEQUITINHONHA;SUBURBIO;ABALROAMENTO TRANSVERSAL;2;;;;;;;;0;;Bom;Desligado;Perfeito estado;Seca;Perfeito estado;Faixa de pedestre;Outras;;2019
03/08/2019;08:41:00;SEM VÍTIMA;BEBERIBE;AV BEBERIBE;;COLISÃO;1;1;;;;;;;0;;;;;;;;;;2019
03/08/2019;08:49:00;SEM VÍTIMA;JAQUEIRA;RUA HOEL SETTE;;CHOQUE VEÍCULO PARADO;2;;;;;;;;0;;Bom;Não existe;Perfeito estado;Seca;Perfeito estado;Não existe;Não há placas;;2019
03/08/2019;08:59:00;SEM VÍTIMA;AFOGADOS;LARGO DA PAZ;;COLISÃO;1;1;;;;;;;0;;;;;;;;;;2019
03/08/2019;10:29:00;SEM VÍTIMA;CAXANGÁ;AV CAXANGA;SUBURBIO;COLISÃO TRASEIRA;2;;;;;;;;0;;Bom;Sem defeito;Perfeito estado;Seca;Perfeito estado;Faixa de pedestre;R-6a;;2019
03/08/2019;10:31:00;SEM VÍTIMA;TORRE;RUA JOSE BONIFACIO;;COLISÃO TRASEIRA;4;;;;;;;;0;;Bom;Não existe;Perfeito estado;Seca;Perfeito estado;Não existe;R-6a;;2019
03/08/2019;10:54:00;SEM VÍTIMA;CAJUEIRO;RUA COUTO SOARES;SUBURBIO;ABALROAMENTO LONGITUDINAL;1;;;;;1;;;0;;Bom;Não existe;Perfeito estado;Seca;Perfeito estado;Faixa de pedestre;Placas Pare;;2019
03/08/2019;10:57:00;SEM VÍTIMA;BOA VIAGEM;RUA FELIX DE BRITO E MELO;SUBURBIO;COLISÃO TRASEIRA;2;;;;;;;;0;;Bom;Sem defeito;Perfeito estado;Seca;Perfeito estado;Outros;Outras;;2019
03/08/2019;11:02:00;SEM VÍTIMA;ILHA DO RETIRO;RUA TABAIARES;CIDADE;ABALROAMENTO LONGITUDINAL;2;;;;;;;;0;;Bom;Não existe;Incompleta;Seca;Perfeito estado;Não existe;R-6a;;2019
03/08/2019;12:17:00;SEM VÍTIMA;IMBIRIBEIRA;AV MARECHAL MASCARENHAS DE MORAES;SUBURBIO;COLISÃO TRASEIRA;2;;;;;;;;0;;Bom;Não existe;Perfeito estado;Seca;Perfeito estado;Não existe;Outras;;2019
03/08/2019;13:01:00;SEM VÍTIMA;SÃO JOSÉ;C SANTA RITA;CIDADE;ABALROAMENTO LONGITUDINAL;2;;;;;;;;0;;Bom;Não existe;Incompleta;Seca;Perfeito estado;Não existe;R-4a;;2019
03/08/2019;13:06:00;SEM VÍTIMA;IPSEP;AV RECIFE;;COLISÃO;2;;;;;;;;0;;;;;;;;;;2019
03/08/2019;13:18:00;SEM VÍTIMA;ENCRUZILHADA;RUA FERNANDO CESAR;SUBURBIO;ABALROAMENTO TRANSVERSAL;2;;;;;;;;0;;Bom;Não existe;Perfeito estado;Seca;Perfeito estado;;Placas Pare;;2019
03/08/2019;13:50:00;SEM VÍTIMA;BEBERIBE;AV BEBERIBE;SUBURBIO;ENGAVETAMENTO;3;;;;;;;;0;;;;;;;;;;2019
03/08/2019;14:48:00;SEM VÍTIMA;CAMPINA DO BARRETO;RUA IGUATU;;ATROPELAMENTO ANIMAL;1;;;;;;;;0;;;;;;;;;;2019
03/08/2019;14:50:00;SEM VÍTIMA;BOA VIAGEM;RUA ENGENHEIRO ZAEL DIOGENES;CIDADE;ABALROAMENTO TRANSVERSAL;2;;;;;;;;0;;Bom;Não existe;Perfeito estado;Seca;Perfeito estado;Faixa de retenção;Outras;;2019
03/08/2019;15:28:00;SEM VÍTIMA;AFOGADOS;EST DOS REMEDIOS;;COLISÃO;2;;;;;;;;0;;;;;;;;;;2019
03/08/2019;15:56:00;SEM VÍTIMA;AFOGADOS;RUA CRISTOVAO COLOMBO;;COLISÃO;2;;;;;;;;0;;;;;;;;;;2019
03/08/2019;16:18:00;SEM VÍTIMA;VASCO DA GAMA;RUA VASCO DA GAMA;;COLISÃO;1;;;;1;;;;0;;;;;;;;;;2019
03/08/2019;16:57:00;SEM VÍTIMA;CASA FORTE;EST DO ENCANAMENTO;;COLISÃO;1;;;;1;;;;0;;;;;;;;;;2019
03/08/2019;17:36:00;SEM VÍTIMA;MADALENA;RUA DOM MANOEL DA COSTA;SUBURBIO;ABALROAMENTO LONGITUDINAL;2;;;;;;;;0;;Bom;Não existe;Perfeito estado;Seca;Perfeito estado;Não existe;R-6a;40 km/h;2019
03/08/2019;17:58:00;SEM VÍTIMA;PRADO;AV ENGENHEIRO ABDIAS DE CARVALHO;;COLISÃO;1;;;;;;1;;0;;;;;;;;;;2019
03/08/2019;18:45:00;SEM VÍTIMA;IPUTINGA;RUA LEAL DE BARROS;;COLISÃO;2;;;;;;;;0;;;;;;;;;;2019
03/08/2019;20:33:00;SEM VÍTIMA;;AV MARECHAL JUAREZ TAVORA;;COLISÃO TRASEIRA;2;;;;;;;;0;;Bom;Sem defeito;Incompleta;Seca;Mal iluminada;Faixa de pedestre;Não há placas;;2019
03/08/2019;20:57:00;SEM VÍTIMA;SANTO AMARO;AV GOVERNADOR AGAMENON MAGALHAES;;COLISÃO;1;;;;;;;;0;;;;;;;;;;2019
03/08/2019;22:48:00;COM VÍTIMA;BEBERIBE;AV BEBERIBE;;ABALROAMENTO TRANSVERSAL;1;1;;;;;;;1;;Bom;Não existe;Incompleta;Seca;Perfeito estado;Não existe;;;2019
04/08/2019;00:13:00;SEM VÍTIMA;IPSEP;AV RECIFE;SUBURBIO;ABALROAMENTO LONGITUDINAL;2;;;;;;;;0;;Bom;Não existe;Perfeito estado;Seca;Perfeito estado;Não existe;Não há placas;60 km/h;2019