data;hora;natureza_acidente;bairro;endereco;sentido_via;tipo;auto;moto;ciclista;pedestre;onibus;caminhao;viatura;outros;vitimas;vitimasfatais;tempo_clima;situacao_semaforo;sinalizacao;condicao_via;conservacao_via;ponto_controle;situacao_placa;velocidade_max_via;ano
04/08/2019;00:48:00;COM VÍTIMA;BOA VIAGEM;RUA ARTUR MUNIZ;SUBURBIO;ABALROAMENTO TRANSVERSAL;1;1;;;;;;;1;;Bom;Sem defeito;Perfeito estado;Seca;;Faixa de pedestre;Outras;;2019
04/08/2019;05:30:00;SEM VÍTIMA;ESPINHEIRO;RUA DO ESPINHEIRO;SUBURBIO;CHOQUE VEÍCULO PARADO;2;;;;;;;;0;;;Sem defeito;Perfeito estado;Seca;Perfeito estado;;;;2019
04/08/2019;09:36:00;COM VÍTIMA;BOMBA DO HEMETÉRIO;RUA SAO SEBASTIAO;;ACID. DE PERCURSO;;1;;;;;;;1;;;;;;;;;;2019
04/08/2019;09:36:00;COM VÍTIMA;BARRO;AV DR JOSE RUFINO;SUBURBIO;COLISÃO COM CICLISTA;;;1;;1;;;;1;;Bom;Sem defeito;Perfeito estado;Seca;Perfeito estado;Faixa de pedestre;Outras;;2019
04/08/2019;09:54:00;SEM VÍTIMA;AFOGADOS;RUA IMPERIAL;;ABALROAMENTO LONGITUDINAL;1;;;;;1;;;0;;Bom;Não existe;Perfeito estado;Seca;Perfeito estado;Não existe;Não há placas;;2019
04/08/2019;10:39:00;SEM VÍTIMA;SÃO JOSÉ;RUA IMPERIAL;;COLISÃO;2;;;;;;;;0;;;;;;;;;;2019
04/08/2019;11:56:00;SEM VÍTIMA;CIDADE UNIVERSITÁRIA;RUA EMILIANO BRAGA;;COLISÃO;2;;;;;;;;0;;;;;;;;;;2019
04/08/2019;12:00:00;SEM VÍTIMA;BOA VIAGEM;RUA FRANCISCO DA CUNHA;;COLISÃO;2;;;;;;;;0;;;;;;;;;;2019
04/08/2019;12:48:00;SEM VÍTIMA;ÁGUA FRIA;RUA SAO BENTO;;ABALROAMENTO LONGITUDINAL;1;;;;1;;;;0;;Bom;Sem defeito;Perfeito estado;Seca;Perfeito estado;Faixa de pedestre;Outras;;2019
04/08/2019;13:02:00;COM VÍTIMA;IPSEP;AV RECIFE;CIDADE;ATROPELAMENTO;;1;;1;;;;;1;;Bom;Sem defeito;Perfeito estado;Seca;Perfeito estado;Não existe;R-6a;;2019
04/08/2019;13:04:00;COM VÍTIMA;ARRUDA;RUA DR JOSE FULCO;SUB/CID;COLISÃO FRONTAL;;2;;;;;;;1;;Nublado;Não existe;Perfeito estado;Molhada;;Não existe;R-6a;;2019
04/08/2019;15:14:00;SEM VÍTIMA;BOA VIAGEM;AV ENGENHEIRO DOMINGOS FERREIRA;SUBURBIO;ABALROAMENTO LONGITUDINAL;2;;;;;;;;0;;Bom;Sem defeito;Perfeito estado;Seca;Perfeito estado;Faixa de pedestre;;;2019
04/08/2019;15:42:00;SEM VÍTIMA;DERBY;PTE DELMIRO GOUVEIA;SUBURBIO;COLISÃO TRASEIRA;1;;;;1;;;;0;;Chuvoso;Sem defeito;Perfeito estado;Molhada;Perfeito estado;Faixa de pedestre;;;2019
04/08/2019;16:31:00;COM VÍTIMA;CORDEIRO;AV CAXANGA;SUBURBIO;COLISÃO COM CICLISTA;1;1;;;;;;;2;;Bom;Sem defeito;Perfeito estado;Seca;Perfeito estado;Outros;Outras;60 km/h;2019
04/08/2019;17:23:00;SEM VÍTIMA;BOA VISTA;RUA AURORA;SUBURBIO;ABALROAMENTO LONGITUDINAL;1;;;;1;;;;0;;Bom;Sem defeito;Perfeito estado;Seca;Perfeito estado;Faixa de pedestre;Não há placas;;2019
04/08/2019;17:46:00;SEM VÍTIMA;BOA VIAGEM;AV VINTE E TRES DE OUTUBRO;SUBURBIO;ABALROAMENTO TRANSVERSAL;1;1;;;;;;;0;;Bom;Não existe;Perfeito estado;Seca;Perfeito estado;Agente;Não há placas;30 km/h;2019
04/08/2019;18:02:00;SEM VÍTIMA;ILHA DO RETIRO;RUA SPORT CLUBE DO RECIFE;SUBURBIO;ABALROAMENTO LONGITUDINAL;2;;;;;;;;0;;Bom;Não existe;Perfeito estado;Seca;Perfeito estado;Não existe;Não há placas;;2019
04/08/2019;18:14:00;SEM VÍTIMA;SAN MARTIN;AV GENERAL SAN MARTIN;;COLISÃO;2;;;;;;;;0;;;;;;;;;;2019
04/08/2019;20:10:00;SEM VÍTIMA;IPUTINGA;AV CAXANGA;SUBURBIO;COLISÃO TRASEIRA;2;;;;;;;;0;;Bom;Não existe;Perfeito estado;Seca;Perfeito estado;;Não há placas;;2019
04/08/2019;20:41:00;COM VÍTIMA;ROSARINHO;AV SANTOS DUMONT;SUBURBIO;ABALROAMENTO TRANSVERSAL;1;1;;;;;;;1;;Bom;Não existe;Incompleta;Seca;Perfeito estado;Não existe;R-6a;;2019
04/08/2019;21:02:00;SEM VÍTIMA;;AV ALFREDO LISBOA;SUBURBIO;CHOQUE OBJETO FIXO;1;;;;;;;;0;;Bom;Sem defeito;Perfeito estado;Seca;Perfeito estado;Faixa de pedestre;Não há placas;;2019
04/08/2019;21:21:00;SEM VÍTIMA;CORDEIRO;AV CAXANGA;;COLISÃO;2;;;;;;;;0;;;;;;;;;;2019
04/08/2019;21:36:00;SEM VÍTIMA;BARRO;AV DR JOSE RUFINO;CIDADE;COLISÃO FRONTAL;2;;;;;;;;0;;Chuvoso;Não existe;;Molhada;Mal iluminada;Não existe;Não há placas;;2019
04/08/2019;23:18:00;COM VÍTIMA;PRADO;RUA GOMES TABORDA;CIDADE;ATROPELAMENTO;1;;;1;;;;;1;;Bom;Sem defeito;Perfeito estado;Seca;Perfeito estado;;;;2019
05/08/2019;00:58:00;COM VÍTIMA;CORDEIRO;AV INACIO MONTEIRO;SUBURBIO;ABALROAMENTO LONGITUDINAL;;2;;;;;;;1;;Chuvoso;Não existe;Perfeito estado;Molhada;Perfeito estado;Não existe;Placas Pare;;2019
05/08/2019;01:24:00;COM VÍTIMA;BOA VIAGEM;AV ENGENHEIRO DOMINGOS FERREIRA;SUBURBIO;COLISÃO TRASEIRA;2;;;;;;;;1;;Bom;Sem defeito;Perfeito estado;Seca;Perfeito estado;Faixa de pedestre;R-6a;;2019
05/08/2019;06:45:00;SEM VÍTIMA;BOA VIAGEM;AV DES JOSE NEVES;CIDADE;COLISÃO TRASEIRA;2;;;;;;;;0;;Bom;Não existe;Perfeito estado;Seca;Perfeito estado;Não existe;Não há placas;60 km/h;2019
05/08/2019;07:51:00;SEM VÍTIMA;SAN MARTIN;RUA APULCRO DE ASSUNCAO;SUBURBIO;ABALROAMENTO TRANSVERSAL;1;;;;;1;;;0;;Bom;Não existe;Incompleta;Seca;Outros;Não existe;Não há placas;30 km/h;2019
05/08/2019;08:08:00;SEM VÍTIMA;PAISSANDU;AV GOVERNADOR AGAMENON MAGALHAES;;ABALROAMENTO LONGITUDINAL;1;;;;1;;;;0;;Bom;Não existe;Perfeito estado;Seca;Perfeito estado;Não existe;Outras;60 km/h;2019
05/08/2019;09:41:00;SEM VÍTIMA;ESPINHEIRO;RUA CONS PORTELA;SUBURBIO;COLISÃO TRASEIRA;2;;;;;;;;0;;Bom;Sem defeito;Perfeito estado;Seca;Perfeito estado;;Outras;;2019
05/08/2019;09:53:00;SEM VÍTIMA;DERBY;PRC DO DERBY;CIDADE;ABALROAMENTO LONGITUDINAL;1;;;;1;;;;0;;Bom;Sem defeito;Perfeito estado;Seca;Perfeito estado;Faixa de pedestre;Outras;;2019
05/08/2019;10:01:00;SEM VÍTIMA;ÁGUA FRIA;RUA DR EUDES COSTA;CIDADE;COLISÃO TRASEIRA;2;;;;;;;;0;;Bom;Não existe;Perfeito estado;Seca;Perfeito estado;Não existe;Outras;;2019
05/08/2019;10:44:00;SEM VÍTIMA;SÃO JOSÉ;RUA IMPERIAL;SUBURBIO;ABALROAMENTO TRANSVERSAL;2;;;;;;;;0;;Bom;Não existe;Perfeito estado;Seca;Perfeito estado;Não existe;R-6a;;2019
05/08/2019;10:55:00;SEM VÍTIMA;SÃO JOSÉ;RUA IMPERIAL;;COLISÃO;2;;;;;;;;0;;;;;;;;;;2019
05/08/2019;12:41:00;SEM VÍTIMA;CASA AMARELA;EST DO ARRAIAL;SUBURBIO;ABALROAMENTO LONGITUDINAL;1;1;;;1;;;;0;;Nublado;Não existe;Incompleta;Seca;Perfeito estado;Não existe;Outras;40 km/h;2019
05/08/2019;12:47:00;SEM VÍTIMA;BOA VIAGEM;AV VINTE DE JANEIRO;;COLISÃO;2;;;;;;;;0;;;;;;;;;;2019
05/08/2019;13:09:00;SEM VÍTIMA;IMBIRIBEIRA;AV MARECHAL MASCARENHAS DE MORAES;CIDADE;COLISÃO TRASEIRA;1;1;;;;;;;0;;Bom;Sem defeito;Perfeito estado;Seca;Perfeito estado;Não existe;Não há placas;;2019
05/08/2019;13:22:00;COM VÍTIMA;BEBERIBE;AV BEBERIBE;CIDADE;COLISÃO FRONTAL;;2;;;;;;;1;;Bom;Sem defeito;Perfeito estado;Seca;Perfeito estado;Faixa de pedestre;Não há placas;;2019
05/08/2019;13:42:00;SEM VÍTIMA;BOA VIAGEM;RUA DUQUE ESTRADA;SUBURBIO;COLISÃO TRASEIRA;2;;;;;;;;0;;Bom;Não existe;Perfeito estado;Seca;Perfeito estado;Não existe;Não há placas;;2019
05/08/2019;14:59:00;SEM VÍTIMA;CASA FORTE;AV DEZESSETE DE AGOSTO;SUBURBIO;ABALROAMENTO LONGITUDINAL;2;;;;;;;;0;;Bom;Sem defeito;Perfeito estado;Seca;Perfeito estado;Faixa de pedestre;Outras;;2019
05/08/2019;15:52:00;SEM VÍTIMA;SÃO JOSÉ;AV SUL;CIDADE;ABALROAMENTO TRANSVERSAL;1;;;;1;;;;0;;Bom;Sem defeito;Perfeito estado;Seca;Mal conservada;;Não há placas;;2019
05/08/2019;15:59:00;SEM VÍTIMA;SÃO JOSÉ;AV RIO BRANCO;SUBURBIO;ABALROAMENTO LONGITUDINAL;1;;;;;1;;;0;;Bom;Sem defeito;Perfeito estado;Seca;Perfeito estado;Não existe;Não há placas;;2019
05/08/2019;16:01:00;SEM VÍTIMA;BOMBA DO HEMETÉRIO;RUA CORREGO DO EUCLIDES;SUBURBIO;ABALROAMENTO LONGITUDINAL;1;;;;1;;;;0;;Bom;Não existe;Perfeito estado;Seca;Perfeito estado;Não existe;Outras;;2019
05/08/2019;16:36:00;SEM VÍTIMA;ESPINHEIRO;RUA CONS PORTELA;CIDADE;ABALROAMENTO LONGITUDINAL;2;;;;;;;;0;;Bom;Sem defeito;Perfeito estado;Seca;Perfeito estado;Faixa de pedestre;Placas Pare;;2019
05/08/2019;17:34:00;SEM VÍTIMA;BOA VIAGEM;RUA MARIA CAROLINA;CIDADE;ABALROAMENTO LONGITUDINAL;2;;;;;;;;0;;Bom;Não existe;Perfeito estado;Seca;Perfeito estado;Não existe;Não há placas;;2019
05/08/2019;18:33:00;SEM VÍTIMA;SANTO AMARO;AV NORTE;CIDADE;ABALROAMENTO LONGITUDINAL;1;;;;;1;;;0;;Bom;Sem defeito;Perfeito estado;Seca;Perfeito estado;Faixa de pedestre;Outras;;2019
05/08/2019;19:28:00;COM VÍTIMA;TAMARINEIRA;AV NORTE;;COLISÃO;1;1;;;;;;;1;;;;;;;;;;2019
05/08/2019;20:21:00;COM VÍTIMA;AFOGADOS;RUA SAO MIGUEL;SUBURBIO;ABALROAMENTO TRANSVERSAL;3;;;;;;;;2;;Bom;Não existe;Perfeito estado;Seca;Perfeito estado;Outros;Outras;;2019
05/08/2019;22:09:00;COM VÍTIMA;BOA VISTA;RUA MARQUES AMORIM;CIDADE;COLISÃO FRONTAL;1;1;;;;;;;1;;Bom;Não existe;Incompleta;Seca;Mal conservada;Não existe;R-6a;;2019
06/08/2019;03:44:00;COM VÍTIMA;BOMBA DO HEMETÉRIO;EST VELHA DE AGUA FRIA;;CHOQUE OBJETO FIXO;;;;;;;;;1;;;;;;;;;;2019
06/08/2019;05:47:00;COM VÍTIMA;TORRÕES;AV ENGENHEIRO ABDIAS DE CARVALHO;CIDADE;COLISÃO TRASEIRA;;1;;;1;;;;1;;Bom;Sem defeito;Perfeito estado;Seca;Perfeito estado;Faixa de pedestre;R-6a;60 km/h;2019
06/08/2019;07:34:00;SEM VÍTIMA;ENCRUZILHADA;RUA JOSE DE SA CARNEIRO;SUBURBIO;ABALROAMENTO LONGITUDINAL;1;;;;1;;;;0;;Chuvoso;Sem defeito;Perfeito estado;Molhada;Perfeito estado;Faixa de pedestre;R-6a;30 km/h;2019
06/08/2019;08:05:00;SEM VÍTIMA;MACAXEIRA;AV NORTE;CIDADE;COLISÃO TRASEIRA;1;1;;;;;;;0;;Nublado;Não existe;Perfeito estado;Molhada;Perfeito estado;Não existe;Outras;;2019
06/08/2019;08:07:00;SEM VÍTIMA;TORREÃO;AV ENGENHEIRO ABDIAS DE CARVALHO;CIDADE;COLISÃO TRASEIRA;2;;;;;;;;0;;Bom;Não existe;Perfeito estado;Seca;Perfeito estado;Não existe;Não há placas;;2019
06/08/2019;08:26:00;SEM VÍTIMA;BOMBA DO HEMETÉRIO;RUA BOMBA DO HEMETERIO;SUBURBIO;ABALROAMENTO LONGITUDINAL;2;1;;;;;;;0;;Nublado;Não existe;Perfeito estado;Molhada;Perfeito estado;Faixa de pedestre;Não há placas;;2019
06/08/2019;08:53:00;SEM VÍTIMA;IBURA;RUA REINALDO DORNELES CAMARA;;COLISÃO;2;;;;;;;;0;;;;;;;;;;2019
06/08/2019;09:13:00;SEM VÍTIMA;ESPINHEIRO;AV CONS ROSA E SILVA;SUBURBIO;ABALROAMENTO LONGITUDINAL;1;;;;1;;;;0;;Bom;Não existe;Perfeito estado;Seca;Perfeito estado;Não existe;Não há placas;;2019
06/08/2019;09:35:00;SEM VÍTIMA;GRAÇAS;RUA JOAQUIM NABUCO;SUBURBIO;ABALROAMENTO LONGITUDINAL;1;;;;1;;;;0;;Nublado;Sem defeito;Perfeito estado;Molhada;;;Outras;;2019
06/08/2019;09:43:00;SEM VÍTIMA;MADALENA;AV BEIRA RIO;CIDADE;ABALROAMENTO LONGITUDINAL;1;;;;;1;;;0;;Chuvoso;Não existe;Perfeito estado;Molhada;Perfeito estado;Não existe;Outras;;2019
06/08/2019;09:54:00;SEM VÍTIMA;AFOGADOS;AV SUL;CIDADE;ABALROAMENTO TRANSVERSAL;1;;;;;1;;1;0;;Bom;Não existe;Não existente;Seca;Perfeito estado;Não existe;Não há placas;;2019
06/08/2019;10:03:00;SEM VÍTIMA;PRADO;RUA HERCULES FLORENCE;;COLISÃO TRASEIRA;2;;;;;;;;0;;Bom;Não existe;Não existente;Seca;Perfeito estado;Não existe;Não há placas;;2019
06/08/2019;10:12:00;SEM VÍTIMA;CAXANGÁ;AV CAXANGA;CIDADE;CHOQUE OBJETO FIXO;;;;;;1;;;0;;Bom;Sem defeito;Perfeito estado;Seca;Perfeito estado;Agente;Não há placas;;2019
07/08/2019;09:20:00;SEM VÍTIMA;BAIRRO DO RECIFE;AV MILITAR;CIDADE;ABALROAMENTO TRANSVERSAL;1;1;;;;;;;0;;Bom;Não existe;Perfeito estado;Seca;Perfeito estado;Não existe;R-6a;60 km/h;2019
06/08/2019;12:08:00;SEM VÍTIMA;GRAÇAS;AV GOVERNADOR AGAMENON MAGALHAES;;ABALROAMENTO LONGITUDINAL;1;;;;;1;;;0;;Bom;Sem defeito;Perfeito estado;Seca;;;Outras;60 km/h;2019
06/08/2019;12:10:00;COM VÍTIMA;SÃO JOSÉ;RUA IMPERIAL;SUBURBIO;CHOQUE VEÍCULO PARADO;1;1;;;;;;;1;;Bom;Não existe;Perfeito estado;Seca;Perfeito estado;;Placas Pare;;2019
06/08/2019;12:16:00;SEM VÍTIMA;BOA VIAGEM;AV DOM JOAO VI;SUBURBIO;COLISÃO TRASEIRA;1;;;;;1;;;0;;Bom;Não existe;Não existente;Seca;Perfeito estado;Não existe;Não há placas;;2019
06/08/2019;12:26:00;SEM VÍTIMA;TAMARINEIRA;EST VELHA DE AGUA FRIA;;COLISÃO;1;;;;1;;;;0;;;;;;;;;;2019
06/08/2019;12:37:00;SEM VÍTIMA;ÁGUA FRIA;EST VELHA DE AGUA FRIA;;COLISÃO;1;;;;1;;;;0;;;;;;;;;;2019
06/08/2019;13:18:00;SEM VÍTIMA;SANTO AMARO;AV GOVERNADOR AGAMENON MAGALHAES;SUBURBIO;COLISÃO TRASEIRA;1;1;;;;;;;0;;Bom;Não existe;Perfeito estado;Seca;Perfeito estado;Não existe;Outras;60 km/h;2019
06/08/2019;13:21:00;SEM VÍTIMA;BOA VIAGEM;AV ENGENHEIRO DOMINGOS FERREIRA;SUBURBIO;COLISÃO TRASEIRA;3;;;;;;;;0;;Bom;Não existe;Perfeito estado;Seca;Perfeito estado;;Não há placas;60 km/h;2019
06/08/2019;13:44:00;SEM VÍTIMA;PARNAMIRIM;RUA DR JOSE MARIA;SUBURBIO;ABALROAMENTO TRANSVERSAL;2;;;;;;;;0;;Bom;Sem defeito;Perfeito estado;Seca;Perfeito estado;Faixa de pedestre;R-6a;;2019
06/08/2019;14:18:00;SEM VÍTIMA;TORRÕES;AV INACIO MONTEIRO;;ABALROAMENTO LONGITUDINAL;1;;;;;;;;0;;Bom;Não existe;Perfeito estado;Seca;Perfeito estado;Não existe;Não há placas;;2019
06/08/2019;15:51:00;SEM VÍTIMA;ESTÂNCIA;AV RECIFE;;ABALROAMENTO LONGITUDINAL;1;1;;;;;;;0;;Bom;Sem defeito;Perfeito estado;Seca;Perfeito estado;Faixa de pedestre;Não há placas;;2019
06/08/2019;16:46:00;SEM VÍTIMA;ILHA DO RETIRO;RUA SPORT CLUBE DO RECIFE;CIDADE;ABALROAMENTO LONGITUDINAL;1;;;;;1;;;0;;Bom;Não existe;Perfeito estado;Seca;Perfeito estado;;;50 km/h;2019
06/08/2019;16:46:00;SEM VÍTIMA;BOA VISTA;RUA DR SEBASTIAO LINS;CIDADE;ABALROAMENTO LONGITUDINAL;2;;;;;;;;0;;Bom;Não existe;Perfeito estado;Seca;Perfeito estado;Não existe;R-6a;;2019
06/08/2019;16:59:00;SEM VÍTIMA;MANGABEIRA;RUA DA MANGABEIRA;SUBURBIO;ABALROAMENTO LONGITUDINAL;1;;;;1;;;;0;;Bom;Não existe;Perfeito estado;Seca;Perfeito estado;Não existe;Outras;30 km/h;2019
06/08/2019;17:23:00;SEM VÍTIMA;ILHA DO RETIRO;RUA SPORT CLUBE DO RECIFE;SUBURBIO;COLISÃO TRASEIRA;3;;;;;;;;0;;Bom;Sem defeito;Perfeito estado;Seca;Perfeito estado;Faixa de pedestre;Outras;60 km/h;2019
06/08/2019;17:24:00;COM VÍTIMA;BOA VISTA;RUA PRINCESA IZABEL;CIDADE;ACID. DE PERCURSO;;;;;1;;;;1;;Bom;Sem defeito;Perfeito estado;Seca;Perfeito estado;Faixa de pedestre;;;2019
06/08/2019;17:54:00;SEM VÍTIMA;CASA AMARELA;AV NORTE;SUBURBIO;COLISÃO TRASEIRA;3;;;;;;;;0;;Bom;Não existe;Perfeito estado;Seca;Perfeito estado;Outros;Outras;60 km/h;2019
06/08/2019;18:09:00;SEM VÍTIMA;BOA VIAGEM;RUA RIBEIRO DE BRITO;;ABALROAMENTO TRANSVERSAL;2;;;;;;;;0;;Chuvoso;Não existe;Perfeito estado;Molhada;Perfeito estado;Não existe;Não há placas;;2019
06/08/2019;18:15:00;SEM VÍTIMA;BOA VIAGEM;RUA BARAO DE SOUZA LEAO;;ABALROAMENTO LONGITUDINAL;2;;;;;;;;0;;Bom;Não existe;;Seca;Perfeito estado;;Não há placas;;2019
06/08/2019;18:29:00;SEM VÍTIMA;TORRE;RUA JOSE BONIFACIO;CIDADE;COLISÃO TRASEIRA;2;;;;;;;;0;;Bom;Não existe;Perfeito estado;Seca;Perfeito estado;Não existe;Não há placas;;2019
06/08/2019;18:29:00;SEM VÍTIMA;COHAB;AV SANTOS;;COLISÃO;1;1;;;;;;;0;;;;;;;;;;2019
06/08/2019;18:42:00;SEM VÍTIMA;IPUTINGA;AV CAXANGA;SUBURBIO;ABALROAMENTO LONGITUDINAL;2;;;;;;;;0;;Bom;Não existe;Perfeito estado;Seca;Perfeito estado;Não existe;Não há placas;;2019
06/08/2019;18:57:00;SEM VÍTIMA;MONTEIRO;EST DO ARRAIAL;CIDADE;ABALROAMENTO TRANSVERSAL;2;;;;;;;;0;;Bom;Sem defeito;Perfeito estado;Seca;Perfeito estado;;Não há placas;;2019
06/08/2019;19:17:00;SEM VÍTIMA;CASA FORTE;RUA JERONIMO DE ALBUQUERQUE;;ABALROAMENTO TRANSVERSAL;2;;;;;;;;0;;Bom;Não existe;Perfeito estado;Seca;Perfeito estado;Não existe;Placas Pare;;2019
06/08/2019;20:16:00;SEM VÍTIMA;BONGI;AV MANOEL GONCALVES DA LUZ;SUBURBIO;ABALROAMENTO LONGITUDINAL;1;;;;;1;;;0;;Bom;Não existe;Perfeito estado;Seca;Perfeito estado;Não existe;R-6a;;2019
06/08/2019;23:11:00;COM VÍTIMA;IMBIRIBEIRA;AV MARECHAL MASCARENHAS DE MORAES;;COLISÃO;1;1;;;;;;;1;;;;;;;;;;2019
07/08/2019;01:07:00;SEM VÍTIMA;DERBY;AV GOVERNADOR AGAMENON MAGALHAES;SUBURBIO;COLISÃO TRASEIRA;2;;;;;;;;0;;Bom;Não existe;Perfeito estado;Seca;Perfeito estado;;Não há placas;;2019
07/08/2019;07:08:00;SEM VÍTIMA;MADALENA;RUA DEMOSTENES DE OLINDA;SUBURBIO;COLISÃO TRASEIRA;2;;;;;;;;0;;Bom;Não existe;Perfeito estado;Seca;Perfeito estado;Não existe;R-6a;;2019
07/08/2019;07:27:00;SEM VÍTIMA;JARDIM SÃO PAULO;RUA SENADOR ALBERTO PASQUALINI;;COLISÃO;2;;;;;;;;0;;;;;;;;;;2019
07/08/2019;07:42:00;SEM VÍTIMA;MADALENA;RUA BENFICA;CIDADE;ABALROAMENTO LONGITUDINAL;1;;;;1;;;;0;;Bom;Sem defeito;Perfeito estado;Seca;Perfeito estado;;Outras;;2019
07/08/2019;08:08:00;SEM VÍTIMA;IMBIRIBEIRA;AV MARECHAL MASCARENHAS DE MORAES;SUBURBIO;COLISÃO TRASEIRA;1;;;;;1;;1;0;;Nublado;Sem defeito;Perfeito estado;Seca;Perfeito estado;Faixa de pedestre;Placas Pare;60 km/h;2019
07/08/2019;08:12:00;SEM VÍTIMA;CASA FORTE;AV DEZESSETE DE AGOSTO;;COLISÃO;1;1;;;;;;;0;;;;;;;;;;2019
07/08/2019;09:47:00;SEM VÍTIMA;SÃO JOSÉ;AV SUL;;COLISÃO;1;;;;1;;;;0;;;;;;;;;;2019
07/08/2019;10:21:00;COM VÍTIMA;ILHA JOANA BEZERRA;RUA DES GUERRA BARRETO;;COLISÃO COM CICLISTA;;;1;;1;;;;1;;;;;;;;;;2019
07/08/2019;10:27:00;COM VÍTIMA;BOMBA DO HEMETÉRIO;COR DO BARTOLOMEU;SUBURBIO;CHOQUE OBJETO FIXO;;1;;;;;;;1;;Bom;Não existe;Perfeito estado;Seca;Perfeito estado;Não existe;Placas Dê a preferência;;2019
07/08/2019;10:28:00;SEM VÍTIMA;ESPINHEIRO;AV GOVERNADOR AGAMENON MAGALHAES;;ABALROAMENTO LONGITUDINAL;2;;;;;;;;0;;Chuvoso;Sem defeito;Perfeito estado;Molhada;Perfeito estado;Faixa de pedestre;Outras;60 km/h;2019
07/08/2019;10:40:00;COM VÍTIMA;CABANGA;AV ENGENHEIRO JOSE ESTELITA;CIDADE;CAPOTAMENTO;1;;;;;;;;1;;Chuvoso;Não existe;Perfeito estado;Seca;Perfeito estado;Não existe;Outras;60 km/h;2019
07/08/2019;10:45:00;SEM VÍTIMA;AFLITOS;RUA TELES JUNIOR;SUBURBIO;CHOQUE VEÍCULO PARADO;2;;;;;;;;0;;Chuvoso;Não existe;Perfeito estado;Molhada;Perfeito estado;Não existe;Placas Pare;;2019
07/08/2019;10:58:00;SEM VÍTIMA;PRADO;RUA GOMES TABORDA;SUBURBIO;COLISÃO TRASEIRA;2;;;;;;;;0;;Bom;Não existe;Perfeito estado;Seca;Perfeito estado;Não existe;R-6c;;2019
07/08/2019;12:28:00;SEM VÍTIMA;SANTO AMARO;;CIDADE;ABALROAMENTO LONGITUDINAL;2;;;;;;;;0;;Chuvoso;Não existe;Perfeito estado;Molhada;Perfeito estado;Não existe;Placas Pare;;2019
07/08/2019;12:35:00;COM VÍTIMA;CASA AMARELA;EST DO ARRAIAL;SUBURBIO;ENGAVETAMENTO;4;;;;;;;;1;;Chuvoso;Sem defeito;Perfeito estado;Molhada;Perfeito estado;Outros;Outras;;2019
07/08/2019;13:42:00;SEM VÍTIMA;CAMPO GRANDE;RUA JERONIMO VILELA;;COLISÃO;2;;;;;;;;0;;;;;;;;;;2019
07/08/2019;15:00:00;SEM VÍTIMA;SÃO JOSÉ;AV SATURNINO DE BRITO;SUBURBIO;ABALROAMENTO LONGITUDINAL;4;;;;;1;;;0;;Bom;Não existe;Ilegível;Seca;Mal iluminada;Não existe;Não há placas;;2019
07/08/2019;15:07:00;COM VÍTIMA;JARDIM SÃO PAULO;RUA LORENA;SUBURBIO;ABALROAMENTO LONGITUDINAL;1;1;;;;;;;1;;Bom;Não existe;Não existente;Seca;Perfeito estado;Não existe;Não há placas;;2019
07/08/2019;15:20:00;SEM VÍTIMA;SANTO AMARO;AV GOVERNADOR AGAMENON MAGALHAES;SUBURBIO;COLISÃO TRASEIRA;2;;;;;;;;0;;Bom;Não existe;Perfeito estado;Seca;Perfeito estado;Não existe;;60 km/h;2019
07/08/2019;15:37:00;SEM VÍTIMA;SÃO JOSÉ;RUA FLORIANO PEIXOTO;SUBURBIO;ABALROAMENTO LONGITUDINAL;2;;;;;;;;0;;Bom;Não existe;Perfeito estado;Seca;Perfeito estado;Não existe;Não há placas;;2019
07/08/2019;16:18:00;COM VÍTIMA;BOA VIAGEM;RUA PROFESSOR ARNALDO CARNEIRO LEAO;SUBURBIO;ABALROAMENTO LONGITUDINAL;1;1;;;;;;;1;;Bom;Sem defeito;Perfeito estado;Seca;Perfeito estado;Faixa de pedestre;Outras;;2019
07/08/2019;17:13:00;SEM VÍTIMA;SÃO JOSÉ;RUA SAO JOAO;SUBURBIO;COLISÃO TRASEIRA;2;;;;;;;;0;;Bom;Não existe;Perfeito estado;Seca;Perfeito estado;Não existe;R-6b;;2019
07/08/2019;18:31:00;SEM VÍTIMA;AFOGADOS;RUA NICOLAU PEREIRA;SUBURBIO;ABALROAMENTO LONGITUDINAL;1;;;;;1;;;0;;Bom;Sem defeito;Perfeito estado;Seca;Perfeito estado;Faixa de retenção;Outras;40 km/h;2019
07/08/2019;19:00:00;SEM VÍTIMA;BOA VISTA;AV MANOEL BORBA;CIDADE;COLISÃO TRASEIRA;1;;;;;;1;;0;;Bom;Não existe;Perfeito estado;Seca;Perfeito estado;Não existe;R-6a;;2019
07/08/2019;19:51:00;COM VÍTIMA;GRAÇAS;RUA DO FUTURO;;COLISÃO;1;;1;;;;;;1;;;;;;;;;;2019
07/08/2019;20:54:00;COM VÍTIMA;JORDÃO;AV MARIA IRENE;SUBURBIO;ABALROAMENTO LONGITUDINAL;1;1;;;;;;;2;;Bom;Não existe;Incompleta;Molhada;Mal conservada;;Não há placas;40 km/h;2019