data;hora;natureza_acidente;bairro;endereco;sentido_via;tipo;auto;moto;ciclista;pedestre;onibus;caminhao;viatura;outros;vitimas;vitimasfatais;tempo_clima;situacao_semaforo;sinalizacao;condicao_via;conservacao_via;ponto_controle;situacao_placa;velocidade_max_via;ano
07/08/2019;21:08:00;SEM VÍTIMA;IPSEP;RUA ITANAGE;SUBURBIO;COLISÃO FRONTAL;2;;;;;;;;0;;Bom;Não existe;Incompleta;Seca;Mal iluminada;Não existe;Não há placas;;2019
07/08/2019;21:17:00;SEM VÍTIMA;BOA VIAGEM;RUA FRANCISCO DA CUNHA;;ABALROAMENTO TRANSVERSAL;2;;;;;;;;0;;Bom;Não existe;Perfeito estado;Seca;Perfeito estado;Faixa de pedestre;R-6a;30 km/h;2019
07/08/2019;21:39:00;SEM VÍTIMA;CASA AMARELA;RUA BELA VISTA;;COLISÃO;2;;;;;;;;0;;;;;;;;;;2019
07/08/2019;21:42:00;SEM VÍTIMA;GRAÇAS;RUA DAS PERNAMBUCANAS;;COLISÃO;2;;;;;;;;0;;;;;;;;;;2019
08/08/2019;05:19:00;SEM VÍTIMA;IPSEP;AV RECIFE;SUBURBIO;CHOQUE OBJETO FIXO;1;;;;;;;;0;;Bom;Sem defeito;Perfeito estado;Seca;Perfeito estado;Outros;Outras;;2019
08/08/2019;06:30:00;COM VÍTIMA;CASA FORTE;PRC DR LULA CABRAL DE MELO;CIDADE;ABALROAMENTO LONGITUDINAL;1;1;;;;;;;1;;Bom;Não existe;Não existente;Seca;Perfeito estado;Não existe;R-6a;;2019
08/08/2019;06:58:00;SEM VÍTIMA;IMBIRIBEIRA;AV MARECHAL MASCARENHAS DE MORAES;CIDADE;COLISÃO TRASEIRA;1;;;;1;;;;0;;Chuvoso;Não existe;Perfeito estado;Molhada;Perfeito estado;Não existe;Não há placas;;2019
08/08/2019;07:30:00;SEM VÍTIMA;SAN MARTIN;AV GENERAL SAN MARTIN;SUBURBIO;ABALROAMENTO LONGITUDINAL;2;;;;;;;;0;;Chuvoso;Não existe;Não existente;Molhada;Perfeito estado;Não existe;Não há placas;;2019
08/08/2019;08:00:00;SEM VÍTIMA;PINA;AV ANTONIO DE GOES;CIDADE;COLISÃO TRASEIRA;2;;;;;;;;0;;Chuvoso;Sem defeito;Perfeito estado;Molhada;Perfeito estado;Agente;Outras;60 km/h;2019
08/08/2019;08:02:00;SEM VÍTIMA;ILHA DO RETIRO;AV JOSE GONCALVES DE MEDEIROS;CIDADE;ABALROAMENTO LONGITUDINAL;1;1;;;;;;;0;;Chuvoso;;;Molhada;Perfeito estado;;Não há placas;;2019
08/08/2019;08:17:00;SEM VÍTIMA;BOA VIAGEM;VIADUTO TANCREDO NEVES;CIDADE;ABALROAMENTO LONGITUDINAL;2;;;;;;;;0;;Chuvoso;Não existe;Incompleta;Molhada;Perfeito estado;Não existe;Não há placas;;2019
08/08/2019;08:30:00;COM VÍTIMA;CORDEIRO;RUA DR MIGUEL VIEIRA FERREIRA;CIDADE;COLISÃO TRASEIRA;1;1;;;;;;;1;;Chuvoso;Não existe;Perfeito estado;Molhada;Perfeito estado;Faixa de pedestre;R-6a;;2019
08/08/2019;08:31:00;SEM VÍTIMA;BOA VIAGEM;AV ENGENHEIRO DOMINGOS FERREIRA;SUBURBIO;COLISÃO TRASEIRA;2;;;;;;;;0;;Chuvoso;Sem defeito;Perfeito estado;Molhada;Perfeito estado;Faixa de pedestre;Não há placas;60 km/h;2019
08/08/2019;08:57:00;COM VÍTIMA;SANTO AMARO;AV JOAO DE BARROS;SUBURBIO;ABALROAMENTO LONGITUDINAL;1;1;;;;;;;1;;Chuvoso;Não existe;Perfeito estado;Molhada;Perfeito estado;Não existe;R-6a;;2019
08/08/2019;09:03:00;COM VÍTIMA;SANTO AMARO;AV GOVERNADOR AGAMENON MAGALHAES;CIDADE;COLISÃO TRASEIRA;1;1;;;;;;;1;;Chuvoso;Não existe;Não existente;Molhada;Perfeito estado;Não existe;Não há placas;60 km/h;2019
08/08/2019;09:23:00;SEM VÍTIMA;BEBERIBE;RUA URIEL DE HOLANDA;;COLISÃO TRASEIRA;2;;;;;;;;0;;Chuvoso;Não existe;Incompleta;Molhada;Perfeito estado;Não existe;Não há placas;;2019
08/08/2019;09:31:00;COM VÍTIMA;BOA VIAGEM;AVENIDA CELSO FURTADO (VIA MANGUE);SUBURBIO;COLISÃO TRASEIRA;1;1;;;;;;;1;;Chuvoso;Não existe;Perfeito estado;Molhada;Perfeito estado;Outros;Outras;;2019
08/08/2019;10:26:00;SEM VÍTIMA;IPSEP;AV RECIFE;SUBURBIO;COLISÃO TRASEIRA;2;;;;;;;;0;;Chuvoso;Sem defeito;Perfeito estado;Molhada;Perfeito estado;Agente;Não há placas;60 km/h;2019
08/08/2019;11:29:00;SEM VÍTIMA;BOA VIAGEM;RUA SIDERAL;;COLISÃO;;;;;;;;;0;;;;;;;;;;2019
08/08/2019;11:29:00;SEM VÍTIMA;ENCRUZILHADA;EST DE BELEM;CIDADE;ABALROAMENTO LONGITUDINAL;1;;;;;1;;;0;;Bom;Sem defeito;Perfeito estado;Seca;Perfeito estado;Faixa de pedestre;R-6a;;2019
08/08/2019;11:40:00;SEM VÍTIMA;IPSEP;AV DOM HELDER CAMARA;CIDADE;COLISÃO TRASEIRA;1;;;;1;;;;0;;Chuvoso;Sem defeito;Perfeito estado;Molhada;Perfeito estado;;Não há placas;;2019
08/08/2019;11:43:00;SEM VÍTIMA;BOA VIAGEM;RUA CAPITAO ZUZINHA;CIDADE;COLISÃO TRASEIRA;1;;;;1;;;;0;;Chuvoso;Sem defeito;Perfeito estado;Molhada;Perfeito estado;Faixa de pedestre;Outras;;2019
08/08/2019;12:22:00;SEM VÍTIMA;AFLITOS;AV SANTOS DUMONT;CIDADE;COLISÃO TRASEIRA;3;;;;;;;;0;;Bom;Não existe;Incompleta;Seca;Mal conservada;Não existe;Não há placas;;2019
08/08/2019;12:53:00;SEM VÍTIMA;IPUTINGA;AV MAURICIO DE NASSAU;CIDADE;COLISÃO TRASEIRA;2;;;;;;;;0;;Bom;Não existe;Incompleta;Seca;Perfeito estado;Não existe;Não há placas;;2019
08/08/2019;13:00:00;SEM VÍTIMA;ESPINHEIRO;AV GOVERNADOR AGAMENON MAGALHAES;;ABALROAMENTO LONGITUDINAL;2;;;;;;;;0;;Bom;Não existe;Perfeito estado;Seca;Perfeito estado;Não existe;R-6a;;2019
08/08/2019;13:10:00;COM VÍTIMA;ÁGUA FRIA;AV ANIBAL BENEVOLO;SUBURBIO;ATROPELAMENTO;;;;1;1;;;;1;;Bom;Não existe;Não existente;;Perfeito estado;;Não há placas;;2019
08/08/2019;13:23:00;SEM VÍTIMA;ARRUDA;RUA SETE PECADOS;;COLISÃO;2;;;;;;;;0;;;;;;;;;;2019
08/08/2019;13:32:00;SEM VÍTIMA;ALTO SANTA TERESINHA;RUA TAMBOARA;;COLISÃO;1;1;;;;;;;0;;;;;;;;;;2019
08/08/2019;13:47:00;SEM VÍTIMA;NOVA DESCOBERTA;RUA VASCO DA GAMA;;COLISÃO TRASEIRA;3;;;;;;;;0;;Bom;Não existe;Incompleta;Seca;Perfeito estado;Não existe;Não há placas;;2019
08/08/2019;17:40:00;COM VÍTIMA;BEBERIBE;AV BEBERIBE;CIDADE;ABALROAMENTO LONGITUDINAL;1;1;;;;;;;1;;Bom;Sem defeito;;Seca;Outros;Faixa de pedestre;Outras;;2019
08/08/2019;17:45:00;SEM VÍTIMA;ENCRUZILHADA;EST DE BELEM;SUBURBIO;ABALROAMENTO LONGITUDINAL;2;;;;;;;;0;;Bom;Não existe;Perfeito estado;Seca;Perfeito estado;Não existe;R-6a;60 km/h;2019
08/08/2019;18:01:00;SEM VÍTIMA;BONGI;EST DO BONGI;CIDADE;COLISÃO TRASEIRA;1;1;;;;;;;0;;Bom;Não existe;Perfeito estado;Seca;Perfeito estado;Não existe;Outras;30 km/h;2019
08/08/2019;18:04:00;SEM VÍTIMA;DERBY;AV GOVERNADOR CARLOS DE LIMA CAVALCANTI;CIDADE;ABALROAMENTO LONGITUDINAL;1;;;;1;;;;0;;Bom;Sem defeito;Perfeito estado;Seca;Perfeito estado;;Outras;40 km/h;2019
08/08/2019;18:06:00;SEM VÍTIMA;BOA VISTA;AV CONDE DA BOA VISTA;SUBURBIO;ABALROAMENTO LONGITUDINAL;2;;;;;;;1;0;;Bom;Não existe;Ilegível;Seca;Perfeito estado;Faixa de pedestre;Não há placas;;2019
08/08/2019;18:12:00;SEM VÍTIMA;ÁGUA FRIA;RUA JULIO RAMOS;SUBURBIO;ABALROAMENTO LONGITUDINAL;1;;;;1;;;;0;;Bom;Sem defeito;Perfeito estado;Seca;Perfeito estado;Faixa de pedestre;Outras;;2019
08/08/2019;18:14:00;SEM VÍTIMA;SÃO JOSÉ;AV SUL;;COLISÃO;1;;;;;1;;;0;;;;;;;;;;2019
08/08/2019;18:27:00;SEM VÍTIMA;PARNAMIRIM;RUA DO MARQUES;;COLISÃO;2;;;;;;;;0;;;;;;;;;;2019
08/08/2019;19:45:00;SEM VÍTIMA;ILHA DO LEITE;AV LINS PETIT;CIDADE;ABALROAMENTO TRANSVERSAL;2;;;;;;;;0;;Bom;Sem defeito;Perfeito estado;Seca;Perfeito estado;;Não há placas;;2019
08/08/2019;19:56:00;SEM VÍTIMA;BOA VIAGEM;AV CONSELHEIRO AGUIAR;;COLISÃO;1;;;;1;;;;0;;;;;;;;;;2019
08/08/2019;20:22:00;COM VÍTIMA;DOIS UNIDOS;AV HILDEBRANDO DE VASCONCELOS;CIDADE;ABALROAMENTO LONGITUDINAL;1;1;;;;;;;1;;Bom;Não existe;Não existente;Seca;Mal iluminada;;Não há placas;;2019
08/08/2019;20:31:00;SEM VÍTIMA;IPSEP;RUA BLUMENAU;SUBURBIO;ABALROAMENTO LONGITUDINAL;2;;;;;;;;0;;Bom;Não existe;Não existente;Seca;Perfeito estado;Não existe;Não há placas;;2019
08/08/2019;21:32:00;SEM VÍTIMA;JOANA BEZERRA;AV CENTRAL;CIDADE;COLISÃO TRASEIRA;;;;;1;;1;;0;;Bom;Não existe;Perfeito estado;Seca;Perfeito estado;Não existe;Placas Pare;20 km/h;2019
08/08/2019;22:19:00;SEM VÍTIMA;ESPINHEIRO;RUA DO ESPINHEIRO;SUBURBIO;ABALROAMENTO TRANSVERSAL;2;;;;;;;;0;;Bom;Não existe;Perfeito estado;Seca;Perfeito estado;Faixa de pedestre;Placas Pare;;2019
08/08/2019;23:22:00;COM VÍTIMA;CAMPO GRANDE;RUA FRANKLIN TAVORA;SUBURBIO;COLISÃO FRONTAL;1;1;;;;;;;1;;Bom;Não existe;Perfeito estado;Seca;Perfeito estado;Não existe;Não há placas;60 km/h;2019
08/08/2019;23:46:00;COM VÍTIMA;ILHA JOANA BEZERRA;VDO PAPA JOAO PAULO II;;CHOQUE OBJETO FIXO;;1;;;;;;1;1;;Bom;Não existe;Perfeito estado;Seca;Perfeito estado;Não existe;Não há placas;60 km/h;2019
09/08/2019;00:04:00;SEM VÍTIMA;PARNAMIRIM;RUA NESTOR SILVA;;COLISÃO;2;;;;;;;;0;;;;;;;;;;2019
09/08/2019;01:05:00;SEM VÍTIMA;AFLITOS;AV CONS ROSA E SILVA;;COLISÃO;1;1;;;;;;;0;;;;;;;;;;2019
09/08/2019;03:16:00;SEM VÍTIMA;BOA VIAGEM;AV BOA VIAGEM;;CHOQUE VEÍCULO PARADO;2;;;;;;;;0;;Bom;Sem defeito;Perfeito estado;Seca;Perfeito estado;;;;2019
09/08/2019;07:30:00;SEM VÍTIMA;AREIAS;AV IZABEL DE GOES;SUBURBIO;ABALROAMENTO LONGITUDINAL;1;;;;;;;;0;;Bom;Não existe;Não existente;Seca;Mal conservada;Não existe;Não há placas;;2019
09/08/2019;07:34:00;COM VÍTIMA;IBURA;AV DOIS RIOS;CIDADE;TOMBAMENTO;;1;;;;;;;1;;Bom;Não existe;Ilegível;Molhada;Mal conservada;Agente;Não há placas;;2019
09/08/2019;07:45:00;SEM VÍTIMA;PRADO;AV ENGENHEIRO ABDIAS DE CARVALHO;SUBURBIO;COLISÃO TRASEIRA;2;;;;;;;;0;;Bom;Sem defeito;Perfeito estado;Seca;Perfeito estado;Não existe;R-6a;60 km/h;2019
09/08/2019;07:57:00;SEM VÍTIMA;BOA VIAGEM;RUA WALDEMAR NERY CARNEIRO MONTEIRO;SUBURBIO;ABALROAMENTO LONGITUDINAL;2;;;;;;;;0;;Bom;Não existe;Não existente;Seca;Perfeito estado;Não existe;Não há placas;;2019
09/08/2019;08:19:00;SEM VÍTIMA;IMBIRIBEIRA;RUA JACI;SUBURBIO;ABALROAMENTO LONGITUDINAL;1;;;;1;;;;0;;Bom;Não existe;Ilegível;Seca;Mal conservada;Não existe;Placas Pare;;2019
09/08/2019;08:49:00;SEM VÍTIMA;CORDEIRO;RUA GOMES TABORDA;SUBURBIO;ABALROAMENTO TRANSVERSAL;2;;;;;;;;0;;Bom;Não existe;;Seca;;;Placas Pare;;2019
09/08/2019;09:06:00;COM VÍTIMA;BOA VIAGEM;RUA JONATHAS DE VASCONCELOS;PRAIA;ABALROAMENTO TRANSVERSAL;1;1;;;;;;;1;;Bom;Não existe;Incompleta;Seca;Perfeito estado;Não existe;Não há placas;40 km/h;2019
09/08/2019;09:16:00;COM VÍTIMA;PONTO DE PARADA;RUA MEM DE SA;;ABALROAMENTO TRANSVERSAL;1;1;;;;;;;1;;Bom;Não existe;Perfeito estado;Seca;Perfeito estado;Não existe;R-6a;;2019
09/08/2019;09:43:00;SEM VÍTIMA;TORRE;RUA CONS THEODORO;SUBURBIO;ABALROAMENTO LONGITUDINAL;2;;;;;;;;0;;Bom;Não existe;Perfeito estado;Seca;Perfeito estado;Não existe;Outras;;2019
09/08/2019;10:47:00;SEM VÍTIMA;SÃO JOSÉ;RUA IMPERIAL;;ABALROAMENTO LONGITUDINAL;2;;;;;;;;0;;Bom;Sem defeito;Perfeito estado;Seca;Perfeito estado;Não existe;Outras;;2019
09/08/2019;10:55:00;SEM VÍTIMA;TEJIPIÓ;AV LIBERDADE;;COLISÃO;1;1;;;;;;;0;;;;;;;;;;2019
09/08/2019;11:08:00;SEM VÍTIMA;ESPINHEIRO;AV CONS ROSA E SILVA;SUBURBIO;ABALROAMENTO LONGITUDINAL;2;;;;;;;;0;;Bom;Não existe;Perfeito estado;Seca;Perfeito estado;Não existe;Outras;;2019
09/08/2019;12:20:00;SEM VÍTIMA;TEJIPIÓ;AV LIBERDADE;;ABALROAMENTO TRANSVERSAL;1;1;;;;;;;0;;Chuvoso;Não existe;Não existente;Molhada;Mal conservada;Não existe;Não há placas;;2019
09/08/2019;12:35:00;COM VÍTIMA;IPSEP;AV RECIFE;;COLISÃO;1;1;;;;;;;1;;;;;;;;;;2019
09/08/2019;12:35:00;SEM VÍTIMA;BOA VIAGEM;RUA PROFESSOR MARIO CASTRO;;COLISÃO;2;;;;;;;;0;;;;;;;;;;2019
09/08/2019;12:44:00;SEM VÍTIMA;ALTO DO MANDU;RUA MANDACARU;SUBURBIO;ABALROAMENTO TRANSVERSAL;1;;;;;1;;;0;;Bom;Não existe;Não existente;Seca;;Não existe;Não há placas;;2019
09/08/2019;12:58:00;SEM VÍTIMA;BONGI;AV GENERAL SAN MARTIN;CIDADE;ABALROAMENTO LONGITUDINAL;1;1;;;;;;;0;;Bom;Não existe;Perfeito estado;Seca;Perfeito estado;Não existe;R-6a;;2019
09/08/2019;13:03:00;SEM VÍTIMA;ESPINHEIRO;AV CONS ROSA E SILVA;;COLISÃO;2;;;;;;;;0;;;;;;;;;;2019
09/08/2019;13:05:00;SEM VÍTIMA;ESTÂNCIA;AV DR JOSE RUFINO;CIDADE;ABALROAMENTO LONGITUDINAL;1;;;;1;;;;0;;Bom;Não existe;Incompleta;Seca;Perfeito estado;Não existe;R-6a;;2019
09/08/2019;13:10:00;SEM VÍTIMA;IBURA;AV DOIS RIOS;CIDADE;ABALROAMENTO LONGITUDINAL;1;1;;;;;;;0;;Bom;Sem defeito;Perfeito estado;Seca;Mal conservada;Faixa de pedestre;Não há placas;;2019
09/08/2019;13:42:00;SEM VÍTIMA;VÁRZEA;RUA PROFESSOR ANTONIO COELHO;;ABALROAMENTO TRANSVERSAL;2;;;;;;;;0;;Bom;Não existe;Perfeito estado;Seca;Perfeito estado;Faixa de pedestre;Placas Pare;30 km/h;2019
09/08/2019;14:06:00;SEM VÍTIMA;IBURA;RUA DR OTAVIO DE MORAES VASCONCELOS;CIDADE;ABALROAMENTO LONGITUDINAL;2;;;;;;;;0;;Bom;Não existe;Não existente;Seca;Perfeito estado;Não existe;Não há placas;;2019
09/08/2019;14:19:00;SEM VÍTIMA;IPUTINGA;RUA MOTORISTA ANTONIO PAULINO DE LIMA;;COLISÃO;1;;;;1;;;;0;;;;;;;;;;2019
09/08/2019;14:21:00;SEM VÍTIMA;BOA VIAGEM;AV ENGENHEIRO DOMINGOS FERREIRA;SUBURBIO;ABALROAMENTO LONGITUDINAL;1;1;;;;;;;0;;Bom;Não existe;Perfeito estado;Seca;Perfeito estado;;Não há placas;60 km/h;2019
09/08/2019;14:28:00;SEM VÍTIMA;IBURA;RUA ITAJAI;;COLISÃO;2;;;;;;;;0;;;;;;;;;;2019
09/08/2019;14:29:00;SEM VÍTIMA;MONTEIRO;AV DEZESSETE DE AGOSTO;CIDADE;COLISÃO TRASEIRA;1;;;;1;;;;0;;Bom;Sem defeito;Perfeito estado;Seca;Perfeito estado;;Outras;;2019
09/08/2019;14:33:00;SEM VÍTIMA;BOA VIAGEM;RUA ERNESTO DE PAULA SANTOS;CIDADE;ABALROAMENTO TRANSVERSAL;1;;;;1;;;;0;;Bom;Não existe;Perfeito estado;Seca;Perfeito estado;Não existe;Não há placas;;2019
09/08/2019;14:44:00;SEM VÍTIMA;SÃO JOSÉ;C SANTA RITA;CIDADE;COLISÃO TRASEIRA;2;;;;;;;;0;;Bom;Sem defeito;Perfeito estado;Seca;Perfeito estado;Faixa de pedestre;Outras;60 km/h;2019
09/08/2019;14:45:00;SEM VÍTIMA;IPSEP;RUA DR RAPOSO PINTO;CIDADE;ABALROAMENTO TRANSVERSAL;1;1;;;;;;;0;;Bom;Não existe;Perfeito estado;Seca;Perfeito estado;Faixa de retenção;Placas Pare;;2019
09/08/2019;15:21:00;SEM VÍTIMA;BOA VIAGEM;RUA PROFESSOR JOAO MEDEIROS;;COLISÃO;1;1;;;;;;;0;;;;;;;;;;2019
09/08/2019;15:28:00;COM VÍTIMA;IMBIRIBEIRA;AV GENERAL MAC ARTHUR;SUBURBIO;ABALROAMENTO LONGITUDINAL;1;1;;;;;;;1;;Bom;Não existe;Não existente;Seca;Perfeito estado;Não existe;Não há placas;40 km/h;2019
09/08/2019;16:04:00;SEM VÍTIMA;BOA VIAGEM;AV ENGENHEIRO DOMINGOS FERREIRA;SUBURBIO;COLISÃO TRASEIRA;2;;;;;;;;0;;Bom;Não existe;Perfeito estado;Seca;Perfeito estado;Não existe;Outras;;2019
09/08/2019;16:19:00;SEM VÍTIMA;BOA VISTA;AV CONDE DA BOA VISTA;SUBURBIO;ABALROAMENTO LONGITUDINAL;1;;;;1;;;;0;;Bom;Não existe;Perfeito estado;Seca;Perfeito estado;Não existe;R-6c;;2019
09/08/2019;16:49:00;SEM VÍTIMA;PINA;AV ANTONIO DE GOES;;COLISÃO;2;;;;;;;;0;;;;;;;;;;2019
09/08/2019;17:06:00;SEM VÍTIMA;BAIRRO DO RECIFE;AV ALFREDO LISBOA;;COLISÃO;2;;;;;;;;0;;;;;;;;;;2019
09/08/2019;17:09:00;COM VÍTIMA;PINA;AV CONSELHEIRO AGUIAR;CIDADE;COLISÃO TRASEIRA;1;1;;;;;;;1;;Bom;Sem defeito;Perfeito estado;Seca;Perfeito estado;Não existe;Não há placas;;2019
09/08/2019;17:11:00;SEM VÍTIMA;IPSEP;RUA BLUMENAU;;COLISÃO;1;;;;;1;;;0;;;;;;;;;;2019
09/08/2019;18:15:00;SEM VÍTIMA;ESPINHEIRO;RUA DO ESPINHEIRO;SUBURBIO;ABALROAMENTO LONGITUDINAL;1;1;;;;;;;0;;Bom;Não existe;Perfeito estado;Seca;Perfeito estado;Não existe;Outras;;2019
09/08/2019;18:15:00;SEM VÍTIMA;CASA AMARELA;RUA DONA ANA XAVIER;;ABALROAMENTO LONGITUDINAL;2;;;;1;;;;0;;Bom;Sem defeito;Não existente;Seca;Perfeito estado;Não existe;Outras;;2019
09/08/2019;18:37:00;SEM VÍTIMA;PRADO;RUA CARLOS GOMES;SUBURBIO;COLISÃO TRASEIRA;2;;;;;;;;0;;Bom;Não existe;Perfeito estado;Seca;Perfeito estado;Não existe;R-6a;;2019
09/08/2019;18:46:00;SEM VÍTIMA;IPSEP;RUA JEAN EMILE FAVRE;;COLISÃO;1;1;;;;;;;0;;;;;;;;;;2019
09/08/2019;19:59:00;SEM VÍTIMA;BOA VIAGEM;RUA VISCONDE DE JEQUITINHONHA;;COLISÃO;2;;;;;;;;0;;;;;;;;;;2019
09/08/2019;20:25:00;SEM VÍTIMA;SÃO JOSÉ;AV SUL;CIDADE;ABALROAMENTO LONGITUDINAL;1;;;;1;;;;0;;Bom;Não existe;Perfeito estado;Seca;Perfeito estado;;Placas Pare;40 km/h;2019
09/08/2019;20:42:00;COM VÍTIMA;TOTÓ;AV LIBERDADE;SUBURBIO;ATROPELAMENTO;;1;;1;;;;;2;;Bom;Não existe;Perfeito estado;Seca;Perfeito estado;Não existe;Não há placas;50 km/h;2019
09/08/2019;21:16:00;COM VÍTIMA;IPUTINGA;EST DO BARBALHO;;COLISÃO;1;1;;;;;;;1;;;;;;;;;;2019
10/08/2019;01:02:00;COM VÍTIMA;IPSEP;RUA HELIO BRANDAO;;ABALROAMENTO TRANSVERSAL;2;;;;;;;;1;;Bom;Desligado;Perfeito estado;Seca;Perfeito estado;Faixa de pedestre;R-6a;;2019
10/08/2019;01:20:00;SEM VÍTIMA;CASA AMARELA;RUA DA HARMONIA;SUBURBIO;ABALROAMENTO TRANSVERSAL;2;;;;;;;;0;;Bom;Não existe;Perfeito estado;Seca;Perfeito estado;Faixa de pedestre;Placas Pare;;2019
10/08/2019;04:05:00;COM VÍTIMA;TORRE;RUA JOSE BONIFACIO;CIDADE;CHOQUE OBJETO FIXO;;1;;;;;;;1;;Bom;Não existe;Perfeito estado;Seca;Perfeito estado;Outros;Outras;;2019
10/08/2019;07:14:00;COM VÍTIMA;ILHA DO RETIRO;EST DOS REMEDIOS;SUBURBIO;COLISÃO COM CICLISTA;1;;1;;;;;;1;;Bom;Sem defeito;Perfeito estado;Seca;Perfeito estado;Não existe;R-6a;;2019
10/08/2019;07:45:00;SEM VÍTIMA;BOA VIAGEM;RUA ERNESTO DE PAULA SANTOS;SUBURBIO;ABALROAMENTO TRANSVERSAL;1;;;;1;;;;0;;Bom;Não existe;Não existente;Seca;Perfeito estado;Não existe;Não há placas;;2019
10/08/2019;08:12:00;COM VÍTIMA;BOA VISTA;AV JOAO DE BARROS;CIDADE;ABALROAMENTO TRANSVERSAL;1;1;;;;;;;1;;Bom;Não existe;Perfeito estado;Seca;Perfeito estado;Não existe;R-6a;;2019
10/08/2019;08:51:00;SEM VÍTIMA;MADALENA;EST DOS REMEDIOS;CIDADE;ABALROAMENTO LONGITUDINAL;2;;;;;;;;0;;Bom;Sem defeito;Perfeito estado;Seca;Perfeito estado;Faixa de pedestre;;;2019
10/08/2019;08:59:00;SEM VÍTIMA;VÁRZEA;RUA BELEM DE SAO FRANCISCO;SUBURBIO;CHOQUE VEÍCULO PARADO;2;;;;;;;;0;;Bom;Não existe;Perfeito estado;Seca;Perfeito estado;Não existe;Não há placas;30 km/h;2019
10/08/2019;09:15:00;SEM VÍTIMA;BOA VIAGEM;RUA VISCONDE DE JEQUITINHONHA;SUBURBIO;COLISÃO TRASEIRA;2;;;;;;;;0;;Bom;Sem defeito;Perfeito estado;Seca;Perfeito estado;Faixa de pedestre;;;2019
10/08/2019;09:34:00;COM VÍTIMA;TAMARINEIRA;RUA CONEGO BARATA;SUBURBIO;ABALROAMENTO TRANSVERSAL;1;1;;;;;;;1;;Bom;Sem defeito;Perfeito estado;Seca;Perfeito estado;Faixa de pedestre;R-6a;;2019
10/08/2019;10:05:00;SEM VÍTIMA;TORRE;RUA CATOLANDIA;SUBURBIO;ABALROAMENTO TRANSVERSAL;2;;;;;;;;0;;Bom;Não existe;Não existente;Seca;Perfeito estado;Não existe;Não há placas;;2019
10/08/2019;11:50:00;SEM VÍTIMA;SANTO AMARO;AV GOVERNADOR AGAMENON MAGALHAES;;COLISÃO TRASEIRA;3;;;;;;;;0;;Bom;Não existe;Perfeito estado;Seca;Perfeito estado;Não existe;Outras;;2019
10/08/2019;11:56:00;COM VÍTIMA;IMBIRIBEIRA;AV MARECHAL MASCARENHAS DE MORAES;SUBURBIO;COLISÃO TRASEIRA;1;;;;;1;;;2;;Bom;Sem defeito;Perfeito estado;Seca;Perfeito estado;Faixa de retenção;R-6a;60 km/h;2019
10/08/2019;12:04:00;SEM VÍTIMA;IMBIRIBEIRA;AV MARECHAL MASCARENHAS DE MORAES;SUBURBIO;ABALROAMENTO LONGITUDINAL;2;;;;;;;;0;;Bom;Sem defeito;Perfeito estado;Seca;Perfeito estado;Faixa de pedestre;Não há placas;;2019
10/08/2019;12:09:00;SEM VÍTIMA;ROSARINHO;RUA REGUEIRA COSTA;;COLISÃO;1;1;;;;;;;0;;;;;;;;;;2019
10/08/2019;12:40:00;SEM VÍTIMA;SANTO AMARO;AV CRUZ CABUGA;;COLISÃO;1;1;;;;;;;0;;;;;;;;;;2019
10/08/2019;13:01:00;SEM VÍTIMA;VÁRZEA;AV CAXANGA;;COLISÃO;2;;;;;;;;0;;;;;;;;;;2019
10/08/2019;13:43:00;SEM VÍTIMA;CORDEIRO;RUA DR JOAO LACERDA;SUBURBIO;COLISÃO TRASEIRA;3;;;;;;;;0;;Bom;Não existe;Perfeito estado;Seca;Perfeito estado;Não existe;Outras;40 km/h;2019
10/08/2019;15:02:00;SEM VÍTIMA;IMBIRIBEIRA;AV MARECHAL MASCARENHAS DE MORAES;CIDADE;ABALROAMENTO LONGITUDINAL;2;;;;;;;;0;;Nublado;Sem defeito;;Seca;;Faixa de pedestre;Outras;;2019
10/08/2019;15:34:00;SEM VÍTIMA;IPSEP;RUA PINTOR ANTONIO ALBUQUERQUE;CIDADE;COLISÃO TRASEIRA;2;;;;;;;;0;;Bom;Não existe;Não existente;Seca;Mal conservada;Não existe;Não há placas;;2019
10/08/2019;16:19:00;SEM VÍTIMA;IMBIRIBEIRA;AV MARECHAL MASCARENHAS DE MORAES;SUBURBIO;COLISÃO TRASEIRA;1;;;;;1;;;0;;Bom;Sem defeito;Perfeito estado;Seca;Perfeito estado;Faixa de pedestre;R-6a;60 km/h;2019
10/08/2019;17:10:00;SEM VÍTIMA;BOA VIAGEM;RUA ERNESTO DE PAULA SANTOS;CIDADE;ABALROAMENTO LONGITUDINAL;2;;;;;;;;0;;Bom;Não existe;Perfeito estado;Seca;Perfeito estado;Não existe;Não há placas;;2019
10/08/2019;17:33:00;COM VÍTIMA;AREIAS;AV RECIFE;BOA VIAGEM;COLISÃO TRASEIRA;1;1;;;;;;;2;;Bom;Sem defeito;Perfeito estado;Seca;Perfeito estado;Não existe;Não há placas;60 km/h;2019
10/08/2019;20:04:00;SEM VÍTIMA;BOA VISTA;RUA DA CONCEICAO;;COLISÃO;2;;;;;;;;0;;;;;;;;;;2019