data;hora;natureza_acidente;bairro;endereco;sentido_via;tipo;auto;moto;ciclista;pedestre;onibus;caminhao;viatura;outros;vitimas;vitimasfatais;tempo_clima;situacao_semaforo;sinalizacao;condicao_via;conservacao_via;ponto_controle;situacao_placa;velocidade_max_via;ano
10/08/2019;21:47:00;COM VÍTIMA;SAN MARTIN;RUA COMENDADOR FRANCO FERREIRA;SUBURBIO;COLISÃO COM CICLISTA;1;;1;;;;;;1;;Bom;Não existe;Perfeito estado;Seca;Perfeito estado;Não existe;Outras;;2019
10/08/2019;21:56:00;SEM VÍTIMA;CORDEIRO;AV MAURICIO DE NASSAU;SUBURBIO;CHOQUE VEÍCULO PARADO;2;;;;;;;;0;;Bom;Não existe;Perfeito estado;Seca;Perfeito estado;Não existe;Não há placas;;2019
10/08/2019;22:34:00;SEM VÍTIMA;IPUTINGA;AV MAURICIO DE NASSAU;CIDADE;ABALROAMENTO LONGITUDINAL;2;;;;;;;;0;;Bom;Sem defeito;Perfeito estado;Seca;Perfeito estado;Não existe;Não há placas;;2019
10/08/2019;22:39:00;SEM VÍTIMA;CASA FORTE;AV DEZESSETE DE AGOSTO;CIDADE;ABALROAMENTO LONGITUDINAL;2;;;;;;;;0;;Bom;Sem defeito;Perfeito estado;Seca;Perfeito estado;Faixa de pedestre;Outras;;2019
11/08/2019;04:53:00;COM VÍTIMA;COQUEIRAL;RUA DA CUSTODIA;SUBURBIO;ATROPELAMENTO;1;;;1;;;;;1;;Bom;Não existe;Não existente;Seca;Perfeito estado;Não existe;Não há placas;;2019
11/08/2019;06:16:00;SEM VÍTIMA;CORDEIRO;AV CAXANGA;SUBURBIO;COLISÃO;2;;;;;;;;0;;;;;;;;;;2019
11/08/2019;08:04:00;SEM VÍTIMA;JAQUEIRA;AV CONS ROSA E SILVA;SUBURBIO;ABALROAMENTO TRANSVERSAL;2;;;;;;;;0;;Bom;Sem defeito;Perfeito estado;Seca;Perfeito estado;Faixa de pedestre;Outras;40 km/h;2019
11/08/2019;08:34:00;SEM VÍTIMA;BOA VIAGEM;RUA DOS NAVEGANTES;SUBURBIO;ABALROAMENTO TRANSVERSAL;2;;;;;;;;0;;Bom;Não existe;Perfeito estado;Seca;Perfeito estado;Não existe;Outras;;2019
11/08/2019;08:42:00;SEM VÍTIMA;IPSEP;RUA JEAN EMILE FAVRE;SUBURBIO;ABALROAMENTO LONGITUDINAL;2;;;;;;;;0;;Bom;Não existe;Incompleta;Seca;Perfeito estado;Não existe;R-6a;;2019
11/08/2019;09:31:00;SEM VÍTIMA;SANTO AMARO;AV GOVERNADOR AGAMENON MAGALHAES;;COLISÃO TRASEIRA;2;;;;;;;;0;;Bom;Sem defeito;Perfeito estado;Seca;Perfeito estado;Faixa de pedestre;;;2019
11/08/2019;12:21:00;SEM VÍTIMA;VÁRZEA;PRC PINTO DAMASO;;COLISÃO;2;;;;;;;;0;;;;;;;;;;2019
11/08/2019;13:33:00;SEM VÍTIMA;SANTO AMARO;AV DR JAYME DA FONTE;SUBURBIO;COLISÃO TRASEIRA;2;;;;;;;;0;;Bom;Não existe;Perfeito estado;Seca;Perfeito estado;Não existe;R-5a;;2019
11/08/2019;13:41:00;COM VÍTIMA;CASA FORTE;AV DEZESSETE DE AGOSTO;CIDADE;COLISÃO TRASEIRA;1;1;;;;;;;1;;Bom;Sem defeito;Perfeito estado;Seca;Perfeito estado;Faixa de pedestre;R-6a;;2019
11/08/2019;13:56:00;SEM VÍTIMA;IMBIRIBEIRA;RUA DR TAVARES CORREIA;SUBURBIO;ABALROAMENTO LONGITUDINAL;2;;;;;;;;0;;Bom;Não existe;Não existente;Seca;Perfeito estado;Não existe;Não há placas;;2019
11/08/2019;14:15:00;SEM VÍTIMA;IMBIRIBEIRA;RUA DR TAVARES CORREIA;;COLISÃO;2;;;;;;;;0;;;;;;;;;;2019
11/08/2019;14:51:00;SEM VÍTIMA;CORDEIRO;AV ENGENHEIRO ABDIAS DE CARVALHO;;CHOQUE VEÍCULO PARADO;2;;;;;;;;0;;Bom;Não existe;Perfeito estado;Seca;Perfeito estado;Não existe;Outras;60 km/h;2019
11/08/2019;15:14:00;COM VÍTIMA;VÁRZEA;RUA MARIO CAMPELO;;COLISÃO;1;1;;;;;;;1;;;;;;;;;;2019
11/08/2019;16:09:00;SEM VÍTIMA;IBURA;AV DOIS RIOS;;COLISÃO;2;;;;;;;;0;;;;;;;;;;2019
11/08/2019;16:54:00;SEM VÍTIMA;IPUTINGA;AV LUIZ DE LACERDA;SUBURBIO;ABALROAMENTO TRANSVERSAL;1;;;;;;;;0;;Bom;Não existe;Perfeito estado;Seca;Perfeito estado;Não existe;Placas Pare;;2019
11/08/2019;17:31:00;SEM VÍTIMA;ILHA DO RETIRO;RUA SPORT CLUBE DO RECIFE;SUBURBIO;ABALROAMENTO LONGITUDINAL;2;;;;;;;;0;;Bom;Não existe;Perfeito estado;Seca;Perfeito estado;Não existe;Outras;60 km/h;2019
11/08/2019;21:08:00;COM VÍTIMA;BOA VIAGEM;AV CONSELHEIRO AGUIAR;CIDADE;ABALROAMENTO TRANSVERSAL;1;1;;;;;;;1;;Bom;Sem defeito;Perfeito estado;Seca;Perfeito estado;;Outras;;2019
11/08/2019;21:55:00;SEM VÍTIMA;CAXANGÁ;AV JOAQUIM RIBEIRO;SUBURBIO;COLISÃO TRASEIRA;1;1;;;;;;;0;;Bom;Sem defeito;Perfeito estado;Seca;Perfeito estado;Faixa de pedestre;;;2019
12/08/2019;00:41:00;COM VÍTIMA;COHAB;RUA VALE DO ITAJAI;;COLISÃO FRONTAL;2;;;;;;;;3;;Bom;Não existe;Não existente;Seca;Mal iluminada;Não existe;Não há placas;;2019
12/08/2019;01:21:00;SEM VÍTIMA;IBURA;RUA SAO MIGUEL;;CHOQUE;1;;;;;;;;0;;;;;;;;;;2019
12/08/2019;08:20:00;COM VÍTIMA;BOA VIAGEM;RUA CAMBOIM;CIDADE;ABALROAMENTO TRANSVERSAL;2;;;;;;;;1;;Chuvoso;Não existe;Perfeito estado;Seca;Perfeito estado;Não existe;Placas Pare;;2019
12/08/2019;09:02:00;SEM VÍTIMA;SÃO JOSÉ;C SANTA RITA;CIDADE;ABALROAMENTO LONGITUDINAL;1;;;;;1;;;0;;Chuvoso;Não existe;Perfeito estado;Molhada;Perfeito estado;Agente;Não há placas;40 km/h;2019
12/08/2019;09:24:00;SEM VÍTIMA;BOA VIAGEM;AV CONSELHEIRO AGUIAR;SUBURBIO;ABALROAMENTO LONGITUDINAL;2;;;;;;;;0;;Chuvoso;Sem defeito;Perfeito estado;Molhada;Perfeito estado;Faixa de pedestre;Não há placas;;2019
12/08/2019;10:39:00;SEM VÍTIMA;IMBIRIBEIRA;AV MARECHAL MASCARENHAS DE MORAES;SUBURBIO;COLISÃO TRASEIRA;1;1;;;;;;;0;;Chuvoso;Sem defeito;Perfeito estado;Molhada;Perfeito estado;;Não há placas;;2019
12/08/2019;10:59:00;COM VÍTIMA;ILHA DO LEITE;RUA SENADOR JOSE HENRIQUE;CIDADE;ABALROAMENTO LONGITUDINAL;1;1;;;;;;;1;;Bom;Não existe;Ilegível;Seca;Perfeito estado;Outros;Outras;;2019
12/08/2019;11:28:00;COM VÍTIMA;IBURA;AV DOIS RIOS;SUBURBIO;ABALROAMENTO LONGITUDINAL;1;1;;;;;;;1;;Chuvoso;Não existe;Incompleta;Molhada;Mal conservada;Não existe;Não há placas;;2019
12/08/2019;11:54:00;SEM VÍTIMA;IPUTINGA;RUA PADRE DEHON;;ABALROAMENTO LONGITUDINAL;;;;;;1;1;1;0;;Bom;Não existe;Incompleta;Seca;Perfeito estado;Não existe;Não há placas;;2019
12/08/2019;12:07:00;SEM VÍTIMA;BOA VIAGEM;AV ENGENHEIRO DOMINGOS FERREIRA;SUBURBIO;COLISÃO TRASEIRA;2;;;;;;;;0;;Chuvoso;Sem defeito;Perfeito estado;Molhada;Perfeito estado;Outros;Outras;60 km/h;2019
12/08/2019;12:42:00;COM VÍTIMA;SANTO ANTÔNIO;PRC DA REPUBLICA;SUBURBIO;COLISÃO TRASEIRA;1;1;;;;;;;1;;Chuvoso;Não existe;Perfeito estado;Seca;Perfeito estado;;Não há placas;;2019
12/08/2019;13:06:00;COM VÍTIMA;CASA FORTE;AV DEZESSETE DE AGOSTO;;COLISÃO;1;1;;;;;;;1;;;;;;;;;;2019
12/08/2019;13:55:00;SEM VÍTIMA;BOA VISTA;RUA DAS NINFAS;;COLISÃO;2;;;;;;;;0;;;;;;;;;;2019
12/08/2019;14:21:00;SEM VÍTIMA;BOA VIAGEM;RUA PROFESSOR JOAO MEDEIROS;CIDADE;COLISÃO TRASEIRA;2;;;;;;;;0;;Bom;Não existe;Perfeito estado;Seca;Perfeito estado;Não existe;Não há placas;;2019
12/08/2019;14:42:00;COM VÍTIMA;CASA AMARELA;AV NORTE;SUBURBIO;TOMBAMENTO;;1;;;;;;;2;;Chuvoso;Sem defeito;Perfeito estado;Molhada;;Faixa de pedestre;Outras;;2019
12/08/2019;14:53:00;SEM VÍTIMA;ILHA DO LEITE;RUA ESTADO DE ISRAEL;SUBURBIO;ABALROAMENTO LONGITUDINAL;2;;;;;;;;0;;Chuvoso;Não existe;Incompleta;Seca;Perfeito estado;Não existe;R-4a;;2019
12/08/2019;15:14:00;SEM VÍTIMA;BOA VIAGEM;AV CONSELHEIRO AGUIAR;CIDADE;COLISÃO TRASEIRA;2;;;;;;;;0;;Bom;Sem defeito;Perfeito estado;Seca;Perfeito estado;Não existe;Outras;;2019
12/08/2019;15:32:00;SEM VÍTIMA;SANTO AMARO;RUA DO POMBAL;CIDADE;ABALROAMENTO TRANSVERSAL;2;;;;;;;;0;;Bom;Não existe;Não existente;Seca;Perfeito estado;Não existe;Não há placas;;2019
12/08/2019;17:59:00;COM VÍTIMA;IPSEP;AV RECIFE;AEROPORTO;COLISÃO TRASEIRA;1;1;;;;;;;1;;Bom;Não existe;Perfeito estado;Seca;Perfeito estado;;R-6a;60 km/h;2019
12/08/2019;18:00:00;SEM VÍTIMA;IPUTINGA;AV CAXANGA;CIDADE;COLISÃO TRASEIRA;2;;;;;;;;0;;Bom;Sem defeito;Perfeito estado;Seca;Perfeito estado;Faixa de pedestre;Outras;60 km/h;2019
12/08/2019;18:09:00;SEM VÍTIMA;CORDEIRO;AV MAURICIO DE NASSAU;;ABALROAMENTO LONGITUDINAL;1;;;;;1;;;0;;Bom;Não existe;Não existente;Seca;Perfeito estado;Não existe;Não há placas;;2019
12/08/2019;18:34:00;COM VÍTIMA;BRASÍLIA TEIMOSA;RUA MEDUSA;SUBURBIO;TOMBAMENTO;;1;;;;;1;;1;;Bom;Não existe;Não existente;Seca;Mal conservada;Não existe;Não há placas;;2019
12/08/2019;18:58:00;SEM VÍTIMA;SANTO AMARO;RUA AURORA;SUBURBIO;COLISÃO TRASEIRA;3;;;;;;;;0;;Bom;Sem defeito;Perfeito estado;Seca;Perfeito estado;;;;2019
12/08/2019;20:04:00;SEM VÍTIMA;CAMPO GRANDE;RUA ODORICO MENDES;;COLISÃO;1;1;;;;;;;0;;;;;;;;;;2019
12/08/2019;20:28:00;SEM VÍTIMA;ILHA DO LEITE;RUA FRANCISCO ALVES;CIDADE;ABALROAMENTO LONGITUDINAL;2;;;;;;;;0;;Bom;Não existe;Perfeito estado;Seca;Perfeito estado;Não existe;Não há placas;;2019
12/08/2019;22:23:00;SEM VÍTIMA;TAMARINEIRA;EST DO ARRAIAL;SUBURBIO;COLISÃO TRASEIRA;2;;;;;;;;0;;Bom;Não existe;Perfeito estado;Seca;Perfeito estado;Não existe;Não há placas;;2019
13/08/2019;06:56:00;SEM VÍTIMA;VÁRZEA;AV AFONSO OLINDENSE;CIDADE;ABALROAMENTO LONGITUDINAL;1;1;;;;;;;0;;Bom;Não existe;Perfeito estado;Seca;Perfeito estado;Faixa de pedestre;Outras;;2019
13/08/2019;07:16:00;SEM VÍTIMA;MADALENA;RUA BENFICA;CIDADE;ABALROAMENTO LONGITUDINAL;2;;;;;;;;0;;Bom;Sem defeito;Perfeito estado;Seca;Perfeito estado;Não existe;Não há placas;;2019
13/08/2019;08:09:00;SEM VÍTIMA;GUABIRABA;RUA DAS FLORES;CIDADE;ABALROAMENTO LONGITUDINAL;1;;;;1;;;;0;;Bom;Não existe;Perfeito estado;Seca;Perfeito estado;Não existe;Outras;;2019
13/08/2019;08:11:00;COM VÍTIMA;BOA VISTA;AV CONDE DA BOA VISTA;SUBURBIO;COLISÃO TRASEIRA;;1;;;;;;1;1;;Bom;Sem defeito;Incompleta;Seca;Mal conservada;Agente;;;2019
13/08/2019;08:25:00;SEM VÍTIMA;MADALENA;RUA ENGENHEIRO LEONARDO ARCOVERDE;SUBURBIO;COLISÃO TRASEIRA;2;;;;;;;;0;;Bom;Não existe;Perfeito estado;Seca;Perfeito estado;Não existe;Não há placas;;2019
13/08/2019;08:30:00;SEM VÍTIMA;ROSARINHO;RUA COUTO MAGALHAES;;COLISÃO TRASEIRA;1;;;;1;;;;0;;Bom;Não existe;Perfeito estado;Seca;Perfeito estado;Não existe;R-6a;;2019
13/08/2019;08:32:00;SEM VÍTIMA;DOIS IRMÃOS;RUA DOIS IRMAOS;SUBURBIO;ABALROAMENTO LONGITUDINAL;1;;;;1;;;;0;;Bom;Sem defeito;Incompleta;Seca;Perfeito estado;Faixa de retenção;Outras;60 km/h;2019
13/08/2019;08:46:00;SEM VÍTIMA;BOA VISTA;RUA AURORA;SUBURBIO;ABALROAMENTO LONGITUDINAL;1;;;;1;;;;0;;Bom;Sem defeito;Ilegível;Seca;Perfeito estado;Agente;Outras;;2019
13/08/2019;08:53:00;SEM VÍTIMA;CAXANGÁ;AV CAXANGA;CIDADE;ABALROAMENTO LONGITUDINAL;1;;;;1;;;;0;;Bom;Sem defeito;Perfeito estado;Seca;Perfeito estado;Faixa de pedestre;Outras;;2019
13/08/2019;09:43:00;SEM VÍTIMA;CASA AMARELA;AV NORTE;SUBURBIO;CHOQUE OBJETO FIXO;1;;;;;1;;1;0;;Bom;Não existe;Perfeito estado;Seca;Mal conservada;Não existe;;;2019
13/08/2019;10:17:00;SEM VÍTIMA;BOA VIAGEM;RUA RIBEIRO DE BRITO;;COLISÃO;1;1;;;;;;;0;;;;;;;;;;2019
13/08/2019;11:30:00;SEM VÍTIMA;DOIS IRMÃOS;RUA MANUEL DE MEDEIROS;CIDADE;ABALROAMENTO TRANSVERSAL;1;1;;;;;;;0;;Bom;Não existe;Perfeito estado;Seca;Perfeito estado;Não existe;;;2019
13/08/2019;11:30:00;SEM VÍTIMA;IMBIRIBEIRA;AV MARECHAL MASCARENHAS DE MORAES;CIDADE;ABALROAMENTO LONGITUDINAL;2;;;;;;;;0;;Bom;Não existe;Perfeito estado;Seca;Perfeito estado;Não existe;Não há placas;;2019
13/08/2019;11:31:00;SEM VÍTIMA;PINA;AV ENCANTA MOCA;CIDADE;ABALROAMENTO TRANSVERSAL;2;;;;;;;;0;;Bom;Não existe;Perfeito estado;Seca;Perfeito estado;;Não há placas;;2019
13/08/2019;11:35:00;COM VÍTIMA;SÃO JOSÉ;RUA PRINCESA IZABEL;CIDADE;ABALROAMENTO TRANSVERSAL;;2;;;;;;;1;;Bom;Sem defeito;Perfeito estado;Seca;Perfeito estado;Faixa de pedestre;;;2019
13/08/2019;12:28:00;SEM VÍTIMA;CAXANGÁ;RUA RIBEIRO PESSOA;SUBURBIO;ABALROAMENTO TRANSVERSAL;1;1;;;;;;;0;;Bom;Sem defeito;Incompleta;Seca;Mal conservada;Não existe;Outras;;2019
13/08/2019;12:51:00;SEM VÍTIMA;IPSEP;AV RECIFE;CIDADE;COLISÃO TRASEIRA;3;;;;;;;;0;;Bom;Sem defeito;Incompleta;Seca;Perfeito estado;Não existe;Outras;;2019
13/08/2019;13:13:00;SEM VÍTIMA;AREIAS;AV DR JOSE RUFINO;;COLISÃO;2;;;;;;;;0;;;;;;;;;;2019
13/08/2019;13:15:00;SEM VÍTIMA;BOA VISTA;RUA MARQUES AMORIM;;ABALROAMENTO LONGITUDINAL;2;;;;;;;;0;;Bom;Não existe;Ilegível;Seca;Perfeito estado;Não existe;Outras;;2019
13/08/2019;13:23:00;SEM VÍTIMA;BOA VIAGEM;RUA PADRE CARAPUCEIRO;SUBURBIO;ABALROAMENTO TRANSVERSAL;1;1;;;;;;;0;;Bom;Não existe;Não existente;Seca;Perfeito estado;Não existe;Não há placas;;2019
13/08/2019;13:56:00;COM VÍTIMA;BOA VIAGEM;RUA DR LUIZ CORREA DE OLIVEIRA;;COLISÃO COM CICLISTA;1;;1;;;;;;1;;Bom;Não existe;Não existente;Seca;Perfeito estado;Não existe;Não há placas;;2019
13/08/2019;14:05:00;SEM VÍTIMA;SANTO AMARO;RUA DO POMBAL;CIDADE;ABALROAMENTO TRANSVERSAL;2;;;;;;;;0;;Bom;Não existe;Perfeito estado;Seca;Perfeito estado;Não existe;Placas Pare;;2019
13/08/2019;14:28:00;SEM VÍTIMA;MANGABEIRA;EST VELHA DE AGUA FRIA;SUBURBIO;COLISÃO TRASEIRA;2;;;;;;;;0;;Bom;Não existe;Perfeito estado;Seca;Perfeito estado;Não existe;Outras;40 km/h;2019
13/08/2019;14:51:00;SEM VÍTIMA;DERBY;AV GOVERNADOR AGAMENON MAGALHAES;;COLISÃO TRASEIRA;2;;;;;;;;0;;Bom;Não existe;Perfeito estado;Seca;Perfeito estado;;Não há placas;60 km/h;2019
13/08/2019;14:55:00;COM VÍTIMA;GUABIRABA;AV VEREADOR OTACILIO AZEVEDO;SUBURBIO;ABALROAMENTO TRANSVERSAL;;2;;;;;;;1;;Bom;Não existe;Perfeito estado;Seca;Perfeito estado;Não existe;Placas Pare;;2019
13/08/2019;15:17:00;SEM VÍTIMA;VÁRZEA;AV PROFESSOR ARTUR DE SA;SUBURBIO;COLISÃO TRASEIRA;1;2;;;;;;;0;;Bom;Não existe;Perfeito estado;Seca;Perfeito estado;Não existe;Outras;;2019
13/08/2019;15:20:00;COM VÍTIMA;JARDIM SÃO PAULO;RUA LEANDRO BARRETO;CIDADE;ABALROAMENTO TRANSVERSAL;1;1;;;;;1;;1;;Bom;Não existe;Perfeito estado;Seca;Perfeito estado;;Outras;;2019
13/08/2019;17:04:00;SEM VÍTIMA;IMBIRIBEIRA;RUA GUADALAJARA;CIDADE;ABALROAMENTO TRANSVERSAL;2;;;;;;;;0;;Bom;Sem defeito;Perfeito estado;Seca;Perfeito estado;Não existe;Não há placas;;2019
13/08/2019;18:11:00;SEM VÍTIMA;BOA VIAGEM;RUA BRUNO VELOSO;CIDADE;COLISÃO TRASEIRA;1;;;;1;;;;0;;Bom;Sem defeito;Perfeito estado;Seca;Perfeito estado;Não existe;Não há placas;;2019
13/08/2019;18:27:00;SEM VÍTIMA;;AV GOVERNADOR CARLOS DE LIMA CAVALCANTI;;COLISÃO TRASEIRA;2;;;;;;;;0;;Bom;Sem defeito;Perfeito estado;Seca;Perfeito estado;;Não há placas;60 km/h;2019
13/08/2019;18:33:00;SEM VÍTIMA;SANTO AMARO;AV CRUZ CABUGA;CIDADE;ABALROAMENTO LONGITUDINAL;2;;;;;;;;0;;Bom;Sem defeito;Perfeito estado;Seca;Perfeito estado;Não existe;;;2019
13/08/2019;18:51:00;SEM VÍTIMA;MADALENA;AV VISCONDE DE ALBUQUERQUE;;COLISÃO;2;;;;;;;;0;;;;;;;;;;2019
13/08/2019;18:59:00;SEM VÍTIMA;ESPINHEIRO;AV CONS ROSA E SILVA;;COLISÃO;2;;;;;;;;0;;;;;;;;;;2019
13/08/2019;22:18:00;COM VÍTIMA;TEJIPIÓ;RUA FALCAO DE LACERDA;SUBURBIO;COLISÃO FRONTAL;1;1;;;;;;;1;;Bom;Sem defeito;Perfeito estado;Seca;Perfeito estado;Faixa de pedestre;Não há placas;;2019
14/08/2019;00:48:00;COM VÍTIMA;AREIAS;AV RECIFE;SUBURBIO;ABALROAMENTO LONGITUDINAL;;1;;1;;;;1;2;;Chuvoso;Sem defeito;Perfeito estado;Molhada;Perfeito estado;Não existe;Outras;;2019
14/08/2019;03:38:00;COM VÍTIMA;DERBY;AV GOVERNADOR AGAMENON MAGALHAES;;ABALROAMENTO TRANSVERSAL;2;;;;;;;;1;;Chuvoso;Sem defeito;Perfeito estado;Molhada;Perfeito estado;Faixa de pedestre;Outras;;2019
14/08/2019;06:57:00;SEM VÍTIMA;BOA VIAGEM;AV MARECHAL JUAREZ TAVORA;SUBURBIO;CHOQUE OBJETO FIXO;1;;;;;;;;0;;Chuvoso;Não existe;Perfeito estado;Molhada;Perfeito estado;Não existe;Não há placas;;2019
14/08/2019;07:09:00;SEM VÍTIMA;BOA VIAGEM;AV DES JOSE NEVES;SUBURBIO;COLISÃO TRASEIRA;3;;;;;;;;0;;Chuvoso;Sem defeito;Perfeito estado;Molhada;Perfeito estado;Não existe;;;2019
14/08/2019;07:11:00;SEM VÍTIMA;BOA VIAGEM;AV CONSELHEIRO AGUIAR;;COLISÃO;2;;;;;;;;0;;;;;;;;;;2019
14/08/2019;07:43:00;SEM VÍTIMA;PRADO;RUA ANTONIO DE SA;CIDADE;ABALROAMENTO LONGITUDINAL;2;;;;;;;;0;;Chuvoso;Não existe;Incompleta;Molhada;Perfeito estado;Não existe;Outras;20 km/h;2019
14/08/2019;07:47:00;SEM VÍTIMA;MADALENA;AV JOSE GONCALVES DE MEDEIROS;CIDADE;ABALROAMENTO LONGITUDINAL;2;;;;;;;;0;;Bom;Não existe;Perfeito estado;Seca;Perfeito estado;Não existe;R-6a;;2019
14/08/2019;07:53:00;SEM VÍTIMA;PRADO;RUA VIRGINIO CAMPELLO;;COLISÃO;2;;;;;;;;0;;;;;;;;;;2019
14/08/2019;08:29:00;SEM VÍTIMA;BOA VISTA;RUA JOAO FERNANDES VIEIRA;CIDADE;ABALROAMENTO LONGITUDINAL;2;;;;;;;;0;;Chuvoso;Não existe;Perfeito estado;Molhada;Mal conservada;Não existe;Não há placas;;2019
14/08/2019;09:50:00;SEM VÍTIMA;BOA VISTA;RUA DO HOSPICIO;CIDADE;COLISÃO TRASEIRA;2;;;;;;;;0;;Chuvoso;Sem defeito;Perfeito estado;Molhada;Perfeito estado;Faixa de pedestre;;;2019
14/08/2019;09:57:00;SEM VÍTIMA;CORDEIRO;AV CAXANGA;CIDADE;ABALROAMENTO LONGITUDINAL;;1;;;1;;;;0;;Bom;Sem defeito;Perfeito estado;Seca;Perfeito estado;Faixa de pedestre;Outras;;2019
14/08/2019;10:04:00;SEM VÍTIMA;CAXANGÁ;AV CAXANGA;SUBURBIO;ABALROAMENTO TRANSVERSAL;1;1;;;;;;;0;;Bom;Sem defeito;Perfeito estado;Seca;Perfeito estado;Outros;Outras;60 km/h;2019
14/08/2019;10:29:00;SEM VÍTIMA;MADALENA;AV JOSE GONCALVES DE MEDEIROS;CIDADE;ABALROAMENTO LONGITUDINAL;2;;;;;;;;0;;Bom;Não existe;Incompleta;Seca;Mal conservada;Não existe;Não há placas;;2019
14/08/2019;10:55:00;SEM VÍTIMA;GRAÇAS;PRC DO ENTRONCAMENTO;CIDADE;ABALROAMENTO LONGITUDINAL;2;;;;;;;;0;;Chuvoso;Sem defeito;Perfeito estado;Molhada;;Faixa de pedestre;Outras;;2019
14/08/2019;11:00:00;COM VÍTIMA;CASA AMARELA;EST DO ARRAIAL;SUBURBIO;ABALROAMENTO LONGITUDINAL;1;1;;;;;;;1;;Chuvoso;Não existe;Perfeito estado;Molhada;Perfeito estado;Não existe;Não há placas;40 km/h;2019
14/08/2019;11:44:00;SEM VÍTIMA;IMBIRIBEIRA;AV MARECHAL MASCARENHAS DE MORAES;;ABALROAMENTO LONGITUDINAL;2;;;;;;;;0;;Chuvoso;Não existe;Perfeito estado;Seca;Perfeito estado;Não existe;Outras;60 km/h;2019
14/08/2019;12:17:00;COM VÍTIMA;IMBIRIBEIRA;AV MARECHAL MASCARENHAS DE MORAES;SUBURBIO;TOMBAMENTO;;1;;;;;;;1;;Chuvoso;Não existe;Perfeito estado;Molhada;Mal conservada;Não existe;Não há placas;60 km/h;2019
14/08/2019;12:27:00;SEM VÍTIMA;DERBY;PRC DO DERBY;;COLISÃO;1;;;;1;;;;0;;;;;;;;;;2019
14/08/2019;12:37:00;SEM VÍTIMA;SÃO JOSÉ;AV SUL;;COLISÃO;1;;;;;1;;;0;;;;;;;;;;2019
14/08/2019;12:43:00;SEM VÍTIMA;CORDEIRO;RUA PADRE ANTONIO FERNANDES;CIDADE;CHOQUE VEÍCULO PARADO;1;;;;;1;;;0;;Chuvoso;Não existe;Não existente;Molhada;Mal conservada;Não existe;Não há placas;;2019
14/08/2019;12:49:00;SEM VÍTIMA;CORDEIRO;AV CAXANGA;SUBURBIO;COLISÃO TRASEIRA;2;;;;;;;;0;;Chuvoso;Sem defeito;Perfeito estado;Seca;Perfeito estado;Faixa de pedestre;Não há placas;;2019
14/08/2019;13:21:00;SEM VÍTIMA;ESTÂNCIA;AV DR JOSE RUFINO;SUBURBIO;ABALROAMENTO LONGITUDINAL;1;1;;;;;;;0;;Chuvoso;;Perfeito estado;Seca;Perfeito estado;;Não há placas;60 km/h;2019
14/08/2019;14:34:00;SEM VÍTIMA;CASA AMARELA;AV NORTE;CIDADE;COLISÃO TRASEIRA;2;;;;;;;;0;;Chuvoso;Sem defeito;Perfeito estado;Molhada;Perfeito estado;Faixa de pedestre;R-6a;;2019
14/08/2019;15:04:00;COM VÍTIMA;ILHA DO RETIRO;AV ENGENHEIRO ABDIAS DE CARVALHO;CIDADE;ABALROAMENTO LONGITUDINAL;2;1;;;;;;;1;;Bom;Não existe;Perfeito estado;Seca;Mal iluminada;Não existe;Não há placas;;2019
14/08/2019;15:11:00;SEM VÍTIMA;IMBIRIBEIRA;AV MARECHAL MASCARENHAS DE MORAES;SUBURBIO;ABALROAMENTO LONGITUDINAL;1;;;;;1;;1;0;;Bom;Sem defeito;Perfeito estado;Seca;Perfeito estado;Não existe;Não há placas;60 km/h;2019
14/08/2019;15:30:00;SEM VÍTIMA;IPUTINGA;RUA OSVALDO GUIMARAES;CIDADE;ABALROAMENTO TRANSVERSAL;2;;;;;;;;0;;Bom;Não existe;Incompleta;Seca;Perfeito estado;Não existe;R-6a;;2019
14/08/2019;15:39:00;SEM VÍTIMA;GRAÇAS;AV CONS ROSA E SILVA;SUBURBIO;ABALROAMENTO LONGITUDINAL;1;;;;1;;;;0;;Bom;Não existe;Perfeito estado;Seca;Perfeito estado;Não existe;R-6a;;2019
14/08/2019;15:52:00;SEM VÍTIMA;CAXANGÁ;RUA CLAUDIO BROTHERHOOD;;COLISÃO;2;;;;;;;;0;;;;;;;;;;2019
14/08/2019;15:47:00;SEM VÍTIMA;TAMARINEIRA;AV NORTE;SUBURBIO;ABALROAMENTO LONGITUDINAL;2;;;;;;;;0;;Chuvoso;Não existe;Perfeito estado;Molhada;Perfeito estado;Não existe;Outras;;2019
14/08/2019;16:11:00;SEM VÍTIMA;MADALENA;RUA BENFICA;CIDADE;ABALROAMENTO LONGITUDINAL;1;;;;;1;;;0;;Chuvoso;Sem defeito;Perfeito estado;Molhada;Perfeito estado;Outros;Outras;;2019
14/08/2019;16:15:00;SEM VÍTIMA;AFOGADOS;RUA JOAO CARLOS GUIMARAES;;ABALROAMENTO LONGITUDINAL;1;;;;;;;;0;;Chuvoso;Não existe;Ilegível;Molhada;Mal conservada;Não existe;;;2019