data;hora;natureza_acidente;bairro;endereco;sentido_via;tipo;auto;moto;ciclista;pedestre;onibus;caminhao;viatura;outros;vitimas;vitimasfatais;tempo_clima;situacao_semaforo;sinalizacao;condicao_via;conservacao_via;ponto_controle;situacao_placa;velocidade_max_via;ano
14/08/2019;16:53:00;COM VÍTIMA;BOA VIAGEM;RUA BARAO DE SOUZA LEAO;CIDADE;ABALROAMENTO LONGITUDINAL;1;1;;;;;;;1;;Chuvoso;Não existe;Perfeito estado;Molhada;Perfeito estado;Não existe;Não há placas;;2019
14/08/2019;17:10:00;SEM VÍTIMA;SANTO AMARO;RUA DO POMBAL;SUBURBIO;ABALROAMENTO TRANSVERSAL;2;;;;;;;;0;;Chuvoso;Não existe;Não existente;Molhada;Perfeito estado;Não existe;Placas Pare;;2019
14/08/2019;17:47:00;SEM VÍTIMA;IMBIRIBEIRA;AV MARECHAL MASCARENHAS DE MORAES;CIDADE;ABALROAMENTO TRANSVERSAL;1;;;;1;;;;0;;Chuvoso;Não existe;Perfeito estado;Molhada;Perfeito estado;Não existe;;;2019
14/08/2019;18:36:00;SEM VÍTIMA;AREIAS;AV DR JOSE RUFINO;SUBURBIO;ABALROAMENTO LONGITUDINAL;1;;;;1;;;;0;;Bom;Não existe;Perfeito estado;Seca;Perfeito estado;Não existe;R-6a;;2019
14/08/2019;18:47:00;COM VÍTIMA;SANTO AMARO;RUA AURORA;SUBURBIO;COLISÃO TRASEIRA;1;1;;;;;;;1;;Chuvoso;Sem defeito;Perfeito estado;Molhada;Perfeito estado;Agente;Não há placas;60 km/h;2019
14/08/2019;18:53:00;SEM VÍTIMA;SÃO JOSÉ;AV SUL;SUBURBIO;COLISÃO TRASEIRA;4;;;;;;;;0;;Bom;Sem defeito;Perfeito estado;Seca;Perfeito estado;;Não há placas;;2019
14/08/2019;19:17:00;SEM VÍTIMA;ESPINHEIRO;AV GOVERNADOR AGAMENON MAGALHAES;;COLISÃO;2;;;;;;;;0;;;;;;;;;;2019
14/08/2019;20:22:00;SEM VÍTIMA;ESPINHEIRO;RUA DR FERNANDO ALLAIN;CIDADE;ABALROAMENTO LONGITUDINAL;2;;;;;;;;0;;Chuvoso;Não existe;Incompleta;Molhada;Perfeito estado;Faixa de retenção;Placas Pare;;2019
14/08/2019;20:45:00;COM VÍTIMA;ENCRUZILHADA;AV BEBERIBE;SUBURBIO;ABALROAMENTO LONGITUDINAL;1;1;;;;;;;1;;Chuvoso;Não existe;Perfeito estado;Molhada;Perfeito estado;Não existe;Não há placas;;2019
14/08/2019;21:08:00;SEM VÍTIMA;BOA VIAGEM;AV BOA VIAGEM;;COLISÃO;2;;;;;;;;0;;;;;;;;;;2019
14/08/2019;22:35:00;SEM VÍTIMA;PINA;RUA CONSUL JOSEPH NOUJAIM;CIDADE;ABALROAMENTO TRANSVERSAL;2;;;;;;;1;0;;Chuvoso;Sem defeito;Perfeito estado;Molhada;Perfeito estado;;R-6a;;2019
14/08/2019;23:27:00;COM VÍTIMA;CASA AMARELA;RUA CONS PERETTI;SUBURBIO;ABALROAMENTO TRANSVERSAL;1;1;;;;;;;1;;Chuvoso;Não existe;Perfeito estado;Molhada;Perfeito estado;Não existe;Outras;;2019
15/08/2019;05:34:00;SEM VÍTIMA;MADALENA;RUA BENFICA;CIDADE;ABALROAMENTO LONGITUDINAL;1;;;;1;;;;0;;Chuvoso;Sem defeito;Perfeito estado;Molhada;Perfeito estado;Faixa de pedestre;Outras;;2019
15/08/2019;07:45:00;SEM VÍTIMA;DERBY;AV GOVERNADOR AGAMENON MAGALHAES;SUBURBIO;COLISÃO TRASEIRA;2;;;;;;;;0;;Chuvoso;Sem defeito;Perfeito estado;Molhada;Perfeito estado;Faixa de pedestre;Outras;60 km/h;2019
15/08/2019;08:16:00;COM VÍTIMA;CORDEIRO;AV GENERAL SAN MARTIN;SUBURBIO;COLISÃO COM CICLISTA;;1;1;;;;;;1;;Bom;Não existe;Perfeito estado;Seca;Perfeito estado;Não existe;R-6a;;2019
15/08/2019;08:21:00;SEM VÍTIMA;AFOGADOS;RUA DO ACRE;SUBURBIO;ABALROAMENTO LONGITUDINAL;1;;;;1;;;;0;;Bom;Não existe;;Seca;Perfeito estado;Não existe;R-6a;;2019
15/08/2019;08:39:00;SEM VÍTIMA;IMBIRIBEIRA;AV PRESIDENTE DUTRA;SUBURBIO;ABALROAMENTO LONGITUDINAL;1;;;;;;;1;0;;Nublado;Não existe;Perfeito estado;Seca;Perfeito estado;Não existe;Não há placas;;2019
15/08/2019;09:09:00;SEM VÍTIMA;MADALENA;RUA BENFICA;SUBURBIO;ABALROAMENTO LONGITUDINAL;1;;;;1;;;;0;;Bom;Não existe;Perfeito estado;Seca;Perfeito estado;Não existe;Não há placas;40 km/h;2019
15/08/2019;09:35:00;COM VÍTIMA;ARRUDA;RUA DO MACHADO;SUBURBIO;ABALROAMENTO TRANSVERSAL;1;1;;;;;;;1;;Bom;Não existe;Ilegível;Seca;Perfeito estado;Faixa de retenção;Placas Pare;30 km/h;2019
15/08/2019;09:37:00;SEM VÍTIMA;ENCRUZILHADA;RUA RODOLFO DE HOLANDA;CIDADE;ABALROAMENTO LONGITUDINAL;2;;;;;;;;0;;Bom;Não existe;Perfeito estado;Seca;Perfeito estado;Não existe;Não há placas;;2019
15/08/2019;10:18:00;COM VÍTIMA;GRAÇAS;RUA DA AMIZADE;CIDADE;COLISÃO FRONTAL;1;1;;;;;;;2;;Bom;Não existe;Perfeito estado;Seca;Perfeito estado;Não existe;;;2019
15/08/2019;10:23:00;SEM VÍTIMA;BOA VIAGEM;AV ENGENHEIRO DOMINGOS FERREIRA;SUBURBIO;COLISÃO TRASEIRA;1;1;;;;;;;0;;Bom;Não existe;Perfeito estado;Seca;Perfeito estado;Não existe;R-6a;;2019
15/08/2019;10:39:00;SEM VÍTIMA;CAXANGÁ;AV CAXANGA;SUBURBIO;ABALROAMENTO LONGITUDINAL;2;;;;;;;;0;;Bom;Não existe;Perfeito estado;Seca;Perfeito estado;Não existe;R-6a;;2019
15/08/2019;10:45:00;SEM VÍTIMA;BOA VISTA;RUA DO PROGRESSO;CIDADE;CHOQUE VEÍCULO PARADO;2;;;;;;;;0;;Bom;Não existe;Não existente;Seca;Perfeito estado;Não existe;Não há placas;;2019
15/08/2019;11:03:00;SEM VÍTIMA;ESTÂNCIA;RUA ROCHA POMBO;SUBURBIO;ABALROAMENTO TRANSVERSAL;2;;;;;;;;0;;Bom;Não existe;Perfeito estado;Seca;Perfeito estado;Não existe;R-6a;30 km/h;2019
15/08/2019;12:14:00;COM VÍTIMA;PINA;AVENIDA CELSO FURTADO (VIA MANGUE);CIDADE;COLISÃO TRASEIRA;1;1;;;;;;;1;;Bom;Não existe;Perfeito estado;Seca;Perfeito estado;Outros;;60 km/h;2019
15/08/2019;12:33:00;SEM VÍTIMA;TORRÕES;AV ENGENHEIRO ABDIAS DE CARVALHO;SUBURBIO;ABALROAMENTO LONGITUDINAL;2;;;;;;;;0;;Bom;Não existe;Perfeito estado;Seca;Perfeito estado;Não existe;R-6a;;2019
15/08/2019;13:15:00;SEM VÍTIMA;CIDADE UNIVERSITÁRIA;AV PROFESSOR MORAES REGO;;COLISÃO;2;;;;;;;;0;;;;;;;;;;2019
15/08/2019;13:27:00;COM VÍTIMA;BOA VISTA;RUA QUARENTA E OITO;CIDADE;COLISÃO TRASEIRA;1;1;;;;;;;1;;Bom;Não existe;Perfeito estado;Seca;Mal conservada;Não existe;R-6a;;2019
15/08/2019;13:33:00;SEM VÍTIMA;AREIAS;AV DR JOSE RUFINO;CIDADE;ABALROAMENTO TRANSVERSAL;1;1;;;;;;;0;;Bom;Sem defeito;Perfeito estado;Seca;Perfeito estado;Não existe;R-6a;60 km/h;2019
15/08/2019;13:35:00;SEM VÍTIMA;ILHA DO RETIRO;RUA SPORT CLUBE DO RECIFE;CIDADE;ABALROAMENTO LONGITUDINAL;2;;;;;;;;0;;Bom;Sem defeito;Perfeito estado;Seca;Perfeito estado;Não existe;Não há placas;;2019
15/08/2019;13:52:00;SEM VÍTIMA;BOA VIAGEM;AV CONSELHEIRO AGUIAR;CIDADE;ABALROAMENTO LONGITUDINAL;1;;;;1;;;;0;;Bom;Sem defeito;Perfeito estado;Seca;Perfeito estado;Faixa de pedestre;Outras;;2019
15/08/2019;13:43:00;SEM VÍTIMA;AREIAS;AV DR JOSE RUFINO;;COLISÃO;1;1;;;;;;;0;;;;;;;;;;2019
15/08/2019;14:05:00;COM VÍTIMA;ILHA DO RETIRO;AV BEIRA RIO;CIDADE;COLISÃO TRASEIRA;1;1;;;;;;;1;;Bom;Não existe;Perfeito estado;Seca;Perfeito estado;Não existe;Não há placas;;2019
15/08/2019;14:43:00;SEM VÍTIMA;PINA;AV HERCULANO BANDEIRA;SUBURBIO;ABALROAMENTO LONGITUDINAL;1;;;;1;;;;0;;Bom;Não existe;Perfeito estado;Seca;Perfeito estado;Não existe;Não há placas;;2019
15/08/2019;15:20:00;SEM VÍTIMA;AFLITOS;AV CONS ROSA E SILVA;SUBURBIO;ABALROAMENTO LONGITUDINAL;1;;;;;1;;;0;;Bom;Não existe;Perfeito estado;Seca;Perfeito estado;Não existe;Outras;;2019
15/08/2019;16:49:00;SEM VÍTIMA;;RUA CORREGO DO EUCLIDES;SUBURBIO;ABALROAMENTO LONGITUDINAL;1;;;;1;;;;0;;Bom;Não existe;Incompleta;Seca;Perfeito estado;Não existe;Outras;40 km/h;2019
15/08/2019;17:04:00;COM VÍTIMA;CORDEIRO;EST DO FORTE DO ARRAIAL N. DO B. JESUS;CIDADE;ABALROAMENTO LONGITUDINAL;1;1;;;;;;;1;;Bom;Não existe;Incompleta;Seca;Perfeito estado;Não existe;R-6a;;2019
15/08/2019;17:25:00;COM VÍTIMA;MUSTARDINHA;AV MANOEL GONCALVES DA LUZ;;ATROPELAMENTO;;1;;1;;;;;1;;;;;;;;;;2019
15/08/2019;18:04:00;SEM VÍTIMA;BOA VIAGEM;AV DOM JOAO VI;CIDADE;ABALROAMENTO LONGITUDINAL;1;;;;;1;;;0;;Bom;Não existe;Perfeito estado;Seca;Perfeito estado;Não existe;Outras;;2019
15/08/2019;18:33:00;SEM VÍTIMA;IMBIRIBEIRA;RUA MURICI;CIDADE;ABALROAMENTO TRANSVERSAL;1;;;;;1;;;0;;Bom;Não existe;Perfeito estado;Seca;Perfeito estado;Não existe;Não há placas;;2019
15/08/2019;18:52:00;SEM VÍTIMA;ALTO JOSÉ BONIFÁCIO;RUA ARLINDO CISNEIRO;;ENGAVETAMENTO;3;;;;;;;;0;;;;;;;;;;2019
15/08/2019;19:19:00;SEM VÍTIMA;SANTO AMARO;RUA DOIS DE JULHO;CIDADE;COLISÃO FRONTAL;2;;;;;;;;0;;Bom;Não existe;Não existente;Seca;Mal iluminada;Não existe;Não há placas;;2019
15/08/2019;19:26:00;SEM VÍTIMA;BOA VIAGEM;RUA ANTONIO FALCAO;SUBURBIO;ABALROAMENTO TRANSVERSAL;2;;;;;;;;0;;Bom;Não existe;Perfeito estado;Seca;Perfeito estado;Não existe;Não há placas;60 km/h;2019
15/08/2019;19:32:00;SEM VÍTIMA;CAXANGÁ;RUA EMILIANO BRAGA;CIDADE;ABALROAMENTO LONGITUDINAL;1;;;;;1;;;0;;Bom;Não existe;Perfeito estado;Seca;Perfeito estado;Outros;Outras;;2019
15/08/2019;19:38:00;SEM VÍTIMA;PINA;AV CONSELHEIRO AGUIAR;CIDADE;COLISÃO TRASEIRA;2;;;;;;;;0;;Bom;Com defeito;;Seca;Perfeito estado;Faixa de pedestre;R-6a;;2019
15/08/2019;19:53:00;SEM VÍTIMA;CASA AMARELA;AV NORTE;SUBURBIO;ABALROAMENTO LONGITUDINAL;2;;;;;;;;0;;Chuvoso;Sem defeito;Perfeito estado;Seca;Perfeito estado;Faixa de pedestre;Placas Pare;40 km/h;2019
15/08/2019;20:18:00;COM VÍTIMA;PINA;AV CONSELHEIRO AGUIAR;CIDADE;ABALROAMENTO TRANSVERSAL;1;1;;;;;;;1;;Bom;Com defeito;Perfeito estado;Seca;Perfeito estado;Faixa de pedestre;;;2019
15/08/2019;20:32:00;SEM VÍTIMA;;RUA BENFICA;SUBURBIO;CHOQUE VEÍCULO PARADO;2;;;;;;;;0;;Bom;Não existe;Perfeito estado;Seca;Perfeito estado;Outros;Outras;;2019
15/08/2019;20:51:00;SEM VÍTIMA;IMBIRIBEIRA;AV MARECHAL MASCARENHAS DE MORAES;;ABALROAMENTO LONGITUDINAL;1;;;;1;;;;0;;Chuvoso;Sem defeito;Perfeito estado;Molhada;Perfeito estado;Faixa de pedestre;R-6a;50 km/h;2019
15/08/2019;21:47:00;SEM VÍTIMA;ALTO SANTA TERESINHA;RUA TAMBOARA;CIDADE;ABALROAMENTO LONGITUDINAL;1;;;;1;;;;0;;Chuvoso;Não existe;Não existente;Molhada;Perfeito estado;Não existe;Não há placas;40 km/h;2019
16/08/2019;00:17:00;COM VÍTIMA;BOA VIAGEM;RUA DEZ DE JULHO;;ABALROAMENTO TRANSVERSAL;;1;;;;1;;;1;;Chuvoso;Não existe;Perfeito estado;Molhada;Mal iluminada;Não existe;Placas Pare;;2019
16/08/2019;06:27:00;COM VÍTIMA;ESPINHEIRO;RUA SAMUEL CAMPELO;CIDADE;ABALROAMENTO LONGITUDINAL;1;1;;;;;;;2;;Bom;Não existe;Perfeito estado;Seca;Perfeito estado;Não existe;Não há placas;;2019
16/08/2019;07:04:00;COM VÍTIMA;BOA VIAGEM;AV CONSELHEIRO AGUIAR;SUBURBIO;ABALROAMENTO TRANSVERSAL;1;;;;1;;;;1;;Bom;Com defeito;Perfeito estado;Seca;Perfeito estado;;R-6a;;2019
16/08/2019;07:23:00;SEM VÍTIMA;BOA VIAGEM;RUA CRUZEIRO DO FORTE;;ABALROAMENTO TRANSVERSAL;2;;;;;;;;0;;Bom;Não existe;Não existente;Seca;Perfeito estado;Não existe;Não há placas;;2019
16/08/2019;08:00:00;SEM VÍTIMA;ILHA DO RETIRO;AV ENGENHEIRO ABDIAS DE CARVALHO;;COLISÃO;2;;;;;;;;0;;;;;;;;;;2019
16/08/2019;08:13:00;COM VÍTIMA;IMBIRIBEIRA;AV MARECHAL MASCARENHAS DE MORAES;CIDADE;COLISÃO TRASEIRA;1;1;;;;;;;1;;Bom;Não existe;Perfeito estado;Seca;Perfeito estado;;Não há placas;60 km/h;2019
16/08/2019;08:33:00;SEM VÍTIMA;ENCRUZILHADA;RUA DR JOSE MARIA;SUBURBIO;ABALROAMENTO LONGITUDINAL;2;;;;;;;;0;;Chuvoso;Não existe;Perfeito estado;Molhada;Perfeito estado;Faixa de pedestre;Placas Pare;;2019
16/08/2019;09:17:00;SEM VÍTIMA;PINA;AV HERCULANO BANDEIRA;SUBURBIO;ABALROAMENTO LONGITUDINAL;1;;;;1;;;;0;;Bom;Não existe;Perfeito estado;Seca;Perfeito estado;Não existe;Placas Pare;;2019
16/08/2019;09:20:00;SEM VÍTIMA;BOA VIAGEM;RUA SETUBAL;CIDADE;ABALROAMENTO LONGITUDINAL;1;;;;1;;;;0;;Bom;Sem defeito;Perfeito estado;Seca;Perfeito estado;Faixa de pedestre;;;2019
16/08/2019;09:58:00;SEM VÍTIMA;IMBIRIBEIRA;AV MARECHAL MASCARENHAS DE MORAES;SUBURBIO;ABALROAMENTO LONGITUDINAL;2;;;;;;;;0;;Chuvoso;Sem defeito;Perfeito estado;Seca;Perfeito estado;Faixa de pedestre;Não há placas;60 km/h;2019
16/08/2019;10:48:00;SEM VÍTIMA;BOA VIAGEM;RUA ANTONIO FALCAO;SUBURBIO;COLISÃO;2;;;;;;;;0;;;;;;;;;;2019
16/08/2019;10:49:00;SEM VÍTIMA;NOVA DESCOBERTA;RUA RITA ANTONIO FELIX;SUBURBIO;CHOQUE VEÍCULO PARADO;1;;;;;1;;;0;;Bom;Não existe;Não existente;Seca;Perfeito estado;Não existe;Não há placas;;2019
16/08/2019;11:01:00;SEM VÍTIMA;AFOGADOS;RUA SANTOS ARAUJO;SUBURBIO;COLISÃO TRASEIRA;1;;;;;1;;;0;;Chuvoso;Sem defeito;Perfeito estado;Molhada;Perfeito estado;Faixa de pedestre;Outras;;2019
16/08/2019;11:07:00;COM VÍTIMA;BOA VISTA;AV GOVERNADOR CARLOS DE LIMA CAVALCANTI;SUBURBIO;COLISÃO TRASEIRA;1;1;;;;;;;1;;Chuvoso;Sem defeito;Perfeito estado;Molhada;Perfeito estado;Faixa de pedestre;R-6a;;2019
16/08/2019;11:18:00;SEM VÍTIMA;SAN MARTIN;AV GENERAL SAN MARTIN;CIDADE;COLISÃO TRASEIRA;1;;;;;;;;0;;Bom;Não existe;Incompleta;Molhada;Perfeito estado;;;;2019
16/08/2019;11:34:00;COM VÍTIMA;IMBIRIBEIRA;RUA JOSE DA SILVA LUCENA;CIDADE;ABALROAMENTO LONGITUDINAL;1;1;;;;;;;1;;Bom;Não existe;Não existente;Seca;Perfeito estado;Não existe;Não há placas;;2019
16/08/2019;11:43:00;SEM VÍTIMA;DERBY;PRC DO DERBY;;COLISÃO FRONTAL;1;1;;;;;;;0;;Chuvoso;Sem defeito;Perfeito estado;Molhada;Perfeito estado;Faixa de pedestre;;60 km/h;2019
16/08/2019;11:57:00;SEM VÍTIMA;BOA VIAGEM;AV CONSELHEIRO AGUIAR;;COLISÃO;2;;;;;;;;0;;;;;;;;;;2019
16/08/2019;12:10:00;SEM VÍTIMA;SÃO JOSÉ;RUA IMPERIAL;SUBURBIO;ABALROAMENTO TRANSVERSAL;2;;;;;;;;0;;Bom;Sem defeito;Perfeito estado;Molhada;Perfeito estado;Agente;Outras;;2019
16/08/2019;13:41:00;SEM VÍTIMA;BEBERIBE;AV BEBERIBE;SUBURBIO;ABALROAMENTO LONGITUDINAL;;;;;1;1;;;0;;Bom;Sem defeito;Não existente;Seca;Perfeito estado;Faixa de pedestre;Não há placas;;2019
16/08/2019;13:53:00;SEM VÍTIMA;JARDIM SÃO PAULO;AV RECIFE;SUBURBIO;COLISÃO TRASEIRA;2;1;;;;;;;0;;Bom;Sem defeito;Perfeito estado;Seca;Perfeito estado;Agente;Outras;60 km/h;2019
16/08/2019;14:02:00;SEM VÍTIMA;;AV ARMINDO MOURA;SUBURBIO;ABALROAMENTO TRANSVERSAL;1;1;;;;;;;0;;Bom;Não existe;Perfeito estado;Seca;Perfeito estado;Não existe;Não há placas;;2019
16/08/2019;14:07:00;SEM VÍTIMA;DOIS IRMÃOS;;SUBURBIO;COLISÃO TRASEIRA;2;;;;;;;;0;;Nublado;Não existe;Não existente;;;Não existe;;;2019
16/08/2019;14:33:00;VÍTIMA FATAL;BOA VISTA;AV CONDE DA BOA VISTA;CIDADE;ATROPELAMENTO;;1;;1;;;;;1;1;Bom;Não existe;;Seca;Perfeito estado;;;;2019
16/08/2019;14:51:00;COM VÍTIMA;DOIS IRMÃOS;RUA MANUEL DE MEDEIROS;;CAPOTAMENTO;1;;;;;;;;1;;;;;;;;;;2019
16/08/2019;14:54:00;SEM VÍTIMA;AFOGADOS;RUA CARLOS PENA FILHO;SUBURBIO;ABALROAMENTO TRANSVERSAL;3;;;;;;;;0;;Bom;Não existe;Incompleta;Seca;Perfeito estado;Não existe;Outras;;2019
16/08/2019;15:13:00;SEM VÍTIMA;FUNDÃO;AV BEBERIBE;SUBURBIO;ABALROAMENTO LONGITUDINAL;1;;;;1;;;;0;;Bom;Sem defeito;Perfeito estado;Seca;Perfeito estado;Faixa de pedestre;R-6a;;2019
16/08/2019;15:19:00;COM VÍTIMA;TORRE;RUA CONDE DE IRAJA;;ABALROAMENTO TRANSVERSAL;1;1;;;;;;;2;;Chuvoso;Não existe;Perfeito estado;Seca;Perfeito estado;Não existe;R-6a;;2019
16/08/2019;15:22:00;SEM VÍTIMA;COQUEIRAL;RUA QUINZE DE NOVEMBRO;SUBURBIO;ABALROAMENTO LONGITUDINAL;1;;;;;1;;;0;;Bom;Não existe;Perfeito estado;Seca;Perfeito estado;Não existe;Placas Pare;;2019
16/08/2019;15:23:00;COM VÍTIMA;IMBIRIBEIRA;RUA ITACARI;SUBURBIO;ABALROAMENTO TRANSVERSAL;;1;;;;1;;;1;;Chuvoso;Não existe;Perfeito estado;Seca;Perfeito estado;Não existe;Placas Pare;;2019
16/08/2019;18:17:00;SEM VÍTIMA;ILHA DO LEITE;PTE JOSE DE BARROS LIMA;CIDADE;COLISÃO TRASEIRA;2;;;;;;;;0;;Chuvoso;Não existe;Não existente;Molhada;Perfeito estado;Não existe;Não há placas;;2019
16/08/2019;18:19:00;SEM VÍTIMA;CORDEIRO;RUA TIJUCAS;;COLISÃO TRASEIRA;2;;;;;;;;0;;Bom;Não existe;Perfeito estado;Seca;Perfeito estado;Não existe;Outras;30 km/h;2019
16/08/2019;18:28:00;SEM VÍTIMA;IPUTINGA;RUA PROFESSOR JULIO OLIVEIRA;;COLISÃO;2;;;;;;;;0;;;;;;;;;;2019
16/08/2019;18:36:00;SEM VÍTIMA;IMBIRIBEIRA;AV MARECHAL MASCARENHAS DE MORAES;;COLISÃO;1;;;;1;;;;0;;;;;;;;;;2019
16/08/2019;18:37:00;SEM VÍTIMA;TAMARINEIRA;AV NORTE;CIDADE;ABALROAMENTO LONGITUDINAL;1;;;;1;;;;0;;Bom;Sem defeito;Perfeito estado;Seca;Perfeito estado;Faixa de pedestre;;;2019
16/08/2019;19:01:00;COM VÍTIMA;CAMPO GRANDE;RUA ODORICO MENDES;SUBURBIO;ABALROAMENTO LONGITUDINAL;1;1;;;;;;;1;;Bom;Sem defeito;Perfeito estado;Seca;Perfeito estado;Outros;R-6a;;2019
16/08/2019;19:10:00;COM VÍTIMA;BOA VIAGEM;RUA CAMBOIM;CIDADE;ABALROAMENTO LONGITUDINAL;1;1;;;;;;;1;;Bom;Não existe;Perfeito estado;Seca;Perfeito estado;Não existe;Placas Pare;;2019
16/08/2019;19:52:00;SEM VÍTIMA;MADALENA;RUA REAL DA TORRE;SUBURBIO;ABALROAMENTO TRANSVERSAL;2;;;;;;;;0;;Bom;Sem defeito;Perfeito estado;Seca;Perfeito estado;Faixa de pedestre;R-6a;;2019
16/08/2019;20:02:00;SEM VÍTIMA;ÁGUA FRIA;AV BEBERIBE;CIDADE;ABALROAMENTO LONGITUDINAL;1;;;;;1;;;0;;Bom;Não existe;Perfeito estado;Seca;Perfeito estado;Não existe;Não há placas;;2019
16/08/2019;21:16:00;SEM VÍTIMA;CAMPO GRANDE;RUA ODORICO MENDES;SUBURBIO;ABALROAMENTO LONGITUDINAL;1;;;;;;;;0;;Bom;Não existe;Perfeito estado;Seca;Perfeito estado;;;;2019
16/08/2019;23:01:00;SEM VÍTIMA;BARRO;AV DR JOSE RUFINO;CIDADE;ABALROAMENTO LONGITUDINAL;1;;;;1;;;;0;;Bom;Não existe;Perfeito estado;Seca;Perfeito estado;Não existe;Não há placas;;2019
17/08/2019;00:03:00;COM VÍTIMA;IPSEP;AV RECIFE;CEASA;COLISÃO TRASEIRA;1;1;;;;;;;1;;Bom;Sem defeito;Perfeito estado;Seca;Perfeito estado;;;;2019
17/08/2019;05:04:00;SEM VÍTIMA;BOA VIAGEM;AV CONSELHEIRO AGUIAR;;CHOQUE OBJETO FIXO;;;;;;;;;0;;Bom;Não existe;Perfeito estado;Seca;Perfeito estado;;;;2019
17/08/2019;07:33:00;COM VÍTIMA;MADALENA;RUA JOSE OSORIO;SUBURBIO;ABALROAMENTO TRANSVERSAL;2;;;;;;;;1;;Bom;Sem defeito;Perfeito estado;Seca;Perfeito estado;Faixa de pedestre;Outras;40 km/h;2019
17/08/2019;08:27:00;SEM VÍTIMA;IPUTINGA;RUA EMILIANO BRAGA;;COLISÃO;1;;;;1;;;;0;;;;;;;;;;2019
17/08/2019;08:47:00;SEM VÍTIMA;IMBIRIBEIRA;AV MARECHAL MASCARENHAS DE MORAES;SUBURBIO;ABALROAMENTO TRANSVERSAL;2;;;;;;;;0;;Bom;Não existe;Perfeito estado;Seca;Perfeito estado;;Outras;;2019
17/08/2019;10:30:00;SEM VÍTIMA;BOA VIAGEM;AV CONSELHEIRO AGUIAR;CIDADE;ABALROAMENTO LONGITUDINAL;1;;;;1;;;;0;;Bom;Sem defeito;Perfeito estado;Seca;Perfeito estado;Faixa de pedestre;Outras;;2019
17/08/2019;10:47:00;SEM VÍTIMA;BOA VIAGEM;RUA PROFESSOR AUGUSTO LINS E SILVA;SUBURBIO;ABALROAMENTO TRANSVERSAL;2;;;;;;;;0;;Bom;Não existe;Perfeito estado;Seca;Perfeito estado;Não existe;Placas Pare;;2019
17/08/2019;10:47:00;SEM VÍTIMA;IPUTINGA;EST DO BARBALHO;;COLISÃO;3;;;;;;;;0;;;;;;;;;;2019
17/08/2019;10:58:00;SEM VÍTIMA;JARDIM SÃO PAULO;RUA SENADOR ALBERTO PASQUALINI;SUBURBIO;COLISÃO TRASEIRA;1;;;;1;;;;0;;Bom;Não existe;Incompleta;Seca;Perfeito estado;Não existe;Outras;40 km/h;2019
17/08/2019;11:18:00;SEM VÍTIMA;BOA VISTA;RUA JOSE DE ALENCAR;CIDADE;ABALROAMENTO TRANSVERSAL;2;;;;;;;;0;;Bom;Não existe;Perfeito estado;Seca;Perfeito estado;Não existe;Placas Pare;;2019
17/08/2019;11:40:00;COM VÍTIMA;BARRO;AV DR JOSE RUFINO;SUBURBIO;CHOQUE VEÍCULO PARADO;1;1;;;;;;;1;;Bom;Não existe;Perfeito estado;Seca;Perfeito estado;Não existe;R-6a;;2019
17/08/2019;12:02:00;SEM VÍTIMA;IMBIRIBEIRA;AV PINHEIROS;SUBURBIO;ABALROAMENTO TRANSVERSAL;2;;;;;;;;0;;Bom;Sem defeito;Perfeito estado;Seca;Perfeito estado;Faixa de retenção;Outras;40 km/h;2019
17/08/2019;12:04:00;SEM VÍTIMA;VÁRZEA;RUA MARECHAL MANOEL LUIS OSORIO;SUBURBIO;ABALROAMENTO TRANSVERSAL;1;;;;1;;;;0;;Bom;Não existe;Perfeito estado;Seca;Perfeito estado;Não existe;;;2019
17/08/2019;12:27:00;COM VÍTIMA;TORRE;AV BEIRA RIO;SUBURBIO;ABALROAMENTO LONGITUDINAL;1;1;;;;;;;1;;Bom;Não existe;Perfeito estado;Seca;Perfeito estado;Outros;Outras;;2019
17/08/2019;13:05:00;SEM VÍTIMA;TAMARINEIRA;RUA SEBASTIAO ALVES;SUBURBIO;COLISÃO TRASEIRA;2;;;;;;;;0;;Bom;Sem defeito;Perfeito estado;Seca;Perfeito estado;Faixa de pedestre;Outras;;2019
17/08/2019;13:29:00;SEM VÍTIMA;SÃO JOSÉ;RUA IMPERIAL;SUBURBIO;ABALROAMENTO LONGITUDINAL;3;;;;;;;;0;;Bom;Sem defeito;Perfeito estado;Seca;Perfeito estado;Não existe;R-6a;;2019
17/08/2019;15:00:00;SEM VÍTIMA;MADALENA;RUA BENFICA;CIDADE;ABALROAMENTO LONGITUDINAL;1;;;;1;;;;0;;Bom;Não existe;Perfeito estado;Seca;Perfeito estado;Não existe;R-6a;60 km/h;2019
17/08/2019;15:51:00;SEM VÍTIMA;ENCRUZILHADA;AV JOAO DE BARROS;;ABALROAMENTO LONGITUDINAL;2;;;;;;;;0;;Bom;Sem defeito;Perfeito estado;Seca;Perfeito estado;Faixa de pedestre;R-6a;;2019
17/08/2019;16:15:00;SEM VÍTIMA;MADALENA;RUA REAL DA TORRE;;ABALROAMENTO LONGITUDINAL;2;;;;;;;;0;;Bom;Não existe;Perfeito estado;Seca;Perfeito estado;Não existe;Não há placas;;2019