data;hora;natureza_acidente;bairro;endereco;sentido_via;tipo;auto;moto;ciclista;pedestre;onibus;caminhao;viatura;outros;vitimas;vitimasfatais;tempo_clima;situacao_semaforo;sinalizacao;condicao_via;conservacao_via;ponto_controle;situacao_placa;velocidade_max_via;ano
17/08/2019;16:32:00;SEM VÍTIMA;PARNAMIRIM;AV DEZESSETE DE AGOSTO;CIDADE;COLISÃO TRASEIRA;3;;;;;;;;0;;Bom;Não existe;Perfeito estado;Seca;Perfeito estado;Não existe;;;2019
17/08/2019;17:10:00;SEM VÍTIMA;CAXANGÁ;AV CAXANGA;SUBURBIO;ABALROAMENTO LONGITUDINAL;2;;;;1;;;;0;;Bom;Sem defeito;Incompleta;Seca;;Faixa de retenção;Outras;;2019
17/08/2019;22:52:00;SEM VÍTIMA;CAXANGÁ;RUA RIBEIRO PESSOA;SUBURBIO;CHOQUE VEÍCULO PARADO;1;;;;1;;;;0;;Bom;Sem defeito;Incompleta;Seca;Perfeito estado;Não existe;Não há placas;;2019
17/08/2019;23:14:00;SEM VÍTIMA;DERBY;PRC DO DERBY;;CHOQUE VEÍCULO PARADO;2;;;;;;;;0;;Chuvoso;Sem defeito;Perfeito estado;Molhada;Perfeito estado;Não existe;Não há placas;;2019
19/08/2019;05:48:00;COM VÍTIMA;IBURA;AV DOIS RIOS;SUBURBIO;COLISÃO FRONTAL;1;1;;;;;;;1;;Bom;Não existe;Perfeito estado;Seca;Perfeito estado;Não existe;Não há placas;;2019
18/08/2019;02:48:00;SEM VÍTIMA;NOVA DESCOBERTA;RUA CORREGO DA AREIA;CIDADE;CHOQUE VEÍCULO PARADO;1;;;;;;;2;0;;Bom;Não existe;Perfeito estado;Molhada;Perfeito estado;;;;2019
18/08/2019;05:09:00;SEM VÍTIMA;BOA VISTA;AV GOVERNADOR AGAMENON MAGALHAES;OLINDA;COLISÃO;;;;;;;;;0;;;;;;;;;;2019
18/08/2019;09:38:00;SEM VÍTIMA;BOA VIAGEM;AVENIDA CELSO FURTADO (VIA MANGUE);;COLISÃO;2;;;;;;;;0;;;;;;;;;;2019
18/08/2019;10:14:00;SEM VÍTIMA;IMBIRIBEIRA;AV PRESIDENTE DUTRA;;ABALROAMENTO TRANSVERSAL;1;;;;;;;1;0;;Bom;Não existe;Perfeito estado;Seca;Perfeito estado;Não existe;Outras;60 km/h;2019
18/08/2019;11:24:00;SEM VÍTIMA;GRAÇAS;RUA DO FUTURO;;COLISÃO;2;;;;;;;;0;;;;;;;;;;2019
18/08/2019;13:12:00;COM VÍTIMA;IMBIRIBEIRA;AV MARECHAL MASCARENHAS DE MORAES;SUBURBIO;COLISÃO;1;1;;;;;;;2;;Bom;Sem defeito;Perfeito estado;Seca;Outros;Faixa de pedestre;Outras;;2019
18/08/2019;15:26:00;SEM VÍTIMA;IMBIRIBEIRA;RUA PAMPULHA;;ABALROAMENTO LONGITUDINAL;2;;;;;;;;0;;Bom;Não existe;Perfeito estado;Seca;Perfeito estado;Não existe;Não há placas;;2019
18/08/2019;16:26:00;COM VÍTIMA;CASA AMARELA;AV NORTE;SUBURBIO;COLISÃO TRASEIRA;;1;;;;;;;1;;Bom;Sem defeito;Perfeito estado;Seca;Perfeito estado;Outros;R-6a;;2019
18/08/2019;16:41:00;COM VÍTIMA;BOA VISTA;RUA JOSE DE ALENCAR;;ABALROAMENTO TRANSVERSAL;2;;;;;;;;1;;Bom;Não existe;Incompleta;Seca;Perfeito estado;Não existe;Placas Pare;;2019
18/08/2019;19:16:00;COM VÍTIMA;BOA VIAGEM;AV GENERAL MAC ARTHUR;SUBURBIO;ABALROAMENTO LONGITUDINAL;1;1;;;;;;;1;;Chuvoso;Não existe;Perfeito estado;Molhada;Perfeito estado;;Não há placas;;2019
18/08/2019;20:42:00;SEM VÍTIMA;GRAÇAS;RUA JOAQUIM NABUCO;SUBURBIO;COLISÃO TRASEIRA;2;;;;;;;;0;;Bom;Não existe;Perfeito estado;Seca;Perfeito estado;Não existe;Não há placas;;2019
18/08/2019;21:15:00;COM VÍTIMA;ILHA JOANA BEZERRA;VIADUTO CAPITAO TEMUDO;OLINDA;COLISÃO COM CICLISTA;1;;1;;;;;;1;;Bom;Não existe;Perfeito estado;Seca;Perfeito estado;;;;2019
18/08/2019;22:13:00;SEM VÍTIMA;TORRE;RUA JOSE BONIFACIO;SUBURBIO;COLISÃO TRASEIRA;2;;;;;;;;0;;Chuvoso;Não existe;Perfeito estado;Molhada;Perfeito estado;;Não há placas;;2019
18/08/2019;23:14:00;SEM VÍTIMA;CASA AMARELA;AV DR EURICO CHAVES;;COLISÃO;2;;;;;;;;0;;;;;;;;;;2019
18/08/2019;23:37:00;SEM VÍTIMA;IMBIRIBEIRA;AV MARECHAL MASCARENHAS DE MORAES;SUBURBIO;ABALROAMENTO TRANSVERSAL;2;;;;;;;;0;;Chuvoso;Sem defeito;Perfeito estado;Molhada;Perfeito estado;Faixa de pedestre;Outras;;2019
19/08/2019;01:08:00;SEM VÍTIMA;IMBIRIBEIRA;AV MARECHAL MASCARENHAS DE MORAES;SUBURBIO;CHOQUE VEÍCULO PARADO;2;;;;;;;;0;;Chuvoso;Sem defeito;Perfeito estado;Molhada;Perfeito estado;Faixa de pedestre;Não há placas;;2019
19/08/2019;06:52:00;COM VÍTIMA;AFOGADOS;RUA SAO MIGUEL;SUBURBIO;ABALROAMENTO LONGITUDINAL;1;1;;;;;;;1;;Bom;Sem defeito;Perfeito estado;Seca;Perfeito estado;Não existe;Não há placas;60 km/h;2019
19/08/2019;07:24:00;SEM VÍTIMA;MANGUEIRA;RUA SAO MIGUEL;;COLISÃO;2;1;;;;;;;0;;;;;;;;;;2019
19/08/2019;07:17:00;SEM VÍTIMA;BOA VIAGEM;RUA MARIA CAROLINA;CIDADE;ABALROAMENTO LONGITUDINAL;2;;;;;;;;0;;Bom;Não existe;Perfeito estado;Seca;Perfeito estado;Faixa de retenção;Placas Pare;;2019
19/08/2019;07:35:00;SEM VÍTIMA;CORDEIRO;RUA ODETE MONTEIRO;;ABALROAMENTO TRANSVERSAL;2;;;;;;;;0;;Bom;Não existe;Perfeito estado;Seca;Perfeito estado;;Outras;;2019
19/08/2019;07:58:00;SEM VÍTIMA;MACAXEIRA;AV NORTE;SUBURBIO;COLISÃO TRASEIRA;2;;;;;;;;0;;Bom;Não existe;Perfeito estado;Seca;Perfeito estado;Não existe;Outras;60 km/h;2019
19/08/2019;08:07:00;SEM VÍTIMA;CAMPO GRANDE;RUA DO MACHADO;SUBURBIO;COLISÃO FRONTAL;1;1;;;;;;;0;;Bom;Não existe;Perfeito estado;Seca;Perfeito estado;Faixa de pedestre;R-6a;;2019
19/08/2019;09:07:00;SEM VÍTIMA;PARNAMIRIM;AV PARNAMIRIM;CIDADE;COLISÃO TRASEIRA;2;;;;;;;;0;;Bom;Não existe;Perfeito estado;Seca;Perfeito estado;Não existe;;;2019
19/08/2019;09:19:00;SEM VÍTIMA;SOLEDADE;AV JOAO DE BARROS;CIDADE;COLISÃO TRASEIRA;2;;;;;;;;0;;Bom;Sem defeito;Perfeito estado;Seca;Perfeito estado;Faixa de pedestre;Não há placas;;2019
19/08/2019;09:54:00;SEM VÍTIMA;BOA VISTA;RUA DO PRINCIPE;;ABALROAMENTO LONGITUDINAL;2;;;;;;;;0;;Bom;Não existe;Perfeito estado;Seca;Perfeito estado;Faixa de pedestre;Não há placas;40 km/h;2019
19/08/2019;10:05:00;SEM VÍTIMA;BOA VISTA;RUA DO PRINCIPE;;COLISÃO;2;;;;;;;;0;;;;;;;;;;2019
19/08/2019;11:20:00;SEM VÍTIMA;BOA VIAGEM;AV CONSELHEIRO AGUIAR;CIDADE;ABALROAMENTO TRANSVERSAL;1;;;;1;;;;0;;Bom;Não existe;Perfeito estado;Seca;Perfeito estado;Não existe;Não há placas;60 km/h;2019
19/08/2019;11:41:00;SEM VÍTIMA;BOA VIAGEM;RUA CONEGO ROMEU;SUBURBIO;ABALROAMENTO TRANSVERSAL;2;;;;;;;;0;;Bom;Não existe;Perfeito estado;Seca;Perfeito estado;Não existe;Placas Pare;;2019
19/08/2019;12:15:00;SEM VÍTIMA;TAMARINEIRA;RUA SOARES MORENO;SUBURBIO;ABALROAMENTO LONGITUDINAL;1;1;;;;;;;0;;Bom;Não existe;Não existente;Seca;Perfeito estado;Não existe;Não há placas;;2019
19/08/2019;12:30:00;SEM VÍTIMA;MADALENA;AV CAXANGA;;COLISÃO;1;;;;1;;;;0;;;;;;;;;;2019
19/08/2019;12:39:00;SEM VÍTIMA;BOA VIAGEM;RUA TENENTE DOMINGOS DE BRITO;;COLISÃO;3;;;;;;;;0;;;;;;;;;;2019
19/08/2019;12:58:00;COM VÍTIMA;ESPINHEIRO;RUA DO ESPINHEIRO;SUBURBIO;ABALROAMENTO TRANSVERSAL;1;1;;1;;;;;2;;Bom;Sem defeito;Perfeito estado;Seca;Perfeito estado;Faixa de pedestre;Outras;40 km/h;2019
19/08/2019;13:29:00;SEM VÍTIMA;IMBIRIBEIRA;AV GENERAL MAC ARTHUR;;ABALROAMENTO TRANSVERSAL;1;1;;;;;;;0;;Bom;Sem defeito;Perfeito estado;Seca;Perfeito estado;Não existe;Não há placas;;2019
19/08/2019;13:44:00;COM VÍTIMA;MADALENA;RUA PROFESSOR BENEDITO MONTEIRO;SUBURBIO;ABALROAMENTO LONGITUDINAL;1;1;;;;;;;1;;Bom;Sem defeito;Perfeito estado;Seca;Perfeito estado;Não existe;Outras;;2019
19/08/2019;14:41:00;SEM VÍTIMA;VÁRZEA;RUA ISAAC BURIL;SUBURBIO;COLISÃO TRASEIRA;2;;;;;;;;0;;Bom;Não existe;Perfeito estado;Seca;Perfeito estado;;Outras;;2019
19/08/2019;14:45:00;COM VÍTIMA;BOA VIAGEM;AV ENGENHEIRO DOMINGOS FERREIRA;;COLISÃO COM CICLISTA;;;1;;1;;;;1;;;;;;;;;;2019
19/08/2019;15:00:00;COM VÍTIMA;SÃO JOSÉ;AV SUL;CIDADE;COLISÃO COM CICLISTA;1;;1;;;;;;1;;Bom;Não existe;Perfeito estado;Seca;Perfeito estado;Não existe;Não há placas;;2019
19/08/2019;15:08:00;SEM VÍTIMA;JOANA BEZERRA;AV MARTIN LUTHER KING;CIDADE;COLISÃO;1;;;;1;;;;0;;;;;;;;;;2019
19/08/2019;15:20:00;SEM VÍTIMA;IMBIRIBEIRA;AV MARECHAL MASCARENHAS DE MORAES;;COLISÃO;1;;;;;;1;;0;;;;;;;;;;2019
19/08/2019;15:30:00;SEM VÍTIMA;AFOGADOS;RUA LONDRINA;;COLISÃO;2;;;;;;;;0;;;;;;;;;;2019
19/08/2019;15:43:00;SEM VÍTIMA;VASCO DA GAMA;AV NORTE;SUBURBIO;COLISÃO;1;;;;;1;;;0;;;;;;;;;;2019
19/08/2019;16:27:00;SEM VÍTIMA;IPSEP;AV RECIFE;SUBURBIO;COLISÃO TRASEIRA;2;;;;;;;;0;;Bom;Não existe;Perfeito estado;Seca;Perfeito estado;Não existe;Não há placas;;2019
19/08/2019;16:33:00;SEM VÍTIMA;PRADO;AV ENGENHEIRO ABDIAS DE CARVALHO;SUBURBIO;ABALROAMENTO LONGITUDINAL;2;;;;;;;;0;;Bom;Não existe;Perfeito estado;Seca;Perfeito estado;Não existe;R-6a;60 km/h;2019
19/08/2019;16:40:00;SEM VÍTIMA;GRAÇAS;RUA ALBERTO PAIVA;SUBURBIO;ABALROAMENTO LONGITUDINAL;1;;;;;1;;;0;;Bom;Não existe;Perfeito estado;Seca;Perfeito estado;Faixa de pedestre;R-6a;;2019
19/08/2019;17:17:00;SEM VÍTIMA;JARDIM SÃO PAULO;RUA SENADOR ALBERTO PASQUALINI;SUBURBIO;COLISÃO TRASEIRA;2;;;;;;;;0;;Bom;Não existe;Perfeito estado;Seca;Perfeito estado;Não existe;Placas Pare;;2019
19/08/2019;18:26:00;SEM VÍTIMA;ESPINHEIRO;RUA AMELIA;;ABALROAMENTO LONGITUDINAL;2;;;;;;;;0;;Bom;Não existe;Perfeito estado;Seca;Perfeito estado;Não existe;Outras;40 km/h;2019
19/08/2019;19:00:00;SEM VÍTIMA;IBURA;AV DOIS RIOS;;COLISÃO TRASEIRA;2;;;;;;;;0;;Bom;Sem defeito;Ilegível;Seca;Mal iluminada;Faixa de pedestre;Não há placas;;2019
19/08/2019;19:14:00;SEM VÍTIMA;BOA VIAGEM;RUA PROFESSOR JOSE BRANDAO;CIDADE;ABALROAMENTO TRANSVERSAL;1;;;;;;;;0;;Bom;Não existe;Perfeito estado;Seca;Perfeito estado;Faixa de retenção;;;2019
19/08/2019;19:42:00;SEM VÍTIMA;IMBIRIBEIRA;AV MARECHAL MASCARENHAS DE MORAES;;COLISÃO;;;;;1;1;;;0;;;;;;;;;;2019
19/08/2019;20:09:00;SEM VÍTIMA;DERBY;AV GOVERNADOR AGAMENON MAGALHAES;SUBURBIO;ABALROAMENTO LONGITUDINAL;2;;;;;;;;0;;Bom;Sem defeito;Perfeito estado;Seca;Perfeito estado;Faixa de pedestre;Não há placas;;2019
19/08/2019;21:26:00;SEM VÍTIMA;IPUTINGA;AV MAURICIO DE NASSAU;SUBURBIO;COLISÃO TRASEIRA;2;;;;;;;;0;;Bom;Não existe;Perfeito estado;Seca;Mal iluminada;Não existe;Não há placas;;2019
19/08/2019;21:35:00;COM VÍTIMA;VASCO DA GAMA;RUA VASCO DA GAMA;;COLISÃO FRONTAL;1;1;;;;;;;2;;Bom;Não existe;;Seca;;Não existe;Outras;30 km/h;2019
20/08/2019;07:03:00;COM VÍTIMA;TOTÓ;RUA ONZE DE AGOSTO;;COLISÃO FRONTAL;1;1;;;;;;;1;;Bom;Não existe;;Seca;Perfeito estado;Não existe;Não há placas;;2019
20/08/2019;07:16:00;SEM VÍTIMA;IMBIRIBEIRA;AV MARECHAL MASCARENHAS DE MORAES;CIDADE;COLISÃO TRASEIRA;2;;;;;;;;0;;Bom;Não existe;Incompleta;Seca;Mal conservada;Não existe;Não há placas;;2019
20/08/2019;07:19:00;SEM VÍTIMA;SANTO AMARO;RUA DOS PALMARES;CIDADE;ABALROAMENTO LONGITUDINAL;2;;;;;;;;0;;Bom;Não existe;Perfeito estado;Seca;Perfeito estado;Outros;Outras;;2019
20/08/2019;07:36:00;SEM VÍTIMA;DERBY;PRC DO DERBY;CIDADE;ABALROAMENTO LONGITUDINAL;1;;;;1;;;;0;;Bom;Sem defeito;Perfeito estado;Seca;Perfeito estado;Faixa de pedestre;Outras;50 km/h;2019
20/08/2019;08:00:00;SEM VÍTIMA;SAN MARTIN;AV GENERAL SAN MARTIN;SUBURBIO;COLISÃO;;;;;;;;;0;;;;;;;;;;2019
20/08/2019;08:08:00;SEM VÍTIMA;BAIRRO DO RECIFE;AV MARTINS DE BARROS;SUBURBIO;ABALROAMENTO LONGITUDINAL;2;;;;;;;;0;;Bom;Sem defeito;Perfeito estado;Seca;Perfeito estado;Agente;Não há placas;40 km/h;2019
20/08/2019;08:15:00;SEM VÍTIMA;BOA VIAGEM;AV CONSELHEIRO AGUIAR;CIDADE;ABALROAMENTO LONGITUDINAL;1;;;;1;;;;0;;Bom;Não existe;Perfeito estado;Seca;Perfeito estado;Não existe;Não há placas;60 km/h;2019
20/08/2019;08:28:00;COM VÍTIMA;IPSEP;RUA ITACARI;CIDADE;ABALROAMENTO LONGITUDINAL;1;1;;;;;;;1;;Bom;Não existe;Perfeito estado;Seca;Perfeito estado;Faixa de pedestre;Placas Pare;;2019
20/08/2019;08:45:00;SEM VÍTIMA;BOA VIAGEM;AV CONSELHEIRO AGUIAR;;COLISÃO;1;;;;;1;;;0;;;;;;;;;;2019
20/08/2019;09:03:00;COM VÍTIMA;ÁGUA FRIA;AV BEBERIBE;;ABALROAMENTO LONGITUDINAL;;2;;;;;;;2;;Bom;Não existe;Perfeito estado;Seca;Perfeito estado;Faixa de pedestre;R-6a;;2019
20/08/2019;09:27:00;SEM VÍTIMA;TORRÕES;AV ENGENHEIRO ABDIAS DE CARVALHO;SUBURBIO;COLISÃO;2;;;;;;;;0;;;;;;;;;;2019
20/08/2019;09:38:00;SEM VÍTIMA;AFLITOS;AV CONS ROSA E SILVA;SUBURBIO;COLISÃO TRASEIRA;1;;;;;1;;;0;;Bom;Não existe;Perfeito estado;Seca;Perfeito estado;Não existe;R-6c;;2019
20/08/2019;10:11:00;SEM VÍTIMA;JARDIM SÃO PAULO;AV SAO PAULO;CIDADE;ABALROAMENTO LONGITUDINAL;1;;;;1;;;;0;;Bom;Sem defeito;Perfeito estado;Seca;Mal conservada;Não existe;Não há placas;;2019
20/08/2019;10:25:00;SEM VÍTIMA;CORDEIRO;AV CAXANGA;CIDADE;COLISÃO;2;;;;;;;;0;;;;;;;;;;2019
20/08/2019;10:40:00;SEM VÍTIMA;VÁRZEA;PRC PINTO DAMASO;;ABALROAMENTO LONGITUDINAL;1;;;;1;;;;0;;Bom;Não existe;Perfeito estado;Seca;Perfeito estado;Faixa de pedestre;Outras;;2019
20/08/2019;10:57:00;SEM VÍTIMA;BONGI;RUA SERRA DA CANASTRA;;COLISÃO;1;;;;1;;;;0;;;;;;;;;;2019
20/08/2019;11:01:00;SEM VÍTIMA;MANGUEIRA;RUA SAO MIGUEL;;ABALROAMENTO TRANSVERSAL;2;;;;;;;;0;;Bom;Não existe;Incompleta;Seca;Perfeito estado;Não existe;Não há placas;;2019
20/08/2019;11:15:00;SEM VÍTIMA;TEJIPIÓ;AV DR JOSE RUFINO;CIDADE;COLISÃO TRASEIRA;1;1;;;;;;;0;;Bom;Sem defeito;Perfeito estado;Seca;Perfeito estado;Faixa de pedestre;Outras;;2019
20/08/2019;11:45:00;SEM VÍTIMA;BOA VIAGEM;RUA PADRE CARAPUCEIRO;SUBURBIO;ABALROAMENTO LONGITUDINAL;1;1;;;;;;;0;;Bom;Sem defeito;Perfeito estado;Seca;Perfeito estado;;R-6a;;2019
20/08/2019;12:15:00;COM VÍTIMA;BOA VIAGEM;AV CONSELHEIRO AGUIAR;CIDADE;ABALROAMENTO LONGITUDINAL;1;;;;1;;;;1;;Bom;Não existe;Não existente;Seca;Perfeito estado;Não existe;Não há placas;60 km/h;2019
20/08/2019;12:33:00;SEM VÍTIMA;PARNAMIRIM;RUA SEBASTIAO MALTA ARCOVERDE;SUBURBIO;ABALROAMENTO LONGITUDINAL;2;;;;;;;;0;;Bom;Sem defeito;Perfeito estado;Seca;Perfeito estado;Faixa de pedestre;;40 km/h;2019
20/08/2019;12:36:00;SEM VÍTIMA;IPUTINGA;AV MAURICIO DE NASSAU;SUBURBIO;COLISÃO TRASEIRA;2;;;;;;;;0;;Bom;Sem defeito;Incompleta;Seca;Perfeito estado;Não existe;Não há placas;;2019
20/08/2019;12:47:00;SEM VÍTIMA;CORDEIRO;EST DO FORTE DO ARRAIAL N. DO B. JESUS;SUBURBIO;ABALROAMENTO TRANSVERSAL;1;1;;;;;;;0;;Bom;Não existe;Perfeito estado;Seca;Perfeito estado;Outros;Outras;;2019
20/08/2019;13:14:00;SEM VÍTIMA;MADALENA;AV ENGENHEIRO ABDIAS DE CARVALHO;;COLISÃO;2;;;;;;;;0;;;;;;;;;;2019
20/08/2019;14:29:00;SEM VÍTIMA;BOA VIAGEM;RUA ERNESTO DE PAULA SANTOS;CIDADE;ABALROAMENTO LONGITUDINAL;2;;;;;;;;0;;Bom;Não existe;Perfeito estado;Seca;Perfeito estado;Faixa de pedestre;Outras;;2019
20/08/2019;15:19:00;SEM VÍTIMA;BOA VIAGEM;AV DES JOSE NEVES;SUBURBIO;CHOQUE VEÍCULO PARADO;2;;;;;;;;0;;Bom;Não existe;Perfeito estado;Seca;Perfeito estado;;Não há placas;60 km/h;2019
20/08/2019;15:25:00;SEM VÍTIMA;CASA AMARELA;RUA PADRE LEMOS;;CHOQUE VEÍCULO PARADO;2;;;;;;;;0;;Bom;Não existe;Perfeito estado;Seca;Perfeito estado;Não existe;R-6a;;2019
20/08/2019;16:15:00;SEM VÍTIMA;SAN MARTIN;AV GENERAL SAN MARTIN;SUBURBIO;ABALROAMENTO LONGITUDINAL;1;;;;;1;;;0;;Bom;Não existe;Perfeito estado;Seca;Perfeito estado;;;;2019
20/08/2019;17:06:00;SEM VÍTIMA;JORDÃO;RUA ESCOLA DE SAGRES;;COLISÃO TRASEIRA;2;;;;;;;;0;;Bom;Não existe;Não existente;Seca;Perfeito estado;Não existe;Não há placas;;2019
20/08/2019;17:13:00;SEM VÍTIMA;BOA VIAGEM;RUA VISCONDE DE JEQUITINHONHA;SUBURBIO;ABALROAMENTO TRANSVERSAL;2;;;;;;;;0;;Bom;Não existe;Perfeito estado;Seca;Perfeito estado;Não existe;Não há placas;;2019
20/08/2019;17:31:00;SEM VÍTIMA;SANTO AMARO;RUA DOS PALMARES;SUBURBIO;ABALROAMENTO LONGITUDINAL;2;;;;;;;;0;;Bom;Não existe;Perfeito estado;Seca;Perfeito estado;Não existe;Outras;;2019
20/08/2019;17:47:00;SEM VÍTIMA;PARNAMIRIM;RUA PADRE ROMA;SUBURBIO;ABALROAMENTO LONGITUDINAL;2;;;;;;;;0;;Bom;Não existe;Perfeito estado;Seca;Perfeito estado;Outros;Placas Pare;;2019
20/08/2019;18:10:00;SEM VÍTIMA;ILHA DO RETIRO;RUA SPORT CLUBE DO RECIFE;CIDADE;ABALROAMENTO LONGITUDINAL;2;;;;;;;;0;;Bom;Não existe;Perfeito estado;Seca;Perfeito estado;Não existe;Outras;;2019
20/08/2019;18:31:00;SEM VÍTIMA;SÃO JOSÉ;AV SUL;CIDADE;ABALROAMENTO LONGITUDINAL;1;;;;;1;;;0;;Bom;Sem defeito;Perfeito estado;Seca;Perfeito estado;;Não há placas;60 km/h;2019
20/08/2019;19:19:00;SEM VÍTIMA;;RUA GUILHERME PINTO;;ABALROAMENTO LONGITUDINAL;2;;;;;;;;0;;Bom;Sem defeito;Perfeito estado;Seca;Perfeito estado;Faixa de pedestre;Outras;;2019
20/08/2019;19:28:00;SEM VÍTIMA;PARNAMIRIM;AV FLOR DE SANTANA;SUBURBIO;ABALROAMENTO LONGITUDINAL;2;;;;;;;;0;;Bom;Não existe;Incompleta;Seca;Perfeito estado;Não existe;Não há placas;;2019
20/08/2019;20:37:00;SEM VÍTIMA;SANTO AMARO;AV CRUZ CABUGA;SUBURBIO;ABALROAMENTO LONGITUDINAL;1;;;;1;;;;0;;Bom;Não existe;Perfeito estado;Seca;Perfeito estado;Não existe;Não há placas;;2019
20/08/2019;20:37:00;SEM VÍTIMA;BOA VIAGEM;RUA PROFESSOR JOAO MEDEIROS;CIDADE;COLISÃO COM CICLISTA;1;;1;;;;;;0;;Bom;Sem defeito;Perfeito estado;Seca;Perfeito estado;Faixa de pedestre;;;2019
20/08/2019;21:33:00;COM VÍTIMA;MADALENA;RUA DEMOCRITO DE SOUZA FILHO;CIDADE;ABALROAMENTO LONGITUDINAL;1;1;;;;;;;1;;Bom;Não existe;Perfeito estado;Seca;Perfeito estado;Faixa de retenção;Placas Pare;;2019
20/08/2019;22:02:00;SEM VÍTIMA;IMBIRIBEIRA;RUA GENERAL GOES MONTEIRO;;COLISÃO;2;;;;;;;;0;;;;;;;;;;2019
20/08/2019;22:23:00;SEM VÍTIMA;IPSEP;AV RECIFE;;COLISÃO TRASEIRA;1;;;;1;;;;0;;Bom;Sem defeito;Perfeito estado;Seca;Perfeito estado;;;;2019
21/08/2019;06:18:00;COM VÍTIMA;CORDEIRO;AV CAXANGA;CIDADE;ABALROAMENTO LONGITUDINAL;1;1;;;;;;;2;;Bom;Não existe;Perfeito estado;Molhada;Perfeito estado;Não existe;Outras;;2019
21/08/2019;06:57:00;COM VÍTIMA;ILHA DO RETIRO;RUA SPORT CLUBE DO RECIFE;CIDADE;ABALROAMENTO LONGITUDINAL;1;1;;;;;;;1;;Bom;Não existe;Perfeito estado;Seca;Perfeito estado;Não existe;Não há placas;60 km/h;2019
21/08/2019;07:27:00;SEM VÍTIMA;BOA VIAGEM;AV MARECHAL JUAREZ TAVORA;;COLISÃO;2;;;;;;;;0;;;;;;;;;;2019
21/08/2019;07:45:00;COM VÍTIMA;SAN MARTIN;RUA GEOLANDIA;SUBURBIO;COLISÃO TRASEIRA;1;1;;;;;;;1;;Bom;Não existe;Não existente;Seca;Perfeito estado;Não existe;Não há placas;;2019
21/08/2019;07:52:00;SEM VÍTIMA;BOA VIAGEM;RUA SA E SOUZA;SUBURBIO;ABALROAMENTO LONGITUDINAL;1;;;;1;;;;0;;Bom;Sem defeito;Perfeito estado;Seca;Perfeito estado;Faixa de pedestre;Outras;;2019
21/08/2019;07:52:00;SEM VÍTIMA;BOA VIAGEM;AV DES JOSE NEVES;CIDADE;COLISÃO TRASEIRA;2;;;;;;;;0;;Bom;Não existe;Perfeito estado;Seca;Perfeito estado;Não existe;Não há placas;60 km/h;2019
21/08/2019;09:04:00;COM VÍTIMA;IPUTINGA;AV CAXANGA;SUBURBIO;ATROPELAMENTO;1;;;1;;;;;1;;Bom;Sem defeito;Perfeito estado;Seca;Perfeito estado;Outros;R-6a;;2019
21/08/2019;09:43:00;SEM VÍTIMA;BOA VISTA;TRV CORREIA NETO;SUBURBIO;COLISÃO TRASEIRA;2;;;;;;;;0;;Bom;Não existe;Perfeito estado;Seca;Perfeito estado;Não existe;Não há placas;;2019
21/08/2019;09:58:00;COM VÍTIMA;CASA AMARELA;RUA PAULA BATISTA;SUBURBIO;ABALROAMENTO LONGITUDINAL;1;1;;;;;;;1;;Bom;Não existe;Perfeito estado;Seca;Perfeito estado;Não existe;Outras;40 km/h;2019
21/08/2019;10:50:00;SEM VÍTIMA;PRADO;AV ENGENHEIRO ABDIAS DE CARVALHO;SUBURBIO;ABALROAMENTO LONGITUDINAL;1;1;;;;;;;0;;Bom;Sem defeito;Perfeito estado;Seca;Perfeito estado;;Outras;;2019
21/08/2019;11:30:00;SEM VÍTIMA;BOMBA DO HEMETÉRIO;RUA PADRE OLIVEIRA;SUBURBIO;CHOQUE VEÍCULO PARADO;1;;;;1;;;;0;;Bom;Não existe;Incompleta;Seca;Perfeito estado;Não existe;Não há placas;;2019
21/08/2019;11:38:00;SEM VÍTIMA;VÁRZEA;AV PROFESSOR MORAES REGO;CIDADE;ABALROAMENTO LONGITUDINAL;1;;;;;1;;;0;;Bom;Não existe;Perfeito estado;Seca;Perfeito estado;Não existe;Placas Pare;;2019
21/08/2019;12:36:00;SEM VÍTIMA;JOANA BEZERRA;AV DES GUERRA BARRETO;;COLISÃO;2;;;;;;;;0;;;;;;;;;;2019
21/08/2019;12:37:00;SEM VÍTIMA;BOA VIAGEM;RUA ANTONIO FALCAO;;ABALROAMENTO TRANSVERSAL;2;;;;;;;;0;;Bom;Sem defeito;Perfeito estado;Seca;Perfeito estado;Não existe;Não há placas;;2019
21/08/2019;12:50:00;SEM VÍTIMA;SANTO AMARO;AV JOAO DE BARROS;;COLISÃO;2;;;;;;;;0;;;;;;;;;;2019
21/08/2019;14:21:00;COM VÍTIMA;DERBY;AV GOVERNADOR AGAMENON MAGALHAES;SUBURBIO;ATROPELAMENTO;;1;;1;;;;;1;;Bom;Sem defeito;Perfeito estado;Seca;Perfeito estado;Faixa de pedestre;;60 km/h;2019
21/08/2019;14:29:00;SEM VÍTIMA;BOA VISTA;AV MONTEVIDEU;CIDADE;ABALROAMENTO LONGITUDINAL;2;;;;;;;;0;;Bom;Não existe;Perfeito estado;Seca;Perfeito estado;Faixa de pedestre;Outras;;2019