data;hora;natureza_acidente;bairro;endereco;sentido_via;tipo;auto;moto;ciclista;pedestre;onibus;caminhao;viatura;outros;vitimas;vitimasfatais;tempo_clima;situacao_semaforo;sinalizacao;condicao_via;conservacao_via;ponto_controle;situacao_placa;velocidade_max_via;ano
21/08/2019;14:47:00;SEM VÍTIMA;BARRO;AV DR JOSE RUFINO;SUBURBIO;COLISÃO TRASEIRA;1;;;;;;;1;0;;Bom;Não existe;Perfeito estado;Seca;Perfeito estado;Não existe;R-6a;40 km/h;2019
21/08/2019;15:13:00;SEM VÍTIMA;CASA FORTE;RUA LEONARDO BEZERRA CAVALCANTE;SUBURBIO;COLISÃO TRASEIRA;1;1;;;;;;;0;;Bom;Não existe;Perfeito estado;Seca;Perfeito estado;Faixa de pedestre;Outras;;2019
21/08/2019;15:44:00;SEM VÍTIMA;SANTO AMARO;AV GOVERNADOR AGAMENON MAGALHAES;SUBURBIO;COLISÃO TRASEIRA;2;;;;;;;;0;;Bom;Não existe;Perfeito estado;Seca;Perfeito estado;Não existe;Não há placas;60 km/h;2019
21/08/2019;16:23:00;COM VÍTIMA;CASA FORTE;AV DEZESSETE DE AGOSTO;CIDADE;ABALROAMENTO LONGITUDINAL;1;1;;;;;;;2;;Bom;Sem defeito;Perfeito estado;Seca;Perfeito estado;Não existe;Não há placas;;2019
21/08/2019;17:12:00;SEM VÍTIMA;IPUTINGA;AV LUIZ DE LACERDA;SUBURBIO;ABALROAMENTO LONGITUDINAL;1;;;;1;;;;0;;Bom;Não existe;Perfeito estado;Seca;Perfeito estado;Não existe;Placas Pare;;2019
21/08/2019;17:31:00;SEM VÍTIMA;TAMARINEIRA;EST DO ARRAIAL;SUBURBIO;ABALROAMENTO LONGITUDINAL;1;;;;;1;;;0;;Bom;Não existe;Perfeito estado;Seca;Perfeito estado;Não existe;Placas Pare;;2019
21/08/2019;17:55:00;SEM VÍTIMA;TAMARINEIRA;RUA CONEGO BARATA;SUBURBIO;ABALROAMENTO LONGITUDINAL;2;;;;;;;;0;;Bom;Não existe;Perfeito estado;Seca;Perfeito estado;Não existe;Outras;;2019
21/08/2019;18:13:00;SEM VÍTIMA;SAN MARTIN;AV GENERAL SAN MARTIN;SUBURBIO;COLISÃO TRASEIRA;3;;;;;;;;0;;Bom;Sem defeito;Perfeito estado;Seca;Perfeito estado;Não existe;Não há placas;;2019
21/08/2019;18:28:00;SEM VÍTIMA;PARNAMIRIM;AV PARNAMIRIM;SUBURBIO;ABALROAMENTO LONGITUDINAL;2;;;;;;;;0;;Bom;Sem defeito;Perfeito estado;Seca;Perfeito estado;Faixa de pedestre;Não há placas;40 km/h;2019
21/08/2019;18:46:00;SEM VÍTIMA;ESPINHEIRO;AV JOAO DE BARROS;;COLISÃO;1;;;;1;;;;0;;;;;;;;;;2019
21/08/2019;19:41:00;COM VÍTIMA;BOA VISTA;RUA JOSE DE ALENCAR;CIDADE;ABALROAMENTO TRANSVERSAL;1;1;;;;;;;1;;Bom;Não existe;Perfeito estado;Seca;Perfeito estado;Faixa de retenção;Placas Pare;30 km/h;2019
21/08/2019;20:05:00;COM VÍTIMA;AFOGADOS;AV SUL;CIDADE;ABALROAMENTO TRANSVERSAL;1;;;;1;;;;2;;Bom;Não existe;Perfeito estado;Seca;Perfeito estado;Não existe;Não há placas;60 km/h;2019
21/08/2019;20:08:00;SEM VÍTIMA;IPSEP;RUA JEAN EMILE FAVRE;;COLISÃO COM CICLISTA;;1;1;;;;;;0;;;;;;;;;;2019
21/08/2019;20:56:00;SEM VÍTIMA;ARRUDA;AV BEBERIBE;;ABALROAMENTO LONGITUDINAL;1;;;;1;;;;0;;Bom;Não existe;Perfeito estado;Seca;Perfeito estado;;Não há placas;40 km/h;2019
22/08/2019;00:48:00;SEM VÍTIMA;HIPÓDROMO;RUA MEM DE SA;;ABALROAMENTO TRANSVERSAL;2;;;;;;;;0;;Bom;Sem defeito;Ilegível;Seca;Mal iluminada;Não existe;Não há placas;;2019
22/08/2019;04:09:00;SEM VÍTIMA;SÃO JOSÉ;AV SUL;CIDADE;CHOQUE VEÍCULO PARADO;2;;;;;;;;0;;Bom;Não existe;Não existente;Seca;Perfeito estado;;Não há placas;;2019
22/08/2019;06:39:00;SEM VÍTIMA;SANCHO;RUA APRIGIO GUIMARAES;SUBURBIO;ABALROAMENTO LONGITUDINAL;1;;;;1;;;;0;;Nublado;Não existe;Não existente;Seca;Perfeito estado;Não existe;Não há placas;;2019
22/08/2019;07:39:00;COM VÍTIMA;DOIS IRMÃOS;RUA MANUEL DE MEDEIROS;SUBURBIO;ABALROAMENTO LONGITUDINAL;2;1;;;;;;;1;;Chuvoso;Não existe;Incompleta;Seca;Outros;Não existe;Outras;;2019
22/08/2019;07:51:00;SEM VÍTIMA;ILHA DO RETIRO;RUA ABDIAS CABRAL DE MOURA;;COLISÃO;2;;;;;;;;0;;;;;;;;;;2019
22/08/2019;07:58:00;SEM VÍTIMA;PINA;AV REPUBLICA DO LIBANO;;COLISÃO;1;;1;;;;;;0;;;;;;;;;;2019
22/08/2019;08:07:00;SEM VÍTIMA;BOA VIAGEM;AV. DES. JOSE NEVES;CIDADE;COLISÃO TRASEIRA;1;1;;;;;;;0;;Bom;Não existe;Perfeito estado;Seca;Perfeito estado;Não existe;R-6a;;2019
22/08/2019;08:31:00;SEM VÍTIMA;TORRE;RUA REAL DA TORRE;CIDADE;ABALROAMENTO TRANSVERSAL;2;;;;;;;;0;;Bom;Não existe;Não existente;Seca;Perfeito estado;Não existe;Não há placas;;2019
22/08/2019;08:52:00;SEM VÍTIMA;TEJIPIÓ;AV DR JOSE RUFINO;SUBURBIO;ABALROAMENTO LONGITUDINAL;2;;;;;;;;0;;Bom;Não existe;Perfeito estado;Seca;Perfeito estado;Não existe;R-6a;;2019
22/08/2019;08:53:00;SEM VÍTIMA;BOA VIAGEM;AVENIDA CELSO FURTADO (VIA MANGUE);SUBURBIO;ABALROAMENTO LONGITUDINAL;2;;;;;;;;0;;Bom;Não existe;Perfeito estado;Seca;Perfeito estado;Não existe;Não há placas;;2019
22/08/2019;09:33:00;SEM VÍTIMA;VÁRZEA;RUA AMARO GOMES POROCA;;COLISÃO;1;1;;;;;;;0;;;;;;;;;;2019
22/08/2019;09:49:00;SEM VÍTIMA;ARRUDA;AV PROFESSOR JOSE DOS ANJOS;SUBURBIO;COLISÃO TRASEIRA;2;;;;;;;;0;;Bom;Não existe;Perfeito estado;Seca;Perfeito estado;Outros;Placas Pare;;2019
22/08/2019;09:56:00;SEM VÍTIMA;BOA VISTA;RUA DOM BOSCO;SUBURBIO;COLISÃO TRASEIRA;1;;;;1;;;;0;;Bom;Não existe;;Seca;Perfeito estado;Outros;Outras;;2019
22/08/2019;10:52:00;SEM VÍTIMA;;RUA MARIANO CARNEIRO DA CUNHA;SUBURBIO;CHOQUE OBJETO FIXO;;;;;;1;;;0;;Bom;Não existe;Não existente;Seca;Perfeito estado;Não existe;Não há placas;;2019
22/08/2019;11:06:00;SEM VÍTIMA;;RUA BALTAZAR PASSOS;CIDADE;ABALROAMENTO TRANSVERSAL;2;;;;;;;;0;;Bom;Não existe;Ilegível;Seca;Perfeito estado;Não existe;Placas Pare;;2019
22/08/2019;11:45:00;SEM VÍTIMA;SANTO AMARO;RUA DOS PALMARES;CIDADE;COLISÃO TRASEIRA;2;;;;;;;;0;;Bom;Sem defeito;Perfeito estado;Seca;Perfeito estado;Faixa de pedestre;Não há placas;;2019
22/08/2019;12:02:00;SEM VÍTIMA;TEJIPIÓ;RUA FALCAO DE LACERDA;;COLISÃO TRASEIRA;1;;;;;1;;;0;;Bom;Sem defeito;Perfeito estado;Seca;Perfeito estado;Faixa de pedestre;Outras;40 km/h;2019
22/08/2019;12:14:00;SEM VÍTIMA;SANTO AMARO;AV JOAO DE BARROS;CIDADE;ABALROAMENTO LONGITUDINAL;2;;;;;;;;0;;Bom;Não existe;Perfeito estado;Seca;Perfeito estado;Outros;R-6a;;2019
22/08/2019;12:48:00;SEM VÍTIMA;BOA VIAGEM;AV ENGENHEIRO DOMINGOS FERREIRA;SUBURBIO;COLISÃO TRASEIRA;3;;;;;;;;0;;Nublado;Não existe;Perfeito estado;Seca;Perfeito estado;Não existe;;60 km/h;2019
22/08/2019;12:56:00;SEM VÍTIMA;DERBY;AV ENGENHEIRO AGAMENON DE MAGALHAES MELO;;COLISÃO TRASEIRA;2;;;;;;;;0;;Bom;Sem defeito;Perfeito estado;Seca;Perfeito estado;Agente;;60 km/h;2019
22/08/2019;13:05:00;SEM VÍTIMA;BOA VIAGEM;AV ENGENHEIRO DOMINGOS FERREIRA;;COLISÃO;1;;;;1;;;;0;;;;;;;;;;2019
22/08/2019;13:07:00;SEM VÍTIMA;SANTO AMARO;AV GOVERNADOR AGAMENON MAGALHAES;CIDADE;ABALROAMENTO LONGITUDINAL;1;1;;;;;;;0;;Bom;Sem defeito;Perfeito estado;Seca;Perfeito estado;Faixa de pedestre;Outras;60 km/h;2019
22/08/2019;13:36:00;SEM VÍTIMA;ESPINHEIRO;RUA BARAO DE ITAMARACA;;ABALROAMENTO LONGITUDINAL;2;;;;;;;;0;;Bom;Sem defeito;Perfeito estado;Seca;Perfeito estado;Faixa de pedestre;R-6a;;2019
22/08/2019;15:09:00;SEM VÍTIMA;BOA VIAGEM;AV CONSELHEIRO AGUIAR;;COLISÃO;1;;;;1;;;;0;;;;;;;;;;2019
22/08/2019;15:09:00;SEM VÍTIMA;ILHA DO LEITE;RUA MARQUES AMORIM;CIDADE;ABALROAMENTO LONGITUDINAL;3;;;;;;;;0;;Bom;Não existe;Não existente;Seca;Mal conservada;Não existe;Não há placas;;2019
22/08/2019;15:12:00;SEM VÍTIMA;DERBY;AV GOVERNADOR AGAMENON MAGALHAES;;COLISÃO TRASEIRA;2;;;;;;;;0;;Bom;Sem defeito;Perfeito estado;Seca;Perfeito estado;Faixa de pedestre;Outras;60 km/h;2019
22/08/2019;15:39:00;SEM VÍTIMA;ILHA DO RETIRO;RUA TABAIARES;CIDADE;ABALROAMENTO LONGITUDINAL;1;;;;;;;1;0;;Bom;Não existe;Perfeito estado;Seca;Perfeito estado;Faixa de pedestre;Outras;;2019
22/08/2019;16:10:00;SEM VÍTIMA;BOA VIAGEM;AV DES JOSE NEVES;SUBURBIO;COLISÃO TRASEIRA;2;;;;;;;;0;;Bom;Não existe;Perfeito estado;Seca;Perfeito estado;Não existe;Não há placas;;2019
22/08/2019;17:34:00;SEM VÍTIMA;SANTO AMARO;AV NORTE;;CHOQUE OBJETO FIXO;;;;;;;;;0;;;;;;;;;;2019
22/08/2019;17:37:00;COM VÍTIMA;ESPINHEIRO;RUA ALBERTO PAIVA;SUBURBIO;COLISÃO TRASEIRA;1;1;;;;;;;1;;Bom;Sem defeito;Perfeito estado;;Mal conservada;Faixa de pedestre;Outras;;2019
22/08/2019;18:05:00;SEM VÍTIMA;SANTO AMARO;AV GOVERNADOR AGAMENON MAGALHAES;;COLISÃO TRASEIRA;2;;;;;;;;0;;Bom;Sem defeito;Perfeito estado;Seca;Perfeito estado;Faixa de pedestre;R-6a;60 km/h;2019
22/08/2019;18:21:00;SEM VÍTIMA;ESPINHEIRO;AV CONS ROSA E SILVA;;COLISÃO;;;;;;;;;0;;;;;;;;;;2019
22/08/2019;18:27:00;SEM VÍTIMA;IMBIRIBEIRA;RUA ITACARI;SUBURBIO;COLISÃO TRASEIRA;1;1;;;;;;;0;;Bom;Não existe;Perfeito estado;Seca;Perfeito estado;Não existe;Não há placas;;2019
22/08/2019;18:53:00;SEM VÍTIMA;SANTO ANTÔNIO;AV MARTINS DE BARROS;SUBURBIO;ABALROAMENTO TRANSVERSAL;2;;;;;;;;0;;Chuvoso;Não existe;Perfeito estado;Molhada;Perfeito estado;Não existe;Não há placas;;2019
22/08/2019;19:11:00;SEM VÍTIMA;PRADO;AV ENGENHEIRO ABDIAS DE CARVALHO;SUBURBIO;COLISÃO TRASEIRA;2;;;;;;;;0;;Chuvoso;Sem defeito;Perfeito estado;Molhada;Perfeito estado;Não existe;Outras;;2019
22/08/2019;19:35:00;SEM VÍTIMA;IMBIRIBEIRA;AV MARECHAL MASCARENHAS DE MORAES;CIDADE;COLISÃO;1;;;;;1;;;0;;;;;;;;;;2019
22/08/2019;19:56:00;SEM VÍTIMA;PINA;VIADUTO CAPITAO TEMUDO;SUBURBIO;COLISÃO;2;;;;;;;;0;;;;;;;;;;2019
22/08/2019;20:48:00;SEM VÍTIMA;CABANGA;PTE GOVERNADOR PAULO GUERRA;SUBURBIO;COLISÃO TRASEIRA;1;;;;;;;;0;;Bom;Sem defeito;Perfeito estado;Seca;Perfeito estado;Não existe;Não há placas;;2019
22/08/2019;21:34:00;SEM VÍTIMA;APIPUCOS;RUA DE APIPUCOS;;CHOQUE OBJETO FIXO;1;;;;;;;;0;;;;;;;;;;2019
22/08/2019;23:16:00;SEM VÍTIMA;SÃO JOSÉ;RUA RIO CAPIBARIBE;;COLISÃO;2;;;;;;;;0;;;;;;;;;;2019
22/08/2019;23:47:00;SEM VÍTIMA;IMBIRIBEIRA;AV MARECHAL MASCARENHAS DE MORAES;SUBURBIO;ABALROAMENTO LONGITUDINAL;2;;;;;;;;0;;Chuvoso;Não existe;Perfeito estado;Molhada;Perfeito estado;Não existe;Outras;;2019
23/08/2019;00:27:00;SEM VÍTIMA;CURADO;RUA MINISTRO MARIO ANDREAZZA;SUBURBIO;ABALROAMENTO TRANSVERSAL;;;;;2;;;;0;;Chuvoso;Não existe;Perfeito estado;Molhada;Perfeito estado;;;;2019
23/08/2019;00:49:00;SEM VÍTIMA;MADALENA;RUA BENFICA;CIDADE;ABALROAMENTO TRANSVERSAL;2;;;;;;;;0;;Chuvoso;Sem defeito;Perfeito estado;Molhada;Perfeito estado;Faixa de pedestre;Não há placas;;2019
23/08/2019;01:28:00;SEM VÍTIMA;PINA;AV ENGENHEIRO DOMINGOS FERREIRA;SUBURBIO;ABALROAMENTO TRANSVERSAL;2;;;;;;;;0;;Chuvoso;Sem defeito;Perfeito estado;Molhada;Perfeito estado;Faixa de pedestre;Outras;;2019
23/08/2019;06:21:00;COM VÍTIMA;PINA;AV BOA VIAGEM;CIDADE;ABALROAMENTO LONGITUDINAL;1;1;;;;;;;1;;Bom;Não existe;Perfeito estado;Seca;Perfeito estado;Não existe;Outras;;2019
23/08/2019;07:12:00;SEM VÍTIMA;ILHA DO RETIRO;RUA BENFICA;CIDADE;COLISÃO TRASEIRA;1;;;;1;;;;0;;Bom;Não existe;Perfeito estado;Seca;Perfeito estado;Não existe;R-6a;;2019
23/08/2019;07:26:00;SEM VÍTIMA;ILHA DO RETIRO;AV BEIRA RIO;;COLISÃO;2;;;;;;;;0;;;;;;;;;;2019
26/08/2019;11:18:00;COM VÍTIMA;;RUA PROFESSOR JOAQUIM XAVIER DE BRITO;CIDADE;ABALROAMENTO LONGITUDINAL;4;;;;;;;;1;;Bom;Sem defeito;Perfeito estado;Seca;Perfeito estado;Faixa de pedestre;Outras;;2019
23/08/2019;08:33:00;SEM VÍTIMA;IPSEP;RUA JEAN EMILE FAVRE;;COLISÃO;1;;;;;1;;;0;;;;;;;;;;2019
23/08/2019;08:55:00;SEM VÍTIMA;AREIAS;RUA PADRE NOBREGA;SUBURBIO;ABALROAMENTO LONGITUDINAL;2;;;;;;;;0;;Bom;Não existe;Perfeito estado;Seca;Perfeito estado;Não existe;Não há placas;;2019
23/08/2019;09:42:00;SEM VÍTIMA;MADALENA;RUA BENFICA;SUB/CID;ABALROAMENTO LONGITUDINAL;1;;;;1;;;;0;;Bom;Não existe;Perfeito estado;Seca;Perfeito estado;Outros;Não há placas;;2019
23/08/2019;09:53:00;SEM VÍTIMA;TAMARINEIRA;RUA PADRE ROMA;SUBURBIO;COLISÃO TRASEIRA;1;1;;;;;;;0;;Bom;Sem defeito;Perfeito estado;Seca;Perfeito estado;Não existe;Não há placas;;2019
23/08/2019;10:54:00;SEM VÍTIMA;BOA VIAGEM;AV ENGENHEIRO DOMINGOS FERREIRA;;COLISÃO;2;;;;;;;;0;;;;;;;;;;2019
23/08/2019;11:19:00;SEM VÍTIMA;BOA VIAGEM;RUA PADRE BERNADINO PESSOA;;COLISÃO;2;;;;;;;;0;;;;;;;;;;2019
23/08/2019;12:12:00;SEM VÍTIMA;TAMARINEIRA;AV NORTE;SUBURBIO;ABALROAMENTO LONGITUDINAL;1;;;;1;;;;0;;Bom;Não existe;Perfeito estado;Seca;Perfeito estado;Não existe;Outras;60 km/h;2019
23/08/2019;12:20:00;SEM VÍTIMA;BOA VIAGEM;RUA PADRE BERNADINO PESSOA;SUBURBIO;ABALROAMENTO LONGITUDINAL;2;;;;;;;;0;;Bom;Não existe;Perfeito estado;Seca;Perfeito estado;Não existe;Outras;;2019
23/08/2019;12:23:00;SEM VÍTIMA;MADALENA;RUA RODOLFO RANGEL MOREIRA;;ABALROAMENTO LONGITUDINAL;2;;;;;;;;0;;Bom;Não existe;Perfeito estado;Seca;Perfeito estado;Não existe;Não há placas;;2019
23/08/2019;12:51:00;SEM VÍTIMA;PINA;AV ANTONIO DE GOES;CIDADE;COLISÃO TRASEIRA;2;;;;;;;;0;;Bom;Sem defeito;Perfeito estado;Seca;Perfeito estado;Agente;Outras;60 km/h;2019
23/08/2019;12:54:00;SEM VÍTIMA;MADALENA;RUA BENFICA;CIDADE;ABALROAMENTO LONGITUDINAL;1;;;;;;1;;0;;Bom;Não existe;Perfeito estado;Seca;Perfeito estado;Não existe;R-6a;;2019
23/08/2019;13:23:00;SEM VÍTIMA;MADALENA;RUA BENFICA;CIDADE;ABALROAMENTO LONGITUDINAL;2;;;;;;;;0;;Bom;Sem defeito;Perfeito estado;Seca;Perfeito estado;;R-6a;;2019
23/08/2019;13:27:00;SEM VÍTIMA;IPUTINGA;RUA EMILIANO BRAGA;;COLISÃO;2;;;;;;;;0;;;;;;;;;;2019
23/08/2019;14:10:00;SEM VÍTIMA;TAMARINEIRA;AV NORTE;SUBURBIO;COLISÃO TRASEIRA;1;;;;1;;;;0;;Bom;Não existe;Perfeito estado;Seca;Perfeito estado;Não existe;Outras;60 km/h;2019
23/08/2019;14:50:00;SEM VÍTIMA;IPUTINGA;RUA RIBEIRO PESSOA;;COLISÃO;2;;;;;;;;0;;;;;;;;;;2019
23/08/2019;14:58:00;SEM VÍTIMA;BOA VISTA;AV MANOEL BORBA;SUBURBIO;COLISÃO TRASEIRA;2;;;;;;;;0;;Bom;Sem defeito;Perfeito estado;Seca;Perfeito estado;Não existe;Não há placas;;2019
23/08/2019;15:17:00;SEM VÍTIMA;BOA VIAGEM;RUA CORONEL ANIZIO RODRIGUES COELHO;;COLISÃO;2;;;;;;;;0;;;;;;;;;;2019
23/08/2019;15:26:00;SEM VÍTIMA;BAIRRO DO RECIFE;AV BEIRA RIO;SUBURBIO;ABALROAMENTO LONGITUDINAL;1;1;;;;;;;0;;Bom;Não existe;Perfeito estado;Seca;Perfeito estado;Não existe;Não há placas;;2019
23/08/2019;15:46:00;SEM VÍTIMA;SANTO ANTÔNIO;PRC DA REPUBLICA;;CHOQUE VEÍCULO PARADO;4;;;;;;;;0;;Bom;Não existe;Perfeito estado;Seca;Perfeito estado;;Não há placas;30 km/h;2019
23/08/2019;16:24:00;SEM VÍTIMA;BOA VIAGEM;RUA BELMONTE;;COLISÃO;2;;;;;;;;0;;;;;;;;;;2019
23/08/2019;17:38:00;SEM VÍTIMA;SANTO AMARO;RUA TREZE DE MAIO;SUBURBIO;ABALROAMENTO TRANSVERSAL;2;;;;;;;;0;;Bom;Sem defeito;Perfeito estado;Seca;Perfeito estado;Não existe;Placas Pare;;2019
23/08/2019;18:25:00;SEM VÍTIMA;SANTO AMARO;AV GOVERNADOR AGAMENON MAGALHAES;SUBURBIO;COLISÃO TRASEIRA;2;;;;;;;;0;;Bom;Sem defeito;Perfeito estado;Seca;Perfeito estado;Faixa de pedestre;;60 km/h;2019
23/08/2019;18:28:00;SEM VÍTIMA;GRAÇAS;RUA ALBERTO PAIVA;SUBURBIO;ABALROAMENTO LONGITUDINAL;2;;;;;;;;0;;Chuvoso;Sem defeito;Perfeito estado;Molhada;Mal conservada;Faixa de pedestre;;40 km/h;2019
23/08/2019;18:30:00;SEM VÍTIMA;ILHA JOANA BEZERRA;AV BEIRA RIO;SUBURBIO;COLISÃO;2;;;;;;;;0;;;;;;;;;;2019
23/08/2019;20:59:00;SEM VÍTIMA;CAMPO GRANDE;RUA ALMIRANTE BARROSO;;CHOQUE VEÍCULO PARADO;2;;;;;;;;0;;Chuvoso;Não existe;Perfeito estado;Molhada;Perfeito estado;;Placas Pare;30 km/h;2019
23/08/2019;22:25:00;SEM VÍTIMA;DOIS UNIDOS;AV HILDEBRANDO DE VASCONCELOS;;COLISÃO FRONTAL;2;;;;;;;;0;;Chuvoso;Não existe;;Molhada;Mal iluminada;Não existe;Outras;;2019
24/08/2019;08:00:00;COM VÍTIMA;IPUTINGA;AV CAXANGA;CIDADE;COLISÃO;1;1;;;;;;;1;;Bom;Sem defeito;Perfeito estado;Seca;Perfeito estado;;Outras;;2019
24/08/2019;08:21:00;SEM VÍTIMA;SAN MARTIN;AV ENGENHEIRO ABDIAS DE CARVALHO;CIDADE;ABALROAMENTO LONGITUDINAL;1;1;;;;;;;0;;Bom;Sem defeito;Perfeito estado;Seca;Perfeito estado;Faixa de pedestre;Não há placas;;2019
24/08/2019;08:35:00;SEM VÍTIMA;MONTEIRO;EST DO ARRAIAL;;COLISÃO TRASEIRA;2;;;;;;;;0;;Bom;Não existe;Perfeito estado;Seca;Perfeito estado;Não existe;Placas Pare;60 km/h;2019
24/08/2019;09:07:00;SEM VÍTIMA;AFLITOS;RUA MANUEL DE CARVALHO;;CHOQUE VEÍCULO PARADO;;;;;;1;1;;0;;Bom;Não existe;Não existente;Seca;Perfeito estado;Não existe;Não há placas;;2019
24/08/2019;09:31:00;SEM VÍTIMA;MADALENA;RUA BENFICA;CIDADE;ABALROAMENTO TRANSVERSAL;2;;;;;;;;0;;Bom;Não existe;Não existente;Seca;Perfeito estado;Não existe;Não há placas;;2019
24/08/2019;10:37:00;SEM VÍTIMA;DERBY;RUA JOAQUIM NABUCO;SUBURBIO;COLISÃO TRASEIRA;2;;;;;;;;0;;Bom;Não existe;Perfeito estado;Seca;Perfeito estado;Não existe;R-6a;;2019
24/08/2019;11:29:00;SEM VÍTIMA;SANTO AMARO;AV VISCONDE DE SUASSUNA;SUBURBIO;COLISÃO TRASEIRA;2;;;;;;;;0;;Bom;Sem defeito;Perfeito estado;Seca;Perfeito estado;Faixa de pedestre;Outras;;2019
24/08/2019;11:39:00;SEM VÍTIMA;TORRE;RUA CONDE DE IRAJA;;ABALROAMENTO TRANSVERSAL;1;;;;;;;;0;;Bom;Sem defeito;Perfeito estado;Seca;Perfeito estado;Faixa de pedestre;R-6a;;2019
24/08/2019;12:42:00;SEM VÍTIMA;DERBY;PRC DO DERBY;CIDADE;ABALROAMENTO LONGITUDINAL;1;;;;1;;;;0;;Bom;Sem defeito;Perfeito estado;Seca;Perfeito estado;Faixa de pedestre;;;2019
24/08/2019;14:19:00;SEM VÍTIMA;IMBIRIBEIRA;AV MARECHAL MASCARENHAS DE MORAES;;ABALROAMENTO LONGITUDINAL;1;;;;;1;;;0;;Bom;Não existe;Perfeito estado;Seca;Perfeito estado;Não existe;;;2019
24/08/2019;14:58:00;COM VÍTIMA;CASA AMARELA;RUA DA HARMONIA;SUBURBIO;ABALROAMENTO TRANSVERSAL;1;1;;;;;;;1;;Bom;Sem defeito;Perfeito estado;Seca;Perfeito estado;Faixa de pedestre;Outras;;2019
24/08/2019;15:05:00;SEM VÍTIMA;IPSEP;AV RECIFE;;COLISÃO TRASEIRA;2;;;;;;;;0;;Bom;Sem defeito;Perfeito estado;Seca;Perfeito estado;Faixa de pedestre;Não há placas;;2019
24/08/2019;15:21:00;SEM VÍTIMA;GRAÇAS;RUA ANTONIO NOVAIS;;COLISÃO;2;;;;;;;;0;;;;;;;;;;2019
24/08/2019;15:45:00;SEM VÍTIMA;BOA VISTA;AV GOVERNADOR AGAMENON MAGALHAES;;ABALROAMENTO LONGITUDINAL;1;;;;1;;;;0;;Bom;Sem defeito;Perfeito estado;Seca;Perfeito estado;Faixa de pedestre;Outras;60 km/h;2019
24/08/2019;16:04:00;SEM VÍTIMA;IPSEP;RUA BLUMENAU;;ABALROAMENTO LONGITUDINAL;1;1;;;;;;;0;;Nublado;Não existe;Não existente;Seca;Perfeito estado;Não existe;Não há placas;;2019
24/08/2019;16:11:00;SEM VÍTIMA;BOA VIAGEM;RUA VISCONDE DE JEQUITINHONHA;;COLISÃO;1;;;;1;;;;0;;;;;;;;;;2019
24/08/2019;16:34:00;SEM VÍTIMA;SÍTIO DOS PINTOS;EST DOS PINTOS;;CHOQUE OBJETO FIXO;;;;;;1;;;0;;Chuvoso;Não existe;Incompleta;Molhada;Mal conservada;Não existe;Não há placas;;2019
24/08/2019;17:18:00;SEM VÍTIMA;ALTO SANTA TERESINHA;AV ANIBAL BENEVOLO;SUBURBIO;ABALROAMENTO LONGITUDINAL;1;;;;1;;;;0;;Chuvoso;Não existe;Perfeito estado;Molhada;Perfeito estado;Não existe;Outras;;2019
24/08/2019;17:18:00;COM VÍTIMA;GRAÇAS;RUA AMELIA;CIDADE;ATROPELAMENTO;1;;;1;;;;;1;;Bom;Sem defeito;Perfeito estado;Seca;Perfeito estado;Faixa de pedestre;Outras;;2019
24/08/2019;18:39:00;COM VÍTIMA;CORDEIRO;AV MARIO ALVARES PEREIRA DE LYRA;CIDADE;ABALROAMENTO TRANSVERSAL;1;1;;;;;;;1;;Chuvoso;Não existe;Incompleta;Molhada;Perfeito estado;Não existe;Outras;;2019
24/08/2019;20:02:00;SEM VÍTIMA;BOA VIAGEM;AV FERNANDO SIMOES BARBOSA;SUBURBIO;COLISÃO TRASEIRA;2;;;;;;;;0;;Chuvoso;Não existe;Perfeito estado;Molhada;Perfeito estado;;Placas Pare;;2019
24/08/2019;20:32:00;SEM VÍTIMA;BOA VIAGEM;RUA BALTAZAR PASSOS;;COLISÃO;2;;;;;;;;0;;;;;;;;;;2019
24/08/2019;21:32:00;SEM VÍTIMA;IMBIRIBEIRA;AV MARECHAL MASCARENHAS DE MORAES;CIDADE;ABALROAMENTO LONGITUDINAL;2;;;;;;;;0;;Chuvoso;Sem defeito;Perfeito estado;Molhada;Perfeito estado;Faixa de pedestre;Não há placas;;2019
24/08/2019;21:50:00;SEM VÍTIMA;CORDEIRO;AV CAXANGA;CIDADE;COLISÃO;2;;;;;;;;0;;;;;;;;;;2019
24/08/2019;22:23:00;SEM VÍTIMA;BOA VIAGEM;AV CONSELHEIRO AGUIAR;CIDADE;COLISÃO;1;;;;1;;;;0;;;;;;;;;;2019
24/08/2019;23:07:00;COM VÍTIMA;MUSTARDINHA;AV MANOEL GONCALVES DA LUZ;;COLISÃO;1;1;;;;;;;2;;;;;;;;;;2019
25/08/2019;07:49:00;SEM VÍTIMA;BOA VIAGEM;AV CONSELHEIRO AGUIAR;CIDADE;COLISÃO TRASEIRA;2;;;;;;;;0;;Bom;Sem defeito;Perfeito estado;Seca;Perfeito estado;Faixa de pedestre;Não há placas;;2019
25/08/2019;07:50:00;SEM VÍTIMA;TORRÕES;AV ENGENHEIRO ABDIAS DE CARVALHO;CIDADE;COLISÃO TRASEIRA;3;;;;;;;;0;;Bom;Sem defeito;Perfeito estado;Seca;Perfeito estado;Outros;R-6a;60 km/h;2019
25/08/2019;08:19:00;SEM VÍTIMA;CASA AMARELA;EST DO ARRAIAL;SUBURBIO;ABALROAMENTO TRANSVERSAL;2;;;;;;;;0;;Chuvoso;Sem defeito;Perfeito estado;Molhada;Perfeito estado;Faixa de pedestre;;;2019