data;hora;natureza_acidente;bairro;endereco;sentido_via;tipo;auto;moto;ciclista;pedestre;onibus;caminhao;viatura;outros;vitimas;vitimasfatais;tempo_clima;situacao_semaforo;sinalizacao;condicao_via;conservacao_via;ponto_controle;situacao_placa;velocidade_max_via;ano
25/08/2019;08:45:00;SEM VÍTIMA;CASA AMARELA;RUA PADRE OLIVEIRA;;COLISÃO;1;;;;1;;;;0;;;;;;;;;;2019
25/08/2019;10:12:00;SEM VÍTIMA;MANGUEIRA;RUA DR JOAO ELISIO;SUBURBIO;ABALROAMENTO TRANSVERSAL;2;;;;;;;;0;;Bom;Não existe;Ilegível;Seca;Perfeito estado;Não existe;Outras;40 km/h;2019
25/08/2019;10:21:00;SEM VÍTIMA;LINHA DO TIRO;RUA URIEL DE HOLANDA;;COLISÃO;2;;;;;;;;0;;;;;;;;;;2019
25/08/2019;10:32:00;SEM VÍTIMA;PINA;RUA TOME GIBSON;;COLISÃO TRASEIRA;2;;;;;;;;0;;Bom;Sem defeito;Perfeito estado;Seca;Perfeito estado;Não existe;Não há placas;;2019
25/08/2019;12:27:00;SEM VÍTIMA;TAMARINEIRA;RUA DR JOSE MARIA;;COLISÃO;2;;;;;;;;0;;;;;;;;;;2019
25/08/2019;13:18:00;SEM VÍTIMA;TEJIPIÓ;AV DR JOSE RUFINO;;COLISÃO;2;;;;;;;;0;;;;;;;;;;2019
25/08/2019;16:08:00;SEM VÍTIMA;BOA VIAGEM;RUA ERNESTO DE PAULA SANTOS;CIDADE;ABALROAMENTO LONGITUDINAL;2;;;;;;;;0;;Bom;Não existe;Perfeito estado;Seca;Perfeito estado;Não existe;Outras;;2019
25/08/2019;16:24:00;SEM VÍTIMA;AFOGADOS;RUA GENERAL CARLOS LIRA;;CHOQUE VEÍCULO PARADO;1;;;;;1;;;0;;Bom;Não existe;Não existente;Seca;Mal conservada;Não existe;Não há placas;;2019
25/08/2019;17:10:00;SEM VÍTIMA;BRASÍLIA TEIMOSA;RUA FRANCISCO VALPASSOS;;COLISÃO;1;;1;;1;;;;0;;;;;;;;;;2019
25/08/2019;18:07:00;SEM VÍTIMA;PARNAMIRIM;AV PARNAMIRIM;CIDADE;COLISÃO TRASEIRA;2;;;;;;;;0;;Bom;Sem defeito;Perfeito estado;Seca;Perfeito estado;Faixa de pedestre;;60 km/h;2019
25/08/2019;20:00:00;SEM VÍTIMA;SANTO AMARO;AV CRUZ CABUGA;;ABALROAMENTO TRANSVERSAL;2;;;;;;;;0;;Bom;Sem defeito;Perfeito estado;Seca;Perfeito estado;Faixa de pedestre;Outras;;2019
25/08/2019;20:31:00;COM VÍTIMA;BOA VIAGEM;AV BOA VIAGEM;CIDADE;ABALROAMENTO LONGITUDINAL;;2;;;;;;;1;;Bom;Sem defeito;Perfeito estado;Seca;Perfeito estado;Faixa de pedestre;Outras;;2019
25/08/2019;22:56:00;SEM VÍTIMA;JORDÃO;RUA CANAL DO JORDAO;SUBURBIO;ABALROAMENTO LONGITUDINAL;1;;;;1;;;;0;;Bom;Não existe;Não existente;Seca;Mal conservada;Não existe;Não há placas;;2019
26/08/2019;06:44:00;SEM VÍTIMA;BOA VIAGEM;AV DES JOSE NEVES;CIDADE;ABALROAMENTO LONGITUDINAL;2;;;;;;;;0;;Chuvoso;Não existe;Incompleta;Molhada;Perfeito estado;Não existe;Placas Pare;;2019
26/08/2019;07:33:00;SEM VÍTIMA;CASA FORTE;AV DEZESSETE DE AGOSTO;CIDADE;COLISÃO TRASEIRA;3;;;;;;;;0;;Bom;Não existe;Perfeito estado;Seca;Perfeito estado;Não existe;R-6a;60 km/h;2019
26/08/2019;07:50:00;COM VÍTIMA;BAIRRO DO RECIFE;AV ALFREDO LISBOA;SUBURBIO;CHOQUE OBJETO FIXO;1;;;;;;;;1;;Chuvoso;Não existe;;Molhada;Perfeito estado;Não existe;Outras;;2019
26/08/2019;08:13:00;SEM VÍTIMA;BOA VIAGEM;RUA RIBEIRO DE BRITO;SUBURBIO;ABALROAMENTO LONGITUDINAL;1;1;;;;;;;0;;Chuvoso;Não existe;Perfeito estado;Molhada;Perfeito estado;Não existe;Não há placas;;2019
26/08/2019;08:38:00;SEM VÍTIMA;CORDEIRO;EST DO FORTE DO ARRAIAL N. DO B. JESUS;SUBURBIO;COLISÃO TRASEIRA;2;;;;;;;;0;;Chuvoso;Não existe;Perfeito estado;Molhada;Perfeito estado;Outros;Outras;;2019
26/08/2019;09:35:00;COM VÍTIMA;PINA;AVENIDA CELSO FURTADO (VIA MANGUE);SUBURBIO;TOMBAMENTO;;1;;;;;;;1;;Bom;Não existe;Perfeito estado;Seca;Perfeito estado;Agente;Outras;;2019
26/08/2019;10:26:00;SEM VÍTIMA;ILHA JOANA BEZERRA;AV BEIRA RIO;SUBURBIO;COLISÃO TRASEIRA;2;;;;;;;;0;;Chuvoso;Não existe;Perfeito estado;Molhada;Perfeito estado;Não existe;Não há placas;;2019
26/08/2019;10:29:00;SEM VÍTIMA;DERBY;PRC DO DERBY;CIDADE;ABALROAMENTO LONGITUDINAL;1;;;;1;;;;0;;Bom;Sem defeito;Perfeito estado;Seca;Perfeito estado;Faixa de pedestre;Outras;;2019
26/08/2019;10:56:00;SEM VÍTIMA;CASA AMARELA;AV NORTE;CIDADE;COLISÃO TRASEIRA;2;;;;;;;;0;;Chuvoso;Não existe;Perfeito estado;Molhada;Perfeito estado;Faixa de pedestre;R-6a;60 km/h;2019
26/08/2019;11:16:00;SEM VÍTIMA;;AV CRUZ CABUGA;CIDADE;ABALROAMENTO LONGITUDINAL;1;;;;;1;;;0;;Bom;Sem defeito;Perfeito estado;Seca;Perfeito estado;Faixa de pedestre;Outras;;2019
26/08/2019;11:17:00;SEM VÍTIMA;BONGI;AV CONSUL VILARES FRAGOSO;;ABALROAMENTO TRANSVERSAL;1;;;;;1;;;0;;Bom;Não existe;Não existente;Seca;Mal conservada;Não existe;Placas Pare;;2019
26/08/2019;11:27:00;SEM VÍTIMA;TORRE;AV BEIRA RIO;CIDADE;ABALROAMENTO LONGITUDINAL;1;;;;;1;;;0;;Bom;Sem defeito;Perfeito estado;Seca;Perfeito estado;Agente;R-6c;;2019
26/08/2019;11:44:00;SEM VÍTIMA;PRADO;AV ENGENHEIRO ABDIAS DE CARVALHO;;COLISÃO;2;;;;;;;;0;;;;;;;;;;2019
26/08/2019;12:26:00;SEM VÍTIMA;;AV JOAO DE BARROS;SUBURBIO;ABALROAMENTO LONGITUDINAL;1;;;;1;;;;0;;Bom;Sem defeito;Perfeito estado;Seca;Perfeito estado;Faixa de pedestre;Outras;;2019
26/08/2019;13:08:00;SEM VÍTIMA;VASCO DA GAMA;AV VEREADOR OTACILIO AZEVEDO;SUBURBIO;COLISÃO TRASEIRA;;1;;;;1;;;0;;Bom;Não existe;Não existente;Seca;Perfeito estado;Não existe;Não há placas;;2019
26/08/2019;13:52:00;SEM VÍTIMA;ILHA DO LEITE;PTE JOSE DE BARROS LIMA;SUBURBIO;COLISÃO TRASEIRA;2;;;;;;;;0;;Bom;Não existe;Perfeito estado;Seca;Mal conservada;Não existe;Não há placas;;2019
26/08/2019;14:19:00;SEM VÍTIMA;BONGI;AV CONSUL VILARES FRAGOSO;;ABALROAMENTO LONGITUDINAL;2;;;;;;;;0;;Nublado;Não existe;Ilegível;Seca;Perfeito estado;Não existe;Não há placas;;2019
26/08/2019;15:14:00;SEM VÍTIMA;TORRE;RUA JOSE BONIFACIO;SUBURBIO;COLISÃO TRASEIRA;1;1;;;;;;;0;;Bom;Não existe;Incompleta;Seca;Perfeito estado;;Não há placas;;2019
26/08/2019;16:23:00;SEM VÍTIMA;ILHA DO RETIRO;RUA SPORT CLUBE DO RECIFE;;COLISÃO;2;;;;;;;;0;;;;;;;;;;2019
26/08/2019;16:35:00;SEM VÍTIMA;DERBY;AV GOVERNADOR AGAMENON MAGALHAES;SUBURBIO;COLISÃO TRASEIRA;1;;;;1;;;;0;;Bom;Sem defeito;Perfeito estado;Seca;Perfeito estado;Agente;;60 km/h;2019
26/08/2019;16:37:00;SEM VÍTIMA;BOA VIAGEM;RUA SYLO BITTENCOURT;SUBURBIO;ABALROAMENTO TRANSVERSAL;2;;;;;;;;0;;Bom;Não existe;Perfeito estado;Seca;Perfeito estado;Não existe;Não há placas;;2019
26/08/2019;17:26:00;SEM VÍTIMA;AFOGADOS;RUA DA PAZ;;COLISÃO;2;;;;;;;;0;;;;;;;;;;2019
26/08/2019;18:41:00;COM VÍTIMA;TORRE;AV BEIRA RIO;;COLISÃO TRASEIRA;1;1;;;;;;;1;;Bom;Não existe;Perfeito estado;Seca;Perfeito estado;Não existe;Outras;;2019
26/08/2019;18:59:00;SEM VÍTIMA;SAN MARTIN;AV GENERAL SAN MARTIN;SUBURBIO;COLISÃO TRASEIRA;2;;;;;;;;0;;Chuvoso;Não existe;Perfeito estado;Molhada;Perfeito estado;Outros;Outras;;2019
26/08/2019;19:00:00;COM VÍTIMA;IMBIRIBEIRA;VIADUTO TANCREDO NEVES;BOA VIAGEM;ABALROAMENTO LONGITUDINAL;1;1;;;;;;;1;;Bom;Não existe;Perfeito estado;Seca;Perfeito estado;;Não há placas;60 km/h;2019
26/08/2019;19:02:00;SEM VÍTIMA;SANTO AMARO;AV NORTE;CIDADE;COLISÃO TRASEIRA;2;;;;;;;;0;;Bom;Sem defeito;Perfeito estado;Seca;Perfeito estado;Faixa de pedestre;Outras;60 km/h;2019
26/08/2019;19:06:00;SEM VÍTIMA;ILHA DO RETIRO;AV ENGENHEIRO ABDIAS DE CARVALHO;CIDADE;COLISÃO TRASEIRA;2;;;;;;;;0;;Bom;Não existe;Perfeito estado;Seca;Perfeito estado;Não existe;Não há placas;;2019
26/08/2019;19:14:00;SEM VÍTIMA;GRAÇAS;RUA DAS GRACAS;CIDADE;ABALROAMENTO LONGITUDINAL;2;;;;;;;;0;;Chuvoso;Não existe;Perfeito estado;Molhada;Perfeito estado;;Não há placas;;2019
26/08/2019;20:20:00;SEM VÍTIMA;IPSEP;AV RECIFE;SUBURBIO;ABALROAMENTO LONGITUDINAL;1;;;;;1;;;0;;Bom;Não existe;Perfeito estado;Seca;Perfeito estado;Não existe;Não há placas;;2019
26/08/2019;20:24:00;SEM VÍTIMA;CAMPO GRANDE;RUA JERONIMO VILELA;SUBURBIO;ABALROAMENTO LONGITUDINAL;1;1;;;;;;;0;;Bom;Sem defeito;Perfeito estado;Seca;Perfeito estado;Faixa de pedestre;Não há placas;;2019
26/08/2019;20:32:00;SEM VÍTIMA;AFOGADOS;RUA VISCONDE DE PELOTAS;SUBURBIO;ABALROAMENTO LONGITUDINAL;1;;;;;1;;;0;;Bom;Sem defeito;Perfeito estado;Seca;Perfeito estado;Faixa de pedestre;Não há placas;;2019
27/08/2019;08:19:00;SEM VÍTIMA;SANTO AMARO;AV CRUZ CABUGA;OLINDA;COLISÃO;;;;;;;;;0;;;;;;;;;;2019
27/08/2019;08:54:00;SEM VÍTIMA;MADALENA;RUA ARNALDO BASTOS;SUBURBIO;ABALROAMENTO TRANSVERSAL;2;;;;;;;;0;;Bom;Não existe;Perfeito estado;Seca;Perfeito estado;Não existe;R-6a;;2019
27/08/2019;08:58:00;SEM VÍTIMA;CORDEIRO;RUA GREGORIO JUNIOR;;ABALROAMENTO LONGITUDINAL;2;;;;;;;;0;;Bom;Não existe;Perfeito estado;Seca;Perfeito estado;Não existe;Não há placas;;2019
27/08/2019;09:12:00;SEM VÍTIMA;PINA;RUA IVONETE FERREIRA DA SILVA;CIDADE;COLISÃO TRASEIRA;2;;;;;;;;0;;Bom;Não existe;Perfeito estado;Seca;Perfeito estado;Não existe;Não há placas;;2019
27/08/2019;09:32:00;COM VÍTIMA;CORDEIRO;RUA DR MIGUEL VIEIRA FERREIRA;SUBURBIO;ATROPELAMENTO;1;;;1;;;;;1;;Bom;Não existe;Perfeito estado;Seca;Perfeito estado;Não existe;R-6a;;2019
27/08/2019;09:41:00;SEM VÍTIMA;ILHA DO LEITE;AV GOVERNADOR AGAMENON MAGALHAES;SUBURBIO;ABALROAMENTO LONGITUDINAL;1;1;;;;;;;0;;Bom;Não existe;Perfeito estado;Seca;Perfeito estado;Não existe;R-6a;;2019
27/08/2019;11:24:00;COM VÍTIMA;PINA;AV ANTONIO DE GOES;CIDADE;ATROPELAMENTO;1;;;1;;;;;1;;Bom;Não existe;Perfeito estado;Seca;Perfeito estado;Não existe;;60 km/h;2019
27/08/2019;11:35:00;SEM VÍTIMA;SANTO AMARO;RUA FREI CASSIMIRO;;ABALROAMENTO LONGITUDINAL;1;;;;;1;1;;0;;Bom;Não existe;Não existente;Seca;Perfeito estado;Outros;Não há placas;;2019
27/08/2019;12:12:00;SEM VÍTIMA;IBURA;RUA RIO PAJEU;SUBURBIO;COLISÃO TRASEIRA;3;;;;;;;;0;;Bom;Não existe;Incompleta;Seca;Mal conservada;Não existe;Não há placas;;2019
27/08/2019;12:15:00;COM VÍTIMA;SANTO AMARO;AV NORTE;;TOMBAMENTO;;1;;;;;;;1;;Bom;Sem defeito;Perfeito estado;Seca;Perfeito estado;;Outras;;2019
27/08/2019;12:47:00;SEM VÍTIMA;CORDEIRO;AV CAXANGA;SUBURBIO;COLISÃO TRASEIRA;2;;;;;;;;0;;Bom;Sem defeito;Perfeito estado;Seca;Perfeito estado;Outros;R-6a;60 km/h;2019
27/08/2019;13:12:00;SEM VÍTIMA;ESPINHEIRO;AV JOAO DE BARROS;;CHOQUE;;;;;;;;;0;;;;;;;;;;2019
27/08/2019;14:51:00;COM VÍTIMA;JOANA BEZERRA;VDO PAPA JOAO PAULO II;BOA VIAGEM;COLISÃO;1;1;;;;;;;1;;Bom;Não existe;Perfeito estado;Seca;Perfeito estado;Não existe;Não há placas;60 km/h;2019
27/08/2019;15:26:00;COM VÍTIMA;SANTO AMARO;RUA DO HOSPICIO;CIDADE;ABALROAMENTO LONGITUDINAL;1;1;;;;;;;1;;Bom;Sem defeito;Perfeito estado;Seca;Perfeito estado;;;;2019
27/08/2019;15:29:00;SEM VÍTIMA;SÃO JOSÉ;RUA MADRE DEUS;SUBURBIO;ABALROAMENTO LONGITUDINAL;1;;;;;1;;;0;;Bom;Sem defeito;Perfeito estado;Seca;Perfeito estado;Faixa de retenção;Outras;;2019
27/08/2019;15:51:00;COM VÍTIMA;PARNAMIRIM;RUA DA HARMONIA;CIDADE;ABALROAMENTO LONGITUDINAL;1;1;;;;;;;1;;Bom;Sem defeito;Perfeito estado;Seca;Perfeito estado;Faixa de pedestre;Outras;40 km/h;2019
27/08/2019;16:21:00;SEM VÍTIMA;BOA VIAGEM;AV BOA VIAGEM;;ABALROAMENTO TRANSVERSAL;2;;;;;;;;0;;Bom;Não existe;Perfeito estado;Seca;Perfeito estado;Faixa de retenção;Outras;;2019
27/08/2019;16:26:00;SEM VÍTIMA;ALTO SANTA TERESINHA;RUA CORREGO JOSE GRANDE;;COLISÃO;1;;;;1;;;;0;;;;;;;;;;2019
27/08/2019;17:47:00;COM VÍTIMA;CASA AMARELA;AV NORTE;SUBURBIO;ABALROAMENTO LONGITUDINAL;1;1;;;;;;;1;;Bom;Não existe;Perfeito estado;Seca;Perfeito estado;Não existe;Outras;60 km/h;2019
27/08/2019;18:26:00;SEM VÍTIMA;AFOGADOS;RUA VINTE E UM DE ABRIL;;COLISÃO;2;;;;;;;;0;;;;;;;;;;2019
27/08/2019;18:29:00;SEM VÍTIMA;TORRE;RUA JOSE BONIFACIO;CIDADE;ABALROAMENTO LONGITUDINAL;2;;;;;;;;0;;Bom;Não existe;Perfeito estado;Seca;Perfeito estado;Não existe;Não há placas;;2019
27/08/2019;19:07:00;SEM VÍTIMA;IMBIRIBEIRA;AV MARECHAL MASCARENHAS DE MORAES;CIDADE;ABALROAMENTO LONGITUDINAL;1;;;;;1;;;0;;Chuvoso;Sem defeito;Perfeito estado;Molhada;Perfeito estado;Faixa de retenção;Não há placas;;2019
27/08/2019;19:39:00;COM VÍTIMA;CAXANGÁ;AV CAXANGA;CIDADE;ABALROAMENTO LONGITUDINAL;1;1;;;;;;;1;;Bom;Sem defeito;Perfeito estado;Seca;Perfeito estado;Faixa de retenção;Não há placas;;2019
27/08/2019;19:52:00;SEM VÍTIMA;TORRE;AV BEIRA RIO;CIDADE;CHOQUE OBJETO FIXO;1;;;;;;;;0;;Bom;Não existe;Ilegível;Seca;Mal iluminada;Não existe;R-6a;40 km/h;2019
27/08/2019;20:23:00;COM VÍTIMA;CAXANGÁ;AV CAXANGA;CIDADE;ABALROAMENTO TRANSVERSAL;;1;;;1;;;;1;;Chuvoso;Não existe;Perfeito estado;Molhada;Perfeito estado;Faixa de pedestre;R-24a;;2019
27/08/2019;21:31:00;SEM VÍTIMA;AFOGADOS;EST DOS REMEDIOS;CIDADE;COLISÃO TRASEIRA;2;;;;;;;;0;;Bom;Não existe;Ilegível;Seca;Mal iluminada;Não existe;Não há placas;30 km/h;2019
28/08/2019;06:09:00;SEM VÍTIMA;PRADO;AV ENGENHEIRO ABDIAS DE CARVALHO;CIDADE;COLISÃO TRASEIRA;1;;;;;;;;0;;Bom;;Perfeito estado;Molhada;Perfeito estado;;R-6a;;2019
28/08/2019;06:58:00;SEM VÍTIMA;BOA VIAGEM;AV CONSELHEIRO AGUIAR;CIDADE;COLISÃO TRASEIRA;2;;;;;;;;0;;Bom;Sem defeito;Perfeito estado;Seca;Perfeito estado;Faixa de pedestre;Não há placas;;2019
28/08/2019;07:07:00;SEM VÍTIMA;ROSARINHO;RUA GENERAL ABREU E LIMA;;COLISÃO TRASEIRA;3;;;;;;;;0;;Bom;Não existe;Perfeito estado;Seca;Perfeito estado;Não existe;R-6a;40 km/h;2019
28/08/2019;07:10:00;SEM VÍTIMA;GRAÇAS;PRC DO ENTRONCAMENTO;CIDADE;ABALROAMENTO LONGITUDINAL;2;;;;;;;;0;;Bom;Não existe;Perfeito estado;Seca;Perfeito estado;Não existe;R-6a;;2019
28/08/2019;07:35:00;SEM VÍTIMA;DERBY;PRC DO DERBY;CIDADE;ABALROAMENTO LONGITUDINAL;1;;;;1;;;;0;;Nublado;Sem defeito;Perfeito estado;Seca;Perfeito estado;Faixa de pedestre;Não há placas;;2019
28/08/2019;07:35:00;SEM VÍTIMA;ESTÂNCIA;AV DR JOSE RUFINO;CIDADE;ABALROAMENTO LONGITUDINAL;1;;;;;1;;1;0;;Bom;Sem defeito;Perfeito estado;Seca;Perfeito estado;Faixa de pedestre;Outras;60 km/h;2019
28/08/2019;07:51:00;SEM VÍTIMA;BOA VIAGEM;AV CONSELHEIRO AGUIAR;SUBURBIO;ABALROAMENTO LONGITUDINAL;2;;;;;;;;0;;Bom;Sem defeito;Perfeito estado;Seca;Perfeito estado;Faixa de pedestre;Outras;60 km/h;2019
28/08/2019;08:39:00;SEM VÍTIMA;MORRO DA CONCEIÇÃO;RUA MORRO DA CONCEICAO;CIDADE;ABALROAMENTO LONGITUDINAL;1;;;;1;;;;0;;Bom;Não existe;Ilegível;Seca;Perfeito estado;Não existe;Não há placas;30 km/h;2019
28/08/2019;09:24:00;COM VÍTIMA;ENGENHO DO MEIO;RUA LINDOLFO COLOR;BR101;ABALROAMENTO TRANSVERSAL;1;1;;;;;;;1;;Bom;Não existe;Incompleta;Seca;Perfeito estado;Não existe;Não há placas;;2019
28/08/2019;11:30:00;SEM VÍTIMA;BOA VIAGEM;AV CONSELHEIRO AGUIAR;CIDADE;ABALROAMENTO LONGITUDINAL;1;;;;1;;;;0;;Bom;Não existe;Perfeito estado;Seca;Perfeito estado;Não existe;Outras;;2019
28/08/2019;12:11:00;SEM VÍTIMA;DERBY;AV GOVERNADOR AGAMENON MAGALHAES;;ABALROAMENTO LONGITUDINAL;2;;;;;;;;0;;Bom;Sem defeito;Perfeito estado;Seca;Perfeito estado;Agente;Não há placas;60 km/h;2019
28/08/2019;12:31:00;SEM VÍTIMA;CAXANGÁ;AV CAXANGA;;COLISÃO;2;;;;;;;;0;;;;;;;;;;2019
28/08/2019;13:37:00;SEM VÍTIMA;BOA VIAGEM;AV MARECHAL JUAREZ TAVORA;SUBURBIO;COLISÃO TRASEIRA;1;;;;;1;;;0;;Bom;Sem defeito;Perfeito estado;Seca;Perfeito estado;Não existe;Não há placas;;2019
28/08/2019;13:40:00;SEM VÍTIMA;MADALENA;EST DOS REMEDIOS;SUBURBIO;COLISÃO TRASEIRA;1;;;;1;;;;0;;Bom;Sem defeito;Perfeito estado;Seca;Perfeito estado;Faixa de pedestre;Não há placas;60 km/h;2019
28/08/2019;13:43:00;COM VÍTIMA;MADALENA;EST DOS REMEDIOS;TORRE;ABALROAMENTO LONGITUDINAL;1;1;;;;;;;1;;Bom;Não existe;Perfeito estado;Seca;Perfeito estado;Faixa de pedestre;Não há placas;;2019
28/08/2019;13:52:00;SEM VÍTIMA;ILHA DO LEITE;AV LINS PETIT;SUBURBIO;ABALROAMENTO LONGITUDINAL;1;1;;;;;;;0;;Bom;Não existe;Perfeito estado;Seca;Perfeito estado;Não existe;Não há placas;;2019
28/08/2019;14:15:00;SEM VÍTIMA;BOA VIAGEM;RUA DR JOAO GUILHERME DE P SOBRINHO;SUBURBIO;COLISÃO TRASEIRA;1;;;;1;;;;0;;Nublado;Não existe;Não existente;Seca;Perfeito estado;Não existe;Não há placas;;2019
28/08/2019;14:56:00;COM VÍTIMA;CASA AMARELA;RUA PAULA BATISTA;SUBURBIO;COLISÃO TRASEIRA;1;1;;;;;;;1;;Chuvoso;Sem defeito;Perfeito estado;Molhada;Perfeito estado;Faixa de pedestre;R-6a;;2019
28/08/2019;15:59:00;SEM VÍTIMA;BOA VISTA;AV GOVERNADOR AGAMENON MAGALHAES;CIDADE;ABALROAMENTO LONGITUDINAL;1;;;;1;;;;0;;Bom;Sem defeito;Perfeito estado;Seca;Perfeito estado;Faixa de retenção;Outras;60 km/h;2019
28/08/2019;16:24:00;SEM VÍTIMA;CORDEIRO;RUA GREGORIO JUNIOR;;COLISÃO;2;;;;;;;;0;;;;;;;;;;2019
28/08/2019;16:35:00;SEM VÍTIMA;ÁGUA FRIA;EST VELHA DE AGUA FRIA;SUBURBIO;ABALROAMENTO LONGITUDINAL;2;;;;;;;;0;;Bom;Não existe;Perfeito estado;Seca;Perfeito estado;Não existe;Não há placas;40 km/h;2019
28/08/2019;16:43:00;SEM VÍTIMA;BOA VIAGEM;RUA TENENTE JOAO CICERO;;COLISÃO;2;;;;;;;;0;;;;;;;;;;2019
28/08/2019;16:51:00;COM VÍTIMA;BOA VIAGEM;AVENIDA CELSO FURTADO (VIA MANGUE);SUBURBIO;COLISÃO;;1;;;;;;;1;;;;;;;;;;2019
28/08/2019;16:57:00;SEM VÍTIMA;ESPINHEIRO;RUA DO ESPINHEIRO;;ABALROAMENTO LONGITUDINAL;2;;;;;;;;0;;Bom;Não existe;Perfeito estado;Seca;Perfeito estado;Não existe;Não há placas;;2019
28/08/2019;18:12:00;SEM VÍTIMA;CASA FORTE;AV DEZESSETE DE AGOSTO;SUBURBIO;ABALROAMENTO TRANSVERSAL;;;;;1;;;1;0;;Bom;Sem defeito;Perfeito estado;Seca;Perfeito estado;Faixa de pedestre;Não há placas;;2019
28/08/2019;18:49:00;COM VÍTIMA;CASA AMARELA;RUA PADRE LEMOS;SUBURBIO;ABALROAMENTO TRANSVERSAL;1;1;;;;;;;1;;Bom;Sem defeito;Perfeito estado;Seca;Perfeito estado;;;;2019
28/08/2019;20:21:00;SEM VÍTIMA;PAISSANDU;AV GOVERNADOR AGAMENON MAGALHAES;SUBURBIO;COLISÃO TRASEIRA;4;;;;;;;;0;;Bom;Sem defeito;Perfeito estado;Seca;Perfeito estado;Faixa de pedestre;Outras;60 km/h;2019
28/08/2019;22:37:00;COM VÍTIMA;CORDEIRO;RUA GOMES TABORDA;SUBURBIO;ABALROAMENTO TRANSVERSAL;1;1;;;;;;;1;;Bom;Não existe;Perfeito estado;Seca;Perfeito estado;Não existe;Não há placas;;2019
29/08/2019;07:44:00;SEM VÍTIMA;DOIS IRMÃOS;RUA MANUEL DE MEDEIROS;SUBURBIO;ABALROAMENTO TRANSVERSAL;1;1;;;;;;;0;;Bom;Não existe;Incompleta;Seca;Perfeito estado;Não existe;Não há placas;40 km/h;2019
29/08/2019;07:53:00;SEM VÍTIMA;IMBIRIBEIRA;RUA ITACARI;;ABALROAMENTO TRANSVERSAL;1;1;;;;;;;0;;Bom;Não existe;Perfeito estado;Seca;Perfeito estado;Faixa de pedestre;Placas Pare;;2019
29/08/2019;08:02:00;SEM VÍTIMA;BOA VISTA;AV GOVERNADOR AGAMENON MAGALHAES;;ABALROAMENTO LONGITUDINAL;2;;;;;;;;0;;Bom;Sem defeito;Perfeito estado;Seca;Perfeito estado;Agente;Outras;60 km/h;2019
29/08/2019;09:49:00;SEM VÍTIMA;IPUTINGA;RUA MARECHAL MANOEL LUIS OSORIO;SUBURBIO;ABALROAMENTO LONGITUDINAL;2;;;;;;;;0;;Bom;Não existe;Perfeito estado;Seca;Perfeito estado;Não existe;Outras;;2019
29/08/2019;10:05:00;SEM VÍTIMA;PAISSANDU;AV GOVERNADOR AGAMENON MAGALHAES;;COLISÃO TRASEIRA;2;;;;;;;;0;;Bom;Sem defeito;Perfeito estado;Seca;Perfeito estado;;Não há placas;60 km/h;2019
29/08/2019;10:20:00;SEM VÍTIMA;BOA VISTA;RUA JOAO FERNANDES VIEIRA;CIDADE;ABALROAMENTO LONGITUDINAL;1;;;;;1;;;0;;Bom;Não existe;Perfeito estado;Seca;Mal conservada;Não existe;Outras;;2019
29/08/2019;11:11:00;SEM VÍTIMA;BOA VISTA;RUA PRINCESA IZABEL;CIDADE;ABALROAMENTO LONGITUDINAL;2;;;;;;;;0;;Bom;Sem defeito;Perfeito estado;Seca;Perfeito estado;Não existe;Outras;;2019
29/08/2019;11:25:00;SEM VÍTIMA;MADALENA;RUA DES LUIZ SALAZAR;CIDADE;ABALROAMENTO LONGITUDINAL;2;;;;;;;;0;;Bom;Não existe;Não existente;Seca;Mal conservada;Não existe;Não há placas;;2019
29/08/2019;11:37:00;SEM VÍTIMA;;AV JOAO DE BARROS;;COLISÃO TRASEIRA;1;1;;;;;;;0;;Bom;Não existe;Perfeito estado;Seca;Perfeito estado;Não existe;Outras;;2019
29/08/2019;11:58:00;SEM VÍTIMA;PORTO DA MADEIRA;RUA DR ALBERTO WANDERLEY;;COLISÃO;;1;;;;1;;;0;;;;;;;;;;2019
29/08/2019;12:16:00;SEM VÍTIMA;CASA FORTE;RUA SANTA ANA;SUBURBIO;COLISÃO TRASEIRA;2;;;;;;;;0;;Bom;Não existe;Perfeito estado;Seca;Perfeito estado;Não existe;Outras;20 km/h;2019
29/08/2019;12:31:00;SEM VÍTIMA;BOA VIAGEM;AV BOA VIAGEM;CIDADE;COLISÃO TRASEIRA;2;;;;;;;;0;;Bom;Sem defeito;Perfeito estado;Seca;Perfeito estado;Faixa de pedestre;Outras;;2019
29/08/2019;12:33:00;SEM VÍTIMA;VÁRZEA;RUA GENERAL POLIDORO;SUBURBIO;ABALROAMENTO LONGITUDINAL;1;1;;;;;;;0;;Bom;Sem defeito;Perfeito estado;Seca;Perfeito estado;Faixa de pedestre;Outras;;2019