data;hora;natureza_acidente;bairro;endereco;sentido_via;tipo;auto;moto;ciclista;pedestre;onibus;caminhao;viatura;outros;vitimas;vitimasfatais;tempo_clima;situacao_semaforo;sinalizacao;condicao_via;conservacao_via;ponto_controle;situacao_placa;velocidade_max_via;ano
29/08/2019;12:47:00;SEM VÍTIMA;PAISSANDU;AV GOVERNADOR AGAMENON MAGALHAES;SUBURBIO;COLISÃO TRASEIRA;2;;;;;;;;0;;Bom;Sem defeito;Perfeito estado;Seca;Perfeito estado;Agente;Outras;60 km/h;2019
29/08/2019;12:59:00;SEM VÍTIMA;BOA VISTA;RUA DOM BOSCO;SUBURBIO;ABALROAMENTO LONGITUDINAL;1;;;;1;;;;0;;Bom;Sem defeito;Perfeito estado;Seca;Perfeito estado;Outros;Outras;;2019
29/08/2019;13:25:00;COM VÍTIMA;SÃO JOSÉ;RUA FLORIANO PEIXOTO;SUBURBIO;CHOQUE VEÍCULO PARADO;2;;;;;;;;1;;Bom;Não existe;Perfeito estado;Seca;Perfeito estado;Não existe;R-6a;;2019
29/08/2019;13:30:00;SEM VÍTIMA;SANTO ANTÔNIO;TRV DO FORTE;SUBURBIO;COLISÃO TRASEIRA;2;;;;;;;;0;;Bom;Não existe;Perfeito estado;Seca;Perfeito estado;;Não há placas;;2019
29/08/2019;13:45:00;SEM VÍTIMA;ILHA DO LEITE;RUA PAISSANDU;;ABALROAMENTO LONGITUDINAL;1;;;;;1;;;0;;Bom;Não existe;Perfeito estado;Seca;Perfeito estado;Não existe;R-6a;40 km/h;2019
29/08/2019;13:56:00;SEM VÍTIMA;SANTO AMARO;RUA ALMEIDA CUNHA;SUBURBIO;COLISÃO TRASEIRA;2;;;;;;;;0;;Bom;Não existe;Não existente;Seca;Perfeito estado;Não existe;Placas Pare;;2019
29/08/2019;14:12:00;COM VÍTIMA;IBURA;AV DOIS RIOS;;COLISÃO COM CICLISTA;1;;1;;;;;;1;;;;;;;;;;2019
29/08/2019;14:29:00;SEM VÍTIMA;BOA VIAGEM;AV DES JOSE NEVES;SUBURBIO;ABALROAMENTO LONGITUDINAL;2;;;;;;;;0;;Bom;Sem defeito;Perfeito estado;Seca;Perfeito estado;Não existe;Não há placas;;2019
29/08/2019;14:32:00;SEM VÍTIMA;CÓRREGO DO JENIPAPO;RUA ERUNDINA NEGREIROS DE ARAUJO;SUBURBIO;ABALROAMENTO LONGITUDINAL;1;;;;;1;;;0;;Bom;Não existe;Não existente;;;Não existe;Não há placas;;2019
29/08/2019;14:33:00;SEM VÍTIMA;PINA;RUA HENRIQUETA TORREIRO;SUBURBIO;ABALROAMENTO TRANSVERSAL;2;;;;;;;;0;;Bom;Não existe;Perfeito estado;Seca;Perfeito estado;Não existe;Não há placas;;2019
29/08/2019;15:00:00;SEM VÍTIMA;CASA AMARELA;RUA DR TOME DIAS;CIDADE;ABALROAMENTO LONGITUDINAL;2;;;;;;;;0;;Bom;Não existe;Perfeito estado;Seca;Perfeito estado;Faixa de pedestre;Placas Pare;;2019
29/08/2019;15:07:00;SEM VÍTIMA;BOA VISTA;RUA DO RIACHUELO;SUBURBIO;ABALROAMENTO LONGITUDINAL;1;;;;1;;;;0;;Bom;Não existe;Perfeito estado;Seca;Perfeito estado;Não existe;Não há placas;40 km/h;2019
29/08/2019;15:12:00;SEM VÍTIMA;BOA VIAGEM;RUA ANTONIO FALCAO;;ABALROAMENTO LONGITUDINAL;2;;;;;;;;0;;Bom;Sem defeito;Perfeito estado;Seca;Perfeito estado;Faixa de pedestre;Outras;;2019
29/08/2019;15:17:00;SEM VÍTIMA;IMBIRIBEIRA;AV DES JOSE NEVES;CIDADE;COLISÃO TRASEIRA;2;;;;;;;;0;;Bom;Sem defeito;Perfeito estado;Seca;Perfeito estado;;Outras;60 km/h;2019
29/08/2019;15:31:00;COM VÍTIMA;VÁRZEA;AV AFONSO OLINDENSE;SUBURBIO;COLISÃO COM CICLISTA;;1;1;;;;;;1;;Bom;Não existe;Perfeito estado;Seca;Perfeito estado;Não existe;R-6a;;2019
29/08/2019;16:29:00;SEM VÍTIMA;CASA AMARELA;AV NORTE;;ABALROAMENTO LONGITUDINAL;1;;;;;1;;;0;;Bom;Sem defeito;Perfeito estado;Seca;Perfeito estado;Faixa de pedestre;;;2019
29/08/2019;17:11:00;SEM VÍTIMA;SANTO AMARO;RUA MARQUÊS DO POMBAL;SUBURBIO;ABALROAMENTO TRANSVERSAL;2;;;;;;;;0;;Bom;Não existe;Não existente;Seca;Perfeito estado;Não existe;Não há placas;;2019
29/08/2019;18:19:00;SEM VÍTIMA;PARNAMIRIM;AV DEZESSETE DE AGOSTO;CIDADE;ABALROAMENTO LONGITUDINAL;1;;;;1;;;;0;;Bom;Não existe;Não existente;Seca;Perfeito estado;Não existe;R-6a;60 km/h;2019
29/08/2019;19:13:00;COM VÍTIMA;SANTO AMARO;AV GOVERNADOR AGAMENON MAGALHAES;CIDADE;ABALROAMENTO TRANSVERSAL;1;1;;;;;;;1;;Bom;Não existe;Perfeito estado;Seca;Perfeito estado;Não existe;Não há placas;;2019
29/08/2019;19:15:00;SEM VÍTIMA;VÁRZEA;RUA JOAO SALES MENEZES;CIDADE;ABALROAMENTO TRANSVERSAL;1;1;;;;;;;0;;Bom;Não existe;Perfeito estado;Seca;Mal iluminada;Faixa de pedestre;Placas Pare;;2019
29/08/2019;19:56:00;SEM VÍTIMA;BOA VIAGEM;AV CONSELHEIRO AGUIAR;CIDADE;ABALROAMENTO LONGITUDINAL;1;1;;;;;;;0;;Bom;Não existe;Perfeito estado;Seca;Perfeito estado;Faixa de pedestre;R-6a;40 km/h;2019
29/08/2019;20:00:00;SEM VÍTIMA;BOA VIAGEM;AV FERNANDO SIMOES BARBOSA;SUBURBIO;COLISÃO TRASEIRA;3;;;;;;;;0;;Bom;Não existe;Perfeito estado;Seca;Perfeito estado;Não existe;Não há placas;60 km/h;2019
29/08/2019;20:44:00;SEM VÍTIMA;;AV VINTE DE JANEIRO;CIDADE;COLISÃO TRASEIRA;2;;;;;;;;0;;Bom;Não existe;Incompleta;Seca;Mal iluminada;Não existe;Não há placas;;2019
29/08/2019;21:34:00;SEM VÍTIMA;CAXANGÁ;AV CAXANGA;SUBURBIO;COLISÃO TRASEIRA;1;;;;1;;;;0;;Bom;Sem defeito;Incompleta;Seca;Perfeito estado;;Não há placas;;2019
29/08/2019;22:58:00;SEM VÍTIMA;BOA VIAGEM;RUA VISCONDE DE JEQUITINHONHA;SUBURBIO;COLISÃO TRASEIRA;2;;;;;;;;0;;Bom;Não existe;Incompleta;Seca;Mal iluminada;Não existe;Não há placas;;2019
30/08/2019;07:01:00;SEM VÍTIMA;VÁRZEA;AV AFONSO OLINDENSE;;COLISÃO;3;;;;;;;;0;;;;;;;;;;2019
30/08/2019;07:31:00;SEM VÍTIMA;BOA VIAGEM;;SUBURBIO;ABALROAMENTO TRANSVERSAL;2;;;;;;;;0;;Bom;Não existe;Perfeito estado;Seca;Perfeito estado;Não existe;Placas Pare;;2019
30/08/2019;07:36:00;SEM VÍTIMA;CASA AMARELA;EST DO ARRAIAL;;COLISÃO;3;;;;;1;;;0;;;;;;;;;;2019
30/08/2019;07:52:00;SEM VÍTIMA;TORREÃO;RUA MARECHAL DEODORO;SUBURBIO;COLISÃO TRASEIRA;2;;;;;;;;0;;Bom;Não existe;Perfeito estado;Seca;Perfeito estado;Outros;R-6a;;2019
30/08/2019;08:00:00;SEM VÍTIMA;CORDEIRO;RUA GREGORIO JUNIOR;;ABALROAMENTO LONGITUDINAL;1;;;;;1;;;0;;Bom;Não existe;Incompleta;Seca;Mal conservada;Não existe;Não há placas;;2019
30/08/2019;08:58:00;SEM VÍTIMA;IPUTINGA;AV PROFESSOR JOAQUIM CAVALCANTI;;COLISÃO;1;;;;;1;;;0;;;;;;;;;;2019
30/08/2019;09:25:00;SEM VÍTIMA;ILHA DO RETIRO;EST DOS REMEDIOS;SUBURBIO;COLISÃO TRASEIRA;1;;;;;1;;;0;;Bom;Sem defeito;Perfeito estado;Seca;Perfeito estado;Faixa de pedestre;Outras;;2019
30/08/2019;10:16:00;COM VÍTIMA;AFOGADOS;RUA CORONEL ALFREDO DUARTE;SUBURBIO;ABALROAMENTO TRANSVERSAL;2;;;;;;;;1;;Bom;Não existe;Incompleta;Seca;Mal conservada;Não existe;Outras;;2019
30/08/2019;10:31:00;SEM VÍTIMA;SANTO AMARO;AV CRUZ CABUGA;CIDADE;ABALROAMENTO LONGITUDINAL;1;;;;1;;;;0;;Bom;Sem defeito;Perfeito estado;Seca;Perfeito estado;;R-6a;;2019
30/08/2019;10:44:00;SEM VÍTIMA;ESPINHEIRO;RUA DO ESPINHEIRO;SUBURBIO;COLISÃO TRASEIRA;3;;;;;;;;0;;Bom;Sem defeito;Perfeito estado;Seca;Perfeito estado;Faixa de pedestre;R-6a;;2019
30/08/2019;11:21:00;SEM VÍTIMA;AREIAS;AV RECIFE;;COLISÃO TRASEIRA;1;1;;;;;;;0;;Bom;Sem defeito;Perfeito estado;Seca;Perfeito estado;Faixa de pedestre;;;2019
30/08/2019;11:25:00;SEM VÍTIMA;TORRÕES;AV ENGENHEIRO ABDIAS DE CARVALHO;SUBURBIO;COLISÃO TRASEIRA;1;;;;1;;;;0;;Bom;Não existe;Perfeito estado;Seca;Perfeito estado;Não existe;Não há placas;60 km/h;2019
30/08/2019;11:28:00;COM VÍTIMA;BOA VIAGEM;AV BOA VIAGEM;CIDADE;COLISÃO TRASEIRA;1;1;;;;;;;1;;Bom;Não existe;Incompleta;Seca;Perfeito estado;Não existe;Não há placas;;2019
30/08/2019;12:01:00;SEM VÍTIMA;CAMPO GRANDE;RUA INHAMUNS;;COLISÃO;2;;;;;;;;0;;;;;;;;;;2019
30/08/2019;12:12:00;SEM VÍTIMA;IMBIRIBEIRA;AV MARECHAL MASCARENHAS DE MORAES;CIDADE;ABALROAMENTO LONGITUDINAL;2;;;;;;;;0;;Bom;Sem defeito;Perfeito estado;Seca;Perfeito estado;;Outras;;2019
30/08/2019;12:49:00;SEM VÍTIMA;APIPUCOS;RUA DE APIPUCOS;SUBURBIO;COLISÃO TRASEIRA;3;;;;;;;;0;;Bom;Não existe;Perfeito estado;Seca;Perfeito estado;Outros;R-6a;;2019
30/08/2019;13:30:00;SEM VÍTIMA;ARRUDA;RUA BOLIVAR;SUBURBIO;ABALROAMENTO LONGITUDINAL;2;;;;;;;;0;;Bom;Não existe;Incompleta;Seca;Perfeito estado;Não existe;R-6a;30 km/h;2019
30/08/2019;13:07:00;SEM VÍTIMA;VÁRZEA;AV AFONSO OLINDENSE;SUBURBIO;ABALROAMENTO LONGITUDINAL;1;;;;;1;;;0;;Bom;Sem defeito;Perfeito estado;Seca;Perfeito estado;Não existe;Outras;30 km/h;2019
30/08/2019;13:41:00;SEM VÍTIMA;GRAÇAS;AV GOVERNADOR AGAMENON MAGALHAES;;ABALROAMENTO LONGITUDINAL;2;;;;;;;;0;;Bom;Não existe;Perfeito estado;Seca;Perfeito estado;Não existe;;60 km/h;2019
30/08/2019;13:45:00;SEM VÍTIMA;IPUTINGA;RUA MAURICEIA;;COLISÃO TRASEIRA;2;;;;;;;;0;;Bom;Não existe;Perfeito estado;Seca;Perfeito estado;Não existe;R-6a;30 km/h;2019
30/08/2019;14:54:00;SEM VÍTIMA;ILHA DO LEITE;RUA MARIO DOMINGUES;;ABALROAMENTO LONGITUDINAL;2;;;;;;;;0;;Bom;Não existe;Não existente;Seca;Perfeito estado;Agente;Não há placas;30 km/h;2019
30/08/2019;15:13:00;SEM VÍTIMA;CASA AMARELA;AV NORTE;CIDADE;COLISÃO;1;1;;;;;;;0;;;;;;;;;;2019
30/08/2019;15:23:00;COM VÍTIMA;CORDEIRO;RUA GOMES TABORDA;;COLISÃO;1;1;;;;;;;1;;Bom;Não existe;Perfeito estado;Seca;Perfeito estado;Não existe;R-6a;;2019
30/08/2019;15:53:00;COM VÍTIMA;BOA VIAGEM;RUA JOSE DA SILVA LUCENA;;ABALROAMENTO TRANSVERSAL;1;1;;;;;;;1;;Bom;Não existe;Não existente;Seca;Perfeito estado;Não existe;Não há placas;;2019
30/08/2019;16:16:00;SEM VÍTIMA;VÁRZEA;RUA VALE DO SIRIJI;SUBURBIO;CHOQUE VEÍCULO PARADO;1;;;;1;;;;0;;Bom;Não existe;Incompleta;Seca;Mal conservada;Outros;Outras;;2019
30/08/2019;17:03:00;SEM VÍTIMA;CORDEIRO;AV CAXANGA;CIDADE;ABALROAMENTO TRANSVERSAL;;;;;1;;;1;0;;Bom;Sem defeito;Perfeito estado;Seca;Perfeito estado;Faixa de pedestre;Outras;;2019
30/08/2019;17:05:00;COM VÍTIMA;IPUTINGA;RUA TERRA GRANDE;CIDADE;COLISÃO FRONTAL;1;1;;;;;;;1;;Bom;Não existe;Incompleta;Seca;Mal iluminada;Não existe;Não há placas;;2019
30/08/2019;17:38:00;SEM VÍTIMA;AREIAS;AV DR JOSE RUFINO;;COLISÃO;1;1;;;;;;;0;;;;;;;;;;2019
30/08/2019;17:50:00;COM VÍTIMA;PRADO;RUA PADRE TEOFILO TWORZ;;ABALROAMENTO TRANSVERSAL;1;1;;;;;;;1;;Bom;Não existe;Incompleta;Seca;Perfeito estado;Não existe;R-6a;;2019
30/08/2019;18:11:00;COM VÍTIMA;MADALENA;RUA JOSE OSORIO;;COLISÃO;1;1;;;;;;;1;;;;;;;;;;2019
30/08/2019;18:14:00;SEM VÍTIMA;IMBIRIBEIRA;AV MARECHAL MASCARENHAS DE MORAES;SUBURBIO;ABALROAMENTO LONGITUDINAL;2;;;;;;;;0;;Bom;Sem defeito;;;;;Não há placas;60 km/h;2019
30/08/2019;18:15:00;SEM VÍTIMA;JARDIM SÃO PAULO;RUA PROFESSOR NELSON CASTRO E SILVA;;COLISÃO;2;;;;;;;;0;;;;;;;;;;2019
30/08/2019;18:32:00;SEM VÍTIMA;ILHA DO RETIRO;RUA BENFICA;SUBURBIO;ABALROAMENTO LONGITUDINAL;2;;;;;;;;0;;Bom;Não existe;Perfeito estado;Seca;Perfeito estado;Não existe;Não há placas;;2019
30/08/2019;21:32:00;SEM VÍTIMA;FUNDÃO;AV BEBERIBE;SUBURBIO;ABALROAMENTO TRANSVERSAL;1;1;;;;;;;0;;Bom;Sem defeito;Perfeito estado;Seca;Perfeito estado;Faixa de pedestre;Não há placas;;2019
30/08/2019;22:04:00;SEM VÍTIMA;AFOGADOS;RUA SAO MIGUEL;CIDADE;ABALROAMENTO TRANSVERSAL;1;;;;1;;;;0;;Bom;Não existe;Incompleta;Seca;Perfeito estado;Não existe;Não há placas;;2019
30/08/2019;23:22:00;SEM VÍTIMA;PINA;AV HERCULANO BANDEIRA;SUBURBIO;ABALROAMENTO LONGITUDINAL;1;1;;;;;;;0;;Bom;Não existe;Perfeito estado;Seca;Perfeito estado;Não existe;Não há placas;;2019
31/08/2019;00:52:00;SEM VÍTIMA;DOIS UNIDOS;AV HILDEBRANDO DE VASCONCELOS;CIDADE;COLISÃO FRONTAL;2;;;;;;;;0;;Bom;Não existe;Perfeito estado;Seca;Perfeito estado;;R-6a;;2019
31/08/2019;05:30:00;COM VÍTIMA;TEJIPIÓ;RUA DO SANCHO;;COLISÃO;1;;;;;;;;1;;;;;;;;;;2019
31/08/2019;09:32:00;COM VÍTIMA;AFOGADOS;RUA SAO MIGUEL;SUBURBIO;ABALROAMENTO TRANSVERSAL;1;1;;;;;;;1;;Bom;Não existe;Perfeito estado;Seca;Perfeito estado;Não existe;R-6a;;2019
31/08/2019;09:51:00;SEM VÍTIMA;BOA VIAGEM;AV BOA VIAGEM;CIDADE;CHOQUE OBJETO FIXO;;;;;;1;;;0;;Bom;Sem defeito;Perfeito estado;Seca;Perfeito estado;Não existe;Outras;;2019
31/08/2019;11:51:00;COM VÍTIMA;IPUTINGA;AV CAXANGA;CAMARAGIBE;ABALROAMENTO TRANSVERSAL;1;;;;1;;;;1;;Bom;Sem defeito;Perfeito estado;Seca;Perfeito estado;Faixa de pedestre;Outras;;2019
31/08/2019;12:20:00;SEM VÍTIMA;AFOGADOS;EST DOS REMEDIOS;;COLISÃO TRASEIRA;1;;;;;1;;;0;;Bom;Sem defeito;Perfeito estado;Seca;Perfeito estado;Faixa de pedestre;Outras;;2019
31/08/2019;12:48:00;SEM VÍTIMA;JARDIM SÃO PAULO;AV RECIFE;;COLISÃO;1;1;;;;;;;0;;;;;;;;;;2019
31/08/2019;13:37:00;SEM VÍTIMA;SÃO JOSÉ;RUA DA CONCORDIA;SUBURBIO;COLISÃO TRASEIRA;1;;1;;;;;;0;;Bom;Não existe;Perfeito estado;Seca;Perfeito estado;Não existe;Outras;;2019
31/08/2019;13:37:00;SEM VÍTIMA;BOA VIAGEM;AV ENGENHEIRO DOMINGOS FERREIRA;SUBURBIO;ABALROAMENTO TRANSVERSAL;2;;;;;;;;0;;Bom;Sem defeito;Perfeito estado;Seca;Perfeito estado;Faixa de pedestre;Outras;60 km/h;2019
31/08/2019;14:03:00;SEM VÍTIMA;IPUTINGA;RUA PROFESSOR MUSSA HAZIN;CIDADE;ABALROAMENTO LONGITUDINAL;1;;;;;1;;;0;;Bom;Não existe;Perfeito estado;Seca;Perfeito estado;Não existe;Não há placas;;2019
31/08/2019;14:20:00;SEM VÍTIMA;SÃO JOSÉ;VDO DAS CINCO PONTAS;SUBURBIO;COLISÃO FRONTAL;3;;;;;;;;0;;Bom;Sem defeito;Perfeito estado;Seca;Perfeito estado;Faixa de pedestre;Outras;;2019
31/08/2019;14:27:00;SEM VÍTIMA;COQUEIRAL;RUA ALTO DA BELA VISTA;SUBURBIO;CHOQUE VEÍCULO PARADO;1;;;;1;;;;0;;Bom;Não existe;Não existente;Seca;Perfeito estado;Não existe;Não há placas;30 km/h;2019
31/08/2019;16:04:00;SEM VÍTIMA;VÁRZEA;AV PROFESSOR LUIZ FREIRE;SUBURBIO;ABALROAMENTO LONGITUDINAL;1;1;;;;;;;0;;Bom;Não existe;Perfeito estado;Seca;Perfeito estado;Não existe;Não há placas;;2019
31/08/2019;17:02:00;SEM VÍTIMA;ALTO JOSÉ BONIFÁCIO;RUA ALTO JOSE BONIFACIO;;COLISÃO;2;;;;;;;;0;;;;;;;;;;2019
31/08/2019;17:05:00;SEM VÍTIMA;ÁGUA FRIA;EST VELHA DE AGUA FRIA;;COLISÃO TRASEIRA;3;;;;;;;;0;;Bom;Não existe;Perfeito estado;Seca;Perfeito estado;Faixa de pedestre;;;2019
31/08/2019;19:20:00;SEM VÍTIMA;SÃO JOSÉ;PRC DAS CINCO PONTAS;CIDADE;ABALROAMENTO TRANSVERSAL;1;;;;;1;;;0;;Chuvoso;Não existe;Ilegível;Molhada;Mal iluminada;Não existe;Não há placas;;2019
31/08/2019;21:26:00;SEM VÍTIMA;CORDEIRO;AV CAXANGA;CIDADE;COLISÃO TRASEIRA;2;;;;;;;;0;;Chuvoso;Não existe;Perfeito estado;Molhada;Perfeito estado;Não existe;Não há placas;60 km/h;2019
31/08/2019;22:21:00;SEM VÍTIMA;BOA VIAGEM;AV BOA VIAGEM;CIDADE;COLISÃO TRASEIRA;3;;;;;;;;0;;Bom;Não existe;Ilegível;Seca;Mal iluminada;Não existe;Não há placas;60 km/h;2019
31/08/2019;22:28:00;SEM VÍTIMA;IBURA;AV DOIS RIOS;;COLISÃO TRASEIRA;1;1;;;;;;;0;;Chuvoso;Não existe;;Molhada;Mal iluminada;Não existe;Outras;;2019
31/08/2019;22:33:00;SEM VÍTIMA;AREIAS;AV TENENTE FELIPE BANDEIRA DE MELO;SUBURBIO;ABALROAMENTO LONGITUDINAL;2;;;;;;;;0;;Chuvoso;Não existe;Ilegível;Molhada;Mal iluminada;Não existe;Não há placas;;2019
01/09/2019;06:21:00;COM VÍTIMA;BOA VISTA;AV CONDE DA BOA VISTA;SUBURBIO;COLISÃO COM CICLISTA;;;1;;2;;;;1;;Bom;Não existe;Perfeito estado;Seca;Perfeito estado;Não existe;Outras;;2019
01/09/2019;11:23:00;SEM VÍTIMA;ESPINHEIRO;AV JOAO DE BARROS;SUBURBIO;ABALROAMENTO LONGITUDINAL;2;;;;;;;;0;;Bom;Sem defeito;Perfeito estado;Seca;Perfeito estado;;Outras;;2019
01/09/2019;11:33:00;SEM VÍTIMA;MADALENA;RUA JOSE OSORIO;;COLISÃO;2;;;;;;;;0;;;;;;;;;;2019
01/09/2019;12:13:00;COM VÍTIMA;AFOGADOS;RUA DA PAZ;SUBURBIO;COLISÃO;1;1;;;;;;;2;;Bom;Sem defeito;Perfeito estado;Seca;Perfeito estado;Faixa de pedestre;;;2019
01/09/2019;12:34:00;SEM VÍTIMA;BOA VISTA;AV CONDE DA BOA VISTA;SUB/CID;COLISÃO TRASEIRA;1;1;;;;;;;0;;Bom;Sem defeito;Perfeito estado;Seca;Perfeito estado;Faixa de pedestre;Não há placas;40 km/h;2019
01/09/2019;12:41:00;COM VÍTIMA;BOA VIAGEM;RUA PADRE CARAPUCEIRO;;ABALROAMENTO LONGITUDINAL;1;;;;1;;;;1;;Bom;Sem defeito;Perfeito estado;Seca;Perfeito estado;Faixa de pedestre;Não há placas;40 km/h;2019
01/09/2019;13:54:00;SEM VÍTIMA;VÁRZEA;AV CAXANGA;CIDADE;COLISÃO TRASEIRA;3;;;;;;;;0;;Bom;Sem defeito;Perfeito estado;Seca;Perfeito estado;Faixa de pedestre;R-6a;;2019
01/09/2019;15:25:00;SEM VÍTIMA;PINA;AV ANTONIO DE GOES;CIDADE;ABALROAMENTO LONGITUDINAL;2;;;;;;;;0;;Bom;Sem defeito;Perfeito estado;Seca;Perfeito estado;Não existe;Não há placas;;2019
01/09/2019;17:58:00;SEM VÍTIMA;CASA FORTE;EST DAS UBAIAS,;SUBURBIO;ABALROAMENTO LONGITUDINAL;2;;;;;;;;0;;Bom;Não existe;Perfeito estado;Seca;Perfeito estado;Não existe;R-6a;40 km/h;2019
01/09/2019;18:52:00;SEM VÍTIMA;IPSEP;RUA POTENGY;CIDADE;ABALROAMENTO LONGITUDINAL;2;;;;;;;;0;;Bom;Não existe;Perfeito estado;Seca;Perfeito estado;Não existe;Placas Pare;;2019
01/09/2019;20:08:00;SEM VÍTIMA;AFOGADOS;EST DOS REMEDIOS;;COLISÃO;2;;;;;;;;0;;;;;;;;;;2019
01/09/2019;21:44:00;SEM VÍTIMA;FUNDÃO;AV BEBERIBE;;COLISÃO;2;;;;;;;;0;;;;;;;;;;2019
01/09/2019;21:59:00;SEM VÍTIMA;AFOGADOS;RUA VISCONDE DE PELOTAS;SUBURBIO;ABALROAMENTO TRANSVERSAL;1;;;;;;;;0;;Chuvoso;Sem defeito;Perfeito estado;Molhada;Perfeito estado;;Não há placas;;2019
01/09/2019;22:31:00;SEM VÍTIMA;IPSEP;AV RECIFE;SUBURBIO;ABALROAMENTO LONGITUDINAL;2;;;;;;;;0;;Chuvoso;Não existe;Perfeito estado;Molhada;Perfeito estado;Não existe;Não há placas;;2019
01/09/2019;23:19:00;SEM VÍTIMA;ÁGUA FRIA;RUA ALEGRE;SUBURBIO;ABALROAMENTO TRANSVERSAL;2;;;;;;;;0;;Chuvoso;Sem defeito;Perfeito estado;Molhada;Perfeito estado;Faixa de retenção;Não há placas;;2019
02/09/2019;03:41:00;SEM VÍTIMA;DERBY;AV GOVERNADOR AGAMENON MAGALHAES;;ABALROAMENTO LONGITUDINAL;2;;;;;;;;0;;Chuvoso;Sem defeito;Perfeito estado;Molhada;Perfeito estado;;Não há placas;;2019
02/09/2019;07:25:00;SEM VÍTIMA;IBURA;RUA RIO XINGU;SUBURBIO;CHOQUE VEÍCULO PARADO;1;;;;1;;;;0;;Chuvoso;Não existe;;Molhada;Mal conservada;Não existe;Outras;;2019
02/09/2019;07:39:00;SEM VÍTIMA;BARRO;AV DR JOSE RUFINO;SUBURBIO;COLISÃO;2;;;;;;;;0;;;;;;;;;;2019
02/09/2019;07:45:00;SEM VÍTIMA;AREIAS;RUA JOSE NATARIO;;COLISÃO;2;;;;;;;;0;;;;;;;;;;2019
02/09/2019;07:49:00;SEM VÍTIMA;SÃO JOSÉ;AV ENGENHEIRO JOSE ESTELITA;CIDADE;COLISÃO TRASEIRA;3;;;;;;;;0;;Chuvoso;Não existe;Perfeito estado;Molhada;Perfeito estado;Não existe;Não há placas;60 km/h;2019
02/09/2019;07:59:00;SEM VÍTIMA;MADALENA;EST DOS REMEDIOS;;COLISÃO;2;;;;;;;;0;;;;;;;;;;2019
02/09/2019;08:02:00;SEM VÍTIMA;BOA VIAGEM;RUA VISCONDE DE JEQUITINHONHA;CIDADE;ABALROAMENTO LONGITUDINAL;2;;;;;;;;0;;Chuvoso;Não existe;Perfeito estado;Seca;Perfeito estado;Faixa de pedestre;Placas Pare;;2019
02/09/2019;08:25:00;SEM VÍTIMA;CORDEIRO;RUA PROFESSOR JOAQUIM XAVIER DE BRITO;;COLISÃO;2;;;;;;;;0;;;;;;;;;;2019
02/09/2019;08:33:00;SEM VÍTIMA;ENGENHO DO MEIO;RUA COSTA SEPULVEDA;SUBURBIO;COLISÃO TRASEIRA;2;;;;;;;;0;;Chuvoso;Não existe;Não existente;Molhada;Mal conservada;Não existe;Não há placas;;2019
02/09/2019;08:34:00;COM VÍTIMA;CASA AMARELA;RUA BELA VISTA;SUBURBIO;ABALROAMENTO TRANSVERSAL;1;1;;;;;;;1;;Nublado;Não existe;Não existente;Seca;Perfeito estado;Não existe;Não há placas;30 km/h;2019
02/09/2019;08:43:00;SEM VÍTIMA;BOA VIAGEM;RUA DES JOAO PAES;;COLISÃO;2;;;;;;;;0;;;;;;;;;;2019
02/09/2019;08:48:00;SEM VÍTIMA;JARDIM SÃO PAULO;RUA BRAGANCA;;ABALROAMENTO TRANSVERSAL;2;;;;;;;;0;;Chuvoso;Não existe;Incompleta;Molhada;Perfeito estado;Não existe;Placas Pare;;2019
02/09/2019;08:55:00;SEM VÍTIMA;MADALENA;RUA CARLOS GOMES;CIDADE;COLISÃO;2;;;;;;;;0;;;;;;;;;;2019
02/09/2019;09:24:00;SEM VÍTIMA;IMBIRIBEIRA;AV MARECHAL MASCARENHAS DE MORAES;CIDADE;ABALROAMENTO LONGITUDINAL;1;;;;;1;;;0;;Bom;Não existe;Perfeito estado;Seca;Perfeito estado;Não existe;Não há placas;;2019
02/09/2019;09:31:00;SEM VÍTIMA;BOA VIAGEM;RUA TENENTE JOAO CICERO;SUBURBIO;ABALROAMENTO LONGITUDINAL;2;;;;;;;;0;;Chuvoso;Não existe;Perfeito estado;Seca;Perfeito estado;Não existe;R-6a;;2019
02/09/2019;09:34:00;SEM VÍTIMA;PAISSANDU;AV ENGENHEIRO AGAMENON DE MAGALHAES MELO;;ABALROAMENTO LONGITUDINAL;1;;;;1;;;;0;;Chuvoso;Sem defeito;Perfeito estado;Molhada;Perfeito estado;Faixa de pedestre;;60 km/h;2019
02/09/2019;09:43:00;SEM VÍTIMA;AFOGADOS;EST DOS REMEDIOS;CIDADE;COLISÃO TRASEIRA;2;;;;;;;;0;;Chuvoso;Não existe;Perfeito estado;Molhada;Perfeito estado;Não existe;Não há placas;;2019
02/09/2019;10:00:00;SEM VÍTIMA;JOANA BEZERRA;AV BEIRA RIO;CIDADE;ABALROAMENTO LONGITUDINAL;2;;;;;;;;0;;Bom;Não existe;Perfeito estado;Seca;Perfeito estado;Não existe;Não há placas;;2019
02/09/2019;10:31:00;SEM VÍTIMA;IPUTINGA;RUA PROFESSOR ANTONIO COELHO;CIDADE;ABALROAMENTO TRANSVERSAL;2;;;;;;;;0;;Bom;Não existe;Perfeito estado;Seca;Perfeito estado;Faixa de pedestre;Placas Pare;;2019