data;hora;natureza_acidente;bairro;endereco;sentido_via;tipo;auto;moto;ciclista;pedestre;onibus;caminhao;viatura;outros;vitimas;vitimasfatais;tempo_clima;situacao_semaforo;sinalizacao;condicao_via;conservacao_via;ponto_controle;situacao_placa;velocidade_max_via;ano
02/09/2019;11:07:00;SEM VÍTIMA;PINA;RUA PROFESSOR JOSUE DE CASTRO;;COLISÃO TRASEIRA;2;;;;;;;;0;;Bom;Sem defeito;Perfeito estado;Seca;Perfeito estado;Agente;Não há placas;60 km/h;2019
02/09/2019;12:00:00;COM VÍTIMA;IPSEP;AV RECIFE;SUBURBIO;TOMBAMENTO;;1;;;;;;;1;;Chuvoso;Não existe;Perfeito estado;Molhada;Mal conservada;Não existe;Não há placas;60 km/h;2019
02/09/2019;12:01:00;SEM VÍTIMA;PINA;RUA MANOEL DE BRITO;;ABALROAMENTO LONGITUDINAL;2;;;;;;;;0;;Bom;Sem defeito;Perfeito estado;Seca;Perfeito estado;Faixa de pedestre;Não há placas;40 km/h;2019
02/09/2019;12:11:00;SEM VÍTIMA;IBURA;AV QUEIXARAMOBIM;SUBURBIO;ABALROAMENTO LONGITUDINAL;;1;;;1;;;;0;;Bom;Não existe;Incompleta;Seca;Mal conservada;Não existe;Não há placas;;2019
02/09/2019;12:44:00;SEM VÍTIMA;TEJIPIÓ;RUA APRIGIO GUIMARAES;;ABALROAMENTO LONGITUDINAL;1;;;;1;;;;0;;Bom;Não existe;Incompleta;Seca;Perfeito estado;Não existe;Outras;;2019
02/09/2019;12:46:00;COM VÍTIMA;CAMPO GRANDE;EST DE BELEM;SUBURBIO;ABALROAMENTO LONGITUDINAL;2;1;;;;;;;1;;Bom;Sem defeito;Perfeito estado;Seca;Perfeito estado;Outros;Outras;;2019
02/09/2019;12:47:00;SEM VÍTIMA;BOA VIAGEM;AV CONSELHEIRO AGUIAR;;COLISÃO;2;;;;;;;;0;;;;;;;;;;2019
02/09/2019;13:01:00;COM VÍTIMA;CAMPO GRANDE;EST DE BELEM;;ENGAVETAMENTO;2;1;;;;;;;1;;;;;;;;;;2019
02/09/2019;13:52:00;SEM VÍTIMA;BOA VIAGEM;AV DOM JOAO VI;SUBURBIO;COLISÃO TRASEIRA;3;;;;;;;;0;;Bom;Não existe;Perfeito estado;Seca;Perfeito estado;Não existe;Não há placas;60 km/h;2019
02/09/2019;13:59:00;SEM VÍTIMA;IPUTINGA;RUA REZENDE;;COLISÃO;2;;;;;;;;0;;;;;;;;;;2019
02/09/2019;15:26:00;SEM VÍTIMA;VASCO DA GAMA;AV NORTE;SUBURBIO;COLISÃO TRASEIRA;1;;;;1;;;;0;;Bom;;;Seca;Perfeito estado;;Não há placas;;2019
02/09/2019;15:57:00;SEM VÍTIMA;MADALENA;RUA BELARMINO CARNEIRO;SUBURBIO;COLISÃO TRASEIRA;2;;;;;;;;0;;Bom;Não existe;Incompleta;Seca;Perfeito estado;Não existe;Não há placas;;2019
02/09/2019;16:15:00;SEM VÍTIMA;BOA VISTA;RUA SANTA LUZIA;SUBURBIO;COLISÃO TRASEIRA;2;;;;;;;;0;;Bom;Sem defeito;Perfeito estado;Seca;Perfeito estado;;Não há placas;;2019
02/09/2019;16:24:00;SEM VÍTIMA;BOA VIAGEM;AV BOA VIAGEM;CIDADE;COLISÃO TRASEIRA;2;;;;;;;;0;;Bom;Não existe;Perfeito estado;Seca;Perfeito estado;Não existe;Não há placas;;2019
02/09/2019;16:34:00;SEM VÍTIMA;IMBIRIBEIRA;AV MARECHAL MASCARENHAS DE MORAES;SUBURBIO;ABALROAMENTO LONGITUDINAL;2;;;;;;;;0;;Bom;Não existe;Perfeito estado;Seca;Perfeito estado;Não existe;Não há placas;60 km/h;2019
02/09/2019;17:16:00;SEM VÍTIMA;SANTO AMARO;AV MARIO MELO;SUBURBIO;ABALROAMENTO LONGITUDINAL;2;;;;;;;;0;;Bom;Não existe;Perfeito estado;Seca;Perfeito estado;Não existe;Não há placas;;2019
02/09/2019;17:29:00;SEM VÍTIMA;TORRE;RUA JOSE BONIFACIO;CIDADE;ABALROAMENTO LONGITUDINAL;2;;;;;;;;0;;Bom;Não existe;Perfeito estado;Seca;Mal conservada;Não existe;R-6a;;2019
02/09/2019;18:50:00;SEM VÍTIMA;PINA;RUA TOME GIBSON;CIDADE;COLISÃO TRASEIRA;2;;;;;;;;0;;Bom;Não existe;Ilegível;Seca;Perfeito estado;Não existe;Não há placas;60 km/h;2019
02/09/2019;18:57:00;SEM VÍTIMA;SAN MARTIN;AV DR JOSE RUFINO;;COLISÃO;1;;;;;1;;;0;;;;;;;;;;2019
02/09/2019;19:14:00;;IPUTINGA;AV CAXANGA;CIDADE;ABALROAMENTO LONGITUDINAL;1;;;;1;;;;;;Bom;Sem defeito;Perfeito estado;Seca;Perfeito estado;Não existe;Outras;;2019
02/09/2019;19:46:00;SEM VÍTIMA;NOVA DESCOBERTA;AV VEREADOR OTACILIO AZEVEDO;;ABALROAMENTO LONGITUDINAL;1;;;;1;;;;0;;Bom;Não existe;Ilegível;Seca;Mal iluminada;Não existe;Não há placas;;2019
02/09/2019;20:17:00;SEM VÍTIMA;VÁRZEA;AV CAXANGA;;COLISÃO;1;;;;1;;;;0;;;;;;;;;;2019
02/09/2019;20:47:00;SEM VÍTIMA;TAMARINEIRA;AV NORTE;SUBURBIO;COLISÃO TRASEIRA;1;;;;1;;;;0;;Bom;Sem defeito;Perfeito estado;Seca;Perfeito estado;;R-6a;;2019
02/09/2019;21:00:00;COM VÍTIMA;ÁGUA FRIA;EST VELHA DE AGUA FRIA;;ABALROAMENTO LONGITUDINAL;1;1;;;;;;;2;;Bom;Não existe;Ilegível;Seca;Mal iluminada;Não existe;Não há placas;;2019
02/09/2019;21:14:00;SEM VÍTIMA;TORRE;RUA REAL DA TORRE;;ABALROAMENTO LONGITUDINAL;2;;;;;;;;0;;Bom;Sem defeito;Perfeito estado;Seca;Perfeito estado;Faixa de pedestre;Não há placas;60 km/h;2019
02/09/2019;21:32:00;SEM VÍTIMA;CABANGA;;CIDADE;COLISÃO TRASEIRA;1;;;;1;;;;0;;Bom;Não existe;Perfeito estado;Seca;Perfeito estado;Não existe;Outras;;2019
02/09/2019;21:59:00;SEM VÍTIMA;SANTO ANTÔNIO;;SUBURBIO;CHOQUE OBJETO FIXO;1;;;;;;;;0;;Bom;Sem defeito;Perfeito estado;Seca;Perfeito estado;Não existe;Não há placas;;2019
02/09/2019;22:36:00;SEM VÍTIMA;BOA VISTA;RUA BARAO DE SAO BORJA;SUBURBIO;CHOQUE OBJETO FIXO;;;;;;1;;;0;;Bom;Não existe;Ilegível;Seca;Mal iluminada;Não existe;Não há placas;;2019
03/09/2019;07:03:00;SEM VÍTIMA;BOA VIAGEM;RUA CAPITAO ZUZINHA;;COLISÃO;2;;;;;;;;0;;;;;;;;;;2019
03/09/2019;07:30:00;SEM VÍTIMA;IMBIRIBEIRA;AV ENGENHEIRO ALVES DE SOUZA;SUBURBIO;ABALROAMENTO TRANSVERSAL;2;;;;;;;;0;;Bom;Não existe;Não existente;Seca;Perfeito estado;Não existe;Não há placas;;2019
03/09/2019;07:32:00;SEM VÍTIMA;PARNAMIRIM;AV PARNAMIRIM;CIDADE;ABALROAMENTO LONGITUDINAL;1;;;;1;;;;0;;Bom;Não existe;Perfeito estado;Seca;Perfeito estado;;;;2019
03/09/2019;07:35:00;SEM VÍTIMA;TORRE;AV BEIRA RIO;SUBURBIO;ABALROAMENTO LONGITUDINAL;1;;;;;1;;;0;;Bom;Sem defeito;Perfeito estado;Seca;Perfeito estado;Faixa de retenção;;;2019
03/09/2019;07:55:00;SEM VÍTIMA;IMBIRIBEIRA;AV MARECHAL MASCARENHAS DE MORAES;AEROPORTO;COLISÃO;1;1;;;;;;;0;;;;;;;;;;2019
03/09/2019;08:14:00;SEM VÍTIMA;MADALENA;AV ENGENHEIRO ABDIAS DE CARVALHO;;ABALROAMENTO TRANSVERSAL;3;;;;;;;;0;;Bom;Não existe;Perfeito estado;Seca;Perfeito estado;;Não há placas;;2019
03/09/2019;08:55:00;SEM VÍTIMA;IMBIRIBEIRA;RUA PARIS;CIDADE;COLISÃO TRASEIRA;1;;;;;1;;;0;;Bom;Não existe;Perfeito estado;Seca;Perfeito estado;Não existe;Não há placas;50 km/h;2019
03/09/2019;09:26:00;SEM VÍTIMA;IPSEP;RUA JEAN EMILE FAVRE;SUBURBIO;COLISÃO TRASEIRA;2;;;;;;;;0;;Bom;Sem defeito;Perfeito estado;Seca;Perfeito estado;Faixa de pedestre;Outras;;2019
03/09/2019;09:54:00;SEM VÍTIMA;SAN MARTIN;RUA VINTE E UM DE ABRIL;CIDADE;COLISÃO;2;;;;;;;;0;;;;;;;;;;2019
03/09/2019;10:46:00;SEM VÍTIMA;AFOGADOS;RUA DO ROSARIO;;COLISÃO;2;;;;;;;;0;;;;;;;;;;2019
03/09/2019;10:52:00;SEM VÍTIMA;GRAÇAS;RUA CARDEAL ARCOVERDE;SUBURBIO;ABALROAMENTO TRANSVERSAL;1;;;;;1;;;0;;Bom;Sem defeito;Perfeito estado;Seca;Perfeito estado;Faixa de pedestre;Não há placas;;2019
03/09/2019;12:03:00;SEM VÍTIMA;AREIAS;AV RECIFE;;COLISÃO;;1;;;1;;;;0;;;;;;;;;;2019
03/09/2019;12:19:00;SEM VÍTIMA;BOA VIAGEM;AV CONSELHEIRO AGUIAR;SUBURBIO;COLISÃO TRASEIRA;1;;;;;;;1;0;;Bom;Sem defeito;Perfeito estado;Seca;Perfeito estado;Faixa de pedestre;R-6a;;2019
03/09/2019;12:22:00;SEM VÍTIMA;DERBY;RUA BARAO DE GOIANA;;COLISÃO;2;;;;;;;;0;;;;;;;;;;2019
03/09/2019;12:36:00;SEM VÍTIMA;TAMARINEIRA;AV NORTE;CIDADE;ABALROAMENTO LONGITUDINAL;1;;;;;1;;;0;;Bom;Sem defeito;Perfeito estado;Seca;Perfeito estado;;;;2019
03/09/2019;12:44:00;SEM VÍTIMA;BOA VIAGEM;AV VINTE DE JANEIRO;CIDADE;ABALROAMENTO LONGITUDINAL;2;;;;;;;;0;;Bom;Não existe;Não existente;Seca;Perfeito estado;Não existe;Não há placas;40 km/h;2019
03/09/2019;12:55:00;SEM VÍTIMA;BOA VIAGEM;RUA HENRIQUE CAPITULINO;;COLISÃO;3;;;;;;;;0;;;;;;;;;;2019
03/09/2019;13:19:00;SEM VÍTIMA;TORRE;RUA JOSE BONIFACIO;SUBURBIO;ABALROAMENTO LONGITUDINAL;1;;;;1;;;;0;;Bom;Sem defeito;Perfeito estado;Seca;Perfeito estado;Faixa de retenção;R-6a;;2019
03/09/2019;13:25:00;SEM VÍTIMA;BOA VIAGEM;RUA JOSE DA SILVA LUCENA;SUBURBIO;ABALROAMENTO LONGITUDINAL;2;;;;;;;;0;;Bom;Não existe;Perfeito estado;Seca;Perfeito estado;Não existe;Não há placas;;2019
03/09/2019;14:44:00;SEM VÍTIMA;IMBIRIBEIRA;RUA ALFREDO MARCONDES;CIDADE;COLISÃO FRONTAL;2;;;;;;;;0;;Bom;Sem defeito;Perfeito estado;Seca;Perfeito estado;Faixa de pedestre;Outras;60 km/h;2019
03/09/2019;15:01:00;SEM VÍTIMA;BEBERIBE;AV BEBERIBE;SUBURBIO;ABALROAMENTO TRANSVERSAL;1;;;;1;;;;0;;Bom;Sem defeito;Perfeito estado;Seca;Perfeito estado;Faixa de pedestre;Não há placas;40 km/h;2019
03/09/2019;15:05:00;COM VÍTIMA;VÁRZEA;RUA RIBEIRO PESSOA;;COLISÃO FRONTAL;1;1;;;;;;;2;;Bom;Não existe;Perfeito estado;Seca;Mal conservada;Não existe;Não há placas;;2019
03/09/2019;15:17:00;SEM VÍTIMA;;;SUBURBIO;ABALROAMENTO TRANSVERSAL;1;1;;;;;;;0;;Bom;Não existe;Ilegível;Seca;Mal conservada;Outros;Outras;;2019
03/09/2019;15:52:00;SEM VÍTIMA;ESPINHEIRO;RUA SANTO ELIAS;;ABALROAMENTO LONGITUDINAL;2;;;;;;;;0;;Bom;Não existe;Perfeito estado;Seca;Perfeito estado;Faixa de pedestre;R-6a;;2019
03/09/2019;16:14:00;COM VÍTIMA;SANTO AMARO;AV VISCONDE DE SUASSUNA;SUBURBIO;ATROPELAMENTO;1;;;1;;;;;1;;Bom;Sem defeito;Incompleta;Seca;Perfeito estado;Não existe;R-6a;;2019
03/09/2019;16:25:00;SEM VÍTIMA;BAIRRO DO RECIFE;AV ALFREDO LISBOA;CIDADE;ABALROAMENTO LONGITUDINAL;1;;;;;1;;;0;;Bom;Sem defeito;Perfeito estado;Seca;Perfeito estado;Não existe;Não há placas;;2019
03/09/2019;16:31:00;SEM VÍTIMA;BOA VISTA;RUA DO PRINCIPE;CIDADE;ABALROAMENTO LONGITUDINAL;1;1;;;;;;;0;;Bom;Não existe;Perfeito estado;Seca;Perfeito estado;Não existe;R-6a;;2019
03/09/2019;16:35:00;SEM VÍTIMA;BOA VISTA;RUA JOSE DE ALENCAR;;COLISÃO;2;;;;;;;;0;;;;;;;;;;2019
03/09/2019;16:38:00;SEM VÍTIMA;AFOGADOS;RUA VINTE E UM DE ABRIL;;COLISÃO;2;;;;;;;;0;;;;;;;;;;2019
03/09/2019;16:53:00;SEM VÍTIMA;AFOGADOS;RUA DA PAZ;;ABALROAMENTO LONGITUDINAL;;;;;;2;;;0;;Bom;Não existe;Perfeito estado;Seca;Perfeito estado;Não existe;Não há placas;40 km/h;2019
03/09/2019;17:58:00;SEM VÍTIMA;ILHA DO LEITE;AV GOVERNADOR AGAMENON MAGALHAES;CIDADE;ABALROAMENTO LONGITUDINAL;1;;;;1;;;;0;;Bom;Sem defeito;Perfeito estado;Seca;Perfeito estado;Faixa de pedestre;Não há placas;60 km/h;2019
03/09/2019;18:25:00;SEM VÍTIMA;TEJIPIÓ;AV DR JOSE RUFINO;SUBURBIO;COLISÃO TRASEIRA;2;;;;;;;;0;;Bom;Não existe;Perfeito estado;Seca;Perfeito estado;Não existe;Não há placas;;2019
03/09/2019;18:57:00;SEM VÍTIMA;CORDEIRO;RUA AMBROSIO MACHADO;CIDADE;COLISÃO TRASEIRA;1;1;;;;;;;0;;Bom;Não existe;Não existente;Seca;Perfeito estado;Não existe;Não há placas;;2019
03/09/2019;19:30:00;SEM VÍTIMA;GRAÇAS;AV RUI BARBOSA;;ABALROAMENTO LONGITUDINAL;2;;;;;;;;0;;Bom;Sem defeito;Perfeito estado;Seca;Perfeito estado;Faixa de pedestre;Outras;;2019
03/09/2019;20:01:00;COM VÍTIMA;BOA VIAGEM;AV ENGENHEIRO DOMINGOS FERREIRA;CIDADE;ABALROAMENTO LONGITUDINAL;1;2;;;;;;;1;;Bom;Sem defeito;Perfeito estado;Seca;Perfeito estado;Faixa de pedestre;Outras;;2019
03/09/2019;20:07:00;COM VÍTIMA;IMBIRIBEIRA;AV MARECHAL MASCARENHAS DE MORAES;CIDADE;ATROPELAMENTO;;1;;1;;;;;1;;Bom;Sem defeito;Perfeito estado;Seca;Perfeito estado;Faixa de pedestre;Outras;60 km/h;2019
03/09/2019;23:53:00;SEM VÍTIMA;IBURA;LAD DA COHAB;SUBURBIO;ABALROAMENTO LONGITUDINAL;1;;;;1;;;;0;;Bom;Não existe;Perfeito estado;Seca;Perfeito estado;Não existe;Não há placas;;2019
04/09/2019;07:40:00;COM VÍTIMA;SANTO ANTÔNIO;PRC DA REPUBLICA;CIDADE;TOMBAMENTO;;;1;;;;;;1;;Bom;Não existe;Perfeito estado;Seca;Perfeito estado;Não existe;Outras;;2019
04/09/2019;07:48:00;SEM VÍTIMA;SAN MARTIN;AV GENERAL SAN MARTIN;;COLISÃO;1;1;;;;;;;0;;;;;;;;;;2019
04/09/2019;07:47:00;SEM VÍTIMA;MADALENA;RUA PESSOA DE MELO;;ABALROAMENTO LONGITUDINAL;1;;1;;;;;;0;;Chuvoso;Não existe;Não existente;Molhada;Perfeito estado;Não existe;Não há placas;40 km/h;2019
04/09/2019;08:04:00;COM VÍTIMA;IBURA;AV DOIS RIOS;CIDADE;ABALROAMENTO LONGITUDINAL;1;1;;;;;;;1;;Chuvoso;Não existe;Incompleta;Seca;;Não existe;R-6a;;2019
04/09/2019;08:18:00;COM VÍTIMA;MONTEIRO;RUA DE APIPUCOS;RECIFE;COLISÃO;3;1;;;;;;;1;;Bom;Não existe;Perfeito estado;Seca;Perfeito estado;Outros;Outras;;2019
04/09/2019;08:25:00;COM VÍTIMA;MADALENA;RUA JOSE OSORIO;SUBURBIO;ABALROAMENTO TRANSVERSAL;1;1;;;;;;;1;;Bom;Não existe;Perfeito estado;Seca;Perfeito estado;Não existe;R-6a;40 km/h;2019
04/09/2019;08:50:00;SEM VÍTIMA;PARNAMIRIM;RUA DA ESTRELA;SUBURBIO;ABALROAMENTO LONGITUDINAL;2;;;;;;;;0;;Nublado;Não existe;Perfeito estado;Seca;Perfeito estado;Não existe;Outras;30 km/h;2019
04/09/2019;08:53:00;SEM VÍTIMA;APIPUCOS;RUA DE APIPUCOS;SUBURBIO;COLISÃO TRASEIRA;2;;;;;;;;0;;Bom;Não existe;Perfeito estado;Seca;Perfeito estado;Não existe;Outras;;2019
04/09/2019;09:04:00;COM VÍTIMA;VÁRZEA;RUA ENGENHEIRO VASCONCELOS BITTENCOURT;SUBURBIO;TOMBAMENTO;;1;;;;;;;1;;Bom;Não existe;Perfeito estado;Seca;Perfeito estado;;Outras;;2019
04/09/2019;10:15:00;SEM VÍTIMA;SANTO ANTÔNIO;RUA DO SOL;CIDADE;ABALROAMENTO LONGITUDINAL;2;;;;;;;;0;;Chuvoso;Sem defeito;Perfeito estado;Molhada;Perfeito estado;Faixa de pedestre;;;2019
04/09/2019;10:18:00;SEM VÍTIMA;AREIAS;AV DR JOSE RUFINO;SUBURBIO;ABALROAMENTO TRANSVERSAL;2;;;;;;;;0;;Chuvoso;Não existe;Perfeito estado;Molhada;Perfeito estado;Não existe;R-6a;;2019
04/09/2019;10:20:00;SEM VÍTIMA;BOA VIAGEM;RUA WALDEMAR NERY CARNEIRO MONTEIRO;SUBURBIO;ABALROAMENTO LONGITUDINAL;2;;;;;;;;0;;Bom;Não existe;Incompleta;Seca;Perfeito estado;Não existe;Não há placas;;2019
04/09/2019;11:43:00;SEM VÍTIMA;BARRO;AV DR JOSE RUFINO;CIDADE;COLISÃO TRASEIRA;2;;;;;;;;0;;Chuvoso;Não existe;Perfeito estado;Molhada;Perfeito estado;Não existe;Não há placas;;2019
04/09/2019;11:50:00;SEM VÍTIMA;PARNAMIRIM;AV DEZESSETE DE AGOSTO;SUBURBIO;COLISÃO TRASEIRA;3;;;;;;;;0;;Nublado;Não existe;Perfeito estado;Seca;Perfeito estado;Não existe;Outras;60 km/h;2019
04/09/2019;11:51:00;SEM VÍTIMA;BOA VISTA;AV GOVERNADOR AGAMENON MAGALHAES;SUBURBIO;ABALROAMENTO LONGITUDINAL;2;;;;;;;;0;;Bom;Sem defeito;Perfeito estado;Seca;Perfeito estado;Faixa de pedestre;Outras;60 km/h;2019
04/09/2019;12:15:00;SEM VÍTIMA;PARNAMIRIM;RUA MAJOR JOAQUIM CAVALCANTE;SUBURBIO;ABALROAMENTO LONGITUDINAL;1;1;;;;;;;0;;Chuvoso;Não existe;Incompleta;Molhada;Perfeito estado;Não existe;Não há placas;;2019
04/09/2019;12:54:00;SEM VÍTIMA;DERBY;RUA DR SEVERINO PINHEIRO;;COLISÃO;2;;;;;;;;0;;;;;;;;;;2019
04/09/2019;14:08:00;SEM VÍTIMA;VÁRZEA;AV AFONSO OLINDENSE;;COLISÃO;2;;;;;;;;0;;;;;;;;;;2019
04/09/2019;14:42:00;SEM VÍTIMA;SAN MARTIN;AV ENGENHEIRO ABDIAS DE CARVALHO;CIDADE;COLISÃO TRASEIRA;2;;;;;;;;0;;Chuvoso;Sem defeito;Perfeito estado;Molhada;Perfeito estado;Faixa de pedestre;Outras;;2019
04/09/2019;15:10:00;SEM VÍTIMA;CASA AMARELA;EST DO ARRAIAL;;COLISÃO;2;;;;;;;;0;;;;;;;;;;2019
04/09/2019;15:17:00;SEM VÍTIMA;MADALENA;RUA JANUARIO BARBOSA;SUBURBIO;ABALROAMENTO LONGITUDINAL;2;;;;;;;;0;;Chuvoso;Não existe;Incompleta;Molhada;Perfeito estado;Não existe;Não há placas;;2019
04/09/2019;15:29:00;SEM VÍTIMA;IPSEP;RUA IRAPUA;;ABALROAMENTO LONGITUDINAL;2;;;;;;;;0;;Chuvoso;Não existe;Não existente;Molhada;Mal conservada;Não existe;Não há placas;;2019
04/09/2019;15:46:00;SEM VÍTIMA;CASA AMARELA;AV NORTE;CIDADE;COLISÃO TRASEIRA;3;;;;;;;;0;;Chuvoso;Não existe;Perfeito estado;Molhada;Perfeito estado;Não existe;R-6a;;2019
04/09/2019;15:46:00;SEM VÍTIMA;TORRE;RUA REAL DA TORRE;;ABALROAMENTO LONGITUDINAL;1;;;;;1;;;0;;Chuvoso;Não existe;Perfeito estado;Molhada;Perfeito estado;Não existe;Não há placas;;2019
04/09/2019;15:56:00;SEM VÍTIMA;BOA VIAGEM;AV CONSELHEIRO AGUIAR;CIDADE;ABALROAMENTO LONGITUDINAL;1;;;;;1;;;0;;Chuvoso;Sem defeito;Perfeito estado;Molhada;Perfeito estado;Faixa de pedestre;R-6a;;2019
04/09/2019;16:14:00;SEM VÍTIMA;SÃO JOSÉ;C SANTA RITA;CIDADE;ABALROAMENTO LONGITUDINAL;2;;;;;;;;0;;Chuvoso;Sem defeito;Perfeito estado;Molhada;Mal conservada;Não existe;Não há placas;60 km/h;2019
04/09/2019;16:17:00;SEM VÍTIMA;BOA VIAGEM;AV BOA VIAGEM;;ABALROAMENTO LONGITUDINAL;1;;;;;1;;;0;;Chuvoso;Com defeito;Perfeito estado;Molhada;Perfeito estado;Não existe;;60 km/h;2019
04/09/2019;16:42:00;SEM VÍTIMA;CORDEIRO;RUA GOMES TABORDA;SUBURBIO;ABALROAMENTO TRANSVERSAL;2;;;;;;;;0;;Chuvoso;Não existe;Incompleta;Molhada;Mal iluminada;Não existe;R-6a;;2019
04/09/2019;17:27:00;COM VÍTIMA;DERBY;RUA HENRIQUE DIAS;CIDADE;COLISÃO;1;1;;;;;;;1;;Chuvoso;Não existe;Perfeito estado;Molhada;Perfeito estado;Faixa de pedestre;Outras;;2019
04/09/2019;18:41:00;SEM VÍTIMA;IPUTINGA;RUA EMILIANO BRAGA;SUBURBIO;ABALROAMENTO LONGITUDINAL;1;;;;1;;;;0;;;Não existe;Perfeito estado;Molhada;Perfeito estado;Faixa de pedestre;Placas Pare;;2019
04/09/2019;20:25:00;SEM VÍTIMA;IBURA;RUA DR BENIGNO JORDAO DE VASCONCELOS;SUBURBIO;ABALROAMENTO LONGITUDINAL;1;;;;1;;;;0;;Chuvoso;Não existe;Ilegível;Molhada;Mal iluminada;Não existe;Não há placas;;2019
04/09/2019;23:40:00;SEM VÍTIMA;TORRE;RUA JOAO TUDE DE MELO;;ACID. DE PERCURSO;1;;;;;;;;0;;;;;;;;;;2019
05/09/2019;06:22:00;COM VÍTIMA;BARRO;AV DR JOSE RUFINO;CIDADE;ABALROAMENTO TRANSVERSAL;1;1;;;;;;;1;;Chuvoso;Não existe;Incompleta;Molhada;Perfeito estado;;R-6a;50 km/h;2019
05/09/2019;06:30:00;SEM VÍTIMA;SÃO JOSÉ;AV SUL;CIDADE;ABALROAMENTO TRANSVERSAL;1;;;;1;;;;0;;Bom;Sem defeito;Perfeito estado;Molhada;Perfeito estado;Não existe;Não há placas;;2019
05/09/2019;07:32:00;SEM VÍTIMA;TORREÃO;RUA DJALMA FARIAS;;ABALROAMENTO LONGITUDINAL;1;1;;;;;;;0;;Bom;Não existe;Perfeito estado;Seca;Perfeito estado;Não existe;Não há placas;;2019
05/09/2019;07:48:00;COM VÍTIMA;CAMPO GRANDE;RUA PRUDENTE DE MORAES;SUBURBIO;COLISÃO COM CICLISTA;1;;1;;;;;;1;;Bom;Não existe;Perfeito estado;Seca;Perfeito estado;;;;2019
05/09/2019;07:53:00;SEM VÍTIMA;SÃO JOSÉ;AV SUL;CIDADE;COLISÃO TRASEIRA;2;;;;;;;;0;;Bom;Sem defeito;Perfeito estado;Seca;Perfeito estado;Faixa de pedestre;Não há placas;;2019
05/09/2019;08:14:00;SEM VÍTIMA;ENCRUZILHADA;AV NORTE;CIDADE;COLISÃO TRASEIRA;1;;;;1;;;;0;;Bom;Sem defeito;Perfeito estado;Seca;Perfeito estado;Faixa de pedestre;;60 km/h;2019
05/09/2019;08:32:00;COM VÍTIMA;TORRE;RUA CANTORA CLARA NUNES;SUBURBIO;COLISÃO COM CICLISTA;1;;1;;;;;;1;;Bom;Não existe;Não existente;Molhada;Perfeito estado;Não existe;Não há placas;;2019
05/09/2019;08:53:00;SEM VÍTIMA;IPUTINGA;AV CAXANGA;CIDADE;COLISÃO TRASEIRA;1;;;;;1;;;0;;Bom;Não existe;Perfeito estado;Seca;Perfeito estado;Não existe;R-6a;;2019
05/09/2019;09:05:00;SEM VÍTIMA;AREIAS;AV RECIFE;;COLISÃO TRASEIRA;2;;;;;;;;0;;Bom;Sem defeito;Perfeito estado;Seca;Mal conservada;Faixa de retenção;R-6a;60 km/h;2019
05/09/2019;09:17:00;SEM VÍTIMA;CORDEIRO;AV GENERAL SAN MARTIN;SUBURBIO;ABALROAMENTO TRANSVERSAL;1;1;;;;;;;0;;Bom;Não existe;Perfeito estado;Seca;Perfeito estado;Não existe;Não há placas;;2019
05/09/2019;09:25:00;SEM VÍTIMA;TORRE;AV BEIRA RIO;SUBURBIO;CHOQUE VEÍCULO PARADO;2;;;;;;;;0;;Bom;Não existe;Perfeito estado;Seca;Perfeito estado;Não existe;Não há placas;;2019
05/09/2019;09:26:00;SEM VÍTIMA;CORDEIRO;RUA ALVARES PIRES;SUBURBIO;ABALROAMENTO TRANSVERSAL;1;;;;;;;;0;;Bom;Não existe;Perfeito estado;Seca;Perfeito estado;Faixa de pedestre;Placas Pare;;2019
05/09/2019;09:29:00;SEM VÍTIMA;AFOGADOS;RUA CRISTOVAO COLOMBO;;ABALROAMENTO LONGITUDINAL;2;;;;;;;;0;;Bom;Não existe;;Molhada;Perfeito estado;Não existe;Não há placas;;2019
05/09/2019;09:34:00;SEM VÍTIMA;SÃO JOSÉ;RUA FLORIANO PEIXOTO;SUBURBIO;ABALROAMENTO LONGITUDINAL;1;;;;;;;1;0;;Bom;Não existe;Perfeito estado;Seca;Perfeito estado;Não existe;Não há placas;40 km/h;2019
05/09/2019;10:20:00;SEM VÍTIMA;PRADO;AV CAXANGA;;ABALROAMENTO TRANSVERSAL;3;;;;;;;;0;;Bom;Não existe;Perfeito estado;Seca;Perfeito estado;Outros;Outras;60 km/h;2019
05/09/2019;11:30:00;SEM VÍTIMA;CAMPO GRANDE;RUA OTHON PARAISO;CIDADE;ABALROAMENTO LONGITUDINAL;2;;;;;;;;0;;Bom;Não existe;Incompleta;Seca;Perfeito estado;Faixa de retenção;Placas Pare;;2019
05/09/2019;12:00:00;SEM VÍTIMA;SANTO AMARO;RUA PRINCESA IZABEL;;ABALROAMENTO LONGITUDINAL;1;;;;1;;;;0;;Bom;Sem defeito;Perfeito estado;Seca;Perfeito estado;Faixa de pedestre;R-6a;;2019