data;hora;natureza_acidente;bairro;endereco;sentido_via;tipo;auto;moto;ciclista;pedestre;onibus;caminhao;viatura;outros;vitimas;vitimasfatais;tempo_clima;situacao_semaforo;sinalizacao;condicao_via;conservacao_via;ponto_controle;situacao_placa;velocidade_max_via;ano
05/09/2019;12:43:00;SEM VÍTIMA;SÃO JOSÉ;PRC DAS CINCO PONTAS;SUBURBIO;ABALROAMENTO LONGITUDINAL;1;1;;;1;;;;0;;Bom;Sem defeito;Perfeito estado;Seca;Perfeito estado;Faixa de pedestre;Não há placas;;2019
05/09/2019;13:13:00;SEM VÍTIMA;CAMPO GRANDE;RUA OTHON PARAISO;CIDADE;COLISÃO;2;;;;;;;;0;;;;;;;;;;2019
05/09/2019;13:24:00;SEM VÍTIMA;SANTO AMARO;AV NORTE;SUBURBIO;ABALROAMENTO LONGITUDINAL;1;;;;1;;;;0;;Bom;Sem defeito;Perfeito estado;Seca;Perfeito estado;;Outras;;2019
05/09/2019;14:40:00;SEM VÍTIMA;TAMARINEIRA;AV CONS ROSA E SILVA;SUBURBIO;ABALROAMENTO LONGITUDINAL;1;;;;1;;;;0;;Bom;Sem defeito;Perfeito estado;Seca;Perfeito estado;;;;2019
05/09/2019;14:46:00;SEM VÍTIMA;PARNAMIRIM;RUA SEBASTIAO MALTA ARCOVERDE;;COLISÃO TRASEIRA;3;;;;;;;;0;;Bom;Sem defeito;Perfeito estado;Seca;Perfeito estado;Faixa de pedestre;R-6a;40 km/h;2019
05/09/2019;14:49:00;SEM VÍTIMA;DERBY;PRC DO DERBY;;ABALROAMENTO LONGITUDINAL;1;;;;;1;;;0;;Bom;Não existe;Incompleta;Seca;Mal conservada;Não existe;Outras;;2019
05/09/2019;15:16:00;SEM VÍTIMA;BONGI;AV ENGENHEIRO ABDIAS DE CARVALHO;CIDADE;COLISÃO TRASEIRA;2;;;;;;;;0;;Bom;Sem defeito;Perfeito estado;Seca;Perfeito estado;Faixa de pedestre;Outras;60 km/h;2019
05/09/2019;15:42:00;SEM VÍTIMA;ILHA DO LEITE;;SUBURBIO;COLISÃO TRASEIRA;2;;;;;;;;0;;Bom;Não existe;Perfeito estado;Seca;Perfeito estado;Agente;Não há placas;30 km/h;2019
05/09/2019;16:12:00;COM VÍTIMA;JARDIM SÃO PAULO;RUA LEANDRO BARRETO;CIDADE;ABALROAMENTO TRANSVERSAL;1;;;;1;;;;3;;Bom;Não existe;Não existente;Seca;Perfeito estado;Não existe;Placas Dê a preferência;40 km/h;2019
05/09/2019;17:42:00;SEM VÍTIMA;MADALENA;RUA MANUEL BEZERRA;SUBURBIO;ABALROAMENTO TRANSVERSAL;2;;;;;;;;0;;Bom;Não existe;Perfeito estado;Seca;Perfeito estado;Outros;Outras;;2019
05/09/2019;17:54:00;COM VÍTIMA;SANTO AMARO;AV CRUZ CABUGA;CIDADE;ABALROAMENTO TRANSVERSAL;2;;;;;1;;;2;;Bom;Sem defeito;Perfeito estado;Seca;;Faixa de pedestre;R-4a;;2019
05/09/2019;18:35:00;SEM VÍTIMA;AREIAS;RUA JOSE NATARIO;SUBURBIO;ABALROAMENTO TRANSVERSAL;1;;;;;1;;;0;;Bom;Sem defeito;Ilegível;Seca;Perfeito estado;Não existe;Não há placas;60 km/h;2019
05/09/2019;18:41:00;SEM VÍTIMA;IMBIRIBEIRA;AV PRESIDENTE DUTRA;CIDADE;COLISÃO;2;;;;;;;;0;;;;;;;;;;2019
05/09/2019;18:53:00;SEM VÍTIMA;AFOGADOS;RUA NICOLAU PEREIRA;;COLISÃO;2;;;;;;;;0;;;;;;;;;;2019
05/09/2019;23:26:00;SEM VÍTIMA;BOA VIAGEM;RUA FRANCA PEREIRA;CIDADE;ABALROAMENTO LONGITUDINAL;2;;;;;;;;0;;Chuvoso;Não existe;Incompleta;Molhada;Perfeito estado;Não existe;Outras;;2019
06/09/2019;01:24:00;SEM VÍTIMA;IPSEP;AV PRESIDENTE DUTRA;SUBURBIO;CHOQUE OBJETO FIXO;1;;;;;;;;0;;Chuvoso;Não existe;Perfeito estado;Molhada;Perfeito estado;Não existe;Não há placas;;2019
06/09/2019;02:17:00;SEM VÍTIMA;BOA VIAGEM;AV ENGENHEIRO DOMINGOS FERREIRA;SUBURBIO;COLISÃO TRASEIRA;2;;;;;;;;0;;Chuvoso;Sem defeito;Perfeito estado;Molhada;Perfeito estado;Faixa de pedestre;Outras;;2019
06/09/2019;06:43:00;COM VÍTIMA;IBURA;AV DOM HELDER CAMARA;SUBURBIO CIDADE;ABALROAMENTO LONGITUDINAL;1;1;;;;;;;1;;Chuvoso;Não existe;Perfeito estado;Molhada;Perfeito estado;Não existe;Não há placas;60 km/h;2019
06/09/2019;07:15:00;COM VÍTIMA;ILHA JOANA BEZERRA;RUA CAPITAO TEMUDO;BOA VIAGEM;COLISÃO COM CICLISTA;;1;1;;;;;;1;;Chuvoso;Não existe;Perfeito estado;Molhada;Perfeito estado;Não existe;Não há placas;;2019
06/09/2019;07:27:00;SEM VÍTIMA;IBURA;RUA RIO XINGU;SUBURBIO;ABALROAMENTO LONGITUDINAL;1;1;;;;;;;0;;Chuvoso;Não existe;Perfeito estado;Molhada;Perfeito estado;Não existe;Não há placas;;2019
06/09/2019;07:33:00;SEM VÍTIMA;MADALENA;RUA DOM MANOEL DA COSTA;CIDADE;ABALROAMENTO TRANSVERSAL;3;;;;;;;;0;;Bom;Sem defeito;Incompleta;Seca;Perfeito estado;Não existe;R-6a;;2019
06/09/2019;07:53:00;SEM VÍTIMA;ESPINHEIRO;AV JOAO DE BARROS;CIDADE;COLISÃO;2;;;;;;;;0;;;;;;;;;;2019
06/09/2019;08:50:00;SEM VÍTIMA;IPSEP;AV RECIFE;CAXANGA;COLISÃO;2;;;;;;;;0;;;;;;;;;;2019
06/09/2019;09:04:00;SEM VÍTIMA;CASA FORTE;AV DEZESSETE DE AGOSTO;CIDADE;ABALROAMENTO TRANSVERSAL;2;;;;;;;;0;;Bom;Não existe;Perfeito estado;Seca;Perfeito estado;Não existe;Placas Pare;;2019
06/09/2019;09:14:00;SEM VÍTIMA;VÁRZEA;AV CAXANGA;SUBURBIO;ABALROAMENTO TRANSVERSAL;1;;;;;1;;;0;;Chuvoso;Sem defeito;Perfeito estado;Seca;Perfeito estado;Faixa de pedestre;R-6a;60 km/h;2019
06/09/2019;11:11:00;SEM VÍTIMA;AFOGADOS;RUA NICOLAU PEREIRA;SUBURBIO;ABALROAMENTO LONGITUDINAL;1;;;;1;;;;0;;Bom;Não existe;Perfeito estado;Seca;Perfeito estado;Não existe;Outras;;2019
06/09/2019;11:22:00;SEM VÍTIMA;CORDEIRO;AV MAURICIO DE NASSAU;CIDADE;ABALROAMENTO LONGITUDINAL;1;;;;1;;;;0;;Bom;Sem defeito;Perfeito estado;Seca;Perfeito estado;Faixa de pedestre;Outras;;2019
06/09/2019;11:53:00;SEM VÍTIMA;BAIRRO DO RECIFE;AV MILITAR;CIDADE;ABALROAMENTO LONGITUDINAL;2;;;;;;;;0;;Bom;Não existe;Incompleta;Seca;Perfeito estado;Não existe;R-6a;;2019
06/09/2019;12:21:00;SEM VÍTIMA;BOA VIAGEM;RUA JOAO CARDOSO AIRES;SUBURBIO;ABALROAMENTO TRANSVERSAL;2;;;;;;;;0;;Bom;Não existe;;Seca;Perfeito estado;Não existe;Placas Pare;40 km/h;2019
06/09/2019;12:23:00;SEM VÍTIMA;BEBERIBE;RUA JOAO BORBA MARANHAO;;COLISÃO;1;;;;;1;;;0;;;;;;;;;;2019
06/09/2019;12:46:00;COM VÍTIMA;SANTO AMARO;RUA AURORA;SUBURBIO;ABALROAMENTO LONGITUDINAL;1;1;;;;;;;1;;Bom;Não existe;Perfeito estado;Seca;Perfeito estado;Não existe;Outras;;2019
06/09/2019;12:53:00;SEM VÍTIMA;AREIAS;AV RECIFE;;COLISÃO TRASEIRA;1;1;;;;;;;0;;Bom;Sem defeito;Perfeito estado;Seca;Perfeito estado;;Outras;;2019
06/09/2019;13:05:00;SEM VÍTIMA;ESPINHEIRO;AV NORTE;CIDADE;COLISÃO TRASEIRA;2;;;;;;;;0;;Bom;Sem defeito;Perfeito estado;Seca;Perfeito estado;Faixa de retenção;R-4b;;2019
06/09/2019;14:42:00;SEM VÍTIMA;BOA VIAGEM;AV ENGENHEIRO DOMINGOS FERREIRA;SUBURBIO;COLISÃO TRASEIRA;2;;;;;;;;0;;Bom;Não existe;Perfeito estado;Seca;Perfeito estado;Não existe;;60 km/h;2019
06/09/2019;14:41:00;COM VÍTIMA;JIQUIÁ;AV DR JOSE RUFINO;CIDADE;ABALROAMENTO TRANSVERSAL;1;1;;;;;;;1;;Bom;Não existe;Perfeito estado;Seca;Perfeito estado;Não existe;Outras;;2019
06/09/2019;15:33:00;COM VÍTIMA;CABANGA;RUA COMANDANTE ANTONIO MANHAES DE MATTOS;;COLISÃO;1;1;;;;;;;1;;;;;;;;;;2019
06/09/2019;15:50:00;SEM VÍTIMA;HIPÓDROMO;RUA PROFESSOR JERONIMO GUEIROS;SUBURBIO;COLISÃO FRONTAL;2;;;;;;;;0;;Bom;Sem defeito;Incompleta;Seca;Perfeito estado;Não existe;Não há placas;40 km/h;2019
06/09/2019;15:56:00;SEM VÍTIMA;CASA AMARELA;RUA DA MANGABEIRA;;COLISÃO;3;1;;;;;;;0;;;;;;;;;;2019
06/09/2019;16:32:00;COM VÍTIMA;SANTO AMARO;AV GOVERNADOR AGAMENON MAGALHAES;SUBURBIO;ABALROAMENTO LONGITUDINAL;1;1;;;;;;;1;;Bom;Não existe;Perfeito estado;Seca;Perfeito estado;Não existe;Não há placas;;2019
06/09/2019;17:03:00;SEM VÍTIMA;ILHA JOANA BEZERRA;RUA CABO EUTROPIO;;COLISÃO;2;;;;;;;;0;;;;;;;;;;2019
06/09/2019;17:10:00;SEM VÍTIMA;DOIS IRMÃOS;RUA MANUEL DE MEDEIROS;CIDADE;ABALROAMENTO LONGITUDINAL;1;;;;;1;;;0;;Bom;Não existe;Perfeito estado;Seca;Perfeito estado;Não existe;Outras;;2019
06/09/2019;17:15:00;COM VÍTIMA;BOA VISTA;AV GOVERNADOR AGAMENON MAGALHAES;SUBURBIO;ATROPELAMENTO;;1;;1;;;;;2;;Chuvoso;Sem defeito;Perfeito estado;Molhada;Perfeito estado;Faixa de pedestre;;60 km/h;2019
06/09/2019;17:26:00;SEM VÍTIMA;JAQUEIRA;RUA DEPUTADO PEDRO PIRES FERREIRA;;COLISÃO;1;1;;;;;;;0;;;;;;;;;;2019
06/09/2019;18:17:00;COM VÍTIMA;IPSEP;RUA DR RAPOSO PINTO;;ABALROAMENTO LONGITUDINAL;1;1;;;;;;;1;;Bom;Não existe;Não existente;Seca;Perfeito estado;Não existe;Não há placas;;2019
06/09/2019;18:39:00;SEM VÍTIMA;DERBY;AV GOVERNADOR AGAMENON MAGALHAES;SUBURBIO;COLISÃO TRASEIRA;1;1;;;;;;;0;;Bom;Sem defeito;Perfeito estado;Seca;Perfeito estado;Não existe;Não há placas;;2019
06/09/2019;19:53:00;SEM VÍTIMA;IPSEP;AV RECIFE;;COLISÃO;2;;;;;;;;0;;;;;;;;;;2019
06/09/2019;20:20:00;COM VÍTIMA;IMBIRIBEIRA;AV PINHEIROS;SUBURBIO;ABALROAMENTO TRANSVERSAL;1;1;;;;;;;1;;Bom;Não existe;Incompleta;Seca;Perfeito estado;Não existe;Outras;;2019
06/09/2019;20:58:00;SEM VÍTIMA;ILHA DO LEITE;RUA GENERAL JOAQUIM INACIO;CIDADE;ABALROAMENTO LONGITUDINAL;2;;;;;;;;0;;Bom;Não existe;Ilegível;Seca;Mal iluminada;Não existe;Não há placas;;2019
06/09/2019;21:12:00;SEM VÍTIMA;ÁGUA FRIA;AV BEBERIBE;;CHOQUE OBJETO FIXO;1;;;;;;;;0;;;;;;;;;;2019
11/09/2019;08:00:00;COM VÍTIMA;ESPINHEIRO;RUA DO ESPINHEIRO;CIDADE;ABALROAMENTO LONGITUDINAL;1;1;;;;;;;1;;Bom;Não existe;Perfeito estado;Seca;Perfeito estado;Faixa de pedestre;R-6a;;2019
06/09/2019;23:17:00;COM VÍTIMA;CAMPO GRANDE;RUA ODORICO MENDES;CIDADE;COLISÃO FRONTAL;2;1;;;;;;;2;;Bom;Não existe;Perfeito estado;Seca;Perfeito estado;Não existe;R-6a;;2019
07/09/2019;04:55:00;SEM VÍTIMA;IMBIRIBEIRA;AV MARECHAL MASCARENHAS DE MORAES;SUBURBIO;CHOQUE OBJETO FIXO;1;;;;;;;;0;;Chuvoso;Sem defeito;Perfeito estado;Molhada;Perfeito estado;;R-6a;50 km/h;2019
07/09/2019;06:12:00;SEM VÍTIMA;BOA VIAGEM;AV CONSELHEIRO AGUIAR;CIDADE;ABALROAMENTO LONGITUDINAL;1;;;;1;;;;0;;Chuvoso;Não existe;Perfeito estado;Molhada;Perfeito estado;Não existe;Outras;;2019
07/09/2019;07:48:00;SEM VÍTIMA;CAJUEIRO;AV BEBERIBE;;COLISÃO;1;;;;1;;;;0;;;;;;;;;;2019
07/09/2019;08:06:00;COM VÍTIMA;ILHA JOANA BEZERRA;AV CENTRAL;;ATROPELAMENTO;;;;1;1;;;;1;;Bom;Não existe;Perfeito estado;Seca;Perfeito estado;Faixa de pedestre;R-6a;20 km/h;2019
07/09/2019;08:14:00;SEM VÍTIMA;ROSARINHO;AV SANTOS DUMONT;;ABALROAMENTO LONGITUDINAL;2;;;;;;;;0;;Chuvoso;Não existe;Perfeito estado;Molhada;Perfeito estado;Não existe;Não há placas;;2019
07/09/2019;09:01:00;SEM VÍTIMA;;AV GOVERNADOR AGAMENON MAGALHAES;SUBURBIO;COLISÃO TRASEIRA;2;;;;;;;;0;;Bom;Não existe;Perfeito estado;Seca;Perfeito estado;Não existe;Não há placas;60 km/h;2019
07/09/2019;09:34:00;COM VÍTIMA;CAMPO GRANDE;RUA PRUDENTE DE MORAES;CIDADE;COLISÃO;1;1;;;;;;;1;;Bom;Não existe;Perfeito estado;Seca;Perfeito estado;Não existe;Outras;;2019
07/09/2019;09:43:00;SEM VÍTIMA;IMBIRIBEIRA;AV MARECHAL MASCARENHAS DE MORAES;SUBURBIO;COLISÃO TRASEIRA;2;;;;;;;;0;;Bom;Não existe;Perfeito estado;Seca;Perfeito estado;Não existe;Não há placas;;2019
07/09/2019;10:32:00;SEM VÍTIMA;BOA VISTA;RUA DA AURORA;SUBURBIO;CHOQUE OBJETO FIXO;1;;;;;;;;0;;Bom;Não existe;Perfeito estado;Seca;Perfeito estado;Faixa de pedestre;Não há placas;;2019
07/09/2019;11:01:00;SEM VÍTIMA;PORTO DA MADEIRA;RUA DONA VIRTUOSA DE LUCENA;SUBURBIO;ABALROAMENTO LONGITUDINAL;2;;;;;;;;0;;Chuvoso;Não existe;Perfeito estado;Seca;Perfeito estado;Outros;R-6a;;2019
07/09/2019;14:36:00;SEM VÍTIMA;AFOGADOS;RUA VINTE E UM DE ABRIL;;COLISÃO;2;;;;;;;;0;;;;;;;;;;2019
07/09/2019;14:46:00;SEM VÍTIMA;BOA VIAGEM;RUA TOME GIBSON;;COLISÃO;2;;;;;;;;0;;;;;;;;;;2019
07/09/2019;15:39:00;SEM VÍTIMA;MADALENA;RUA BENFICA;CIDADE;ABALROAMENTO TRANSVERSAL;2;;;;;;;;0;;Chuvoso;Sem defeito;Perfeito estado;;Perfeito estado;Faixa de pedestre;R-6a;;2019
07/09/2019;16:06:00;SEM VÍTIMA;PINA;RUA BEM TE VI;SUBURBIO;COLISÃO TRASEIRA;2;;;;;;;;0;;Bom;Não existe;Perfeito estado;Seca;Perfeito estado;Não existe;Não há placas;40 km/h;2019
07/09/2019;17:07:00;COM VÍTIMA;SANTO AMARO;AV GOVERNADOR AGAMENON MAGALHAES;SUBURBIO;COLISÃO;1;1;;;;;;;1;;Bom;Não existe;Perfeito estado;Seca;;Não existe;Não há placas;;2019
07/09/2019;18:26:00;SEM VÍTIMA;BOA VIAGEM;AV BOA VIAGEM;CIDADE;COLISÃO TRASEIRA;3;;;;;;;;0;;Bom;Sem defeito;Perfeito estado;Seca;Perfeito estado;Faixa de pedestre;Não há placas;;2019
07/09/2019;19:07:00;COM VÍTIMA;PRADO;RUA SANTA EDWIRGES;;ABALROAMENTO TRANSVERSAL;1;;;;1;;;;1;;Bom;Não existe;Incompleta;Seca;;Não existe;Outras;;2019
07/09/2019;19:20:00;COM VÍTIMA;MADALENA;RUA BENFICA;;COLISÃO;1;1;;;;;;;1;;Chuvoso;Sem defeito;Incompleta;Seca;Outros;Não existe;;40 km/h;2019
07/09/2019;21:11:00;SEM VÍTIMA;JORDÃO;AV MARIA IRENE;SUBURBIO;COLISÃO TRASEIRA;2;;;;;;;;0;;Chuvoso;Não existe;Perfeito estado;Molhada;Perfeito estado;Não existe;Não há placas;;2019
07/09/2019;21:32:00;SEM VÍTIMA;IMBIRIBEIRA;AV MARECHAL MASCARENHAS DE MORAES;SUBURBIO;ABALROAMENTO TRANSVERSAL;2;;;;;;;;0;;Bom;Não existe;Perfeito estado;Seca;Perfeito estado;Outros;Placas Pare;;2019
07/09/2019;21:52:00;SEM VÍTIMA;ROSARINHO;AV NORTE;;CHOQUE OBJETO FIXO;1;;;;;;;;0;;Bom;Sem defeito;Perfeito estado;Seca;Perfeito estado;Faixa de pedestre;;60 km/h;2019
08/09/2019;02:20:00;SEM VÍTIMA;CAMPO GRANDE;EST DE BELEM;SUBURBIO;ABALROAMENTO TRANSVERSAL;2;;;;;;;;0;;Bom;Sem defeito;Perfeito estado;Seca;Perfeito estado;Faixa de pedestre;Não há placas;;2019
08/09/2019;04:22:00;COM VÍTIMA;SANTO AMARO;AV GOVERNADOR AGAMENON MAGALHAES;;COLISÃO;1;1;;;;;;;1;;Bom;Sem defeito;Perfeito estado;Seca;Perfeito estado;Faixa de pedestre;Não há placas;;2019
08/09/2019;05:41:00;SEM VÍTIMA;MACAXEIRA;AV NORTE;SUBURBIO;CHOQUE OBJETO FIXO;1;;;;;;;;0;;Bom;Sem defeito;Perfeito estado;Seca;Perfeito estado;Faixa de pedestre;;;2019
08/09/2019;07:12:00;SEM VÍTIMA;SAN MARTIN;RUA VINTE E UM DE ABRIL;;COLISÃO;2;;;;;;;;0;;;;;;;;;;2019
08/09/2019;07:33:00;SEM VÍTIMA;COHAB;RUA ENGENHO NORUEGA;SUBURBIO;CHOQUE OBJETO FIXO;1;;;;;;;;0;;Bom;Não existe;Não existente;Seca;Mal conservada;Não existe;Não há placas;;2019
08/09/2019;07:37:00;COM VÍTIMA;COELHOS;RUA SAO GONCALO;SUBURBIO;COLISÃO;2;1;;;;;;;1;;Bom;Não existe;Perfeito estado;Seca;Perfeito estado;Não existe;Outras;;2019
08/09/2019;11:06:00;SEM VÍTIMA;AREIAS;AV CAPITAO GREGORIO DE CALDAS;SUBURBIO;COLISÃO;1;;;;;1;;;0;;;;;;;;;;2019
08/09/2019;11:42:00;SEM VÍTIMA;DOIS IRMÃOS;RUA DOIS IRMAOS;CIDADE;COLISÃO TRASEIRA;4;;;;;;;;0;;Bom;Não existe;Perfeito estado;Seca;Perfeito estado;Não existe;R-6a;;2019
08/09/2019;12:02:00;COM VÍTIMA;DERBY;RUA BARAO DE GOIANA;;COLISÃO;1;1;;;;;;;2;;;;;;;;;;2019
08/09/2019;12:11:00;COM VÍTIMA;ENCRUZILHADA;AV BEBERIBE;;ABALROAMENTO LONGITUDINAL;1;1;;;;;;;1;;Chuvoso;Sem defeito;Perfeito estado;Molhada;;Faixa de pedestre;R-6a;;2019
08/09/2019;13:32:00;SEM VÍTIMA;BOA VIAGEM;RUA ANTONIO FALCAO;;CHOQUE VEÍCULO PARADO;2;;;;;;;;0;;Bom;Não existe;Perfeito estado;Seca;Perfeito estado;Não existe;Outras;;2019
08/09/2019;13:36:00;SEM VÍTIMA;SÃO JOSÉ;AV SUL;CIDADE;ABALROAMENTO LONGITUDINAL;1;1;;;;;;;0;;Chuvoso;Não existe;Perfeito estado;Seca;Perfeito estado;Não existe;Não há placas;;2019
08/09/2019;13:50:00;SEM VÍTIMA;TORRE;RUA JOSE BONIFACIO;SUBURBIO;ABALROAMENTO LONGITUDINAL;1;1;;;;;;;0;;Bom;Não existe;Incompleta;Seca;Perfeito estado;Não existe;Outras;40 km/h;2019
08/09/2019;14:01:00;SEM VÍTIMA;ESTÂNCIA;AV RECIFE;;COLISÃO;2;;;;;;;;0;;;;;;;;;;2019
08/09/2019;14:30:00;SEM VÍTIMA;;AV PERNAMBUCO;SUBURBIO;ABALROAMENTO LONGITUDINAL;1;;;;1;;;;0;;Bom;Não existe;Ilegível;Seca;Perfeito estado;Não existe;R-6a;;2019
08/09/2019;17:09:00;SEM VÍTIMA;ILHA DO LEITE;AV BEIRA RIO;CIDADE;ABALROAMENTO LONGITUDINAL;1;1;;;;;;;0;;Bom;Não existe;Perfeito estado;Seca;Perfeito estado;;Outras;;2019
08/09/2019;18:31:00;SEM VÍTIMA;IBURA;RUA RIBEIRAO VERMELHO;SUBURBIO;COLISÃO TRASEIRA;2;;;;;;;;0;;Bom;Não existe;Não existente;Seca;Mal conservada;Não existe;Não há placas;;2019
08/09/2019;21:48:00;SEM VÍTIMA;NOVA DESCOBERTA;AV VEREADOR OTACILIO AZEVEDO;SUBURBIO;CHOQUE VEÍCULO PARADO;2;;;;1;;;;0;;Bom;Não existe;Incompleta;Seca;Mal iluminada;Não existe;Outras;;2019
08/09/2019;23:22:00;SEM VÍTIMA;TAMARINEIRA;EST VELHA DE AGUA FRIA;SUBURBIO;ABALROAMENTO TRANSVERSAL;1;;;;;;;;0;;Chuvoso;Sem defeito;Perfeito estado;Molhada;Perfeito estado;Faixa de pedestre;;;2019
09/09/2019;00:12:00;SEM VÍTIMA;MANGABEIRA;AV NORTE;SUBURBIO;ABALROAMENTO LONGITUDINAL;1;1;;;;;;;0;;Chuvoso;Sem defeito;Perfeito estado;Molhada;Perfeito estado;Faixa de pedestre;R-6a;;2019
09/09/2019;00:12:00;SEM VÍTIMA;IMBIRIBEIRA;AV MARECHAL MASCARENHAS DE MORAES;;COLISÃO TRASEIRA;3;;;;;;;;0;;Bom;Não existe;Perfeito estado;Seca;Perfeito estado;Não existe;Não há placas;;2019
09/09/2019;01:37:00;SEM VÍTIMA;BOA VIAGEM;AV DES JOSE NEVES;CIDADE;CHOQUE VEÍCULO PARADO;1;1;;;;;;;0;;Bom;Não existe;Perfeito estado;Seca;Perfeito estado;;R-6a;50 km/h;2019
09/09/2019;05:45:00;SEM VÍTIMA;CAXANGÁ;AV JOAQUIM RIBEIRO;;ABALROAMENTO LONGITUDINAL;1;;;;;1;;;0;;Bom;Sem defeito;Perfeito estado;Seca;Perfeito estado;Faixa de pedestre;;;2019
09/09/2019;07:36:00;SEM VÍTIMA;VÁRZEA;RUA PROFESSOR CHAVES BATISTA;;ABALROAMENTO LONGITUDINAL;1;;;;1;;;;0;;Bom;Não existe;Perfeito estado;Seca;Perfeito estado;Faixa de pedestre;Não há placas;;2019
09/09/2019;08:01:00;SEM VÍTIMA;CORDEIRO;RUA PEREIRA DE MORAES;;ABALROAMENTO TRANSVERSAL;2;;;;;;;;0;;Bom;Não existe;Não existente;Seca;Perfeito estado;Não existe;Não há placas;;2019
09/09/2019;08:48:00;SEM VÍTIMA;IMBIRIBEIRA;AV MARECHAL MASCARENHAS DE MORAES;SUBURBIO;ABALROAMENTO LONGITUDINAL;1;;;;1;;;;0;;Bom;Sem defeito;Perfeito estado;Seca;Perfeito estado;Faixa de pedestre;Não há placas;;2019
09/09/2019;09:03:00;SEM VÍTIMA;BOA VIAGEM;RUA PROFESSOR AUGUSTO LINS E SILVA;CIDADE;ABALROAMENTO LONGITUDINAL;2;;;;;;;;0;;Bom;Não existe;Perfeito estado;Seca;Perfeito estado;Outros;Placas Pare;;2019
09/09/2019;09:54:00;SEM VÍTIMA;CASA AMARELA;RUA XAVANTES;SUBURBIO;ABALROAMENTO TRANSVERSAL;1;1;;;;;;;0;;Bom;Não existe;Perfeito estado;Seca;Perfeito estado;;Placas Pare;;2019
09/09/2019;09:54:00;COM VÍTIMA;SÃO JOSÉ;RUA IMPERIAL;;ATROPELAMENTO;;1;;1;;;;;1;;Bom;Não existe;Perfeito estado;Seca;Perfeito estado;Não existe;Não há placas;50 km/h;2019
09/09/2019;09:57:00;SEM VÍTIMA;BOA VIAGEM;AV CONSELHEIRO AGUIAR;CIDADE;CHOQUE VEÍCULO PARADO;1;;;;1;;;;0;;Bom;Sem defeito;Perfeito estado;Seca;Perfeito estado;Faixa de pedestre;Não há placas;60 km/h;2019
09/09/2019;11:08:00;SEM VÍTIMA;CAMPO GRANDE;EST DE BELEM;SUBURBIO;ABALROAMENTO LONGITUDINAL;2;;;;;;;;0;;Bom;Não existe;Perfeito estado;Seca;Perfeito estado;Não existe;R-6a;;2019
09/09/2019;11:30:00;SEM VÍTIMA;VÁRZEA;RUA AMARO GOMES POROCA;SUBURBIO;ABALROAMENTO LONGITUDINAL;1;;;;1;;;;0;;Bom;Não existe;Perfeito estado;Seca;Perfeito estado;Faixa de pedestre;R-6a;30 km/h;2019
09/09/2019;11:59:00;SEM VÍTIMA;PRADO;AV ENGENHEIRO ABDIAS DE CARVALHO;SUBURBIO;ABALROAMENTO LONGITUDINAL;2;;;;;;;;0;;Bom;Não existe;Perfeito estado;Seca;Perfeito estado;Outros;Outras;60 km/h;2019
09/09/2019;12:22:00;SEM VÍTIMA;BOA VISTA;AV CONDE DA BOA VISTA;SUBURBIO;ABALROAMENTO LONGITUDINAL;1;;;;1;;;;0;;Bom;Sem defeito;Incompleta;Seca;Perfeito estado;Agente;;;2019
09/09/2019;12:37:00;SEM VÍTIMA;IPUTINGA;AV CAXANGA;SUBURBIO;ABALROAMENTO LONGITUDINAL;;1;;;1;;;;0;;Bom;Sem defeito;Perfeito estado;Seca;Perfeito estado;Agente;;;2019
09/09/2019;12:46:00;SEM VÍTIMA;BAIRRO DO RECIFE;AV ALFREDO LISBOA;SUBURBIO;COLISÃO TRASEIRA;2;;;;;;;;0;;Bom;Não existe;Perfeito estado;Seca;Perfeito estado;Não existe;Não há placas;30 km/h;2019
09/09/2019;12:49:00;SEM VÍTIMA;GRAÇAS;AV GOVERNADOR AGAMENON MAGALHAES;;COLISÃO TRASEIRA;4;;;;;;;;0;;Bom;Sem defeito;Perfeito estado;Seca;Perfeito estado;Faixa de pedestre;;;2019
09/09/2019;12:51:00;SEM VÍTIMA;BOA VISTA;RUA AURORA;SUBURBIO;ABALROAMENTO LONGITUDINAL;1;;;;1;;;;0;;Bom;Não existe;Incompleta;Seca;Mal conservada;Não existe;Outras;;2019
09/09/2019;12:52:00;SEM VÍTIMA;MADALENA;RUA SPORT CLUBE DO RECIFE;CIDADE;ABALROAMENTO LONGITUDINAL;1;;;;;1;;;0;;Bom;Não existe;Perfeito estado;Seca;Perfeito estado;Não existe;Não há placas;60 km/h;2019
09/09/2019;12:53:00;SEM VÍTIMA;BOA VIAGEM;RUA BARAO DE SOUZA LEAO;;COLISÃO;2;;;;;;;;0;;;;;;;;;;2019
09/09/2019;14:30:00;SEM VÍTIMA;PRADO;AV ENGENHEIRO ABDIAS DE CARVALHO;;ABALROAMENTO TRANSVERSAL;2;;;;;;;;0;;Bom;Não existe;Não existente;Seca;Mal conservada;Outros;Outras;60 km/h;2019
09/09/2019;14:30:00;SEM VÍTIMA;VÁRZEA;AV CAXANGA;SUBURBIO;ABALROAMENTO LONGITUDINAL;2;;;;;;;;0;;Bom;Sem defeito;Perfeito estado;Seca;Perfeito estado;Faixa de pedestre;R-6a;;2019