data;hora;natureza_acidente;bairro;endereco;sentido_via;tipo;auto;moto;ciclista;pedestre;onibus;caminhao;viatura;outros;vitimas;vitimasfatais;tempo_clima;situacao_semaforo;sinalizacao;condicao_via;conservacao_via;ponto_controle;situacao_placa;velocidade_max_via;ano
09/09/2019;14:53:00;SEM VÍTIMA;BOA VIAGEM;RUA JOSE HIPOLITO CARDOSO;;COLISÃO;1;;;;;1;;;0;;;;;;;;;;2019
09/09/2019;15:18:00;SEM VÍTIMA;JARDIM SÃO PAULO;RUA LEANDRO BARRETO;SUBURBIO;COLISÃO TRASEIRA;1;;;;1;;;;0;;Bom;Não existe;Perfeito estado;Seca;Perfeito estado;Faixa de pedestre;Não há placas;;2019
09/09/2019;15:22:00;COM VÍTIMA;BOA VISTA;RUA DO HOSPICIO;;ATROPELAMENTO;;1;;;;;;;1;;;;;;;;;;2019
09/09/2019;15:46:00;SEM VÍTIMA;SANTO AMARO;RUA TREZE DE MAIO;SUBURBIO;ABALROAMENTO LONGITUDINAL;1;;;;1;;;;0;;Bom;Sem defeito;Perfeito estado;Seca;Perfeito estado;Não existe;Não há placas;;2019
09/09/2019;15:49:00;SEM VÍTIMA;DERBY;AV GOVERNADOR AGAMENON MAGALHAES;;COLISÃO TRASEIRA;1;;;;;1;;;0;;Bom;Não existe;Perfeito estado;Seca;Perfeito estado;Não existe;Não há placas;60 km/h;2019
09/09/2019;16:11:00;SEM VÍTIMA;ESTÂNCIA;RUA SAO MIGUEL;SUBURBIO;ABALROAMENTO LONGITUDINAL;1;;;;;1;;;0;;Bom;Não existe;Perfeito estado;Seca;Perfeito estado;Não existe;;;2019
09/09/2019;16:23:00;SEM VÍTIMA;ILHA DO LEITE;RUA PAISSANDU;;COLISÃO;2;;;;;;;;0;;;;;;;;;;2019
09/09/2019;16:47:00;SEM VÍTIMA;SANTO ANTÔNIO;RUA PRINCESA IZABEL;;ABALROAMENTO LONGITUDINAL;1;;;;1;;;;0;;Bom;Não existe;Perfeito estado;Seca;Perfeito estado;Outros;;;2019
09/09/2019;16:47:00;COM VÍTIMA;TORRE;RUA SOUZA BANDEIRA;;ATROPELAMENTO;1;;;1;;;;;1;;Bom;Não existe;Incompleta;Seca;Mal conservada;Outros;Outras;30 km/h;2019
09/09/2019;17:21:00;SEM VÍTIMA;APIPUCOS;AV DEZESSETE DE AGOSTO;;COLISÃO;1;1;;;;;;;0;;;;;;;;;;2019
09/09/2019;17:55:00;SEM VÍTIMA;;RUA SA E SOUZA;;ABALROAMENTO LONGITUDINAL;1;;;;1;;;;0;;Bom;Sem defeito;Perfeito estado;Seca;Perfeito estado;Faixa de pedestre;R-6a;60 km/h;2019
09/09/2019;18:14:00;SEM VÍTIMA;BAIRRO DO RECIFE;AV ALFREDO LISBOA;SUBURBIO;COLISÃO TRASEIRA;2;;;;;;;;0;;Bom;Não existe;Perfeito estado;Seca;Perfeito estado;Agente;Não há placas;30 km/h;2019
09/09/2019;18:25:00;SEM VÍTIMA;MUSTARDINHA;RUA TEJUCUPAPO;SUBURBIO;ABALROAMENTO TRANSVERSAL;1;;;;;;;2;0;;Bom;Não existe;Perfeito estado;Seca;Perfeito estado;Não existe;R-6a;;2019
09/09/2019;18:34:00;SEM VÍTIMA;MADALENA;EST DOS REMEDIOS;SUBURBIO;ABALROAMENTO LONGITUDINAL;1;1;;;;;;;0;;Bom;Não existe;Perfeito estado;Seca;Perfeito estado;Não existe;Não há placas;;2019
09/09/2019;18:43:00;SEM VÍTIMA;VÁRZEA;AV CAXANGA;CIDADE;ABALROAMENTO LONGITUDINAL;1;;;;;1;;;0;;Bom;Não existe;Incompleta;Seca;Perfeito estado;Não existe;R-6a;;2019
09/09/2019;19:08:00;SEM VÍTIMA;SAN MARTIN;AV ENGENHEIRO ABDIAS DE CARVALHO;SUBURBIO;CHOQUE VEÍCULO PARADO;2;;;;;;;;0;;Bom;Não existe;Perfeito estado;Seca;Perfeito estado;Não existe;Não há placas;;2019
09/09/2019;19:43:00;COM VÍTIMA;MADALENA;AV VISCONDE DE ALBUQUERQUE;SUBURBIO;COLISÃO;1;1;;;;;;;1;;Bom;Não existe;Não existente;Seca;Perfeito estado;Não existe;R-6a;;2019
09/09/2019;19:50:00;SEM VÍTIMA;VÁRZEA;RUA PROFESSOR CHAVES BATISTA;;COLISÃO;1;;;;1;;;;0;;;;;;;;;;2019
09/09/2019;19:51:00;SEM VÍTIMA;VÁRZEA;RUA PROFESSOR CHAVES BATISTA;;COLISÃO;1;;;;1;;;;0;;;;;;;;;;2019
09/09/2019;20:02:00;SEM VÍTIMA;BOMBA DO HEMETÉRIO;RUA BOMBA DO HEMETERIO;SUBURBIO;ABALROAMENTO TRANSVERSAL;1;1;;;;;;;0;;Bom;Não existe;Perfeito estado;Seca;Perfeito estado;Não existe;Outras;;2019
09/09/2019;20:58:00;SEM VÍTIMA;BOA VIAGEM;RUA BRUNO VELOSO;;ABALROAMENTO TRANSVERSAL;2;;;;;;;;0;;Bom;Sem defeito;Perfeito estado;Seca;Perfeito estado;Faixa de pedestre;R-6a;60 km/h;2019
10/09/2019;05:55:00;SEM VÍTIMA;PRADO;RUA CARLOS GOMES;SUBURBIO;ABALROAMENTO LONGITUDINAL;2;;;;;;;;0;;Bom;Não existe;Perfeito estado;Seca;Perfeito estado;Não existe;Não há placas;;2019
10/09/2019;06:02:00;COM VÍTIMA;MACAXEIRA;AV JOSE AMERICO DE ALMEIDA;AV NORTE;COLISÃO;;1;;;1;;;;1;;;;;;;;;;2019
10/09/2019;07:21:00;SEM VÍTIMA;ILHA DO LEITE;AV GOVERNADOR AGAMENON MAGALHAES;BOA VIAGEM;COLISÃO;2;;;;;;;;0;;;;;;;;;;2019
10/09/2019;07:55:00;COM VÍTIMA;DOIS IRMÃOS;RUA MANUEL DE MEDEIROS;CIDADE;COLISÃO;1;1;;;;;;;1;;Bom;Não existe;Ilegível;Seca;Perfeito estado;Não existe;R-6a;;2019
10/09/2019;08:03:00;SEM VÍTIMA;GRAÇAS;AV RUI BARBOSA;CIDADE;ABALROAMENTO LONGITUDINAL;2;;;;;;;;0;;Bom;Sem defeito;Perfeito estado;Seca;Perfeito estado;Faixa de pedestre;;;2019
10/09/2019;08:22:00;SEM VÍTIMA;MADALENA;AV VISCONDE DE ALBUQUERQUE;SUBURBIO;COLISÃO TRASEIRA;2;;;;;;;;0;;Bom;Sem defeito;Perfeito estado;Seca;Perfeito estado;;Outras;;2019
10/09/2019;08:41:00;SEM VÍTIMA;CAXANGÁ;AV CAXANGA;;COLISÃO;2;;;;;;;;0;;;;;;;;;;2019
10/09/2019;08:42:00;SEM VÍTIMA;CASA AMARELA;AV NORTE;CIDADE;COLISÃO;1;;;;;;;1;0;;;;;;;;;;2019
10/09/2019;09:04:00;SEM VÍTIMA;JORDÃO;AV MARIA IRENE;SUBURBIO;ABALROAMENTO LONGITUDINAL;1;1;;;;;;;0;;Bom;Não existe;Incompleta;Seca;Perfeito estado;Não existe;Outras;;2019
10/09/2019;09:25:00;SEM VÍTIMA;POÇO DA PANELA;RUA DOS ARCOS;CIDADE;CHOQUE VEÍCULO PARADO;2;;;;;;;;0;;Bom;;;Seca;Perfeito estado;;;30 km/h;2019
10/09/2019;09:57:00;SEM VÍTIMA;MADALENA;RUA DEMOCRITO DE SOUZA FILHO;CIDADE;COLISÃO TRASEIRA;2;;;;;;;;0;;Bom;Não existe;Perfeito estado;Seca;Perfeito estado;Não existe;Outras;;2019
10/09/2019;10:30:00;SEM VÍTIMA;BOA VIAGEM;RUA VISCONDE DE JEQUITINHONHA;SUBURBIO;COLISÃO TRASEIRA;2;;;;;;;;0;;Bom;Não existe;Perfeito estado;Seca;Perfeito estado;Não existe;Outras;60 km/h;2019
10/09/2019;10:34:00;SEM VÍTIMA;BOA VISTA;AV MANOEL BORBA;SUBURBIO;COLISÃO TRASEIRA;2;;;;;;;;0;;Bom;Não existe;Perfeito estado;Seca;Perfeito estado;Não existe;R-6a;;2019
10/09/2019;10:47:00;SEM VÍTIMA;ALTO JOSÉ BONIFÁCIO;RUA ALTO JOSE BONIFACIO;SUBURBIO;ABALROAMENTO LONGITUDINAL;2;;;;;;;;0;;Bom;Não existe;Perfeito estado;Seca;Perfeito estado;Não existe;Outras;;2019
10/09/2019;10:51:00;SEM VÍTIMA;TORRÕES;AV ENGENHEIRO ABDIAS DE CARVALHO;SUBURBIO;COLISÃO TRASEIRA;2;;;;;;;;0;;Bom;Sem defeito;Perfeito estado;Seca;Perfeito estado;Faixa de pedestre;R-6a;;2019
10/09/2019;10:56:00;SEM VÍTIMA;CASA FORTE;PRC DE CASA FORTE;CIDADE;ABALROAMENTO LONGITUDINAL;2;;;;;;;;0;;Bom;Não existe;Perfeito estado;Seca;Perfeito estado;;;30 km/h;2019
10/09/2019;11:34:00;COM VÍTIMA;ENCRUZILHADA;EST DE BELEM;SUBURBIO;ABALROAMENTO LONGITUDINAL;1;1;;;;;;;1;;Bom;Não existe;Perfeito estado;Seca;Perfeito estado;Não existe;Outras;;2019
10/09/2019;11:39:00;SEM VÍTIMA;BOA VIAGEM;AV VINTE DE JANEIRO;;COLISÃO;2;;;;;;;;0;;;;;;;;;;2019
10/09/2019;12:02:00;COM VÍTIMA;BOA VISTA;AV CONDE DA BOA VISTA;SUBURBIO;ABALROAMENTO TRANSVERSAL;;1;;;;;;1;1;;Bom;Sem defeito;Perfeito estado;Seca;Perfeito estado;Faixa de pedestre;Não há placas;;2019
10/09/2019;12:06:00;SEM VÍTIMA;PINA;AV ANTONIO DE GOES;CIDADE;ABALROAMENTO LONGITUDINAL;1;1;;;;;;;0;;Bom;Sem defeito;Perfeito estado;Seca;Perfeito estado;Agente;;60 km/h;2019
10/09/2019;12:34:00;SEM VÍTIMA;JARDIM SÃO PAULO;RUA LEANDRO BARRETO;CIDADE;ABALROAMENTO LONGITUDINAL;1;;;;1;;;;0;;Bom;Não existe;Incompleta;Seca;Perfeito estado;Não existe;R-6a;;2019
10/09/2019;13:20:00;SEM VÍTIMA;CAJUEIRO;RUA MONTE CASTELO;;COLISÃO;2;;;;;;;;0;;;;;;;;;;2019
10/09/2019;13:40:00;COM VÍTIMA;SÃO JOSÉ;C SANTA RITA;CIDADE;ABALROAMENTO LONGITUDINAL;1;1;;;;;;;2;;Bom;Não existe;Perfeito estado;Seca;Perfeito estado;Não existe;Não há placas;;2019
10/09/2019;13:43:00;SEM VÍTIMA;PINA;AV HERCULANO BANDEIRA;SUBURBIO;ABALROAMENTO LONGITUDINAL;2;;;;;;;;0;;Bom;Sem defeito;Perfeito estado;Seca;Perfeito estado;Faixa de pedestre;;;2019
10/09/2019;13:45:00;SEM VÍTIMA;BOA VIAGEM;AV BOA VIAGEM;CIDADE;COLISÃO TRASEIRA;2;;;;;;;;0;;Bom;Sem defeito;Perfeito estado;Seca;Perfeito estado;Faixa de pedestre;;;2019
10/09/2019;14:23:00;SEM VÍTIMA;BOA VIAGEM;RUA BARAO DE SOUZA LEAO;CIDADE;ABALROAMENTO LONGITUDINAL;2;;;;;;;;0;;Bom;Sem defeito;Perfeito estado;Seca;Perfeito estado;;Outras;60 km/h;2019
10/09/2019;14:54:00;SEM VÍTIMA;CORDEIRO;AV GENERAL SAN MARTIN;SUBURBIO;COLISÃO FRONTAL;1;1;;;;;;;0;;Bom;Sem defeito;Perfeito estado;Seca;Perfeito estado;Faixa de pedestre;R-6a;;2019
10/09/2019;15:13:00;SEM VÍTIMA;AFOGADOS;AV SUL;CIDADE;ABALROAMENTO LONGITUDINAL;1;1;;;;;;;0;;Bom;Não existe;Perfeito estado;Seca;Perfeito estado;Não existe;Não há placas;;2019
10/09/2019;15:17:00;SEM VÍTIMA;MANGABEIRA;AV NORTE;SUBURBIO;COLISÃO TRASEIRA;1;;;;;;1;;0;;Bom;Sem defeito;Perfeito estado;Seca;Perfeito estado;Faixa de pedestre;Não há placas;40 km/h;2019
10/09/2019;15:29:00;SEM VÍTIMA;VÁRZEA;AV CAXANGA;SUBURBIO;ABALROAMENTO LONGITUDINAL;1;;;;1;;;;0;;Bom;Não existe;Perfeito estado;Seca;Perfeito estado;Não existe;Não há placas;60 km/h;2019
10/09/2019;16:18:00;SEM VÍTIMA;PINA;AV REPUBLICA DO LIBANO;;ABALROAMENTO LONGITUDINAL;2;;;;;;;;0;;Bom;Não existe;Perfeito estado;Seca;Perfeito estado;Não existe;;;2019
10/09/2019;17:40:00;SEM VÍTIMA;PORTO DA MADEIRA;RUA ARAPARI;;COLISÃO;1;1;;;;;;;0;;;;;;;;;;2019
10/09/2019;18:10:00;COM VÍTIMA;CORDEIRO;AV GENERAL SAN MARTIN;SUBURBIO;ATROPELAMENTO;;;;1;;;;;1;;Bom;Não existe;Ilegível;Seca;Perfeito estado;Não existe;Não há placas;;2019
10/09/2019;18:33:00;COM VÍTIMA;BOA VIAGEM;RUA BARAO DE SOUZA LEAO;CIDADE;COLISÃO COM CICLISTA;1;;1;;;;;;2;;Bom;Sem defeito;Perfeito estado;Seca;Perfeito estado;Não existe;;;2019
10/09/2019;19:26:00;SEM VÍTIMA;BOA VIAGEM;RUA GENERAL EDSON AMANCIO RAMALHO;CIDADE;ABALROAMENTO TRANSVERSAL;2;;;;;;;;0;;Bom;Sem defeito;Perfeito estado;Seca;Perfeito estado;Faixa de pedestre;R-6a;;2019
10/09/2019;20:33:00;COM VÍTIMA;ILHA JOANA BEZERRA;AV BEIRA RIO;;COLISÃO FRONTAL;1;1;;;;;;;1;;Bom;Não existe;Incompleta;Seca;Mal iluminada;;Outras;;2019
10/09/2019;21:41:00;SEM VÍTIMA;BOA VIAGEM;RUA SETUBAL;CIDADE;ABALROAMENTO LONGITUDINAL;2;;;;;;;;0;;Bom;Não existe;Incompleta;Seca;Perfeito estado;;;;2019
10/09/2019;22:02:00;SEM VÍTIMA;BOA VIAGEM;RUA SETUBAL;;COLISÃO;2;;;;;;;;0;;;;;;;;;;2019
11/09/2019;06:24:00;SEM VÍTIMA;VÁRZEA;RUA AMARO GOMES POROCA;;ABALROAMENTO LONGITUDINAL;1;;;;1;;;;0;;Bom;Não existe;Perfeito estado;Seca;Perfeito estado;Não existe;Não há placas;;2019
11/09/2019;07:09:00;SEM VÍTIMA;PINA;AV HERCULANO BANDEIRA;SUBURBIO;ABALROAMENTO TRANSVERSAL;2;;;;;;;;0;;Bom;Sem defeito;Perfeito estado;Seca;Perfeito estado;Faixa de pedestre;Não há placas;60 km/h;2019
11/09/2019;07:22:00;SEM VÍTIMA;TORRÕES;EST DO FORTE DO ARRAIAL N. DO B. JESUS;;COLISÃO;2;;;;;;;;0;;;;;;;;;;2019
11/09/2019;07:23:00;COM VÍTIMA;BOA VIAGEM;RUA DEZ DE JULHO;SUBURBIO;ABALROAMENTO TRANSVERSAL;2;;;;;;;;2;;Bom;Não existe;Perfeito estado;Seca;Perfeito estado;Outros;Placas Pare;;2019
11/09/2019;07:34:00;SEM VÍTIMA;TORRÕES;AV ENGENHEIRO ABDIAS DE CARVALHO;SUBURBIO;COLISÃO TRASEIRA;3;;;;;;;;0;;Bom;Não existe;Perfeito estado;Seca;Perfeito estado;Não existe;Não há placas;;2019
11/09/2019;08:46:00;SEM VÍTIMA;SANTO AMARO;RUA VINTE E QUATRO DE AGOSTO;;COLISÃO;1;;;;1;;;;0;;;;;;;;;;2019
11/09/2019;09:42:00;SEM VÍTIMA;SANTO AMARO;AV PREFEITO ARTUR LIMA CAVALCANTI;;COLISÃO TRASEIRA;2;;;;;;;;0;;Bom;Sem defeito;Perfeito estado;Seca;Perfeito estado;Agente;Não há placas;;2019
11/09/2019;10:18:00;COM VÍTIMA;BOA VIAGEM;RUA JACK AYRES;;COLISÃO;2;;;;;;;;1;;Bom;Não existe;Perfeito estado;Seca;Perfeito estado;Não existe;Placas Pare;30 km/h;2019
11/09/2019;10:31:00;SEM VÍTIMA;BOA VIAGEM;AV ENGENHEIRO DOMINGOS FERREIRA;SUBURBIO;ABALROAMENTO LONGITUDINAL;2;;;;;;;;0;;Bom;Não existe;Perfeito estado;Seca;Perfeito estado;Outros;Outras;60 km/h;2019
11/09/2019;11:01:00;COM VÍTIMA;PRADO;AV ENGENHEIRO ABDIAS DE CARVALHO;CIDADE;COLISÃO COM CICLISTA;;;1;;1;;;;1;;Bom;Sem defeito;Perfeito estado;Seca;Perfeito estado;Faixa de pedestre;Não há placas;60 km/h;2019
11/09/2019;11:11:00;SEM VÍTIMA;AFOGADOS;RUA QUITERIO INACIO DE MELLO;SUBURBIO;COLISÃO TRASEIRA;2;;;;;;;;0;;Bom;Não existe;Perfeito estado;Seca;Perfeito estado;Não existe;Outras;;2019
11/09/2019;11:12:00;SEM VÍTIMA;BOA VIAGEM;AV ENGENHEIRO DOMINGOS FERREIRA;SUBURBIO;COLISÃO TRASEIRA;2;;;;;;;;0;;Bom;Sem defeito;Perfeito estado;Seca;Perfeito estado;Não existe;Outras;60 km/h;2019
11/09/2019;11:20:00;SEM VÍTIMA;ROSARINHO;RUA GENERAL ABREU E LIMA;;ABALROAMENTO LONGITUDINAL;2;;;;;;;;0;;Bom;Não existe;Perfeito estado;Seca;Perfeito estado;Não existe;R-6a;40 km/h;2019
11/09/2019;11:24:00;SEM VÍTIMA;BOA VISTA;AV CONDE DA BOA VISTA;CIDADE;COLISÃO TRASEIRA;2;;;;;;;;0;;Bom;Não existe;Perfeito estado;Seca;Perfeito estado;Não existe;Não há placas;;2019
11/09/2019;12:26:00;SEM VÍTIMA;COELHOS;RUA DR JOSE MARIANO;;COLISÃO;2;;;;;;;;0;;;;;;;;;;2019
11/09/2019;12:32:00;SEM VÍTIMA;AFOGADOS;AV SUL;CIDADE;ABALROAMENTO LONGITUDINAL;3;;;;1;;;;0;;Bom;Não existe;Perfeito estado;Seca;Perfeito estado;Outros;Outras;;2019
11/09/2019;;SEM VÍTIMA;CASA FORTE;AV DEZESSETE DE AGOSTO;SUBURBIO;COLISÃO TRASEIRA;3;;;;;;;;0;;Bom;Não existe;Perfeito estado;Seca;Perfeito estado;Não existe;R-6a;;2019
11/09/2019;13:02:00;SEM VÍTIMA;IMBIRIBEIRA;AV MARECHAL MASCARENHAS DE MORAES;CIDADE;COLISÃO TRASEIRA;1;;;;1;;;;0;;Bom;Sem defeito;Perfeito estado;Seca;Perfeito estado;;;;2019
11/09/2019;13:14:00;SEM VÍTIMA;;AV GOVERNADOR AGAMENON MAGALHAES;;COLISÃO;3;;;;;;;;0;;;;;;;;;;2019
11/09/2019;13:24:00;COM VÍTIMA;SANTO AMARO;AV CRUZ CABUGA;;ABALROAMENTO TRANSVERSAL;1;1;;;;;;;1;;Bom;Não existe;Perfeito estado;Seca;Perfeito estado;Outros;Outras;;2019
11/09/2019;13:34:00;SEM VÍTIMA;IPSEP;RUA JEAN EMILE FAVRE;;COLISÃO;1;1;;;;;;;0;;;;;;;;;;2019
11/09/2019;14:02:00;SEM VÍTIMA;BEBERIBE;PRC DA CONVENCAO;SUBURBIO;ABALROAMENTO LONGITUDINAL;1;;;;1;;;;0;;Nublado;Não existe;Incompleta;Seca;Perfeito estado;Não existe;Outras;;2019
11/09/2019;14:24:00;SEM VÍTIMA;MADALENA;RUA PADRE LANDIM;;COLISÃO;2;;;;;;;;0;;Bom;Não existe;Perfeito estado;Seca;Perfeito estado;Não existe;Não há placas;;2019
11/09/2019;14:38:00;SEM VÍTIMA;TORRE;RUA REAL DA TORRE;CIDADE;ABALROAMENTO LONGITUDINAL;2;;;;;;;;0;;Bom;Sem defeito;Perfeito estado;Seca;Perfeito estado;Não existe;Não há placas;;2019
11/09/2019;14:51:00;COM VÍTIMA;DERBY;AV GOVERNADOR AGAMENON MAGALHAES;;COLISÃO TRASEIRA;;2;;;;;;;1;;Bom;Sem defeito;Perfeito estado;Seca;Perfeito estado;Outros;;60 km/h;2019
11/09/2019;15:07:00;SEM VÍTIMA;SANTO ANTÔNIO;AV DANTAS BARRETO;CIDADE;ABALROAMENTO LONGITUDINAL;2;;;;;;;;0;;Chuvoso;Sem defeito;Perfeito estado;Molhada;Perfeito estado;Faixa de pedestre;;;2019
11/09/2019;15:25:00;SEM VÍTIMA;AFOGADOS;RUA COSME VIANA;;ABALROAMENTO TRANSVERSAL;2;;;;;;;;0;;Nublado;Não existe;Perfeito estado;Seca;Perfeito estado;Não existe;Não há placas;;2019
11/09/2019;15:33:00;SEM VÍTIMA;AFLITOS;RUA LUIZ RODOLFO DE ARAUJO;CIDADE;ABALROAMENTO LONGITUDINAL;1;;;;;;;;0;;Chuvoso;Não existe;Perfeito estado;Molhada;Perfeito estado;Não existe;Não há placas;30 km/h;2019
11/09/2019;15:48:00;SEM VÍTIMA;CASA AMARELA;RUA DA HARMONIA;CIDADE;ABALROAMENTO TRANSVERSAL;2;;;;;;;1;0;;Nublado;Não existe;Perfeito estado;Seca;;;R-6a;;2019
11/09/2019;16:01:00;SEM VÍTIMA;SANTO AMARO;RUA DO POMBAL;CIDADE;ABALROAMENTO TRANSVERSAL;2;;;;;;;;0;;Bom;Não existe;Perfeito estado;Seca;Perfeito estado;;;;2019
11/09/2019;16:19:00;COM VÍTIMA;CASA AMARELA;AV NORTE;SUBURBIO;COLISÃO TRASEIRA;1;;;;;;;;1;;Chuvoso;Não existe;Perfeito estado;Molhada;Perfeito estado;Não existe;R-6a;60 km/h;2019
11/09/2019;16:29:00;SEM VÍTIMA;BOA VISTA;RUA DOM BOSCO;SUBURBIO;ABALROAMENTO LONGITUDINAL;2;;;;;;;;0;;Bom;Sem defeito;Perfeito estado;Seca;Perfeito estado;Faixa de pedestre;R-6a;;2019
11/09/2019;16:33:00;SEM VÍTIMA;IBURA;RUA RIO XINGU;;ABALROAMENTO LONGITUDINAL;1;;;;1;;;;0;;Bom;Sem defeito;Perfeito estado;Seca;Perfeito estado;Não existe;Não há placas;;2019
11/09/2019;16:40:00;SEM VÍTIMA;MADALENA;RUA ANTONIO VIEIRA;SUBURBIO;ABALROAMENTO TRANSVERSAL;2;;;;;;;;0;;Bom;Não existe;Perfeito estado;Seca;Perfeito estado;Faixa de retenção;Placas Pare;;2019
11/09/2019;17:45:00;COM VÍTIMA;ROSARINHO;AV NORTE;CIDADE;ACID. DE PERCURSO;;1;;;;;;;1;;;;;;;;;;2019
11/09/2019;18:01:00;SEM VÍTIMA;DERBY;PTE ESTACIO COIMBRA;CIDADE;ENGAVETAMENTO;2;;;;;;;;0;;;;;;;;;;2019
11/09/2019;18:18:00;SEM VÍTIMA;PINA;AV ANTONIO DE GOES;CIDADE;ABALROAMENTO LONGITUDINAL;1;1;;;;;;;0;;Bom;Sem defeito;Perfeito estado;Seca;Perfeito estado;Faixa de pedestre;Não há placas;60 km/h;2019
11/09/2019;19:03:00;SEM VÍTIMA;DERBY;AV GOVERNADOR AGAMENON MAGALHAES;SUBURBIO;ABALROAMENTO LONGITUDINAL;2;;;;;;;;0;;Bom;Não existe;Incompleta;Seca;;Não existe;Não há placas;60 km/h;2019
11/09/2019;19:52:00;SEM VÍTIMA;SANTO AMARO;PRC GENERAL ABREU E LIMA;CIDADE;ABALROAMENTO LONGITUDINAL;1;;;;;1;;;0;;Bom;Não existe;Perfeito estado;Seca;Perfeito estado;Não existe;R-6a;;2019
11/09/2019;20:24:00;COM VÍTIMA;APIPUCOS;RUA DE APIPUCOS;;COLISÃO;2;;;;;;;;1;;Bom;Sem defeito;Perfeito estado;Seca;Perfeito estado;;;;2019
11/09/2019;21:51:00;SEM VÍTIMA;IPSEP;RUA DR RAPOSO PINTO;SUBURBIO;ABALROAMENTO TRANSVERSAL;2;;;;;;;;0;;Bom;Não existe;Perfeito estado;Seca;Perfeito estado;Outros;Placas Pare;;2019
11/09/2019;19:55:00;SEM VÍTIMA;VÁRZEA;AV CAXANGA;CIDADE;ABALROAMENTO LONGITUDINAL;1;;;;;1;;;0;;Bom;Sem defeito;Perfeito estado;Seca;Perfeito estado;Faixa de pedestre;Não há placas;;2019
12/09/2019;07:00:00;COM VÍTIMA;DERBY;AV GOVERNADOR AGAMENON MAGALHAES;BOA VIAGEM;ACID. DE PERCURSO;;1;;;;;;;1;;;;;;;;;;2019
12/09/2019;07:13:00;SEM VÍTIMA;TAMARINEIRA;RUA NETO DE MENDONCA;;ABALROAMENTO LONGITUDINAL;2;;;;;;;;0;;Bom;Não existe;Perfeito estado;Seca;Perfeito estado;Não existe;Não há placas;;2019
12/09/2019;07:47:00;SEM VÍTIMA;;PRC PARQUE AMORIM;SUBURBIO;ABALROAMENTO LONGITUDINAL;1;;;;1;1;;;0;;Bom;Sem defeito;Perfeito estado;Seca;Perfeito estado;;Outras;;2019
12/09/2019;07:51:00;SEM VÍTIMA;TORREÃO;RUA OTHON PARAISO;SUBURBIO;COLISÃO TRASEIRA;2;;;;;;;;0;;Bom;Não existe;Perfeito estado;Seca;Perfeito estado;;;30 km/h;2019
12/09/2019;08:01:00;SEM VÍTIMA;TORREÃO;RUA OTHON PARAISO;;COLISÃO;2;;;;;;;;0;;;;;;;;;;2019
12/09/2019;08:04:00;SEM VÍTIMA;BOA VIAGEM;AV CONSELHEIRO AGUIAR;CIDADE;COLISÃO TRASEIRA;2;;;;;;;;0;;Bom;Não existe;Perfeito estado;Seca;Perfeito estado;Não existe;Outras;60 km/h;2019
12/09/2019;08:14:00;SEM VÍTIMA;CAXANGÁ;AV CAXANGA;CIDADE;COLISÃO;1;1;;;;;;;0;;;;;;;;;;2019
12/09/2019;08:19:00;SEM VÍTIMA;TEJIPIÓ;AV DR JOSE RUFINO;CIDADE;COLISÃO TRASEIRA;3;;;;;;;;0;;Bom;Não existe;Perfeito estado;Seca;Perfeito estado;Não existe;R-6a;;2019
12/09/2019;08:39:00;COM VÍTIMA;FUNDÃO;AV BEBERIBE;SUBURBIO;COLISÃO;1;1;;;;;;;1;;Bom;Sem defeito;Perfeito estado;Seca;Perfeito estado;Faixa de pedestre;;;2019
12/09/2019;09:24:00;SEM VÍTIMA;BOA VIAGEM;AV ENGENHEIRO DOMINGOS FERREIRA;;COLISÃO;2;;;;;;;;0;;;;;;;;;;2019
12/09/2019;09:31:00;SEM VÍTIMA;PRADO;AV ENGENHEIRO ABDIAS DE CARVALHO;CIDADE;ABALROAMENTO LONGITUDINAL;2;;;;;;;;0;;Bom;Sem defeito;Perfeito estado;Seca;Perfeito estado;;Outras;;2019
12/09/2019;09:31:00;COM VÍTIMA;HIPÓDROMO;EST DE BELEM;CIDADE;COLISÃO;1;;;;1;;;;1;;Bom;Sem defeito;Perfeito estado;Seca;Perfeito estado;Faixa de pedestre;Outras;;2019
12/09/2019;09:35:00;SEM VÍTIMA;MADALENA;RUA REAL DA TORRE;CID/SUB;ABALROAMENTO LONGITUDINAL;2;;;;;;;;0;;Bom;Sem defeito;Perfeito estado;Seca;Perfeito estado;Agente;R-6a;60 km/h;2019
12/09/2019;09:44:00;COM VÍTIMA;PINA;AV ENGENHEIRO DOMINGOS FERREIRA;;COLISÃO;1;1;;;;;;;1;;Bom;Sem defeito;Perfeito estado;Seca;Perfeito estado;Faixa de pedestre;Não há placas;60 km/h;2019
12/09/2019;10:12:00;SEM VÍTIMA;SANTO AMARO;RUA TREZE DE MAIO;;COLISÃO;2;;;;;;;;0;;;;;;;;;;2019
12/09/2019;10:16:00;SEM VÍTIMA;ESPINHEIRO;AV GOVERNADOR AGAMENON MAGALHAES;;COLISÃO TRASEIRA;2;;;;;;;;0;;Bom;Sem defeito;Perfeito estado;Seca;Perfeito estado;Faixa de pedestre;Outras;60 km/h;2019
12/09/2019;10:25:00;SEM VÍTIMA;BOA VIAGEM;AV ENGENHEIRO DOMINGOS FERREIRA;SUBURBIO;ABALROAMENTO LONGITUDINAL;2;;;;;;;;0;;Bom;Não existe;Perfeito estado;Seca;Perfeito estado;Não existe;Outras;;2019