data;hora;natureza_acidente;bairro;endereco;sentido_via;tipo;auto;moto;ciclista;pedestre;onibus;caminhao;viatura;outros;vitimas;vitimasfatais;tempo_clima;situacao_semaforo;sinalizacao;condicao_via;conservacao_via;ponto_controle;situacao_placa;velocidade_max_via;ano
16/09/2019;00:59:00;SEM VÍTIMA;AFOGADOS;RUA MOTOCOLOMBO;SUBURBIO;ABALROAMENTO TRANSVERSAL;1;;;;;1;;;0;;Chuvoso;Intermitente;Perfeito estado;Molhada;Perfeito estado;Faixa de retenção;Não há placas;;2019
16/09/2019;06:19:00;SEM VÍTIMA;DERBY;AV GOVERNADOR AGAMENON MAGALHAES;;ABALROAMENTO LONGITUDINAL;2;;;;;;;;0;;Bom;Sem defeito;Perfeito estado;Seca;Perfeito estado;Faixa de pedestre;Outras;60 km/h;2019
16/09/2019;07:19:00;COM VÍTIMA;MADALENA;AV VISCONDE DE ALBUQUERQUE;CIDADE;ABALROAMENTO LONGITUDINAL;1;1;;;;;;;1;;Bom;Não existe;Perfeito estado;Seca;Perfeito estado;Não existe;R-6a;;2019
16/09/2019;07:44:00;SEM VÍTIMA;BOA VIAGEM;AV CONSELHEIRO AGUIAR;CIDADE;ABALROAMENTO LONGITUDINAL;2;;;;;;;;0;;Bom;Não existe;Perfeito estado;Seca;Perfeito estado;Não existe;Placas Pare;;2019
16/09/2019;07:55:00;SEM VÍTIMA;IPUTINGA;AV PROFESSOR JOAQUIM CAVALCANTI;SUBURBIO;ABALROAMENTO LONGITUDINAL;2;;;;;;;;0;;Bom;Não existe;Perfeito estado;Seca;Perfeito estado;;Outras;;2019
16/09/2019;07:59:00;SEM VÍTIMA;;RUA PROFESSOR AUGUSTO LINS E SILVA;SUBURBIO;ABALROAMENTO TRANSVERSAL;2;;;;;;;;0;;Bom;Não existe;Perfeito estado;Seca;Perfeito estado;Não existe;Não há placas;30 km/h;2019
16/09/2019;08:40:00;SEM VÍTIMA;CORDEIRO;AV CAXANGA;CIDADE;COLISÃO;2;;;;;;;;0;;;;;;;;;;2019
16/09/2019;08:59:00;SEM VÍTIMA;PINA;RUA MANOEL DE BRITO;CIDADE;ABALROAMENTO LONGITUDINAL;2;;;;;;;;0;;Bom;Sem defeito;Perfeito estado;Seca;Perfeito estado;Não existe;Outras;60 km/h;2019
16/09/2019;09:33:00;COM VÍTIMA;CASA AMARELA;RUA PADRE LEMOS;SUBURBIO;COLISÃO;1;1;;;;;;;1;;Bom;;Perfeito estado;Seca;Perfeito estado;Não existe;Outras;;2019
16/09/2019;10:45:00;COM VÍTIMA;CASA AMARELA;RUA BELA VISTA;SUBURBIO;ABALROAMENTO LONGITUDINAL;1;1;;;;;;;1;;Bom;Não existe;Perfeito estado;Seca;Outros;Outros;Placas Pare;;2019
16/09/2019;10:49:00;SEM VÍTIMA;AFOGADOS;RUA COSME VIANA;SUBURBIO;ABALROAMENTO LONGITUDINAL;2;;;;;;;;0;;Bom;Sem defeito;Perfeito estado;Seca;Perfeito estado;;Outras;;2019
16/09/2019;10:52:00;SEM VÍTIMA;BOA VISTA;RUA DOM BOSCO;;COLISÃO;1;1;;;;;;;0;;;;;;;;;;2019
16/09/2019;11:12:00;SEM VÍTIMA;PINA;AV ENGENHEIRO DOMINGOS FERREIRA;SUBURBIO;ABALROAMENTO TRANSVERSAL;1;1;;;;;;;0;;Bom;Sem defeito;Perfeito estado;Seca;Perfeito estado;Faixa de pedestre;Não há placas;60 km/h;2019
16/09/2019;11:46:00;SEM VÍTIMA;TORRE;RUA JOSE BONIFACIO;CIDADE;ABALROAMENTO LONGITUDINAL;3;;;;;;;;0;;Bom;Sem defeito;Ilegível;Seca;Mal conservada;Não existe;R-6a;;2019
16/09/2019;12:21:00;SEM VÍTIMA;BOA VIAGEM;RUA RIO AZUL;CIDADE;ABALROAMENTO LONGITUDINAL;1;;;;;1;;;0;;Bom;Sem defeito;Incompleta;Seca;Perfeito estado;Faixa de pedestre;Não há placas;;2019
16/09/2019;;SEM VÍTIMA;BOA VIAGEM;RUA PROFESSOR MARIO CASTRO;;COLISÃO;2;;;;;;;;0;;;;;;;;;;2019
16/09/2019;13:14:00;SEM VÍTIMA;CASA AMARELA;RUA DA HARMONIA;SUBURBIO;ABALROAMENTO TRANSVERSAL;1;;;;1;;;;0;;Bom;Não existe;Perfeito estado;Seca;Perfeito estado;Não existe;Placas Pare;;2019
16/09/2019;13:14:00;SEM VÍTIMA;GRAÇAS;AV RUI BARBOSA;CIDADE;COLISÃO TRASEIRA;2;;;;;;;;0;;Bom;Sem defeito;Perfeito estado;Seca;Perfeito estado;Não existe;R-6a;;2019
16/09/2019;13:29:00;SEM VÍTIMA;BOA VIAGEM;RUA BALTAZAR PEREIRA;;COLISÃO TRASEIRA;2;;;;;;;;0;;Bom;Não existe;Ilegível;Seca;Perfeito estado;Não existe;Não há placas;;2019
16/09/2019;13:53:00;SEM VÍTIMA;BOA VISTA;AV JOAO DE BARROS;;COLISÃO;1;2;;;;;;;0;;;;;;;;;;2019
16/09/2019;14:36:00;SEM VÍTIMA;CAMPO GRANDE;EST DE BELEM;SUBURBIO;COLISÃO TRASEIRA;1;;;;;;1;;0;;Bom;Não existe;Perfeito estado;Seca;Perfeito estado;;;60 km/h;2019
16/09/2019;14:47:00;SEM VÍTIMA;SANTO AMARO;AV NORTE;CIDADE;COLISÃO TRASEIRA;1;1;;;;;;;0;;Bom;Sem defeito;Perfeito estado;Seca;Perfeito estado;Faixa de retenção;;;2019
16/09/2019;15:02:00;SEM VÍTIMA;IMBIRIBEIRA;RUA BARAO DE AGUA BRANCA;;ABALROAMENTO LONGITUDINAL;2;;;;;;;;0;;Bom;Não existe;Não existente;Seca;Perfeito estado;Não existe;Não há placas;;2019
16/09/2019;15:04:00;COM VÍTIMA;PRADO;RUA PADRE TEOFILO TWORZ;;ABALROAMENTO TRANSVERSAL;2;;;;;;;;1;;Bom;Não existe;Não existente;Seca;Mal conservada;Não existe;Não há placas;;2019
16/09/2019;15:27:00;SEM VÍTIMA;DOIS IRMÃOS;RUA DOIS IRMAOS;CIDADE;COLISÃO TRASEIRA;2;;;;;;;;0;;Bom;Não existe;Perfeito estado;Seca;Perfeito estado;Não existe;Não há placas;;2019
16/09/2019;15:30:00;SEM VÍTIMA;GRAÇAS;RUA AMELIA;CIDADE;COLISÃO TRASEIRA;2;;;;;;;;0;;Bom;Não existe;Perfeito estado;Seca;Perfeito estado;Não existe;Outras;;2019
16/09/2019;15:51:00;SEM VÍTIMA;IBURA;AV DOIS RIOS;SUBURBIO;COLISÃO TRASEIRA;2;;;;;;;;0;;Bom;Não existe;Perfeito estado;Seca;Mal conservada;Não existe;Não há placas;;2019
16/09/2019;16:02:00;SEM VÍTIMA;;RUA JOSE HIPOLITO CARDOSO;CIDADE;ABALROAMENTO LONGITUDINAL;2;;;;;;;;0;;Bom;Não existe;Não existente;Seca;Perfeito estado;Não existe;Não há placas;;2019
16/09/2019;16:14:00;SEM VÍTIMA;SÃO JOSÉ;RUA IMPERIAL;SUBURBIO;ABALROAMENTO LONGITUDINAL;2;;;;;;;;0;;Bom;Não existe;Perfeito estado;Seca;Perfeito estado;Não existe;Não há placas;;2019
16/09/2019;16:40:00;SEM VÍTIMA;SANTO AMARO;AV NORTE;CIDADE;ABALROAMENTO LONGITUDINAL;1;;;;;1;;;0;;Bom;Sem defeito;Perfeito estado;Seca;Perfeito estado;Faixa de pedestre;R-6a;;2019
16/09/2019;16:50:00;SEM VÍTIMA;GRAÇAS;RUA AMELIA;CIDADE;ABALROAMENTO LONGITUDINAL;2;;;;;;;;0;;Bom;Sem defeito;Perfeito estado;Seca;Perfeito estado;Agente;;;2019
16/09/2019;16:55:00;SEM VÍTIMA;PARNAMIRIM;AV PARNAMIRIM;SUBURBIO;ABALROAMENTO LONGITUDINAL;1;;;;;1;;;0;;Bom;Não existe;Perfeito estado;Seca;Perfeito estado;Não existe;Não há placas;40 km/h;2019
16/09/2019;17:04:00;SEM VÍTIMA;BOA VIAGEM;AV BOA VIAGEM;;COLISÃO;2;;;;;;;;0;;;;;;;;;;2019
16/09/2019;17:21:00;SEM VÍTIMA;TORRE;RUA MARQUES DE MARICA;SUBURBIO;ABALROAMENTO TRANSVERSAL;1;1;;;;;;;0;;Bom;Não existe;Perfeito estado;Seca;Perfeito estado;Outros;R-6a;;2019
16/09/2019;17:34:00;COM VÍTIMA;PORTO DA MADEIRA;AV BEBERIBE;S;ABALROAMENTO LONGITUDINAL;1;1;;;;;;;1;;Bom;Não existe;Perfeito estado;Seca;Perfeito estado;Não existe;Outras;60 km/h;2019
16/09/2019;17:39:00;SEM VÍTIMA;ILHA DO LEITE;RUA PAISSANDU;SUBURBIO;ABALROAMENTO LONGITUDINAL;2;;;;;;;;0;;Bom;Não existe;Perfeito estado;Seca;Perfeito estado;Não existe;;;2019
16/09/2019;18:44:00;COM VÍTIMA;MADALENA;AV VISCONDE DE ALBUQUERQUE;SUBURBIO;COLISÃO;1;1;;;;;;;1;;Bom;Não existe;Perfeito estado;Seca;Perfeito estado;Faixa de retenção;Placas Pare;;2019
16/09/2019;18:47:00;COM VÍTIMA;BOA VISTA;AV CONDE DA BOA VISTA;SUBURBIO;ATROPELAMENTO;;1;;1;;;;;1;;Bom;Sem defeito;Perfeito estado;Seca;Perfeito estado;Não existe;;;2019
16/09/2019;18:55:00;SEM VÍTIMA;JAQUEIRA;RUA DO FUTURO;;ABALROAMENTO LONGITUDINAL;2;;;;;;;;0;;Bom;Sem defeito;Perfeito estado;Seca;Perfeito estado;Não existe;Não há placas;;2019
16/09/2019;18:56:00;SEM VÍTIMA;CABANGA;PTE AGAMENON MAGALHAES;;COLISÃO TRASEIRA;2;;;;;;;;0;;Bom;Não existe;Perfeito estado;Seca;Perfeito estado;;Não há placas;60 km/h;2019
16/09/2019;21:21:00;COM VÍTIMA;CORDEIRO;RUA DR MIGUEL VIEIRA FERREIRA;SUBURBIO;COLISÃO FRONTAL;2;;;;;;;;2;;Bom;Não existe;Perfeito estado;Seca;;;;;2019
16/09/2019;22:00:00;COM VÍTIMA;IPSEP;AV RECIFE;CIDADE;ABALROAMENTO TRANSVERSAL;1;1;;;;;;;1;;Bom;Sem defeito;Ilegível;Seca;Mal iluminada;Faixa de retenção;Não há placas;60 km/h;2019
17/09/2019;06:27:00;SEM VÍTIMA;IMBIRIBEIRA;AV MARECHAL MASCARENHAS DE MORAES;CIDADE;COLISÃO;2;;;;;;;;0;;;;;;;;;;2019
17/09/2019;06:52:00;COM VÍTIMA;IMBIRIBEIRA;AV MARECHAL MASCARENHAS DE MORAES;CIDADE;COLISÃO;1;1;;;;;;;1;;Bom;Não existe;Perfeito estado;Seca;Perfeito estado;Não existe;Outras;;2019
17/09/2019;06:54:00;SEM VÍTIMA;SÃO JOSÉ;AV SUL;;COLISÃO;2;;;;;;;;0;;;;;;;;;;2019
17/09/2019;07:30:00;SEM VÍTIMA;AFOGADOS;RUA AUGUSTO CALHEIROS;;ABALROAMENTO LONGITUDINAL;2;;;;;;;;0;;Bom;Não existe;Perfeito estado;Seca;Perfeito estado;Não existe;Não há placas;;2019
17/09/2019;07:39:00;SEM VÍTIMA;SAN MARTIN;RUA SIGISMUNDO CABRAL DE MELO;SUBURBIO;COLISÃO;1;;;;1;;;;0;;;;;;;;;;2019
17/09/2019;07:55:00;SEM VÍTIMA;ARRUDA;RUA RAUL POMPEIA;SUBURBIO;ABALROAMENTO LONGITUDINAL;2;;;;;;;;0;;Bom;Sem defeito;Perfeito estado;Seca;;;Placas Pare;20 km/h;2019
17/09/2019;08:20:00;COM VÍTIMA;IMBIRIBEIRA;AV MARECHAL MASCARENHAS DE MORAES;SUBURBIO;COLISÃO COM CICLISTA;;1;1;;;;;;1;;Bom;Sem defeito;Perfeito estado;Seca;Perfeito estado;;Não há placas;60 km/h;2019
17/09/2019;08:21:00;SEM VÍTIMA;ILHA DO LEITE;RUA DR JOAO ASFORA;;COLISÃO;2;;;;;;;;0;;;;;;;;;;2019
17/09/2019;08:30:00;SEM VÍTIMA;AFOGADOS;RUA MOTOCOLOMBO;SUBURBIO;ABALROAMENTO TRANSVERSAL;1;;;;1;;;;0;;Chuvoso;Não existe;Perfeito estado;Seca;Perfeito estado;Outros;Outras;;2019
17/09/2019;08:48:00;COM VÍTIMA;GRAÇAS;RUA DR BANDEIRA FILHO;CIDADE;COLISÃO COM CICLISTA;;;1;;1;;;;1;;Bom;Não existe;Perfeito estado;Seca;Perfeito estado;Agente;Outras;40 km/h;2019
17/09/2019;09:03:00;SEM VÍTIMA;TAMARINEIRA;RUA JOSE CARVALHEIRA;SUBURBIO;ABALROAMENTO TRANSVERSAL;2;;;;;;;;0;;Bom;Não existe;Perfeito estado;Seca;Perfeito estado;Faixa de pedestre;;;2019
17/09/2019;09:25:00;SEM VÍTIMA;SAN MARTIN;AV ENGENHEIRO ABDIAS DE CARVALHO;SUBURBIO;CHOQUE VEÍCULO PARADO;1;;1;;;;;;0;;Bom;Sem defeito;Perfeito estado;Seca;Perfeito estado;Faixa de pedestre;Não há placas;;2019
17/09/2019;09:37:00;SEM VÍTIMA;ILHA DO LEITE;RUA ESTADO DE ISRAEL;CIDADE;CHOQUE VEÍCULO PARADO;1;;;;;;;1;0;;Bom;Sem defeito;Perfeito estado;Seca;Perfeito estado;Faixa de pedestre;R-6a;;2019
17/09/2019;09:50:00;SEM VÍTIMA;BOA VIAGEM;AV ENGENHEIRO DOMINGOS FERREIRA;;COLISÃO;1;;;;;1;;;0;;;;;;;;;;2019
17/09/2019;10:06:00;SEM VÍTIMA;JORDÃO;AV MARIA IRENE;SUBURBIO;COLISÃO TRASEIRA;1;;;;1;;;;0;;Chuvoso;Não existe;Perfeito estado;Seca;Perfeito estado;Não existe;Não há placas;;2019
17/09/2019;10:10:00;COM VÍTIMA;BOA VISTA;AV CONDE DA BOA VISTA;;ATROPELAMENTO;;;1;1;;;;;1;;Chuvoso;Não existe;Perfeito estado;Seca;Perfeito estado;Faixa de pedestre;R-6a;40 km/h;2019
17/09/2019;10:24:00;SEM VÍTIMA;SOLEDADE;RUA BARAO DE SAO BORJA;;COLISÃO;2;;;;;;;;0;;;;;;;;;;2019
17/09/2019;10:33:00;COM VÍTIMA;SANTO ANTÔNIO;AV N S DO CARMO;SUBURBIO;ATROPELAMENTO;;1;;1;;;;;1;;Bom;Sem defeito;Perfeito estado;Seca;Perfeito estado;Outros;Outras;;2019
17/09/2019;10:47:00;SEM VÍTIMA;SÃO JOSÉ;C SANTA RITA;CIDADE;ABALROAMENTO LONGITUDINAL;1;;;;1;;;;0;;Bom;Sem defeito;Perfeito estado;Seca;Perfeito estado;;;;2019
17/09/2019;11:05:00;SEM VÍTIMA;AFLITOS;RUA CONS PORTELA;SUBURBIO;COLISÃO TRASEIRA;3;;;;;;;;0;;Bom;Sem defeito;Perfeito estado;Seca;Perfeito estado;Faixa de pedestre;R-6a;;2019
17/09/2019;11:07:00;SEM VÍTIMA;AFOGADOS;RUA BOM GOSTO;SUBURBIO;ABALROAMENTO LONGITUDINAL;2;;;;;;;;0;;Chuvoso;Não existe;Não existente;Seca;Mal conservada;Não existe;Não há placas;;2019
17/09/2019;11:23:00;SEM VÍTIMA;PRADO;RUA GOMES TABORDA;SUBURBIO;COLISÃO TRASEIRA;2;;;;;;;;0;;Chuvoso;Sem defeito;Perfeito estado;Seca;Perfeito estado;Outros;Outras;;2019
17/09/2019;11:25:00;COM VÍTIMA;PARNAMIRIM;AV DEZESSETE DE AGOSTO;SUBURBIO;ABALROAMENTO LONGITUDINAL;1;1;;;;;;;1;;Chuvoso;Não existe;Perfeito estado;Molhada;Perfeito estado;Não existe;R-6a;;2019
17/09/2019;11:38:00;COM VÍTIMA;ILHA DO LEITE;AV GOVERNADOR AGAMENON MAGALHAES;OLINDA;ATROPELAMENTO;;1;;1;;;;;1;;;;;;;;;;2019
17/09/2019;11:51:00;SEM VÍTIMA;IPUTINGA;AV PROFESSOR JOAQUIM CAVALCANTI;;COLISÃO TRASEIRA;1;;;;;;;;0;;Bom;Sem defeito;Perfeito estado;Seca;Perfeito estado;Não existe;;;2019
17/09/2019;12:08:00;SEM VÍTIMA;;RUA MANUEL DE MEDEIROS;;COLISÃO TRASEIRA;2;;;;;;;;0;;Bom;Não existe;Perfeito estado;Seca;Perfeito estado;;;;2019
17/09/2019;13:01:00;SEM VÍTIMA;DERBY;AV GOVERNADOR AGAMENON MAGALHAES;CIDADE;COLISÃO TRASEIRA;1;1;;;;;;;0;;Chuvoso;Sem defeito;Perfeito estado;Molhada;Perfeito estado;Faixa de pedestre;Não há placas;;2019
17/09/2019;13:17:00;SEM VÍTIMA;ESPINHEIRO;AV GOVERNADOR AGAMENON MAGALHAES;;COLISÃO;2;;;;;;;;0;;;;;;;;;;2019
17/09/2019;13:42:00;SEM VÍTIMA;PAISSANDU;AV GOVERNADOR AGAMENON MAGALHAES;;COLISÃO;1;;;;;;;1;0;;;;;;;;;;2019
17/09/2019;14:45:00;COM VÍTIMA;IPUTINGA;RUA SAO MATEUS;SUBURBIO;ABALROAMENTO TRANSVERSAL;1;1;;;;;;;1;;Bom;Não existe;Incompleta;Seca;Mal conservada;Não existe;Não há placas;;2019
17/09/2019;15:00:00;COM VÍTIMA;ENCRUZILHADA;RUA DONA JULIETA;CIDADE;ABALROAMENTO TRANSVERSAL;1;1;;;;;;;1;;Nublado;Não existe;Não existente;Outros;Mal conservada;Não existe;Não há placas;40 km/h;2019
17/09/2019;15:26:00;COM VÍTIMA;BOA VIAGEM;RUA VISCONDE DE JEQUITINHONHA;;COLISÃO COM CICLISTA;1;;1;;;;;;1;;Chuvoso;Não existe;Perfeito estado;Molhada;Perfeito estado;Não existe;Não há placas;;2019
17/09/2019;16:33:00;SEM VÍTIMA;BOA VIAGEM;RUA RIBEIRO DE BRITO;SUBURBIO;ABALROAMENTO TRANSVERSAL;1;;;;;1;;;0;;Chuvoso;Não existe;Perfeito estado;Molhada;Perfeito estado;Faixa de retenção;Placas Pare;;2019
17/09/2019;17:09:00;SEM VÍTIMA;IBURA;AV CHAPADA DO ARARIPE;;COLISÃO;;2;;;;;;;0;;;;;;;;;;2019
17/09/2019;17:11:00;SEM VÍTIMA;BOA VIAGEM;RUA VISCONDE DE JEQUITINHONHA;SUBURBIO;ABALROAMENTO LONGITUDINAL;;;;;1;1;;;0;;Bom;Sem defeito;Perfeito estado;Seca;Perfeito estado;Não existe;Não há placas;;2019
17/09/2019;17:52:00;SEM VÍTIMA;VÁRZEA;AV AFONSO OLINDENSE;;COLISÃO TRASEIRA;2;;;;;;;;0;;Chuvoso;Não existe;Perfeito estado;Molhada;Perfeito estado;Faixa de pedestre;;;2019
17/09/2019;18:04:00;SEM VÍTIMA;IMBIRIBEIRA;RUA JACY;SUBURBIO;ABALROAMENTO LONGITUDINAL;1;;;;1;;;;0;;Chuvoso;Não existe;Perfeito estado;Molhada;Perfeito estado;Agente;Placas Pare;30 km/h;2019
17/09/2019;18:19:00;SEM VÍTIMA;AREIAS;RUA CARUARU;SUBURBIO;COLISÃO TRASEIRA;2;;;;;;;;0;;Chuvoso;Não existe;Incompleta;Molhada;Mal conservada;Não existe;Não há placas;;2019
17/09/2019;18:29:00;SEM VÍTIMA;AFOGADOS;RUA SAO MIGUEL;SUBURBIO;ABALROAMENTO TRANSVERSAL;1;1;;;;;;;0;;Chuvoso;Não existe;Perfeito estado;Molhada;Perfeito estado;Não existe;Não há placas;;2019
17/09/2019;18:38:00;SEM VÍTIMA;IMBIRIBEIRA;AV MARECHAL MASCARENHAS DE MORAES;CIDADE;COLISÃO TRASEIRA;2;;;;;;;;0;;Chuvoso;Sem defeito;Perfeito estado;Molhada;Perfeito estado;Faixa de pedestre;Não há placas;;2019
17/09/2019;18:40:00;SEM VÍTIMA;ENCRUZILHADA;EST DE BELEM;;ABALROAMENTO LONGITUDINAL;2;;;;;;;;0;;Chuvoso;Sem defeito;Perfeito estado;Molhada;Perfeito estado;Faixa de pedestre;R-6a;40 km/h;2019
17/09/2019;18:45:00;SEM VÍTIMA;VÁRZEA;RUA BELEM DE SAO FRANCISCO;;COLISÃO COM CICLISTA;1;;1;;;;;;0;;;;;;;;;;2019
17/09/2019;18:49:00;SEM VÍTIMA;BOA VIAGEM;AVENIDA CELSO FURTADO (VIA MANGUE);;COLISÃO;1;1;;;;;;;0;;;;;;;;;;2019
17/09/2019;18:59:00;SEM VÍTIMA;ILHA DO LEITE;AV FREI MATIAS TEVES;SUBURBIO;ABALROAMENTO TRANSVERSAL;2;;;;;;;;0;;Chuvoso;Não existe;Perfeito estado;Molhada;Perfeito estado;Não existe;Placas Pare;30 km/h;2019
17/09/2019;20:09:00;COM VÍTIMA;JAQUEIRA;RUA MUNIZ TAVARES;SUBURBIO;COLISÃO FRONTAL;3;;;;;;;;1;;Chuvoso;Não existe;;Molhada;;Faixa de pedestre;Outras;30 km/h;2019
17/09/2019;20:11:00;SEM VÍTIMA;AREIAS;AV DR JOSE RUFINO;;ABALROAMENTO LONGITUDINAL;2;;;;;;;;0;;Chuvoso;Sem defeito;Incompleta;Molhada;Perfeito estado;Faixa de pedestre;R-6a;;2019
17/09/2019;21:20:00;COM VÍTIMA;MADALENA;RUA JOSE OSORIO;SUBURBIO;ABALROAMENTO LONGITUDINAL;;1;;;1;;;;1;;Chuvoso;Não existe;Perfeito estado;Molhada;Perfeito estado;Não existe;Não há placas;;2019
17/09/2019;21:31:00;SEM VÍTIMA;BOA VISTA;RUA PRINCESA IZABEL;;COLISÃO TRASEIRA;3;;;;;;;;0;;Chuvoso;Sem defeito;Perfeito estado;Molhada;Perfeito estado;Faixa de pedestre;Outras;;2019
17/09/2019;21:42:00;SEM VÍTIMA;IMBIRIBEIRA;AV GENERAL MAC ARTHUR;SUBURBIO;ABALROAMENTO LONGITUDINAL;1;;;;;1;;;0;;Chuvoso;Sem defeito;Perfeito estado;Molhada;Perfeito estado;;Não há placas;;2019
18/09/2019;07:54:00;SEM VÍTIMA;ESPINHEIRO;RUA BARAO DE ITAMARACA;;COLISÃO;1;1;;;;;;;0;;;;;;;;;;2019
18/09/2019;08:42:00;SEM VÍTIMA;JARDIM SÃO PAULO;RUA BRAGANCA;;CHOQUE VEÍCULO PARADO;1;1;;;;;;;0;;Bom;Não existe;Incompleta;Seca;Perfeito estado;Não existe;Placas Pare;;2019
18/09/2019;09:27:00;SEM VÍTIMA;ILHA DO LEITE;RUA ESTADO DE ISRAEL;CIDADE;COLISÃO TRASEIRA;2;;;;;;;;0;;Bom;Não existe;Perfeito estado;Seca;Perfeito estado;Faixa de pedestre;R-6a;30 km/h;2019
18/09/2019;09:33:00;SEM VÍTIMA;DERBY;AV GOVERNADOR AGAMENON MAGALHAES;CIDADE;ABALROAMENTO LONGITUDINAL;1;;;;;1;;;0;;Bom;Sem defeito;Perfeito estado;Seca;Perfeito estado;Faixa de pedestre;;60 km/h;2019
18/09/2019;09:56:00;SEM VÍTIMA;SANTO AMARO;RUA FREI CASSIMIRO;CIDADE;ABALROAMENTO LONGITUDINAL;2;;;;;;;;0;;Bom;Não existe;Perfeito estado;Seca;Perfeito estado;Não existe;Não há placas;;2019
18/09/2019;10:45:00;COM VÍTIMA;IMBIRIBEIRA;AV MARECHAL MASCARENHAS DE MORAES;SUBURBIO;ABALROAMENTO LONGITUDINAL;1;1;;;;;;;1;;Bom;Sem defeito;Perfeito estado;Seca;Perfeito estado;Faixa de pedestre;Não há placas;60 km/h;2019
18/09/2019;10:47:00;SEM VÍTIMA;SANTO ANTÔNIO;PTE PRINCESA IZABEL;CIDADE;ABALROAMENTO LONGITUDINAL;1;;;;;1;;;0;;Bom;Não existe;Incompleta;Seca;Perfeito estado;Não existe;Não há placas;;2019
18/09/2019;10:56:00;SEM VÍTIMA;ALTO JOSÉ DO PINHO;COR DO BARTOLOMEU;SUBURBIO;ABALROAMENTO LONGITUDINAL;2;;;;;;;;0;;Bom;Não existe;Perfeito estado;Seca;Perfeito estado;Não existe;R-6a;;2019
18/09/2019;11:18:00;SEM VÍTIMA;ILHA DO LEITE;RUA JOSE DE ALENCAR;CIDADE;CHOQUE VEÍCULO PARADO;2;;;;;;;;0;;Bom;Não existe;Incompleta;Seca;Perfeito estado;Não existe;R-6a;;2019
18/09/2019;11:43:00;SEM VÍTIMA;SÃO JOSÉ;RUA VIDAL DE NEGREIROS;SUBURBIO;ABALROAMENTO TRANSVERSAL;2;;;;;;;;0;;Bom;Não existe;Perfeito estado;Seca;Perfeito estado;Não existe;Não há placas;40 km/h;2019
18/09/2019;12:31:00;SEM VÍTIMA;AFLITOS;RUA HOEL SETTE;SUBURBIO;CHOQUE VEÍCULO PARADO;1;;;;;1;;;0;;Bom;Não existe;Perfeito estado;Seca;Perfeito estado;Não existe;Não há placas;;2019
18/09/2019;12:39:00;SEM VÍTIMA;IPSEP;AV RECIFE;SUBURBIO;ABALROAMENTO LONGITUDINAL;1;;;;;1;;;0;;Bom;Não existe;Perfeito estado;Seca;Perfeito estado;Não existe;Não há placas;;2019
18/09/2019;13:19:00;SEM VÍTIMA;JORDÃO;AV JULIO CESAR;;COLISÃO;1;1;;;;;;;0;;;;;;;;;;2019
18/09/2019;13:37:00;SEM VÍTIMA;CAJUEIRO;AV BEBERIBE;CIDADE;COLISÃO TRASEIRA;1;;;;;1;;;0;;Bom;Não existe;Perfeito estado;Seca;Perfeito estado;Não existe;Outras;;2019
18/09/2019;14:00:00;SEM VÍTIMA;PORTO DA MADEIRA;AV ANIBAL BENEVOLO;SUBURBIO;ABALROAMENTO LONGITUDINAL;1;;;;1;;;;0;;Bom;Não existe;Perfeito estado;Seca;Perfeito estado;Não existe;Outras;;2019
18/09/2019;14:07:00;SEM VÍTIMA;ILHA DO LEITE;AV GOVERNADOR AGAMENON MAGALHAES;;COLISÃO TRASEIRA;2;;;;;;;;0;;Bom;Não existe;Perfeito estado;Seca;Perfeito estado;;;60 km/h;2019
18/09/2019;14:21:00;VÍTIMA FATAL;VÁRZEA;AV CAXANGA;CIDADE;ABALROAMENTO LONGITUDINAL;1;;;;;;;;;1;Bom;Sem defeito;Perfeito estado;Seca;Perfeito estado;Outros;R-6a;;2019
18/09/2019;15:11:00;COM VÍTIMA;BOA VISTA;RUA DO HOSPICIO;;COLISÃO;1;1;;;;;;;1;;Bom;Sem defeito;Perfeito estado;Seca;Perfeito estado;Faixa de pedestre;Não há placas;;2019
18/09/2019;15:58:00;SEM VÍTIMA;MADALENA;AV JOSE GONCALVES DE MEDEIROS;;COLISÃO;2;;;;;;;;0;;;;;;;;;;2019
18/09/2019;16:13:00;SEM VÍTIMA;BOA VIAGEM;AV CONSELHEIRO AGUIAR;CIDADE;ABALROAMENTO TRANSVERSAL;2;;;;;;;;0;;Bom;Sem defeito;Perfeito estado;Seca;Perfeito estado;Não existe;Não há placas;;2019
18/09/2019;16:48:00;SEM VÍTIMA;IBURA;AV PERNAMBUCO;;COLISÃO;1;;;;1;;;;0;;;;;;;;;;2019
18/09/2019;16:49:00;SEM VÍTIMA;CORDEIRO;AV GENERAL SAN MARTIN;SUBURBIO;ABALROAMENTO LONGITUDINAL;2;;;;;;;;0;;Bom;Não existe;Perfeito estado;Seca;Perfeito estado;Não existe;R-6a;;2019
18/09/2019;16:54:00;SEM VÍTIMA;SANTO AMARO;AV CRUZ CABUGA;CIDADE;CHOQUE VEÍCULO PARADO;1;;;;1;;;;0;;Bom;Sem defeito;Incompleta;Seca;Perfeito estado;Não existe;Outras;60 km/h;2019