data;hora;natureza_acidente;bairro;endereco;sentido_via;tipo;auto;moto;ciclista;pedestre;onibus;caminhao;viatura;outros;vitimas;vitimasfatais;tempo_clima;situacao_semaforo;sinalizacao;condicao_via;conservacao_via;ponto_controle;situacao_placa;velocidade_max_via;ano
18/09/2019;17:05:00;SEM VÍTIMA;IMBIRIBEIRA;AV MARECHAL MASCARENHAS DE MORAES;CIDADE;ABALROAMENTO LONGITUDINAL;1;;;;;;;1;0;;Bom;Não existe;Perfeito estado;Seca;Perfeito estado;Não existe;Não há placas;;2019
18/09/2019;17:13:00;SEM VÍTIMA;IBURA;AV PERNAMBUCO;CIDADE;ABALROAMENTO LONGITUDINAL;1;;;;;1;;;0;;Bom;Não existe;Ilegível;Seca;Mal conservada;Não existe;Não há placas;;2019
18/09/2019;17:53:00;SEM VÍTIMA;GRAÇAS;RUA AMELIA;CIDADE;ABALROAMENTO LONGITUDINAL;2;;;;;;;;0;;Bom;Sem defeito;Perfeito estado;Seca;Perfeito estado;Agente;;40 km/h;2019
18/09/2019;18:53:00;SEM VÍTIMA;SANTO AMARO;AV VISCONDE DE SUASSUNA;CIDADE;COLISÃO TRASEIRA;1;;;;1;;;;0;;Bom;Não existe;Perfeito estado;Seca;Perfeito estado;Não existe;Não há placas;;2019
18/09/2019;19:10:00;SEM VÍTIMA;TORRE;RUA JOSE BONIFACIO;;ABALROAMENTO TRANSVERSAL;2;;;;;;;;0;;Bom;Sem defeito;Perfeito estado;Seca;Perfeito estado;Faixa de retenção;R-6a;;2019
18/09/2019;19:33:00;COM VÍTIMA;CASA FORTE;AV DEZESSETE DE AGOSTO;SUBURBIO;ATROPELAMENTO;;1;;1;;;;;2;;Bom;Sem defeito;Perfeito estado;Seca;Perfeito estado;Faixa de pedestre;R-6a;;2019
18/09/2019;20:39:00;SEM VÍTIMA;MADALENA;RUA BENFICA;CIDADE;ABALROAMENTO LONGITUDINAL;1;;;;;1;;;0;;Bom;Não existe;Perfeito estado;Seca;Perfeito estado;Não existe;Não há placas;;2019
18/09/2019;20:02:00;COM VÍTIMA;BOA VISTA;RUA JOAO FERNANDES VIEIRA;CIDADE;ABALROAMENTO TRANSVERSAL;1;1;;;;;;;1;;Bom;Não existe;Perfeito estado;Seca;Perfeito estado;Não existe;R-6a;30 km/h;2019
18/09/2019;21:28:00;SEM VÍTIMA;TAMARINEIRA;AV NORTE;CIDADE;COLISÃO TRASEIRA;2;;;;;;;;0;;Bom;Sem defeito;Perfeito estado;Seca;Perfeito estado;Faixa de pedestre;Outras;;2019
19/09/2019;07:27:00;SEM VÍTIMA;ESPINHEIRO;RUA QUARENTA E OITO;SUBURBIO;ABALROAMENTO LONGITUDINAL;1;;;;1;;;;0;;Bom;Sem defeito;Perfeito estado;Seca;Perfeito estado;Faixa de pedestre;;;2019
19/09/2019;08:01:00;COM VÍTIMA;ESPINHEIRO;RUA QUARENTA E OITO;CIDADE;COLISÃO COM CICLISTA;1;;1;;;;;;1;;Bom;Não existe;Perfeito estado;Seca;Perfeito estado;Não existe;R-6a;30 km/h;2019
19/09/2019;08:41:00;COM VÍTIMA;IPSEP;RUA SAO NICOLAU;SUBURBIO;ABALROAMENTO TRANSVERSAL;;1;;;;;;;1;;Bom;Sem defeito;Perfeito estado;Seca;Perfeito estado;Agente;Não há placas;40 km/h;2019
19/09/2019;09:20:00;SEM VÍTIMA;IMBIRIBEIRA;AV MARECHAL MASCARENHAS DE MORAES;CIDADE;COLISÃO TRASEIRA;3;;;;;;;;0;;Bom;Sem defeito;Perfeito estado;Seca;Perfeito estado;Faixa de pedestre;Outras;;2019
19/09/2019;09:44:00;SEM VÍTIMA;VÁRZEA;RUA MARECHAL MANOEL LUIS OSORIO;SUBURBIO;ABALROAMENTO TRANSVERSAL;;2;;;;;;;0;;Bom;Não existe;Perfeito estado;Seca;Perfeito estado;Faixa de pedestre;R-6a;30 km/h;2019
19/09/2019;09:45:00;SEM VÍTIMA;BOA VIAGEM;AV ENGENHEIRO DOMINGOS FERREIRA;SUBURBIO;COLISÃO TRASEIRA;2;;;;;;;;0;;Bom;Não existe;Perfeito estado;Seca;Perfeito estado;Não existe;Não há placas;;2019
19/09/2019;09:54:00;SEM VÍTIMA;SANTO AMARO;PRC DO CAMPO SANTO;CIDADE;ABALROAMENTO LONGITUDINAL;2;;;;;;;;0;;Bom;Não existe;Perfeito estado;Seca;Perfeito estado;Não existe;Placas Pare;;2019
19/09/2019;09:54:00;SEM VÍTIMA;AFOGADOS;RUA SANTOS ARAUJO;CIDADE;ABALROAMENTO TRANSVERSAL;;2;;;;;;;0;;Bom;Sem defeito;Perfeito estado;Seca;Perfeito estado;Faixa de pedestre;Não há placas;;2019
19/09/2019;10:32:00;SEM VÍTIMA;NOVA DESCOBERTA;AV VEREADOR OTACILIO AZEVEDO;;COLISÃO;1;;;;1;;;;0;;;;;;;;;;2019
19/09/2019;11:24:00;SEM VÍTIMA;BOA VIAGEM;AVENIDA CELSO FURTADO (VIA MANGUE);SUBURBIO;ABALROAMENTO LONGITUDINAL;2;;;;;;;;0;;Bom;Não existe;Perfeito estado;Seca;Perfeito estado;Não existe;Outras;60 km/h;2019
19/09/2019;11:36:00;SEM VÍTIMA;BOA VIAGEM;RUA VISCONDE DE JEQUITINHONHA;SUBURBIO;ABALROAMENTO TRANSVERSAL;2;;;;;;;;0;;Bom;Não existe;Perfeito estado;Seca;Perfeito estado;Não existe;Outras;;2019
19/09/2019;11:44:00;SEM VÍTIMA;PINA;AV REPUBLICA ARABE UNIDA;;COLISÃO;2;;;;;;;;0;;;;;;;;;;2019
19/09/2019;12:03:00;COM VÍTIMA;CAMPO GRANDE;RUA JERONIMO VILELA;CIDADE;ABALROAMENTO LONGITUDINAL;1;1;;;;;;;1;;Bom;Não existe;Perfeito estado;Seca;Perfeito estado;Não existe;Não há placas;;2019
19/09/2019;12:22:00;SEM VÍTIMA;SANTO AMARO;RUA DR CARLOS CHAGAS;CIDADE;CAPOTAMENTO;;2;;;;;;;0;;Bom;Não existe;Incompleta;Seca;Mal conservada;Não existe;Outras;;2019
19/09/2019;13:37:00;SEM VÍTIMA;IPSEP;RUA JEAN EMILE FAVRE;SUBURBIO;COLISÃO TRASEIRA;2;;;;1;;;;0;;Bom;Sem defeito;Perfeito estado;Seca;Perfeito estado;;Outras;60 km/h;2019
19/09/2019;14:42:00;SEM VÍTIMA;ENGENHO DO MEIO;RUA GOVERNADOR LOPO GARRO;;ABALROAMENTO TRANSVERSAL;2;;;;;;;;0;;Bom;Não existe;Ilegível;Seca;Perfeito estado;Não existe;Não há placas;;2019
19/09/2019;15:23:00;SEM VÍTIMA;MADALENA;RUA LOPES DE CARVALHO;SUBURBIO;ABALROAMENTO TRANSVERSAL;1;1;;;;;;;0;;Bom;Não existe;Perfeito estado;Seca;Perfeito estado;Outros;Outras;60 km/h;2019
19/09/2019;15:34:00;SEM VÍTIMA;GRAÇAS;RUA CARDEAL ARCOVERDE;;ABALROAMENTO LONGITUDINAL;2;;;;;;;;0;;Bom;Sem defeito;Perfeito estado;Seca;Perfeito estado;Faixa de pedestre;;;2019
19/09/2019;16:04:00;SEM VÍTIMA;GRAÇAS;RUA AMELIA;CIDADE;ABALROAMENTO LONGITUDINAL;2;;;;;;;;0;;Bom;Sem defeito;Perfeito estado;Seca;Perfeito estado;Agente;R-6a;40 km/h;2019
19/09/2019;16:17:00;SEM VÍTIMA;BAIRRO DO RECIFE;AV MILITAR;SUBURBIO;ABALROAMENTO LONGITUDINAL;1;;;;;1;;1;0;;Bom;Não existe;Perfeito estado;Seca;Perfeito estado;Não existe;Não há placas;;2019
19/09/2019;16:25:00;SEM VÍTIMA;BAIRRO DO RECIFE;AV MILITAR;;COLISÃO;1;;;;;1;;;0;;;;;;;;;;2019
19/09/2019;17:17:00;COM VÍTIMA;PAISSANDU;AV GOVERNADOR AGAMENON MAGALHAES;;COLISÃO;;2;;;;;;;1;;Bom;Sem defeito;Perfeito estado;Seca;Perfeito estado;Agente;Não há placas;60 km/h;2019
19/09/2019;17:18:00;SEM VÍTIMA;BOA VISTA;RUA AURORA;SUBURBIO;COLISÃO COM CICLISTA;1;;1;;;;;;0;;Bom;Sem defeito;Perfeito estado;Seca;Perfeito estado;Faixa de retenção;Não há placas;;2019
19/09/2019;17:31:00;COM VÍTIMA;PINA;AV ANTONIO DE GOES;CIDADE;COLISÃO TRASEIRA;1;1;;;;;;;1;;Bom;Sem defeito;Perfeito estado;Seca;Perfeito estado;Faixa de pedestre;;60 km/h;2019
19/09/2019;18:21:00;SEM VÍTIMA;VÁRZEA;AV AFONSO OLINDENSE;CIDADE;CHOQUE VEÍCULO PARADO;2;;;;;;;;0;;Bom;Não existe;Perfeito estado;Seca;Perfeito estado;Não existe;Não há placas;;2019
19/09/2019;18:49:00;SEM VÍTIMA;PRADO;RUA GOMES TABORDA;CIDADE;ABALROAMENTO LONGITUDINAL;1;;;;1;;;;0;;Bom;Não existe;Perfeito estado;Seca;Perfeito estado;Outros;Não há placas;;2019
19/09/2019;19:05:00;SEM VÍTIMA;NOVA DESCOBERTA;RUA CARLOS MARIGHELLA;SUBURBIO;ABALROAMENTO LONGITUDINAL;1;;;;1;;;;0;;Bom;Não existe;Não existente;Seca;Mal conservada;Não existe;Não há placas;;2019
19/09/2019;19:52:00;SEM VÍTIMA;BOA VIAGEM;RUA CORONEL ANIZIO RODRIGUES COELHO;;COLISÃO;2;;;;;;;;0;;;;;;;;;;2019
19/09/2019;20:26:00;SEM VÍTIMA;BOA VIAGEM;RUA RIBEIRO DE BRITO;;COLISÃO;2;;;;;;;;0;;;;;;;;;;2019
19/09/2019;20:29:00;SEM VÍTIMA;BOA VIAGEM;AV CONSELHEIRO AGUIAR;CIDADE;CHOQUE VEÍCULO PARADO;2;;;;;;;;0;;Bom;Não existe;Perfeito estado;Seca;Perfeito estado;Não existe;Não há placas;;2019
19/09/2019;20:47:00;SEM VÍTIMA;BOA VIAGEM;RUA ANTONIO FALCAO;;COLISÃO;;;;;;;;;0;;;;;;;;;;2019
19/09/2019;20:52:00;SEM VÍTIMA;PARNAMIRIM;AV PARNAMIRIM;;COLISÃO;2;;;;;;;;0;;;;;;;;;;2019
19/09/2019;21:03:00;SEM VÍTIMA;BOA VIAGEM;AV BOA VIAGEM;;COLISÃO;2;;;;;;;;0;;;;;;;;;;2019
19/09/2019;23:46:00;COM VÍTIMA;BOA VIAGEM;RUA BARAO DE SOUZA LEAO;SUBURBIO;ATROPELAMENTO;1;;;1;;;;;1;;Bom;Sem defeito;Perfeito estado;Seca;Perfeito estado;;Não há placas;;2019
20/09/2019;07:29:00;COM VÍTIMA;IMBIRIBEIRA;AV MARECHAL MASCARENHAS DE MORAES;CIDADE;ABALROAMENTO LONGITUDINAL;2;1;;;;;;;2;;Bom;Não existe;Perfeito estado;Seca;Perfeito estado;Não existe;Outras;;2019
20/09/2019;07:30:00;SEM VÍTIMA;TORREÃO;AV NORTE;CIDADE;COLISÃO TRASEIRA;2;;;;;;;;0;;Bom;;Perfeito estado;Seca;Perfeito estado;;;60 km/h;2019
20/09/2019;07:43:00;SEM VÍTIMA;ESPINHEIRO;RUA DR VICENTE MEIRA;CIDADE;COLISÃO TRASEIRA;1;1;;;;;;;0;;Bom;Não existe;Perfeito estado;Seca;Perfeito estado;Não existe;Placas Pare;;2019
20/09/2019;07:49:00;SEM VÍTIMA;TAMARINEIRA;RUA PADRE ROMA;CIDADE;COLISÃO TRASEIRA;2;;;;1;;;;0;;Chuvoso;Sem defeito;Perfeito estado;Molhada;Perfeito estado;Não existe;;;2019
20/09/2019;07:59:00;SEM VÍTIMA;AFOGADOS;RUA VINTE E UM DE ABRIL;CIDADE;ABALROAMENTO LONGITUDINAL;1;;;;;1;;;0;;Bom;Não existe;Não existente;Seca;Mal conservada;Não existe;Não há placas;;2019
20/09/2019;08:17:00;COM VÍTIMA;PAISSANDU;AV GOVERNADOR AGAMENON MAGALHAES;BOA VIAGEM;ABALROAMENTO LONGITUDINAL;1;1;;;;;;;1;;Chuvoso;Não existe;Perfeito estado;Molhada;Perfeito estado;;;60 km/h;2019
20/09/2019;10:02:00;SEM VÍTIMA;BAIRRO DO RECIFE;AV ALFREDO LISBOA;;COLISÃO;1;;;;1;;;;0;;;;;;;;;;2019
20/09/2019;10:11:00;SEM VÍTIMA;BOA VISTA;AV GOVERNADOR AGAMENON MAGALHAES;SUBURBIO;COLISÃO;2;;;;;;;;0;;;;;;;;;;2019
20/09/2019;10:28:00;SEM VÍTIMA;BOA VISTA;RUA DO PRINCIPE;;COLISÃO;2;;;;;;;;0;;;;;;;;;;2019
20/09/2019;10:34:00;SEM VÍTIMA;MADALENA;AV VISCONDE DE ALBUQUERQUE;SUBURBIO;ABALROAMENTO LONGITUDINAL;1;;;;1;;;;0;;Bom;Não existe;Incompleta;Seca;Perfeito estado;Não existe;R-6a;;2019
20/09/2019;10:37:00;COM VÍTIMA;GRAÇAS;PRC DO ENTRONCAMENTO;CIDADE;ATROPELAMENTO;;;;1;1;;;;1;;Bom;Não existe;Perfeito estado;Seca;Perfeito estado;Outros;Outras;40 km/h;2019
20/09/2019;10:50:00;SEM VÍTIMA;ESTÂNCIA;AV DR JOSE RUFINO;SUBURBIO;ABALROAMENTO TRANSVERSAL;2;;;;;;;;0;;Chuvoso;Não existe;Perfeito estado;Molhada;Perfeito estado;Não existe;Outras;;2019
20/09/2019;11:16:00;SEM VÍTIMA;PINA;AV HERCULANO BANDEIRA;SUBURBIO;ABALROAMENTO LONGITUDINAL;1;;;;1;;;;0;;Chuvoso;Não existe;Perfeito estado;Molhada;Perfeito estado;Não existe;R-6a;;2019
20/09/2019;11:22:00;SEM VÍTIMA;ENCRUZILHADA;AV NORTE;;COLISÃO;2;;;;;;;;0;;;;;;;;;;2019
20/09/2019;11:36:00;SEM VÍTIMA;;RUA SIQUEIRA CAMPOS;SUBURBIO;ABALROAMENTO LONGITUDINAL;1;;;;;;1;;0;;Bom;Sem defeito;Perfeito estado;Seca;Perfeito estado;Não existe;Não há placas;;2019
20/09/2019;12:06:00;SEM VÍTIMA;AFLITOS;AV CONS ROSA E SILVA;;COLISÃO;1;;;;;1;;;0;;;;;;;;;;2019
20/09/2019;12:00:00;SEM VÍTIMA;ROSARINHO;AV SANTOS DUMONT;;COLISÃO;2;;;;;;;;0;;;;;;;;;;2019
20/09/2019;12:30:00;SEM VÍTIMA;AREIAS;AV RECIFE;CIDADE;ABALROAMENTO LONGITUDINAL;1;;;;;1;;;0;;Bom;Sem defeito;Perfeito estado;Seca;Perfeito estado;Outros;;;2019
20/09/2019;13:35:00;SEM VÍTIMA;GRAÇAS;AV RUI BARBOSA;CIDADE;ABALROAMENTO LONGITUDINAL;1;;;;1;;;;0;;Bom;Sem defeito;Perfeito estado;Seca;Perfeito estado;Faixa de pedestre;Outras;;2019
20/09/2019;13:31:00;SEM VÍTIMA;ILHA DO LEITE;RUA FRANCISCO ALVES;;ABALROAMENTO LONGITUDINAL;1;;;;;1;;;0;;Chuvoso;Sem defeito;Perfeito estado;Molhada;Perfeito estado;Faixa de pedestre;Outras;;2019
20/09/2019;13:44:00;SEM VÍTIMA;ESPINHEIRO;RUA ALBERTO PAIVA;CIDADE;ABALROAMENTO LONGITUDINAL;1;;;;;1;;;0;;Bom;Sem defeito;Perfeito estado;Seca;Perfeito estado;Agente;Outras;;2019
20/09/2019;14:04:00;COM VÍTIMA;DOIS UNIDOS;RUA BACHAREL SEVERINO T.G.DO NASCIMENTO;CIDADE;ATROPELAMENTO;;;;1;1;;;;1;;Bom;Não existe;Não existente;Seca;Perfeito estado;Não existe;Não há placas;40 km/h;2019
20/09/2019;14:46:00;SEM VÍTIMA;SANTO ANTÔNIO;PRC DA REPUBLICA;SUBURBIO;COLISÃO TRASEIRA;2;;;;;;;;0;;Bom;Sem defeito;Perfeito estado;Seca;Perfeito estado;Faixa de pedestre;Outras;;2019
20/09/2019;15:46:00;SEM VÍTIMA;BOA VIAGEM;RUA MINISTRO NELSON HUNGRIA;SUBURBIO;COLISÃO TRASEIRA;1;;;;;1;;;0;;Chuvoso;Não existe;Perfeito estado;Molhada;Perfeito estado;Não existe;Não há placas;;2019
20/09/2019;16:02:00;COM VÍTIMA;CAMPO GRANDE;RUA PETRONILA BOTELHO;SUBURBIO;ABALROAMENTO LONGITUDINAL;;1;;;;1;;;1;;Chuvoso;Sem defeito;Perfeito estado;Molhada;Perfeito estado;Faixa de pedestre;R-6a;;2019
20/09/2019;16:55:00;SEM VÍTIMA;IPSEP;RUA CACHOEIRA;CIDADE;CHOQUE VEÍCULO PARADO;1;1;;;;;;;0;;Chuvoso;Não existe;Não existente;Molhada;Perfeito estado;Não existe;Placas Pare;;2019
20/09/2019;17:13:00;SEM VÍTIMA;IMBIRIBEIRA;AV MARECHAL MASCARENHAS DE MORAES;;COLISÃO;2;;;;;;;;0;;;;;;;;;;2019
20/09/2019;17:17:00;SEM VÍTIMA;SANTO ANTÔNIO;RUA DO PEIXOTO;;ABALROAMENTO LONGITUDINAL;1;;;;;1;;;0;;Chuvoso;Não existe;Não existente;Molhada;Mal iluminada;Não existe;Não há placas;30 km/h;2019
20/09/2019;17:33:00;SEM VÍTIMA;AFOGADOS;RUA SAO MIGUEL;SUBURBIO;ABALROAMENTO LONGITUDINAL;1;;;;;1;;;0;;Chuvoso;Não existe;Incompleta;Molhada;Perfeito estado;Não existe;Não há placas;;2019
20/09/2019;18:05:00;COM VÍTIMA;BOA VIAGEM;RUA VISCONDE DE JEQUITINHONHA;SUBURBIO;ABALROAMENTO LONGITUDINAL;1;1;;;;;;;1;;Chuvoso;Não existe;Perfeito estado;Molhada;Perfeito estado;Não existe;Não há placas;60 km/h;2019
20/09/2019;18:10:00;SEM VÍTIMA;AFOGADOS;RUA DA PAZ;SUBURBIO;ABALROAMENTO LONGITUDINAL;1;;;;1;;;;0;;Bom;Não existe;Perfeito estado;Seca;Perfeito estado;Não existe;R-6a;;2019
20/09/2019;18:20:00;SEM VÍTIMA;MADALENA;RUA JOAO IVO DA SILVA;SUBURBIO;COLISÃO TRASEIRA;3;;;;;;;;0;;Bom;Não existe;Ilegível;Seca;Mal conservada;Não existe;Não há placas;;2019
20/09/2019;18:38:00;SEM VÍTIMA;SANTO AMARO;AV GOVERNADOR AGAMENON MAGALHAES;SUBURBIO;COLISÃO TRASEIRA;2;;;;;;;;0;;Bom;Não existe;Perfeito estado;Seca;Perfeito estado;;Não há placas;60 km/h;2019
20/09/2019;20:28:00;SEM VÍTIMA;GRAÇAS;AV RUI BARBOSA;CIDADE;ABALROAMENTO TRANSVERSAL;1;1;;;;;;;0;;Chuvoso;Sem defeito;Perfeito estado;Molhada;Perfeito estado;Faixa de pedestre;Não há placas;60 km/h;2019
20/09/2019;22:18:00;SEM VÍTIMA;CORDEIRO;RUA DR MIGUEL VIEIRA FERREIRA;SUBURBIO;ABALROAMENTO TRANSVERSAL;2;;;;;;;;0;;Chuvoso;Sem defeito;Perfeito estado;Molhada;Perfeito estado;Faixa de pedestre;R-6a;;2019
20/09/2019;22:54:00;SEM VÍTIMA;GRAÇAS;RUA AMELIA;;COLISÃO;2;;;;;;;;0;;;;;;;;;;2019
20/09/2019;23:30:00;SEM VÍTIMA;TORRÕES;RUA DR MIGUEL VIEIRA FERREIRA;SUBURBIO;ABALROAMENTO LONGITUDINAL;1;1;;;;;;;0;;Chuvoso;Não existe;Não existente;Molhada;Perfeito estado;Não existe;Não há placas;;2019
20/09/2019;23:52:00;COM VÍTIMA;PRADO;AV ENGENHEIRO ABDIAS DE CARVALHO;;ABALROAMENTO TRANSVERSAL;1;1;;;;;;;1;;Chuvoso;Sem defeito;Perfeito estado;Molhada;Perfeito estado;Faixa de pedestre;R-6a;60 km/h;2019
21/09/2019;00:38:00;COM VÍTIMA;PARNAMIRIM;RUA DR JOSE DE GOES;;COLISÃO;1;1;;;;;;;1;;;;;;;;;;2019
21/09/2019;01:22:00;SEM VÍTIMA;PINA;AV CONSELHEIRO AGUIAR;SUBURBIO;COLISÃO TRASEIRA;2;;;;;;;;0;;Bom;Sem defeito;Perfeito estado;Seca;Perfeito estado;Não existe;Não há placas;;2019
21/09/2019;06:54:00;SEM VÍTIMA;SANTO AMARO;AV CRUZ CABUGA;CIDADE;CHOQUE OBJETO FIXO;;;;;;1;;1;0;;Bom;Sem defeito;Perfeito estado;Seca;Perfeito estado;;R-6a;40 km/h;2019
21/09/2019;07:23:00;COM VÍTIMA;SANTO AMARO;AV CRUZ CABUGA;CIDADE;CHOQUE OBJETO FIXO;;;;;1;;;;1;;Bom;Sem defeito;Perfeito estado;Seca;Perfeito estado;Faixa de pedestre;;;2019
21/09/2019;08:11:00;SEM VÍTIMA;BOA VIAGEM;AV DOM JOAO VI;CIDADE;COLISÃO;2;;;;;;;;0;;;;;;;;;;2019
21/09/2019;08:32:00;SEM VÍTIMA;SÃO JOSÉ;AV SUL;CIDADE;COLISÃO TRASEIRA;2;;;;;;;;0;;Bom;Sem defeito;Perfeito estado;Seca;Perfeito estado;;Outras;;2019
21/09/2019;08:37:00;SEM VÍTIMA;MADALENA;RUA BENFICA;CIDADE;ABALROAMENTO LONGITUDINAL;1;;;;1;;;;0;;Bom;Não existe;Incompleta;Seca;Perfeito estado;Não existe;Não há placas;;2019
21/09/2019;09:13:00;SEM VÍTIMA;DERBY;RUA JORNALISTA PAULO BITTENCOURT;SUBURBIO;CHOQUE VEÍCULO PARADO;2;;;;;;;;0;;Bom;Não existe;Perfeito estado;Seca;Perfeito estado;Não existe;R-6a;30 km/h;2019
21/09/2019;09:32:00;SEM VÍTIMA;GRAÇAS;RUA DAS PERNAMBUCANAS;SUBURBIO;COLISÃO TRASEIRA;2;;;;;;;;0;;Bom;Não existe;Perfeito estado;Seca;Perfeito estado;Não existe;;;2019
21/09/2019;09:42:00;SEM VÍTIMA;ILHA DO LEITE;AV GOVERNADOR AGAMENON MAGALHAES;;COLISÃO TRASEIRA;1;;;;;1;;;0;;Bom;Sem defeito;Perfeito estado;Seca;Perfeito estado;Faixa de pedestre;;60 km/h;2019
21/09/2019;09:48:00;SEM VÍTIMA;PINA;RUA CAPITAO REBELINHO;;ABALROAMENTO LONGITUDINAL;1;;;;1;;;;0;;Bom;Sem defeito;Perfeito estado;Seca;Perfeito estado;;Outras;30 km/h;2019
21/09/2019;10:09:00;SEM VÍTIMA;PINA;AV HERCULANO BANDEIRA;CIDADE;ABALROAMENTO LONGITUDINAL;1;;;;1;;;;0;;Bom;Sem defeito;Perfeito estado;Seca;Perfeito estado;Faixa de pedestre;Outras;;2019
21/09/2019;10:11:00;COM VÍTIMA;IPSEP;RUA JEAN EMILE FAVRE;SUBURBIO;ATROPELAMENTO;;1;;1;;;;;2;;Bom;Sem defeito;Perfeito estado;Seca;Perfeito estado;;;;2019
21/09/2019;10:21:00;SEM VÍTIMA;TEJIPIÓ;AV DR JOSE RUFINO;CIDADE;COLISÃO;2;;;;;;;;0;;;;;;;;;;2019
21/09/2019;11:06:00;SEM VÍTIMA;AFOGADOS;RUA SAO MIGUEL;;COLISÃO;1;1;;;;;;;0;;;;;;;;;;2019
21/09/2019;11:45:00;SEM VÍTIMA;COELHOS;TRV DO RAPOSO;SUBURBIO;ABALROAMENTO TRANSVERSAL;2;;;;;;;;0;;Bom;Não existe;Incompleta;Seca;Mal conservada;Faixa de retenção;Não há placas;;2019
21/09/2019;11:58:00;SEM VÍTIMA;IMBIRIBEIRA;AV MARECHAL MASCARENHAS DE MORAES;AFOGADOS;COLISÃO;1;;;;;1;;;0;;;;;;;;;;2019
21/09/2019;12:42:00;COM VÍTIMA;BOA VIAGEM;RUA SA E SOUZA;;COLISÃO COM CICLISTA;1;;1;;;;;;1;;Bom;Não existe;Não existente;Seca;Perfeito estado;Não existe;Não há placas;;2019
21/09/2019;13:14:00;SEM VÍTIMA;IMBIRIBEIRA;AV MARECHAL MASCARENHAS DE MORAES;CIDADE;COLISÃO;1;;;;;1;;;0;;;;;;;;;;2019
21/09/2019;13:28:00;SEM VÍTIMA;BOA VIAGEM;RUA RIBEIRO DE BRITO;;ABALROAMENTO LONGITUDINAL;2;;;;;;;;0;;Bom;Não existe;Perfeito estado;Seca;Perfeito estado;;R-6b;;2019
21/09/2019;13:28:00;SEM VÍTIMA;IPSEP;RUA PADRE LIMA E SA;SUBURBIO;ABALROAMENTO LONGITUDINAL;2;;;;;;;;0;;Bom;Não existe;Perfeito estado;Seca;Perfeito estado;Não existe;Não há placas;;2019
21/09/2019;13:30:00;SEM VÍTIMA;ALTO JOSÉ DO PINHO;RUA HORACIO SILVA;SUBURBIO;CHOQUE VEÍCULO PARADO;2;;;;;;;;0;;Bom;Não existe;Perfeito estado;Seca;Perfeito estado;;;;2019
21/09/2019;13:34:00;SEM VÍTIMA;IMBIRIBEIRA;AV MARECHAL MASCARENHAS DE MORAES;CIDADE;ABALROAMENTO LONGITUDINAL;1;;;;;;;2;0;;Bom;Sem defeito;Perfeito estado;Seca;;Faixa de pedestre;R-6a;;2019
21/09/2019;14:49:00;COM VÍTIMA;SANTO AMARO;AV CRUZ CABUGA;SUBURBIO;ABALROAMENTO LONGITUDINAL;;2;;;;;;;2;;Bom;Sem defeito;Perfeito estado;Seca;Perfeito estado;Faixa de pedestre;Placas Pare;;2019
21/09/2019;16:35:00;SEM VÍTIMA;TORRE;RUA JOSE DE HOLANDA;;COLISÃO;2;;;;;;;;0;;;;;;;;;;2019
21/09/2019;16:48:00;COM VÍTIMA;SAN MARTIN;RUA APULCRO DE ASSUNCAO;ABDIAS DE CARVALHO;ATROPELAMENTO;1;;;1;;;;;1;;Bom;Não existe;Não existente;Seca;Perfeito estado;Não existe;Não há placas;30 km/h;2019
21/09/2019;17:47:00;COM VÍTIMA;SAN MARTIN;RUA VINTE E UM DE ABRIL;;ATROPELAMENTO;;1;;1;;;;;1;;Bom;Não existe;;;;Não existe;;;2019
21/09/2019;17:54:00;SEM VÍTIMA;BAIRRO DO RECIFE;RUA MARIZ E BARROS;SUBURBIO;ABALROAMENTO TRANSVERSAL;2;;;;;;;;0;;Bom;Não existe;Perfeito estado;Seca;Perfeito estado;Não existe;R-6b;;2019
21/09/2019;18:26:00;SEM VÍTIMA;BAIRRO DO RECIFE;AV DANTAS BARRETO;;COLISÃO;1;;;;1;;;;0;;;;;;;;;;2019
21/09/2019;18:31:00;SEM VÍTIMA;ENGENHO DO MEIO;RUA GOVERNADOR LOPO GARRO;;COLISÃO;2;;;;;;;;0;;;;;;;;;;2019
21/09/2019;20:17:00;SEM VÍTIMA;BARRO;RUA JOSE NATARIO;;COLISÃO FRONTAL;;2;;;;;;;0;;Bom;Não existe;Perfeito estado;Seca;Perfeito estado;Não existe;Outras;;2019
21/09/2019;21:04:00;SEM VÍTIMA;SAN MARTIN;RUA JOSE VELOSO;CIDADE;ABALROAMENTO TRANSVERSAL;1;1;;;;;;;0;;Bom;Não existe;Não existente;Seca;Perfeito estado;Não existe;Não há placas;;2019
21/09/2019;21:36:00;SEM VÍTIMA;VÁRZEA;RUA ABATIA;;COLISÃO;2;;;;;;;;0;;;;;;;;;;2019
21/09/2019;21:55:00;SEM VÍTIMA;BOA VIAGEM;RUA ATLANTICO;SUBURBIO;ABALROAMENTO LONGITUDINAL;1;;;;;;;1;0;;Bom;Não existe;Incompleta;Seca;Perfeito estado;Não existe;Outras;;2019
21/09/2019;22:01:00;COM VÍTIMA;SAN MARTIN;RUA VINTE E UM DE ABRIL;CIDADE;COLISÃO COM CICLISTA;;1;1;;;;;;2;;Bom;Não existe;Perfeito estado;Seca;Perfeito estado;Não existe;Não há placas;;2019
21/09/2019;23:16:00;COM VÍTIMA;BOA VIAGEM;RUA DOS NAVEGANTES;;COLISÃO;1;1;;;;;;;1;;;;;;;;;;2019