data;hora;natureza_acidente;bairro;endereco;sentido_via;tipo;auto;moto;ciclista;pedestre;onibus;caminhao;viatura;outros;vitimas;vitimasfatais;tempo_clima;situacao_semaforo;sinalizacao;condicao_via;conservacao_via;ponto_controle;situacao_placa;velocidade_max_via;ano
22/09/2019;01:31:00;SEM VÍTIMA;BOA VIAGEM;AV ENGENHEIRO DOMINGOS FERREIRA;SUBURBIO;ABALROAMENTO TRANSVERSAL;2;;;;;;;;0;;Bom;Sem defeito;Perfeito estado;Seca;Perfeito estado;Faixa de pedestre;Não há placas;60 km/h;2019
22/09/2019;06:32:00;SEM VÍTIMA;BOA VIAGEM;AV ARMINDO MOURA;CIDADE;ABALROAMENTO TRANSVERSAL;1;1;;;;;;;0;;Bom;Não existe;Perfeito estado;Seca;Perfeito estado;Não existe;R-6a;40 km/h;2019
22/09/2019;08:51:00;COM VÍTIMA;ILHA DO LEITE;RUA FRANCISCO ALVES;CIDADE;COLISÃO TRASEIRA;1;1;;;;;;;1;;Bom;Não existe;Incompleta;Seca;Perfeito estado;Não existe;Outras;;2019
22/09/2019;12:20:00;SEM VÍTIMA;CASA AMARELA;AV NORTE;CIDADE;COLISÃO TRASEIRA;2;;;;;;;;0;;Bom;;Perfeito estado;Seca;Perfeito estado;;;60 km/h;2019
22/09/2019;13:19:00;SEM VÍTIMA;BOA VIAGEM;AV BOA VIAGEM;SUBURBIO;ABALROAMENTO LONGITUDINAL;1;1;;;;;;;0;;Bom;Não existe;Perfeito estado;Seca;Perfeito estado;Não existe;Não há placas;60 km/h;2019
22/09/2019;13:59:00;SEM VÍTIMA;ILHA DO LEITE;AV GOVERNADOR AGAMENON MAGALHAES;;COLISÃO TRASEIRA;1;;;;1;;;;0;;Bom;Sem defeito;Perfeito estado;Seca;Perfeito estado;Não existe;Outras;60 km/h;2019
22/09/2019;15:15:00;SEM VÍTIMA;PRADO;AV ENGENHEIRO ABDIAS DE CARVALHO;CIDADE;ABALROAMENTO TRANSVERSAL;2;;;;;;;;0;;Bom;Sem defeito;Perfeito estado;Seca;Perfeito estado;Faixa de pedestre;R-6a;;2019
22/09/2019;16:14:00;SEM VÍTIMA;IMBIRIBEIRA;RUA ITAJAI;CIDADE;ABALROAMENTO TRANSVERSAL;2;;;;;;;;0;;Bom;Não existe;Perfeito estado;Seca;Perfeito estado;Faixa de pedestre;Placas Pare;40 km/h;2019
22/09/2019;17:05:00;SEM VÍTIMA;ILHA JOANA BEZERRA;AV BEIRA RIO;;COLISÃO;2;;;;;;;;0;;;;;;;;;;2019
22/09/2019;17:06:00;SEM VÍTIMA;BOA VISTA;RUA JOSE DE ALENCAR;;ABALROAMENTO TRANSVERSAL;2;;;;;;;;0;;Bom;Não existe;Perfeito estado;Seca;Perfeito estado;Não existe;Placas Pare;;2019
22/09/2019;18:13:00;SEM VÍTIMA;JARDIM SÃO PAULO;RUA LEANDRO BARRETO;;COLISÃO;2;;;;;;;;0;;;;;;;;;;2019
22/09/2019;18:44:00;COM VÍTIMA;JARDIM SÃO PAULO;RUA LORENA;SUBURBIO;ABALROAMENTO TRANSVERSAL;2;;;;;;;;3;;Bom;Não existe;Perfeito estado;Seca;Perfeito estado;;Placas Pare;;2019
22/09/2019;19:46:00;SEM VÍTIMA;AFOGADOS;RUA COSME VIANA;;CHOQUE OBJETO FIXO;;;;;;1;;;0;;;;;;;;;;2019
22/09/2019;20:07:00;SEM VÍTIMA;JARDIM SÃO PAULO;RUA NOSSA SENHORA DE FATIMA;;ABALROAMENTO TRANSVERSAL;1;1;;;;;;;0;;Chuvoso;Não existe;Não existente;Molhada;Mal iluminada;Não existe;Não há placas;;2019
22/09/2019;21:06:00;SEM VÍTIMA;IMBIRIBEIRA;RUA ARQUITETO LUIZ NUNES;SUBURBIO;ABALROAMENTO LONGITUDINAL;1;1;;;;;;;0;;Bom;Não existe;Perfeito estado;Seca;Perfeito estado;Não existe;;40 km/h;2019
22/09/2019;22:45:00;SEM VÍTIMA;BEBERIBE;AV HILDEBRANDO DE VASCONCELOS;;COLISÃO TRASEIRA;2;;;;;;;;0;;Chuvoso;Sem defeito;Ilegível;Molhada;Mal iluminada;Faixa de pedestre;Não há placas;;2019
23/09/2019;00:11:00;SEM VÍTIMA;ROSARINHO;RUA COUTO MAGALHAES;;ABALROAMENTO TRANSVERSAL;2;;;;;;;;0;;Bom;Não existe;Incompleta;Seca;Perfeito estado;Faixa de pedestre;Não há placas;;2019
23/09/2019;05:31:00;SEM VÍTIMA;SANTO AMARO;AV CRUZ CABUGA;CIDADE;COLISÃO TRASEIRA;2;;;;;;;;0;;Bom;Sem defeito;Perfeito estado;Seca;Perfeito estado;Faixa de pedestre;;;2019
23/09/2019;05:40:00;COM VÍTIMA;CASA FORTE;AV DEZESSETE DE AGOSTO;CIDADE;CHOQUE VEÍCULO PARADO;1;;;;1;;;;1;;Chuvoso;Sem defeito;Perfeito estado;Molhada;Perfeito estado;Faixa de pedestre;Outras;;2019
23/09/2019;07:14:00;COM VÍTIMA;ENGENHO DO MEIO;AV MUCIO UCHOA CAVALCANTE;SUBURBIO;ABALROAMENTO TRANSVERSAL;1;1;;;;;;;1;;Bom;Não existe;Perfeito estado;Seca;Perfeito estado;Não existe;Não há placas;;2019
23/09/2019;08:13:00;SEM VÍTIMA;BOA VISTA;RUA DOM BOSCO;SUBURBIO;ABALROAMENTO LONGITUDINAL;2;;;;;;;;0;;Bom;Sem defeito;Perfeito estado;Seca;Perfeito estado;Agente;Outras;60 km/h;2019
23/09/2019;08:26:00;SEM VÍTIMA;BOA VIAGEM;AV ENGENHEIRO DOMINGOS FERREIRA;SUBURBIO;ABALROAMENTO LONGITUDINAL;2;;;;;;;;0;;Bom;Sem defeito;Perfeito estado;Seca;Perfeito estado;Faixa de pedestre;Outras;;2019
23/09/2019;08:42:00;SEM VÍTIMA;CAMPO GRANDE;EST DE BELEM;;COLISÃO TRASEIRA;2;;;;;;;;0;;Bom;Não existe;Perfeito estado;Seca;Perfeito estado;Não existe;R-6a;60 km/h;2019
23/09/2019;09:13:00;SEM VÍTIMA;BOA VIAGEM;AV DOM JOAO VI;CIDADE;ABALROAMENTO LONGITUDINAL;1;;;;;1;;;0;;Bom;Sem defeito;Perfeito estado;Seca;Perfeito estado;Faixa de pedestre;Não há placas;50 km/h;2019
23/09/2019;09:31:00;SEM VÍTIMA;SAN MARTIN;AV GENERAL SAN MARTIN;;ABALROAMENTO LONGITUDINAL;1;;;;;1;;;0;;Bom;Sem defeito;Perfeito estado;Seca;Perfeito estado;Faixa de pedestre;Não há placas;;2019
23/09/2019;09:37:00;SEM VÍTIMA;BOA VISTA;AV CONDE DA BOA VISTA;CIDADE;COLISÃO TRASEIRA;2;;;;;;;;0;;Bom;;Perfeito estado;Seca;Perfeito estado;Agente;Placas Pare;40 km/h;2019
23/09/2019;09:49:00;SEM VÍTIMA;CAXANGÁ;AV CAXANGA;CIDADE;COLISÃO TRASEIRA;2;;;;1;;;;0;;Bom;Sem defeito;Perfeito estado;Seca;Perfeito estado;Faixa de pedestre;;;2019
23/09/2019;10:09:00;SEM VÍTIMA;BOA VISTA;AV JOAO DE BARROS;;COLISÃO TRASEIRA;1;1;;;;;;;0;;Bom;Não existe;Perfeito estado;Seca;Perfeito estado;Não existe;Não há placas;;2019
23/09/2019;10:58:00;SEM VÍTIMA;BOA VISTA;PRC PARQUE AMORIM;SUBURBIO;COLISÃO TRASEIRA;1;;;;1;;;;0;;Bom;Sem defeito;Perfeito estado;Seca;Perfeito estado;Faixa de pedestre;R-6a;;2019
23/09/2019;11:14:00;SEM VÍTIMA;AREIAS;AV RECIFE;;COLISÃO;2;;;;;;;;0;;;;;;;;;;2019
23/09/2019;11:46:00;SEM VÍTIMA;ALTO JOSÉ BONIFÁCIO;1TR ALTO DA SERRINHA;;COLISÃO;1;;;;1;;;;0;;;;;;;;;;2019
23/09/2019;12:23:00;COM VÍTIMA;TAMARINEIRA;RUA JUNDIA;SUBURBIO;COLISÃO COM CICLISTA;1;;1;;;;;;1;;Bom;Não existe;Perfeito estado;Seca;Perfeito estado;Não existe;Placas Pare;30 km/h;2019
23/09/2019;12:40:00;SEM VÍTIMA;VÁRZEA;RUA ACADEMICO HELIO RAMOS;;COLISÃO;1;;;;1;;;;0;;;;;;;;;;2019
23/09/2019;13:33:00;SEM VÍTIMA;BOA VIAGEM;RUA ERNESTO DE PAULA SANTOS;;CHOQUE OBJETO FIXO;1;;;;;1;;1;0;;Bom;Não existe;Perfeito estado;Seca;Perfeito estado;Não existe;Não há placas;;2019
23/09/2019;13:51:00;SEM VÍTIMA;ARRUDA;RUA ZEFERINO AGRA;;COLISÃO TRASEIRA;2;;;;;;;;0;;Bom;Não existe;Perfeito estado;Seca;Perfeito estado;Não existe;Placas Pare;30 km/h;2019
23/09/2019;14:23:00;SEM VÍTIMA;MANGUEIRA;;SUBURBIO;ABALROAMENTO LONGITUDINAL;2;;;;;;;;0;;Bom;Não existe;Não existente;Seca;;Não existe;Não há placas;;2019
23/09/2019;14:53:00;SEM VÍTIMA;NOVA DESCOBERTA;RUA NOVA DESCOBERTA;CIDADE;CHOQUE VEÍCULO PARADO;;;;;2;;;;0;;Bom;Não existe;Perfeito estado;Seca;Perfeito estado;Não existe;;;2019
23/09/2019;15:14:00;SEM VÍTIMA;PINA;AV ENGENHEIRO DOMINGOS FERREIRA;SUBURBIO;COLISÃO TRASEIRA;2;;;;;;;;0;;Bom;Sem defeito;Perfeito estado;Seca;Perfeito estado;Faixa de pedestre;R-6a;60 km/h;2019
23/09/2019;15:17:00;SEM VÍTIMA;AFOGADOS;RUA NICOLAU PEREIRA;SUBURBIO;ABALROAMENTO LONGITUDINAL;1;;;;1;;;;0;;Bom;Sem defeito;Perfeito estado;Seca;Perfeito estado;Faixa de pedestre;Não há placas;;2019
23/09/2019;15:55:00;SEM VÍTIMA;PAISSANDU;AV GOVERNADOR AGAMENON MAGALHAES;;COLISÃO;2;;;;;;;;0;;;;;;;;;;2019
23/09/2019;15:58:00;SEM VÍTIMA;BARRO;AV DR JOSE RUFINO;SUBURBIO;ABALROAMENTO LONGITUDINAL;1;;;;;1;;;0;;Bom;Não existe;Perfeito estado;Seca;Perfeito estado;Faixa de pedestre;Outras;;2019
23/09/2019;16:17:00;SEM VÍTIMA;DERBY;AV GOVERNADOR AGAMENON MAGALHAES;;COLISÃO TRASEIRA;4;;;;;;;1;0;;Bom;Sem defeito;Perfeito estado;Seca;Perfeito estado;Outros;Outras;60 km/h;2019
23/09/2019;17:39:00;SEM VÍTIMA;CASA FORTE;AV DEZESSETE DE AGOSTO;SUBURBIO;COLISÃO TRASEIRA;2;;;;;;;;0;;Bom;Sem defeito;Perfeito estado;;;Faixa de retenção;Não há placas;60 km/h;2019
23/09/2019;18:43:00;SEM VÍTIMA;SANTO AMARO;AV GOVERNADOR AGAMENON MAGALHAES;;COLISÃO TRASEIRA;1;1;;;;;;;0;;Bom;Não existe;Perfeito estado;Seca;Perfeito estado;Não existe;Não há placas;;2019
23/09/2019;19:37:00;SEM VÍTIMA;BOA VIAGEM;RUA DEZ DE JULHO;SUBURBIO;ABALROAMENTO TRANSVERSAL;2;;;;;;;;0;;Bom;Não existe;Perfeito estado;Seca;Perfeito estado;Não existe;Não há placas;;2019
23/09/2019;21:09:00;COM VÍTIMA;ESPINHEIRO;RUA AMELIA;CIDADE;ABALROAMENTO LONGITUDINAL;1;1;;;;;;;1;;Bom;Sem defeito;Perfeito estado;Seca;Perfeito estado;Faixa de pedestre;R-6a;;2019
23/09/2019;21:16:00;SEM VÍTIMA;BOA VIAGEM;RUA JONATHAS DE VASCONCELOS;SUBURBIO;ABALROAMENTO TRANSVERSAL;2;;;;;;;;0;;Bom;Não existe;Não existente;Seca;Perfeito estado;Não existe;Não há placas;;2019
23/09/2019;22:54:00;SEM VÍTIMA;CAJUEIRO;RUA SEBASTIAO REGO BARROS;SUBURBIO;CHOQUE VEÍCULO PARADO;2;;;;;;;;0;;Bom;Não existe;Não existente;Seca;Perfeito estado;Não existe;Não há placas;;2019
24/09/2019;07:30:00;COM VÍTIMA;IMBIRIBEIRA;RUA BARAO DE AGUA BRANCA;SUBURBIO;ABALROAMENTO TRANSVERSAL;1;1;;;;;;;1;;Bom;Não existe;Incompleta;Seca;Perfeito estado;Não existe;Placas Pare;30 km/h;2019
24/09/2019;07:51:00;SEM VÍTIMA;MADALENA;RUA BENFICA;SUBURBIO;ABALROAMENTO LONGITUDINAL;2;;;;;;;;0;;Bom;Não existe;Perfeito estado;Seca;Perfeito estado;Não existe;Não há placas;40 km/h;2019
24/09/2019;07:52:00;SEM VÍTIMA;VÁRZEA;AV AFONSO OLINDENSE;SUBURBIO;COLISÃO TRASEIRA;3;;;;;;;;0;;Bom;Não existe;Perfeito estado;Seca;Perfeito estado;;Não há placas;40 km/h;2019
24/09/2019;08:21:00;COM VÍTIMA;ILHA JOANA BEZERRA;VDO PAPA JOAO PAULO II;SUBURBIO;TOMBAMENTO;;1;;;;;;;1;;Bom;Não existe;Perfeito estado;Seca;Perfeito estado;Não existe;Não há placas;;2019
24/09/2019;08:22:00;SEM VÍTIMA;ARRUDA;AV BEBERIBE;SUBURBIO;ABALROAMENTO TRANSVERSAL;1;1;;;;;;;0;;Bom;Não existe;Perfeito estado;Seca;Perfeito estado;Não existe;Outras;60 km/h;2019
24/09/2019;08:28:00;SEM VÍTIMA;BOA VIAGEM;RUA MINISTRO NELSON HUNGRIA;;COLISÃO;2;;;;;;;;0;;;;;;;;;;2019
24/09/2019;08:32:00;SEM VÍTIMA;ILHA DO RETIRO;RUA JOAO ELISIO RAMOS;;COLISÃO;2;;;;;;;;0;;;;;;;;;;2019
24/09/2019;09:25:00;SEM VÍTIMA;BOA VIAGEM;AV BOA VIAGEM;CIDADE;ABALROAMENTO LONGITUDINAL;2;;;;;;;;0;;Bom;Não existe;Perfeito estado;Seca;Perfeito estado;Não existe;Não há placas;60 km/h;2019
24/09/2019;09:29:00;SEM VÍTIMA;IMBIRIBEIRA;AV MARECHAL MASCARENHAS DE MORAES;CIDADE;COLISÃO TRASEIRA;1;;;;1;;;1;0;;Bom;Sem defeito;Perfeito estado;Seca;Perfeito estado;Faixa de pedestre;R-6a;;2019
24/09/2019;09:44:00;SEM VÍTIMA;MADALENA;RUA SPORT CLUBE DO RECIFE;SUBURBIO;ABALROAMENTO LONGITUDINAL;1;1;;;;;;;0;;Bom;Sem defeito;;Seca;Perfeito estado;Agente;Não há placas;40 km/h;2019
24/09/2019;10:18:00;SEM VÍTIMA;BOA VIAGEM;RUA PEDRO BERGAMO;;COLISÃO;2;;;;;;;;0;;;;;;;;;;2019
24/09/2019;10:47:00;SEM VÍTIMA;AREIAS;AV DR JOSE RUFINO;SUBURBIO;COLISÃO TRASEIRA;;1;;;;;;2;0;;Bom;Sem defeito;Perfeito estado;Seca;Perfeito estado;Faixa de retenção;Não há placas;;2019
24/09/2019;11:06:00;SEM VÍTIMA;FUNDÃO;AV BEBERIBE;CIDADE;COLISÃO FRONTAL;1;1;;;;;;;0;;Bom;Sem defeito;Perfeito estado;Seca;Perfeito estado;Faixa de pedestre;Outras;;2019
24/09/2019;11:30:00;COM VÍTIMA;PINA;AVENIDA CELSO FURTADO (VIA MANGUE);SUBURBIO;ABALROAMENTO LONGITUDINAL;1;1;;;;;;;1;;Bom;Não existe;Perfeito estado;Seca;Perfeito estado;Não existe;Não há placas;;2019
24/09/2019;11:39:00;SEM VÍTIMA;AREIAS;RUA IPOJUCA;CIDADE;COLISÃO TRASEIRA;2;;;;1;;;;0;;Bom;Não existe;Perfeito estado;Seca;Perfeito estado;Não existe;Outras;;2019
24/09/2019;11:51:00;SEM VÍTIMA;ENCRUZILHADA;AV BEBERIBE;SUBURBIO;ABALROAMENTO TRANSVERSAL;2;;;;;;;;0;;Bom;Não existe;Perfeito estado;Seca;Perfeito estado;Não existe;Não há placas;60 km/h;2019
24/09/2019;12:02:00;SEM VÍTIMA;ESPINHEIRO;RUA DR BANDEIRA FILHO;SUBURBIO;COLISÃO TRASEIRA;2;;;;;;;;0;;Bom;Sem defeito;Perfeito estado;Seca;Perfeito estado;Agente;Outras;;2019
24/09/2019;12:25:00;SEM VÍTIMA;BOA VIAGEM;RUA BARAO DE SOUZA LEAO;CIDADE;ABALROAMENTO LONGITUDINAL;1;;;;1;;;;0;;Bom;Não existe;Perfeito estado;Seca;Perfeito estado;Não existe;Outras;;2019
24/09/2019;13:36:00;SEM VÍTIMA;ESPINHEIRO;RUA BARAO DE ITAMARACA;;COLISÃO;2;;;;;;;;0;;;;;;;;;;2019
24/09/2019;13:46:00;SEM VÍTIMA;ILHA DO LEITE;RUA FRANCISCO ALVES;SUBURBIO;ABALROAMENTO LONGITUDINAL;1;;;;1;;;;0;;Bom;Não existe;Perfeito estado;Seca;Perfeito estado;Faixa de pedestre;Placas Pare;;2019
24/09/2019;14:14:00;SEM VÍTIMA;VÁRZEA;RUA MARECHAL MANOEL LUIS OSORIO;SUBURBIO;ABALROAMENTO TRANSVERSAL;2;;;;;;;;0;;Bom;Não existe;Perfeito estado;Seca;Perfeito estado;Faixa de pedestre;R-1;;2019
24/09/2019;14:39:00;SEM VÍTIMA;BOA VIAGEM;RUA PADRE CARAPUCEIRO;SUBURBIO;COLISÃO TRASEIRA;2;;;;;;;;0;;Bom;Sem defeito;Perfeito estado;Seca;Perfeito estado;Não existe;Não há placas;;2019
24/09/2019;14:53:00;SEM VÍTIMA;ESTÂNCIA;RUA HAVAI;CIDADE;COLISÃO FRONTAL;1;1;;;;;;;0;;Bom;Não existe;Não existente;Seca;Perfeito estado;Não existe;Não há placas;;2019
24/09/2019;15:15:00;SEM VÍTIMA;SANTO AMARO;AV NORTE;SUBURBIO;COLISÃO TRASEIRA;2;;;;;;;;0;;Bom;Sem defeito;Perfeito estado;Seca;Perfeito estado;Faixa de pedestre;Não há placas;60 km/h;2019
24/09/2019;15:21:00;COM VÍTIMA;VÁRZEA;RUA MARECHAL MANOEL LUIS OSORIO;SUBURBIO;ABALROAMENTO TRANSVERSAL;2;1;;;;;;;1;;Bom;Não existe;Perfeito estado;Seca;Perfeito estado;Não existe;R-6a;;2019
24/09/2019;15:29:00;SEM VÍTIMA;DERBY;AV MONTEVIDEU;CIDADE;COLISÃO TRASEIRA;1;1;;;;;;;0;;Bom;Não existe;Perfeito estado;Seca;Perfeito estado;Não existe;Outras;;2019
24/09/2019;23:26:00;SEM VÍTIMA;BOA VISTA;PRC PARQUE AMORIM;SUBURBIO;ABALROAMENTO LONGITUDINAL;2;;;;;;;;0;;Bom;Sem defeito;Não existente;Seca;Perfeito estado;Faixa de pedestre;Não há placas;;2019
24/09/2019;15:47:00;SEM VÍTIMA;CABANGA;AV SUL;CIDADE;ABALROAMENTO LONGITUDINAL;2;;;;;;;;0;;Bom;Sem defeito;Perfeito estado;Seca;Perfeito estado;Não existe;Não há placas;;2019
24/09/2019;15:50:00;COM VÍTIMA;CABANGA;AV SUL;CIDADE;COLISÃO TRASEIRA;1;1;;;;;;;1;;Bom;Sem defeito;Perfeito estado;Seca;Perfeito estado;Não existe;Não há placas;;2019
24/09/2019;16:10:00;SEM VÍTIMA;SANTO AMARO;AV CRUZ CABUGA;;COLISÃO;1;;;;;;;1;0;;;;;;;;;;2019
24/09/2019;17:32:00;SEM VÍTIMA;AREIAS;AV DR JOSE RUFINO;CIDADE;ABALROAMENTO LONGITUDINAL;1;;;;1;;;;0;;Bom;Não existe;Perfeito estado;Seca;Perfeito estado;Não existe;Outras;;2019
24/09/2019;17:57:00;SEM VÍTIMA;MUSTARDINHA;RUA VINTE E UM DE ABRIL;SUBURBIO;ABALROAMENTO LONGITUDINAL;1;;;;1;;;;0;;Bom;Sem defeito;Incompleta;Seca;Perfeito estado;Não existe;R-6a;30 km/h;2019
24/09/2019;18:24:00;SEM VÍTIMA;ESTÂNCIA;AV RECIFE;SUBURBIO;ABALROAMENTO LONGITUDINAL;1;;;;;1;;;0;;Bom;Não existe;Perfeito estado;Seca;Perfeito estado;Não existe;Não há placas;;2019
24/09/2019;18:25:00;SEM VÍTIMA;PINA;AV ANTONIO DE GOES;CIDADE;ABALROAMENTO LONGITUDINAL;1;;;;1;;;;0;;Bom;Sem defeito;Perfeito estado;Seca;Perfeito estado;Faixa de pedestre;;;2019
24/09/2019;18:35:00;COM VÍTIMA;SANTO AMARO;AV GOVERNADOR AGAMENON MAGALHAES;;COLISÃO COM CICLISTA;1;;1;;;;;;1;;Bom;Sem defeito;Perfeito estado;Seca;Perfeito estado;Faixa de retenção;Outras;60 km/h;2019
24/09/2019;18:49:00;SEM VÍTIMA;CORDEIRO;AV INACIO MONTEIRO;SUBURBIO;ABALROAMENTO TRANSVERSAL;2;;;;;;;;0;;Bom;Não existe;Perfeito estado;Seca;Perfeito estado;Outros;Não há placas;;2019
24/09/2019;20:30:00;COM VÍTIMA;BOA VIAGEM;RUA ERNESTO DE PAULA SANTOS;SUBURBIO;ABALROAMENTO TRANSVERSAL;;2;;;;;;;2;;Bom;Não existe;Incompleta;Seca;Perfeito estado;Não existe;R-6a;;2019
24/09/2019;21:33:00;SEM VÍTIMA;CASA AMARELA;AV NORTE;CIDADE;CHOQUE OBJETO FIXO;1;;;;;;;;0;;Bom;Sem defeito;Perfeito estado;Seca;Perfeito estado;Faixa de pedestre;Outras;;2019
24/09/2019;21:43:00;SEM VÍTIMA;AREIAS;RUA JOSE NATARIO;SUBURBIO;CHOQUE VEÍCULO PARADO;2;;;;;;;;0;;Bom;Não existe;Perfeito estado;Seca;Mal iluminada;Não existe;Não há placas;40 km/h;2019
24/09/2019;23:53:00;SEM VÍTIMA;AREIAS;AV DR JOSE RUFINO;SUBURBIO;COLISÃO TRASEIRA;2;;;;;;;;0;;Bom;Sem defeito;Perfeito estado;Seca;Perfeito estado;Faixa de pedestre;Outras;;2019
25/09/2019;06:45:00;SEM VÍTIMA;IMBIRIBEIRA;AV MARECHAL MASCARENHAS DE MORAES;;COLISÃO TRASEIRA;3;;;;;;;;0;;Bom;Sem defeito;Perfeito estado;Seca;Perfeito estado;Faixa de pedestre;Não há placas;60 km/h;2019
25/09/2019;07:10:00;SEM VÍTIMA;CAXANGÁ;AV CAXANGA;CIDADE;COLISÃO;;1;;;1;;;;0;;;;;;;;;;2019
25/09/2019;07:46:00;COM VÍTIMA;MACAXEIRA;AV NORTE;;ENGAVETAMENTO;4;;;;;;;;1;;;;;;;;;;2019
25/09/2019;08:47:00;COM VÍTIMA;BOA VISTA;RUA DO HOSPICIO;CIDADE;ATROPELAMENTO;1;;;1;;;;;1;;Bom;Sem defeito;Perfeito estado;Seca;Perfeito estado;Não existe;Outras;;2019
25/09/2019;08:57:00;COM VÍTIMA;MACAXEIRA;AV NORTE;CIDADE;COLISÃO TRASEIRA;3;;;;;1;;;1;;Bom;Não existe;Perfeito estado;Seca;Perfeito estado;Não existe;Não há placas;60 km/h;2019
25/09/2019;09:14:00;COM VÍTIMA;BONGI;RUA SANTA EDWIRGES;CIDADE;ABALROAMENTO TRANSVERSAL;1;1;;;;;;;1;;Bom;Não existe;Ilegível;Seca;Mal conservada;Outros;Outras;;2019
25/09/2019;09:31:00;SEM VÍTIMA;BOA VIAGEM;AV BOA VIAGEM;CIDADE;ABALROAMENTO LONGITUDINAL;1;1;;;;;;;0;;Bom;Não existe;Perfeito estado;Seca;Perfeito estado;Não existe;Não há placas;60 km/h;2019
25/09/2019;;SEM VÍTIMA;SANTO AMARO;AV GOVERNADOR AGAMENON MAGALHAES;SUBURBIO;ABALROAMENTO LONGITUDINAL;2;;;;;;;;0;;Bom;Sem defeito;Perfeito estado;Seca;Perfeito estado;Faixa de pedestre;Não há placas;60 km/h;2019
25/09/2019;09:57:00;COM VÍTIMA;SANTO AMARO;AV DR JAYME DA FONTE;SUBURBIO;ABALROAMENTO TRANSVERSAL;1;1;;;;;;;1;;Bom;Não existe;Perfeito estado;Seca;Perfeito estado;Não existe;Não há placas;;2019
25/09/2019;10:01:00;SEM VÍTIMA;BOA VISTA;PRC DO DERBY;CIDADE;CHOQUE VEÍCULO PARADO;1;;;;1;;;;0;;Bom;Não existe;Perfeito estado;Seca;Perfeito estado;Agente;Não há placas;30 km/h;2019
25/09/2019;10:10:00;SEM VÍTIMA;BOA VIAGEM;RUA BARAO DE SOUZA LEAO;;ABALROAMENTO LONGITUDINAL;1;;;;;;;;0;;Bom;Não existe;Perfeito estado;Seca;Perfeito estado;Não existe;Placas Pare;30 km/h;2019
25/09/2019;10:48:00;SEM VÍTIMA;PINA;RUA CACILDA IOLANDA PORCIUNCULA;CIDADE;COLISÃO TRASEIRA;2;;;;;;;;0;;Bom;Não existe;Perfeito estado;Seca;Perfeito estado;Não existe;Placas Pare;;2019
25/09/2019;11:15:00;SEM VÍTIMA;AFOGADOS;RUA SAO MIGUEL;CIDADE;ABALROAMENTO TRANSVERSAL;1;;;;1;;;;0;;Bom;Não existe;Perfeito estado;Seca;Perfeito estado;Não existe;R-6a;;2019
25/09/2019;11:21:00;COM VÍTIMA;AFOGADOS;PTE DO MOTOCOLOMBO;CIDADE;COLISÃO TRASEIRA;;2;;;;1;;;2;;Bom;Sem defeito;Perfeito estado;Seca;Perfeito estado;Outros;Outras;60 km/h;2019
25/09/2019;11:36:00;SEM VÍTIMA;JORDÃO;AV MARIA IRENE;SUBURBIO;COLISÃO TRASEIRA;2;;;;;;;;0;;Bom;Não existe;Incompleta;Seca;Perfeito estado;Não existe;Não há placas;40 km/h;2019
25/09/2019;11:41:00;SEM VÍTIMA;TORRE;RUA REAL DA TORRE;;COLISÃO;2;;;;;;;;0;;;;;;;;;;2019
25/09/2019;11:47:00;SEM VÍTIMA;BOA VIAGEM;AV CONSELHEIRO AGUIAR;;COLISÃO;2;;;;;;;;0;;;;;;;;;;2019
25/09/2019;1049592:00:00;SEM VÍTIMA;BOA VIAGEM;RUA PADRE CARAPUCEIRO;SUBURBIO;ABALROAMENTO LONGITUDINAL;2;;;;;;;;0;;Bom;Sem defeito;Perfeito estado;Seca;Perfeito estado;Não existe;Não há placas;;2019
25/09/2019;12:30:00;SEM VÍTIMA;ESPINHEIRO;RUA DA HORA;;CHOQUE VEÍCULO PARADO;1;1;;;;;;;0;;Bom;Sem defeito;Perfeito estado;Seca;Perfeito estado;Faixa de pedestre;R-6a;;2019
25/09/2019;12:46:00;SEM VÍTIMA;AREIAS;AV DR JOSE RUFINO;CIDADE;ABALROAMENTO LONGITUDINAL;;;;;1;1;;;0;;Bom;Não existe;Perfeito estado;Seca;Perfeito estado;Faixa de pedestre;R-6a;;2019
25/09/2019;12:56:00;SEM VÍTIMA;BOA VIAGEM;AV ENGENHEIRO DOMINGOS FERREIRA;;COLISÃO TRASEIRA;2;;;;;;;;0;;Bom;Não existe;Perfeito estado;Seca;Perfeito estado;Não existe;Outras;;2019
25/09/2019;13:04:00;SEM VÍTIMA;JORDÃO;RUA ALBERTO LUNDGREN;SUBURBIO;ABALROAMENTO LONGITUDINAL;1;;;;;1;;;0;;Bom;Não existe;Perfeito estado;Seca;Perfeito estado;;Placas Pare;40 km/h;2019
25/09/2019;15:30:00;SEM VÍTIMA;IMBIRIBEIRA;AV PRESIDENTE DUTRA;SUBURBIO;COLISÃO TRASEIRA;2;;;;;;;;0;;Bom;Não existe;Perfeito estado;Seca;Perfeito estado;Não existe;Não há placas;60 km/h;2019