data;hora;natureza_acidente;bairro;endereco;sentido_via;tipo;auto;moto;ciclista;pedestre;onibus;caminhao;viatura;outros;vitimas;vitimasfatais;tempo_clima;situacao_semaforo;sinalizacao;condicao_via;conservacao_via;ponto_controle;situacao_placa;velocidade_max_via;ano
25/09/2019;15:31:00;SEM VÍTIMA;AREIAS;AV DR JOSE RUFINO;;ABALROAMENTO LONGITUDINAL;1;;;;;;;;0;;Bom;Não existe;Ilegível;Molhada;Mal conservada;Não existe;R-6a;;2019
25/09/2019;15:44:00;SEM VÍTIMA;DERBY;PTE ESTACIO COIMBRA;;CHOQUE VEÍCULO PARADO;3;;;;;;;;0;;Bom;Não existe;Perfeito estado;Seca;Perfeito estado;Não existe;Não há placas;;2019
25/09/2019;15:46:00;COM VÍTIMA;IMBIRIBEIRA;AV MARECHAL MASCARENHAS DE MORAES;SUBURBIO;ABALROAMENTO TRANSVERSAL;1;1;;;;;;;1;;Bom;Sem defeito;Perfeito estado;Seca;Perfeito estado;Outros;R-6a;;2019
25/09/2019;15:53:00;SEM VÍTIMA;PAISSANDU;VIADUTO CAPITAO TEMUDO;;COLISÃO TRASEIRA;2;;;;;;;;0;;Bom;Não existe;;Seca;Perfeito estado;;Não há placas;60 km/h;2019
25/09/2019;16:38:00;SEM VÍTIMA;JARDIM SÃO PAULO;RUA LEANDRO BARRETO;SUBURBIO;ABALROAMENTO TRANSVERSAL;2;;;;;;;;0;;Bom;Não existe;Não existente;Seca;Perfeito estado;Não existe;Não há placas;30 km/h;2019
25/09/2019;17:40:00;SEM VÍTIMA;SANTO ANTÔNIO;AV DOM PEDRO I - IMPERADOR;;COLISÃO;1;1;;;;;;;0;;;;;;;;;;2019
25/09/2019;18:18:00;SEM VÍTIMA;AREIAS;AV DR JOSE RUFINO;;COLISÃO TRASEIRA;3;;;;;;;;0;;Bom;Não existe;Perfeito estado;Seca;Perfeito estado;Não existe;Outras;50 km/h;2019
25/09/2019;19:20:00;SEM VÍTIMA;GRAÇAS;RUA ALBERTO PAIVA;;CHOQUE VEÍCULO PARADO;2;;;;;;;;0;;Bom;Não existe;Perfeito estado;Seca;Perfeito estado;Não existe;Placas Pare;;2019
25/09/2019;19:24:00;SEM VÍTIMA;SANTO ANTÔNIO;AV MARTINS DE BARROS;;ABALROAMENTO LONGITUDINAL;1;;;;1;;;;0;;Bom;Sem defeito;Perfeito estado;Seca;Perfeito estado;Faixa de pedestre;Não há placas;;2019
25/09/2019;19:33:00;SEM VÍTIMA;DERBY;AV GOVERNADOR AGAMENON MAGALHAES;;ABALROAMENTO TRANSVERSAL;1;;;;1;;;;0;;Bom;Não existe;Perfeito estado;Seca;Perfeito estado;Não existe;Não há placas;;2019
25/09/2019;20:01:00;SEM VÍTIMA;ESPINHEIRO;RUA CONS PORTELA;CIDADE;ABALROAMENTO LONGITUDINAL;2;;;;;;;;0;;Bom;Sem defeito;Perfeito estado;Seca;Perfeito estado;Faixa de pedestre;Outras;;2019
25/09/2019;20:50:00;COM VÍTIMA;ARRUDA;RUA MEM DE SA;CIDADE;ABALROAMENTO LONGITUDINAL;1;1;;;;;;;1;;Bom;Sem defeito;Não existente;Seca;Perfeito estado;Não existe;Não há placas;;2019
25/09/2019;23:27:00;SEM VÍTIMA;BOA VIAGEM;RUA PROFESSOR JOSE BRANDAO;;COLISÃO;2;;;;;;;;0;;;;;;;;;;2019
26/09/2019;01:37:00;COM VÍTIMA;BOA VIAGEM;RUA BARAO DE SOUZA LEAO;CIDADE;ABALROAMENTO TRANSVERSAL;2;;;;;;;;1;;Bom;Sem defeito;Incompleta;Seca;Perfeito estado;;Outras;;2019
26/09/2019;07:15:00;SEM VÍTIMA;SANTO AMARO;AV GOVERNADOR AGAMENON MAGALHAES;DERBY;COLISÃO;3;;;;;;;;0;;;;;;;;;;2019
26/09/2019;07:25:00;SEM VÍTIMA;MADALENA;RUA DEMOCRITO DE SOUZA FILHO;CIDADE;ABALROAMENTO LONGITUDINAL;1;;;;;;;;0;;Bom;Não existe;Perfeito estado;Seca;Perfeito estado;Agente;Outras;;2019
26/09/2019;07:30:00;SEM VÍTIMA;ENCRUZILHADA;AV BEBERIBE;SUBURBIO;COLISÃO;;1;;;1;;;;0;;;;;;;;;;2019
26/09/2019;08:05:00;SEM VÍTIMA;IPUTINGA;AV CAXANGA;CIDADE;ABALROAMENTO LONGITUDINAL;1;1;;;;;;;0;;Bom;Sem defeito;Perfeito estado;Seca;Perfeito estado;Faixa de retenção;R-6a;;2019
26/09/2019;08:14:00;SEM VÍTIMA;GRAÇAS;AV RUI BARBOSA;CIDADE;COLISÃO TRASEIRA;2;;;;;;;;0;;Bom;Não existe;Perfeito estado;Seca;Perfeito estado;Faixa de pedestre;Outras;;2019
26/09/2019;08:18:00;COM VÍTIMA;PINA;AV ENGENHEIRO DOMINGOS FERREIRA;SUBURBIO;ABALROAMENTO LONGITUDINAL;1;1;;;;;;;1;;Bom;Sem defeito;Perfeito estado;Seca;Perfeito estado;Não existe;Não há placas;60 km/h;2019
26/09/2019;08:23:00;SEM VÍTIMA;SANCHO;AV LIBERDADE;SUBURBIO;ABALROAMENTO LONGITUDINAL;1;;;;1;;;;0;;Bom;Não existe;Perfeito estado;Seca;Perfeito estado;;R-6a;;2019
26/09/2019;09:08:00;SEM VÍTIMA;DERBY;PRC DO DERBY;CIDADE;ABALROAMENTO LONGITUDINAL;2;;;;;;;;0;;Bom;Sem defeito;Perfeito estado;Seca;Perfeito estado;Agente;Não há placas;;2019
26/09/2019;09:10:00;SEM VÍTIMA;TORRÕES;AV ENGENHEIRO ABDIAS DE CARVALHO;SUBURBIO;COLISÃO TRASEIRA;2;;;;;;;;0;;Bom;Sem defeito;Perfeito estado;Seca;Perfeito estado;Não existe;Outras;;2019
26/09/2019;09:46:00;SEM VÍTIMA;CASA AMARELA;AV NORTE;CIDADE;ABALROAMENTO LONGITUDINAL;2;;;;;;;;0;;Bom;Não existe;Perfeito estado;Seca;Perfeito estado;Não existe;Não há placas;60 km/h;2019
26/09/2019;09:52:00;SEM VÍTIMA;IMBIRIBEIRA;AV MARECHAL MASCARENHAS DE MORAES;SUBURBIO;ABALROAMENTO LONGITUDINAL;1;;;;1;;;;0;;Bom;Não existe;Incompleta;Seca;Mal conservada;Não existe;Não há placas;;2019
26/09/2019;11:18:00;SEM VÍTIMA;IMBIRIBEIRA;AV MARECHAL MASCARENHAS DE MORAES;CIDADE;ABALROAMENTO LONGITUDINAL;1;;;;;;;1;0;;Bom;Não existe;Perfeito estado;Seca;Perfeito estado;Não existe;Não há placas;60 km/h;2019
26/09/2019;11:24:00;SEM VÍTIMA;BEBERIBE;RUA URIEL DE HOLANDA;SUBURBIO;ABALROAMENTO LONGITUDINAL;1;;;;1;;;;0;;Bom;Não existe;Incompleta;Seca;Perfeito estado;Não existe;Outras;30 km/h;2019
26/09/2019;11:32:00;SEM VÍTIMA;BEBERIBE;RUA URIEL DE HOLANDA;CIDADE;ABALROAMENTO LONGITUDINAL;1;;;;1;;;;0;;Bom;Não existe;Perfeito estado;Seca;Perfeito estado;Outros;Não há placas;;2019
26/09/2019;11:49:00;SEM VÍTIMA;MADALENA;RUA BENFICA;CIDADE;ABALROAMENTO LONGITUDINAL;1;1;;;;;;;0;;Bom;Não existe;Perfeito estado;Seca;Perfeito estado;Não existe;Não há placas;;2019
26/09/2019;12:19:00;SEM VÍTIMA;TORRE;RUA LAGOA DO RANCHO;SUBURBIO;ABALROAMENTO LONGITUDINAL;1;1;;;;;;;0;;Bom;Não existe;Não existente;Seca;Perfeito estado;Não existe;Não há placas;;2019
26/09/2019;12:21:00;SEM VÍTIMA;CORDEIRO;RUA IPINIRAS;;COLISÃO;2;;;;;;;;0;;;;;;;;;;2019
26/09/2019;12:28:00;SEM VÍTIMA;BOMBA DO HEMETÉRIO;RUA BOMBA DO HEMETERIO;SUBURBIO;ABALROAMENTO TRANSVERSAL;1;1;;;;;;;0;;Bom;Não existe;Perfeito estado;Seca;Perfeito estado;Outros;Outras;;2019
26/09/2019;13:14:00;SEM VÍTIMA;SANTO AMARO;RUA DOS PALMARES;;ABALROAMENTO TRANSVERSAL;2;;;;;;;;0;;Bom;Não existe;Perfeito estado;Seca;Perfeito estado;Faixa de pedestre;Não há placas;;2019
26/09/2019;13:29:00;SEM VÍTIMA;AFOGADOS;RUA JOAQUIM DE VASCONCELOS PEREIRA;SUBURBIO;ABALROAMENTO LONGITUDINAL;1;;;;;1;;;0;;Bom;Não existe;Perfeito estado;Seca;Perfeito estado;Não existe;Não há placas;;2019
26/09/2019;14:19:00;SEM VÍTIMA;SAN MARTIN;RUA DELMIRO GOUVEIA;SUBURBIO;ABALROAMENTO LONGITUDINAL;1;1;;;;;;;0;;Bom;Sem defeito;Perfeito estado;Seca;Perfeito estado;Faixa de retenção;Não há placas;;2019
26/09/2019;14:59:00;SEM VÍTIMA;PINA;AV HERCULANO BANDEIRA;;COLISÃO;1;;;;1;;;;0;;;;;;;;;;2019
26/09/2019;15:06:00;SEM VÍTIMA;PINA;AV HERCULANO BANDEIRA;SUBURBIO;ABALROAMENTO TRANSVERSAL;2;;;;;;;;0;;Bom;Não existe;Incompleta;Seca;Mal conservada;Não existe;Outras;60 km/h;2019
26/09/2019;15:09:00;SEM VÍTIMA;CAMPO GRANDE;RUA ODORICO MENDES;;COLISÃO;2;;;;;;;;0;;;;;;;;;;2019
26/09/2019;15:25:00;SEM VÍTIMA;BOA VIAGEM;AV ENGENHEIRO DOMINGOS FERREIRA;SUBURBIO;COLISÃO TRASEIRA;2;;;;;;;;0;;Bom;Não existe;Perfeito estado;Seca;Perfeito estado;Outros;R-6a;;2019
26/09/2019;15:32:00;SEM VÍTIMA;ILHA DO RETIRO;RUA SPORT CLUBE DO RECIFE;SUBURBIO;ABALROAMENTO LONGITUDINAL;2;;;;;;;;0;;Bom;Não existe;Perfeito estado;Seca;Perfeito estado;Não existe;Outras;;2019
26/09/2019;15:34:00;COM VÍTIMA;IPSEP;AV RECIFE;SUBURBIO;ABALROAMENTO LONGITUDINAL;1;1;;;;;;;1;;Bom;Sem defeito;Perfeito estado;Seca;Mal conservada;Agente;R-6a;60 km/h;2019
26/09/2019;16:11:00;SEM VÍTIMA;PINA;AV HERCULANO BANDEIRA;SUBURBIO;COLISÃO TRASEIRA;2;;;;;;;;0;;Bom;Não existe;Perfeito estado;Seca;Perfeito estado;Não existe;Outras;60 km/h;2019
26/09/2019;16:15:00;SEM VÍTIMA;AFOGADOS;RUA DA PAZ;;ABALROAMENTO LONGITUDINAL;2;;;;;;;;0;;Bom;Sem defeito;Perfeito estado;Seca;Perfeito estado;;Não há placas;;2019
26/09/2019;16:16:00;SEM VÍTIMA;ESTÂNCIA;AV RECIFE;SUBURBIO;ABALROAMENTO LONGITUDINAL;1;;;;;1;;;0;;Bom;Não existe;Perfeito estado;Seca;Perfeito estado;Não existe;Outras;;2019
26/09/2019;16:29:00;SEM VÍTIMA;CAXANGÁ;AV CAXANGA;CIDADE;COLISÃO TRASEIRA;1;1;;;;;;;0;;Bom;Sem defeito;Perfeito estado;Seca;Perfeito estado;Faixa de pedestre;R-6a;;2019
26/09/2019;16:35:00;COM VÍTIMA;BONGI;AV ENGENHEIRO ABDIAS DE CARVALHO;;COLISÃO COM CICLISTA;1;;1;;;;;;1;;Bom;Sem defeito;Perfeito estado;Seca;Perfeito estado;Faixa de pedestre;R-4a;;2019
26/09/2019;17:13:00;SEM VÍTIMA;NOVA DESCOBERTA;RUA NOVA DESCOBERTA;;COLISÃO;1;;;;1;;;;0;;;;;;;;;;2019
26/09/2019;17:39:00;SEM VÍTIMA;JOANA BEZERRA;PTE JOSE DE BARROS LIMA;CIDADE;COLISÃO TRASEIRA;2;;;;;;;;0;;Bom;Não existe;Perfeito estado;Seca;Perfeito estado;Não existe;Não há placas;;2019
26/09/2019;18:52:00;SEM VÍTIMA;IPSEP;RUA PINTOR ANTONIO ALBUQUERQUE;;COLISÃO;1;;;;;1;;;0;;;;;;;;;;2019
26/09/2019;19:01:00;SEM VÍTIMA;SAN MARTIN;AV ENGENHEIRO ABDIAS DE CARVALHO;SUBURBIO;ABALROAMENTO LONGITUDINAL;2;;;;;;;;0;;Bom;;Perfeito estado;Seca;Perfeito estado;Não existe;R-6a;;2019
26/09/2019;19:10:00;SEM VÍTIMA;ZUMBI;RUA TOMAZ GONZAGA;SUBURBIO;COLISÃO TRASEIRA;1;;;;;1;;;0;;Bom;Sem defeito;Perfeito estado;Seca;Perfeito estado;Outros;Outras;;2019
26/09/2019;19:20:00;SEM VÍTIMA;SOLEDADE;RUA DA SOLEDADE;;ABALROAMENTO LONGITUDINAL;1;;;;;1;;;0;;Bom;Sem defeito;Perfeito estado;Seca;Perfeito estado;Não existe;R-6a;30 km/h;2019
26/09/2019;20:15:00;SEM VÍTIMA;ESPINHEIRO;RUA AMELIA;;ABALROAMENTO TRANSVERSAL;2;;;;;;;;0;;Bom;Não existe;Ilegível;Seca;Mal iluminada;;Placas Pare;;2019
26/09/2019;20:46:00;SEM VÍTIMA;ESPINHEIRO;AV JOAO DE BARROS;;COLISÃO;2;;;;;;;;0;;;;;;;;;;2019
26/09/2019;21:26:00;SEM VÍTIMA;IMBIRIBEIRA;RUA JOSE DA SILVA LUCENA;SUBURBIO;ABALROAMENTO TRANSVERSAL;2;;;;;;;;0;;Bom;Não existe;Ilegível;Seca;Mal iluminada;Não existe;Não há placas;;2019
26/09/2019;23:13:00;SEM VÍTIMA;VÁRZEA;RUA VALE DO SIRIJI;SUBURBIO;CHOQUE VEÍCULO PARADO;2;;;;;;;;0;;Bom;Não existe;Não existente;Seca;Mal iluminada;Não existe;;;2019
27/09/2019;02:16:00;SEM VÍTIMA;CASA FORTE;RUA DEZENOVE DE ABRIL;;CHOQUE OBJETO FIXO;1;;;;;;;;0;;Bom;Não existe;Não existente;Seca;Perfeito estado;Não existe;Não há placas;;2019
27/09/2019;03:30:00;SEM VÍTIMA;GRAÇAS;RUA AMELIA;;COLISÃO;2;;;;;;;;0;;;;;;;;;;2019
04/10/2019;14:57:00;COM VÍTIMA;PAISSANDU;AV GOVERNADOR AGAMENON MAGALHAES;BOA VIAGEM;COLISÃO TRASEIRA;;1;;;;;;;1;;Bom;Não existe;Perfeito estado;Seca;Perfeito estado;Outros;Outras;60 km/h;2019
27/09/2019;09:31:00;SEM VÍTIMA;IPUTINGA;AV MARIO ALVARES PEREIRA DE LYRA;CIDADE;ABALROAMENTO LONGITUDINAL;2;;;;;;;;0;;Bom;Sem defeito;Perfeito estado;Seca;Perfeito estado;Outros;Outras;60 km/h;2019
27/09/2019;09:36:00;SEM VÍTIMA;JAQUEIRA;PRC PROFESSOR FLEMING;CIDADE;ABALROAMENTO LONGITUDINAL;1;;;;1;;;;0;;Bom;Não existe;Perfeito estado;Seca;Perfeito estado;Faixa de pedestre;Placas Pare;30 km/h;2019
27/09/2019;09:50:00;COM VÍTIMA;TORRE;RUA PROFESSOR TRAJANO DE MENDONCA;SUBURBIO;ABALROAMENTO LONGITUDINAL;2;;;;;;;;2;;Bom;Não existe;Perfeito estado;Seca;Perfeito estado;Não existe;Outras;;2019
27/09/2019;10:33:00;SEM VÍTIMA;ENCRUZILHADA;RUA NATIVIDADE SALDANHA;SUBURBIO;ABALROAMENTO LONGITUDINAL;1;;;;;1;;;0;;Bom;Sem defeito;Perfeito estado;Seca;Perfeito estado;Faixa de pedestre;;40 km/h;2019
27/09/2019;10:33:00;SEM VÍTIMA;BOA VIAGEM;AV CONSELHEIRO AGUIAR;CIDADE;ABALROAMENTO TRANSVERSAL;2;;;;;;;;0;;Bom;Sem defeito;Perfeito estado;Seca;Perfeito estado;Faixa de pedestre;Não há placas;60 km/h;2019
27/09/2019;10:39:00;COM VÍTIMA;VÁRZEA;AV AFONSO OLINDENSE;SUBURBIO;COLISÃO COM CICLISTA;1;;1;;;;;;1;;Bom;Não existe;Perfeito estado;Seca;Perfeito estado;Outros;Placas Pare;40 km/h;2019
27/09/2019;10:38:00;SEM VÍTIMA;BOA VIAGEM;AV CONSELHEIRO AGUIAR;CIDADE;ABALROAMENTO LONGITUDINAL;2;;;;;;;;0;;Bom;Não existe;Perfeito estado;Seca;Perfeito estado;Não existe;Outras;;2019
27/09/2019;10:42:00;SEM VÍTIMA;TORRE;RUA PROFESSOR TRAJANO DE MENDONCA;;COLISÃO;;;;;;;;;0;;;;;;;;;;2019
27/09/2019;10:44:00;SEM VÍTIMA;BOA VIAGEM;RUA MAMANGUAPE;SUBURBIO;CHOQUE VEÍCULO PARADO;1;;;;;1;;;0;;Bom;Não existe;Perfeito estado;Seca;Perfeito estado;Não existe;R-3;;2019
27/09/2019;11:30:00;SEM VÍTIMA;PAISSANDU;AV GOVERNADOR AGAMENON MAGALHAES;;ABALROAMENTO LONGITUDINAL;1;1;;;;;;;0;;Bom;Não existe;Perfeito estado;Seca;Perfeito estado;;;60 km/h;2019
27/09/2019;11:35:00;SEM VÍTIMA;CASA AMARELA;RUA PADRE LEMOS;SUBURBIO;ABALROAMENTO TRANSVERSAL;1;1;;;;;;;0;;Bom;Não existe;Não existente;Seca;Perfeito estado;Não existe;Não há placas;;2019
27/09/2019;12:37:00;SEM VÍTIMA;MACAXEIRA;RUA CARLOS MARIGHELLA;SUBURBIO;COLISÃO;2;;;;;;;;0;;Bom;Não existe;;Seca;Perfeito estado;Não existe;Não há placas;;2019
27/09/2019;12:57:00;SEM VÍTIMA;DERBY;RUA JENER DE SOUZA;;COLISÃO TRASEIRA;1;;;;;1;;;0;;Bom;Sem defeito;Perfeito estado;Seca;Perfeito estado;Faixa de pedestre;R-4a;;2019
27/09/2019;12:58:00;COM VÍTIMA;CORDEIRO;AV GENERAL SAN MARTIN;CIDADE;ABALROAMENTO TRANSVERSAL;1;1;;;;;;;1;;Bom;Não existe;Perfeito estado;Seca;Perfeito estado;Agente;Não há placas;;2019
27/09/2019;13:02:00;SEM VÍTIMA;BOA VIAGEM;RUA PADRE CARAPUCEIRO;;COLISÃO;2;;;;;;;;0;;;;;;;;;;2019
27/09/2019;13:05:00;SEM VÍTIMA;ESTÂNCIA;AV RECIFE;;COLISÃO;1;;;;;1;;;0;;;;;;;;;;2019
27/09/2019;13:16:00;COM VÍTIMA;CORDEIRO;AV CAXANGA;CIDADE;COLISÃO COM CICLISTA;1;;1;;;;;;1;;Bom;Sem defeito;Perfeito estado;Seca;Perfeito estado;Faixa de pedestre;;60 km/h;2019
27/09/2019;13:59:00;SEM VÍTIMA;BOA VIAGEM;RUA BARAO DE SOUZA LEAO;;COLISÃO;1;1;;;1;;;;0;;;;;;;;;;2019
27/09/2019;14:05:00;SEM VÍTIMA;IMBIRIBEIRA;RUA BARAO DE AGUA BRANCA;SUBURBIO;ABALROAMENTO TRANSVERSAL;2;;;;;;;;0;;Bom;Não existe;Perfeito estado;Seca;Perfeito estado;;Placas Pare;40 km/h;2019
27/09/2019;14:24:00;SEM VÍTIMA;ILHA DO LEITE;AV GOVERNADOR AGAMENON MAGALHAES;;COLISÃO;2;;;;;;;;0;;;;;;;;;;2019
27/09/2019;14:31:00;COM VÍTIMA;MADALENA;AV BEIRA RIO;SUBURBIO;ABALROAMENTO LONGITUDINAL;1;1;;;;;;;1;;Bom;Não existe;Perfeito estado;Seca;Perfeito estado;;R-6c;;2019
27/09/2019;14:33:00;SEM VÍTIMA;BOA VIAGEM;AV BOA VIAGEM;CIDADE;COLISÃO TRASEIRA;2;;;;;;;;0;;Bom;Sem defeito;Perfeito estado;Seca;Perfeito estado;Faixa de pedestre;Não há placas;60 km/h;2019
27/09/2019;14:47:00;SEM VÍTIMA;BOA VISTA;AV CONDE DA BOA VISTA;;COLISÃO TRASEIRA;1;;;;1;;;;0;;Bom;Sem defeito;Perfeito estado;Seca;Perfeito estado;Agente;;;2019
27/09/2019;15:32:00;SEM VÍTIMA;SÃO JOSÉ;AV DANTAS BARRETO;SUBURBIO;ABALROAMENTO LONGITUDINAL;2;;;;;;;;0;;Bom;Não existe;Perfeito estado;Seca;Perfeito estado;Não existe;Não há placas;;2019
27/09/2019;15:37:00;COM VÍTIMA;TEJIPIÓ;RUA DO SANCHO;SUBURBIO;COLISÃO COM CICLISTA;1;;1;;;;;;1;;Bom;Não existe;Perfeito estado;Seca;Perfeito estado;Outros;Outras;;2019
27/09/2019;16:20:00;SEM VÍTIMA;BOA VIAGEM;RUA PADRE CARAPUCEIRO;SUBURBIO;ABALROAMENTO LONGITUDINAL;2;;;;;;;;0;;Bom;Não existe;Perfeito estado;Seca;Perfeito estado;Não existe;Não há placas;;2019
27/09/2019;16:26:00;SEM VÍTIMA;SANTO AMARO;AV GOVERNADOR AGAMENON MAGALHAES;;COLISÃO TRASEIRA;2;;;;;;;;0;;Bom;Não existe;Perfeito estado;Seca;Perfeito estado;Não existe;Não há placas;;2019
27/09/2019;17:20:00;SEM VÍTIMA;JARDIM SÃO PAULO;AV SAO PAULO;CIDADE;ABALROAMENTO TRANSVERSAL;1;1;;;;;;;0;;Bom;Não existe;Perfeito estado;Seca;Perfeito estado;Outros;Placas Pare;;2019
27/09/2019;17:40:00;COM VÍTIMA;DERBY;AV GOVERNADOR AGAMENON MAGALHAES;NORTE;ABALROAMENTO LONGITUDINAL;1;1;;;;;;;1;;Bom;Não existe;Perfeito estado;Seca;Perfeito estado;Outros;R-19;60 km/h;2019
27/09/2019;18:07:00;SEM VÍTIMA;JARDIM SÃO PAULO;RUA LORENA;;ABALROAMENTO TRANSVERSAL;2;;;;;;;;0;;Bom;Não existe;Incompleta;Seca;Perfeito estado;Não existe;Placas Pare;40 km/h;2019
27/09/2019;18:21:00;COM VÍTIMA;SANTO AMARO;RUA DOS PALMARES;;ACID. DE PERCURSO;;;1;;;;;;1;;Bom;Não existe;Perfeito estado;Seca;Perfeito estado;Não existe;R-34;;2019
27/09/2019;19:08:00;SEM VÍTIMA;CAMPO GRANDE;RUA ODORICO MENDES;;COLISÃO;2;;;;;;;;0;;;;;;;;;;2019
27/09/2019;19:20:00;SEM VÍTIMA;ESTÂNCIA;AV ESTANCIA;;COLISÃO;2;;;;;;;;0;;;;;;;;;;2019
27/09/2019;23:35:00;SEM VÍTIMA;DERBY;AV GOVERNADOR AGAMENON MAGALHAES;SUBURBIO;COLISÃO TRASEIRA;2;;;;;;;;0;;Bom;Não existe;Perfeito estado;Seca;Perfeito estado;Não existe;Não há placas;60 km/h;2019
28/09/2019;08:31:00;COM VÍTIMA;JARDIM SÃO PAULO;RUA LEANDRO BARRETO;SUBURBIO;COLISÃO;1;1;;;;;;;1;;Bom;Não existe;Incompleta;Seca;Perfeito estado;;Outras;;2019
28/09/2019;09:21:00;SEM VÍTIMA;BOA VIAGEM;RUA JOSE DOMINGUES DA SILVA;;COLISÃO;2;;;;;;;;0;;;;;;;;;;2019
28/09/2019;09:38:00;COM VÍTIMA;ARRUDA;RUA DAS MOCAS;CIDADE;ABALROAMENTO LONGITUDINAL;3;;;;;;;;1;;Bom;Não existe;Perfeito estado;Seca;Perfeito estado;Não existe;Não há placas;40 km/h;2019
28/09/2019;09:52:00;SEM VÍTIMA;SÃO JOSÉ;RUA DA CONCORDIA;SUBURBIO;ABALROAMENTO LONGITUDINAL;1;;;;;1;;;0;;Bom;Sem defeito;Perfeito estado;Seca;Perfeito estado;Não existe;Outras;;2019
28/09/2019;10:40:00;SEM VÍTIMA;IMBIRIBEIRA;AV GENERAL MAC ARTHUR;SUBURBIO;ABALROAMENTO TRANSVERSAL;2;;;;;;;;0;;Bom;Sem defeito;Perfeito estado;Seca;Perfeito estado;Faixa de pedestre;;60 km/h;2019
28/09/2019;11:59:00;SEM VÍTIMA;MADALENA;RUA JOSE OSORIO;SUBURBIO;ABALROAMENTO LONGITUDINAL;2;;;;;;;;0;;Bom;Sem defeito;Perfeito estado;Seca;Perfeito estado;Faixa de pedestre;;;2019
28/09/2019;12:17:00;SEM VÍTIMA;BOA VISTA;RUA JOAO FERNANDES VIEIRA;;COLISÃO;2;;;;;;;;0;;;;;;;;;;2019
28/09/2019;12:21:00;COM VÍTIMA;ILHA DO RETIRO;AV JOSE GONCALVES DE MEDEIROS;CIDADE;ACID. DE PERCURSO;;1;;;;;;;1;;Bom;Sem defeito;Ilegível;Seca;Perfeito estado;Não existe;Outras;40 km/h;2019
28/09/2019;12:22:00;COM VÍTIMA;IMBIRIBEIRA;AV MARECHAL MASCARENHAS DE MORAES;;COLISÃO TRASEIRA;1;;;;;;;;1;;Bom;Não existe;Não existente;Seca;Perfeito estado;;Não há placas;60 km/h;2019
28/09/2019;13:12:00;SEM VÍTIMA;VÁRZEA;RUA EMILIANO BRAGA;SUBURBIO;ABALROAMENTO TRANSVERSAL;2;;;;;;;;0;;Bom;Não existe;Perfeito estado;Seca;Perfeito estado;Faixa de retenção;R-1;;2019
28/09/2019;13:57:00;SEM VÍTIMA;AFLITOS;RUA CARNEIRO VILELA;;COLISÃO;2;;;;;;;;0;;;;;;;;;;2019
28/09/2019;14:03:00;SEM VÍTIMA;ESTÂNCIA;AV JOAO CABRAL DE MELO NETO;SUBURBIO;ABALROAMENTO LONGITUDINAL;1;;;;;1;;;0;;Bom;Sem defeito;Perfeito estado;Seca;Perfeito estado;Faixa de pedestre;Outras;60 km/h;2019
28/09/2019;15:00:00;SEM VÍTIMA;IMBIRIBEIRA;RUA JATICY;;ABALROAMENTO LONGITUDINAL;1;;;;;1;;;0;;Bom;Não existe;Não existente;Seca;Mal conservada;Não existe;Não há placas;30 km/h;2019
28/09/2019;15:05:00;COM VÍTIMA;AFOGADOS;RUA NICOLAU PEREIRA;CIDADE;ABALROAMENTO LONGITUDINAL;;1;;;;;;;1;;Bom;Não existe;Perfeito estado;Seca;Perfeito estado;Não existe;R-6a;;2019
28/09/2019;15:32:00;SEM VÍTIMA;CASA FORTE;RUA NESTOR SILVA;SUBURBIO;ABALROAMENTO LONGITUDINAL;2;;;;;;;;0;;Bom;Não existe;Perfeito estado;Seca;Perfeito estado;Outros;Placas Pare;;2019
28/09/2019;16:19:00;SEM VÍTIMA;BEBERIBE;PRC DA CONVENCAO;SUBURBIO;ABALROAMENTO LONGITUDINAL;1;;;;1;;;;0;;Bom;Não existe;Não existente;Seca;Perfeito estado;;Não há placas;40 km/h;2019
28/09/2019;16:29:00;SEM VÍTIMA;SAN MARTIN;RUA JOSE VELOSO;CIDADE;COLISÃO TRASEIRA;1;;;;;1;;;0;;Bom;Não existe;Incompleta;Seca;Mal conservada;Não existe;Não há placas;;2019
28/09/2019;18:22:00;SEM VÍTIMA;BOA VIAGEM;AV CONSELHEIRO AGUIAR;CIDADE;ABALROAMENTO LONGITUDINAL;2;;;;;;;;0;;Bom;Sem defeito;Perfeito estado;Seca;Perfeito estado;;R-6a;40 km/h;2019
28/09/2019;18:32:00;SEM VÍTIMA;SANTO ANTÔNIO;RUA FREI CANECA;;ABALROAMENTO LONGITUDINAL;2;;;;;;;;0;;Bom;Não existe;Perfeito estado;Seca;Perfeito estado;;Placas Pare;;2019
28/09/2019;19:22:00;SEM VÍTIMA;BOA VIAGEM;RUA ERNESTO DE PAULA SANTOS;;ABALROAMENTO LONGITUDINAL;2;;;;;;;;0;;Bom;Não existe;Ilegível;Seca;Mal conservada;Não existe;Não há placas;;2019
28/09/2019;20:17:00;SEM VÍTIMA;CAXANGÁ;AV JOAQUIM RIBEIRO;CIDADE;ABALROAMENTO LONGITUDINAL;2;;;;;;;;0;;Bom;Sem defeito;Perfeito estado;Seca;Perfeito estado;Faixa de pedestre;Não há placas;;2019