data;hora;natureza_acidente;bairro;endereco;sentido_via;tipo;auto;moto;ciclista;pedestre;onibus;caminhao;viatura;outros;vitimas;vitimasfatais;tempo_clima;situacao_semaforo;sinalizacao;condicao_via;conservacao_via;ponto_controle;situacao_placa;velocidade_max_via;ano
02/10/2019;07:26:00;SEM VÍTIMA;GRAÇAS;RUA JOAQUIM NABUCO;;ABALROAMENTO LONGITUDINAL;2;;;;;;;;0;;Bom;Sem defeito;Perfeito estado;Seca;Perfeito estado;Faixa de pedestre;Outras;;2019
02/10/2019;07:50:00;SEM VÍTIMA;CASA AMARELA;RUA CONS PERETTI;SUBURBIO;ABALROAMENTO LONGITUDINAL;2;;;;;;;;0;;Bom;Não existe;Perfeito estado;Seca;Perfeito estado;Outros;;;2019
02/10/2019;08:59:00;SEM VÍTIMA;PINA;AV ANTONIO DE GOES;CIDADE;COLISÃO TRASEIRA;2;;;;;;;;0;;Bom;Sem defeito;Perfeito estado;Seca;Perfeito estado;Não existe;Não há placas;60 km/h;2019
02/10/2019;09:12:00;SEM VÍTIMA;SÃO JOSÉ;AV SUL;CIDADE;COLISÃO TRASEIRA;3;;;;;;;;0;;Bom;Sem defeito;Perfeito estado;Seca;Mal conservada;Faixa de pedestre;Outras;;2019
02/10/2019;09:27:00;COM VÍTIMA;IMBIRIBEIRA;RUA DEZ DE JULHO;CIDADE;ATROPELAMENTO;1;;;1;;;;;1;;Bom;Não existe;Incompleta;Seca;Perfeito estado;Não existe;Outras;;2019
02/10/2019;10:29:00;SEM VÍTIMA;BOA VISTA;RUA OSVALDO CRUZ;;COLISÃO;2;;;;;;;;0;;;;;;;;;;2019
02/10/2019;10:58:00;SEM VÍTIMA;JOANA BEZERRA;AV DES GUERRA BARRETO;SUBURBIO;ABALROAMENTO LONGITUDINAL;1;;;;1;;;;0;;Bom;Sem defeito;Ilegível;Seca;Mal iluminada;Não existe;Não há placas;;2019
02/10/2019;11:11:00;SEM VÍTIMA;DERBY;AV GOVERNADOR AGAMENON MAGALHAES;;COLISÃO TRASEIRA;2;;;;;;;;0;;Bom;;Perfeito estado;Seca;Perfeito estado;;Não há placas;60 km/h;2019
02/10/2019;11:13:00;SEM VÍTIMA;MANGUEIRA;RUA VINTE E UM DE ABRIL;CIDADE;COLISÃO FRONTAL;1;1;;;;;;;0;;Bom;Não existe;Incompleta;Seca;Perfeito estado;Não existe;Placas Pare;;2019
02/10/2019;11:17:00;VÍTIMA FATAL;IPUTINGA;RUA MAURICIO DE NASSAU;;COLISÃO COM CICLISTA;;;1;;;;;;1;1;;;;;;;;;2019
02/10/2019;11:39:00;SEM VÍTIMA;BOA VIAGEM;RUA DEZ DE JULHO;SUBURBIO;ABALROAMENTO TRANSVERSAL;1;1;;;;;;;0;;Bom;Não existe;Incompleta;Seca;Perfeito estado;Não existe;Placas Pare;;2019
02/10/2019;11:51:00;SEM VÍTIMA;MADALENA;AV ENGENHEIRO ABDIAS DE CARVALHO;;COLISÃO;2;;;;;;;;0;;;;;;;;;;2019
02/10/2019;12:28:00;SEM VÍTIMA;SÃO JOSÉ;PTE GIRATORIA;SUBURBIO;ABALROAMENTO LONGITUDINAL;1;;;;;1;;1;0;;Bom;Não existe;Perfeito estado;Seca;Perfeito estado;Não existe;Não há placas;;2019
02/10/2019;12:36:00;COM VÍTIMA;JOANA BEZERRA;VIADUTO CAPITAO TEMUDO;;COLISÃO;1;1;;;;;;;1;;;;;;;;;;2019
02/10/2019;12:48:00;SEM VÍTIMA;ESTÂNCIA;AV RECIFE;;ENGAVETAMENTO;2;1;;;;;;;0;;;;;;;;;;2019
02/10/2019;14:03:00;SEM VÍTIMA;SANTO AMARO;AV CRUZ CABUGA;CIDADE;COLISÃO TRASEIRA;2;;;;;;;;0;;Bom;Sem defeito;Perfeito estado;Seca;Perfeito estado;Não existe;Não há placas;;2019
02/10/2019;14:23:00;SEM VÍTIMA;AFOGADOS;RUA DO ROSARIO;CIDADE;COLISÃO TRASEIRA;2;;;;;;;;0;;Bom;Não existe;Não existente;Seca;Perfeito estado;Não existe;Não há placas;;2019
02/10/2019;15:01:00;SEM VÍTIMA;PRADO;RUA NOBRE DE LACERDA;CIDADE;ABALROAMENTO TRANSVERSAL;2;;;;;;;;0;;Bom;Não existe;Perfeito estado;Seca;Perfeito estado;;Placas Pare;;2019
02/10/2019;15:19:00;COM VÍTIMA;CORDEIRO;AV CAXANGA;SUBURBIO;COLISÃO TRASEIRA;;2;;;;;;;1;;Bom;Não existe;Perfeito estado;Seca;Perfeito estado;Não existe;Outras;;2019
02/10/2019;15:40:00;SEM VÍTIMA;IPUTINGA;AV PROFESSOR JOAQUIM CAVALCANTI;;ABALROAMENTO LONGITUDINAL;1;1;;;;;;;0;;Bom;Não existe;Perfeito estado;Seca;Perfeito estado;;;;2019
02/10/2019;16:14:00;SEM VÍTIMA;TAMARINEIRA;AV PROFESSOR JOSE DOS ANJOS;SUBURBIO;ABALROAMENTO LONGITUDINAL;1;;;;;1;;;0;;Bom;Sem defeito;Perfeito estado;Seca;Perfeito estado;Faixa de pedestre;Outras;60 km/h;2019
02/10/2019;16:32:00;SEM VÍTIMA;CASA AMARELA;EST DO ARRAIAL;SUBURBIO;ABALROAMENTO LONGITUDINAL;2;;;;;;;;0;;Bom;Não existe;Perfeito estado;Seca;Perfeito estado;Não existe;Outras;;2019
02/10/2019;17:10:00;COM VÍTIMA;AFOGADOS;RUA SAO MIGUEL;;ABALROAMENTO TRANSVERSAL;1;1;;;;;;;1;;Bom;Não existe;Não existente;Seca;Perfeito estado;Não existe;Não há placas;60 km/h;2019
02/10/2019;17:17:00;SEM VÍTIMA;CASA AMARELA;AV NORTE;SUBURBIO;CHOQUE OBJETO FIXO;1;;;;;;;;0;;;;;;;;;;2019
02/10/2019;19:21:00;COM VÍTIMA;BOA VIAGEM;RUA ERNESTO DE PAULA SANTOS;SUBURBIO;ABALROAMENTO TRANSVERSAL;1;1;;;;;;;1;;Bom;Não existe;Ilegível;Seca;Perfeito estado;Não existe;R-6a;;2019
02/10/2019;19:29:00;SEM VÍTIMA;DERBY;AV GOVERNADOR AGAMENON MAGALHAES;SUBURBIO;ABALROAMENTO TRANSVERSAL;1;;;;;1;;;0;;Bom;Sem defeito;Perfeito estado;Seca;Perfeito estado;Faixa de pedestre;R-6a;;2019
02/10/2019;20:16:00;COM VÍTIMA;AREIAS;AV RECIFE;;COLISÃO;1;1;;;;;;;1;;;;;;;;;;2019
02/10/2019;22:10:00;SEM VÍTIMA;JARDIM SÃO PAULO;RUA LEANDRO BARRETO;SUBURBIO;COLISÃO TRASEIRA;2;;;;;;;;0;;Bom;Não existe;Perfeito estado;Seca;Perfeito estado;Não existe;;30 km/h;2019
02/10/2019;22:20:00;SEM VÍTIMA;SAN MARTIN;RUA VINTE E UM DE ABRIL;;COLISÃO TRASEIRA;1;1;;;;;;;0;;Bom;Não existe;Não existente;Seca;Perfeito estado;Não existe;Outras;;2019
02/10/2019;23:12:00;SEM VÍTIMA;SAN MARTIN;AV GENERAL SAN MARTIN;SUBURBIO;ABALROAMENTO TRANSVERSAL;;2;;;;;;;0;;Bom;Não existe;Perfeito estado;Seca;Perfeito estado;;;30 km/h;2019
03/10/2019;07:35:00;SEM VÍTIMA;GRAÇAS;RUA DO FUTURO;CIDADE;ABALROAMENTO LONGITUDINAL;2;;;;;;;;0;;Bom;Não existe;Perfeito estado;Seca;Perfeito estado;Não existe;Outras;;2019
03/10/2019;07:40:00;SEM VÍTIMA;APIPUCOS;RUA DE APIPUCOS;CIDADE;ABALROAMENTO LONGITUDINAL;1;1;;;;;;;0;;Bom;Sem defeito;Perfeito estado;Seca;Perfeito estado;Faixa de pedestre;R-6a;;2019
03/10/2019;08:17:00;SEM VÍTIMA;ÁGUA FRIA;EST VELHA DE AGUA FRIA;CIDADE;ABALROAMENTO LONGITUDINAL;1;;;;1;;;;0;;Bom;Não existe;Não existente;Seca;Perfeito estado;Não existe;Não há placas;;2019
03/10/2019;08:29:00;COM VÍTIMA;CASA AMARELA;RUA BELA VISTA;SUBURBIO;ABALROAMENTO TRANSVERSAL;1;1;;;;;;;1;;Bom;Não existe;Perfeito estado;Seca;Perfeito estado;;;;2019
03/10/2019;09:11:00;SEM VÍTIMA;PARNAMIRIM;AV DEZESSETE DE AGOSTO;;COLISÃO;1;;;;1;;;;0;;;;;;;;;;2019
03/10/2019;09:30:00;SEM VÍTIMA;IBURA;LAD DA COHAB;CIDADE;COLISÃO TRASEIRA;1;1;;;;;;;0;;Bom;Não existe;Perfeito estado;Seca;Perfeito estado;Outros;Não há placas;;2019
03/10/2019;10:17:00;SEM VÍTIMA;CASA FORTE;AV DEZESSETE DE AGOSTO;SUBURBIO;COLISÃO TRASEIRA;2;;;;;;;;0;;Bom;Sem defeito;Perfeito estado;Seca;Perfeito estado;Faixa de pedestre;;;2019
03/10/2019;10:39:00;SEM VÍTIMA;BREJO DE BEBERIBE;RUA PORTELANDIA;CIDADE;COLISÃO TRASEIRA;1;;;;1;;;;0;;Bom;Não existe;Perfeito estado;Seca;Perfeito estado;Não existe;Outras;30 km/h;2019
03/10/2019;11:00:00;SEM VÍTIMA;SÃO JOSÉ;AV MARTINS DE BARROS;SUBURBIO;COLISÃO TRASEIRA;2;;;;;;;;0;;Bom;Não existe;Perfeito estado;Seca;Perfeito estado;Não existe;R-6a;;2019
03/10/2019;11:46:00;SEM VÍTIMA;IPSEP;AV RECIFE;CIDADE;COLISÃO COM CICLISTA;1;;1;;;;;;0;;Bom;Sem defeito;Perfeito estado;Seca;Perfeito estado;Outros;Outras;;2019
03/10/2019;12:06:00;SEM VÍTIMA;AFLITOS;RUA DES MARTINS PEREIRA;;ABALROAMENTO LONGITUDINAL;1;;;;;1;;;0;;Bom;Não existe;Perfeito estado;Seca;Perfeito estado;Não existe;Não há placas;30 km/h;2019
03/10/2019;12:26:00;COM VÍTIMA;SANTO AMARO;AV VISCONDE DE SUASSUNA;SUBURBIO;ATROPELAMENTO;;;;1;1;;;;1;;Bom;Sem defeito;Perfeito estado;Seca;Perfeito estado;Outros;Outras;40 km/h;2019
03/10/2019;12:33:00;SEM VÍTIMA;SANTO ANTÔNIO;CAIS DO APOLO;SUBURBIO;ABALROAMENTO LONGITUDINAL;1;;;;1;;;;0;;Bom;Sem defeito;Perfeito estado;Seca;Perfeito estado;Faixa de pedestre;Outras;;2019
03/10/2019;12:38:00;COM VÍTIMA;APIPUCOS;RUA DOIS IRMAOS;SUBURBIO;COLISÃO FRONTAL;4;;;;;;;;1;;Bom;Não existe;Perfeito estado;Seca;Perfeito estado;Agente;Não há placas;40 km/h;2019
03/10/2019;13:35:00;SEM VÍTIMA;TORRÕES;AV ENGENHEIRO ABDIAS DE CARVALHO;CIDADE;COLISÃO TRASEIRA;2;;;;;;;;0;;Bom;Não existe;Perfeito estado;Seca;Perfeito estado;Não existe;Outras;60 km/h;2019
03/10/2019;13:48:00;SEM VÍTIMA;SANTO AMARO;AV CRUZ CABUGA;SUBURBIO;ABALROAMENTO TRANSVERSAL;2;;;;;;;;0;;Bom;Não existe;Perfeito estado;Seca;Perfeito estado;Faixa de pedestre;R-6a;60 km/h;2019
03/10/2019;14:09:00;SEM VÍTIMA;AFOGADOS;RUA SAO MIGUEL;CIDADE;ABALROAMENTO TRANSVERSAL;1;;;;1;;;;0;;Bom;Não existe;Perfeito estado;Seca;Perfeito estado;Outros;R-6a;;2019
03/10/2019;14:45:00;SEM VÍTIMA;ENCRUZILHADA;AV JOAO DE BARROS;CIDADE;ABALROAMENTO LONGITUDINAL;2;;;;;;;;0;;Bom;Sem defeito;Perfeito estado;Seca;Perfeito estado;Faixa de pedestre;Não há placas;;2019
03/10/2019;15:04:00;COM VÍTIMA;SÃO JOSÉ;AV SUL;CIDADE;COLISÃO FRONTAL;;1;;;1;;;;1;;Bom;Sem defeito;Perfeito estado;Seca;Perfeito estado;Não existe;Não há placas;;2019
03/10/2019;15:06:00;SEM VÍTIMA;IPSEP;AV RECIFE;;COLISÃO;1;;;;;1;;;0;;;;;;;;;;2019
03/10/2019;15:46:00;COM VÍTIMA;IMBIRIBEIRA;AV MARECHAL MASCARENHAS DE MORAES;SUBURBIO;COLISÃO FRONTAL;;2;;;;;;;2;;Bom;Sem defeito;Perfeito estado;Seca;Perfeito estado;Outros;Outras;60 km/h;2019
03/10/2019;15:48:00;SEM VÍTIMA;ESPINHEIRO;AV GOVERNADOR AGAMENON MAGALHAES;;ABALROAMENTO LONGITUDINAL;1;;;;1;;;;0;;Bom;Não existe;Perfeito estado;Seca;Perfeito estado;Não existe;Não há placas;60 km/h;2019
03/10/2019;16:30:00;SEM VÍTIMA;SANTO AMARO;RUA DO HOSPICIO;;ABALROAMENTO LONGITUDINAL;1;;;;1;;;;0;;Bom;Sem defeito;Perfeito estado;Seca;Perfeito estado;Faixa de pedestre;Não há placas;;2019
03/10/2019;16:34:00;SEM VÍTIMA;BEBERIBE;PRC DA CONVENCAO;;ABALROAMENTO LONGITUDINAL;1;;;;1;;;;0;;Bom;Não existe;Não existente;Seca;Perfeito estado;Não existe;Não há placas;;2019
03/10/2019;16:45:00;SEM VÍTIMA;SANTO ANTÔNIO;PRC DA REPUBLICA;SUBURBIO;COLISÃO TRASEIRA;2;;;;;;;;0;;Bom;Sem defeito;Perfeito estado;Seca;Perfeito estado;Faixa de pedestre;R-6a;;2019
03/10/2019;16:46:00;SEM VÍTIMA;BOA VISTA;AV MANOEL BORBA;SUBURBIO;ABALROAMENTO LONGITUDINAL;1;;;;;;;1;0;;Bom;Sem defeito;Perfeito estado;Seca;Perfeito estado;Faixa de pedestre;Outras;;2019
03/10/2019;17:03:00;SEM VÍTIMA;SANCHO;RUA APRIGIO GUIMARAES;SUBURBIO;ABALROAMENTO TRANSVERSAL;1;;;;1;;;;0;;Bom;Não existe;Perfeito estado;Seca;Perfeito estado;Outros;Outras;;2019
03/10/2019;17:42:00;SEM VÍTIMA;IBURA;AV SAO PAULO;SUBURBIO;CHOQUE VEÍCULO PARADO;1;;;;1;;;;0;;Bom;Não existe;Não existente;Seca;Perfeito estado;Não existe;Não há placas;;2019
03/10/2019;17:49:00;SEM VÍTIMA;BOA VIAGEM;AV ENGENHEIRO DOMINGOS FERREIRA;SUBURBIO;COLISÃO TRASEIRA;2;;;;;;;;0;;Bom;Sem defeito;Perfeito estado;Seca;Perfeito estado;;Não há placas;;2019
03/10/2019;17:53:00;SEM VÍTIMA;ILHA DO LEITE;RUA ANTONIO GOMES DE FREITAS;SUBURBIO;ABALROAMENTO LONGITUDINAL;2;;;;;;;;0;;Bom;Não existe;Perfeito estado;Seca;Perfeito estado;Faixa de pedestre;Placas Pare;;2019
03/10/2019;17:54:00;SEM VÍTIMA;JARDIM SÃO PAULO;AV SAO PAULO;CIDADE;ABALROAMENTO LONGITUDINAL;1;;;;;1;;;0;;Bom;Sem defeito;Incompleta;Seca;Perfeito estado;Não existe;Outras;;2019
03/10/2019;17:58:00;SEM VÍTIMA;BOA VISTA;AV GOVERNADOR AGAMENON MAGALHAES;;COLISÃO TRASEIRA;2;;;;;;;;0;;Bom;Não existe;Perfeito estado;Seca;Perfeito estado;;;;2019
03/10/2019;18:04:00;SEM VÍTIMA;COHAB;AV SAO PAULO;;COLISÃO;1;;;;1;;;;0;;;;;;;;;;2019
03/10/2019;18:07:00;SEM VÍTIMA;AFOGADOS;RUA COSME VIANA;;ABALROAMENTO LONGITUDINAL;2;;;;;;;;0;;Bom;Não existe;Perfeito estado;Seca;Perfeito estado;Não existe;Não há placas;40 km/h;2019
03/10/2019;18:24:00;SEM VÍTIMA;TAMARINEIRA;RUA CONEGO BARATA;;COLISÃO;2;;;;;;;;0;;;;;;;;;;2019
03/10/2019;18:33:00;COM VÍTIMA;CASA AMARELA;EST DO ARRAIAL;SUBURBIO;ATROPELAMENTO;1;;;1;;;;;1;;Bom;Sem defeito;Perfeito estado;Seca;Perfeito estado;Faixa de pedestre;Outras;;2019
03/10/2019;18:48:00;COM VÍTIMA;IBURA;AV DOIS RIOS;;ACID. DE PERCURSO;;1;;;;;;;1;;;;;;;;;;2019
03/10/2019;18:53:00;SEM VÍTIMA;IPSEP;AV RECIFE;;ABALROAMENTO LONGITUDINAL;1;1;;;;;;;0;;Bom;Não existe;Perfeito estado;Seca;Perfeito estado;;;;2019
03/10/2019;18:57:00;SEM VÍTIMA;BOA VISTA;RUA BARAO DE SAO BORJA;;ABALROAMENTO TRANSVERSAL;2;;;;;;;;0;;Bom;Não existe;Incompleta;Seca;Perfeito estado;Não existe;Placas Pare;;2019
03/10/2019;19:00:00;SEM VÍTIMA;BAIRRO DO RECIFE;AV ALFREDO LISBOA;SUBURBIO;ABALROAMENTO LONGITUDINAL;1;;;;;1;;;0;;Bom;Sem defeito;Perfeito estado;Seca;Perfeito estado;Faixa de pedestre;Outras;60 km/h;2019
03/10/2019;19:03:00;SEM VÍTIMA;ESTÂNCIA;RUA JOSE GOMES DE MOURA;SUBURBIO;ABALROAMENTO LONGITUDINAL;2;;;;;;;;0;;Bom;Não existe;Perfeito estado;Seca;Perfeito estado;Não existe;Não há placas;;2019
03/10/2019;19:30:00;COM VÍTIMA;BAIRRO DO RECIFE;AV ALFREDO LISBOA;SUBURBIO;COLISÃO TRASEIRA;1;1;;;;;;;1;;Bom;Sem defeito;Perfeito estado;Seca;Perfeito estado;Faixa de pedestre;Não há placas;60 km/h;2019
03/10/2019;19:30:00;COM VÍTIMA;BAIRRO DO RECIFE;AV ALFREDO LISBOA;SUBURBIO;COLISÃO TRASEIRA;;2;;;;;;;1;;Bom;Sem defeito;Perfeito estado;Seca;Perfeito estado;Faixa de pedestre;Outras;60 km/h;2019
03/10/2019;21:23:00;SEM VÍTIMA;TAMARINEIRA;RUA GENERAL ABREU E LIMA;;ABALROAMENTO TRANSVERSAL;2;;;;;;;;0;;Bom;Não existe;Perfeito estado;Seca;Perfeito estado;;;;2019
03/10/2019;22:15:00;SEM VÍTIMA;BOA VIAGEM;AV BOA VIAGEM;;COLISÃO;1;;;;1;;;;0;;;;;;;;;;2019
04/10/2019;00:15:00;SEM VÍTIMA;GRAÇAS;AV RUI BARBOSA;CIDADE;ABALROAMENTO LONGITUDINAL;2;;;;;;;;0;;Bom;Não existe;Perfeito estado;Seca;Perfeito estado;Faixa de pedestre;Não há placas;60 km/h;2019
04/10/2019;06:59:00;SEM VÍTIMA;BOA VIAGEM;RUA DES JOAO PAES;CIDADE;ABALROAMENTO LONGITUDINAL;1;;;;1;;;;0;;Bom;Não existe;Perfeito estado;Seca;Perfeito estado;Faixa de pedestre;Placas Pare;;2019
04/10/2019;07:45:00;SEM VÍTIMA;BARRO;RUA DOMINGOS TEOTONIO;;CHOQUE VEÍCULO PARADO;1;1;;;;;;;0;;Bom;Não existe;;Seca;Perfeito estado;;;;2019
04/10/2019;07:51:00;SEM VÍTIMA;ESTÂNCIA;AV RECIFE;SUBURBIO;ABALROAMENTO LONGITUDINAL;1;;;;;;;2;0;;Bom;Não existe;Perfeito estado;Seca;Perfeito estado;Não existe;R-6a;;2019
04/10/2019;07:54:00;SEM VÍTIMA;VÁRZEA;AV PROFESSOR ARTUR DE SA;SUBURBIO;ABALROAMENTO LONGITUDINAL;2;;;;1;;;;0;;Bom;Não existe;Perfeito estado;Seca;Perfeito estado;Não existe;Outras;40 km/h;2019
04/10/2019;08:13:00;SEM VÍTIMA;VÁRZEA;AV PROFESSOR ARTUR DE SA;SUBURBIO;COLISÃO;2;;;;;;;;0;;;;;;;;;;2019
04/10/2019;08:26:00;SEM VÍTIMA;VÁRZEA;AV PROFESSOR ARTUR DE SA;SUBURBIO;COLISÃO TRASEIRA;2;;;;;;;;0;;Bom;Não existe;Perfeito estado;Seca;Perfeito estado;Não existe;Não há placas;;2019
04/10/2019;08:40:00;SEM VÍTIMA;JARDIM SÃO PAULO;RUA LEANDRO BARRETO;SUBURBIO;ABALROAMENTO TRANSVERSAL;2;;;;;;;;0;;Bom;Não existe;Perfeito estado;Seca;Perfeito estado;;Não há placas;;2019
04/10/2019;08:44:00;SEM VÍTIMA;ENCRUZILHADA;RUA CEARA;SUBURBIO;ABALROAMENTO TRANSVERSAL;2;;;;;;;;0;;Bom;Não existe;Incompleta;Seca;Perfeito estado;Não existe;Outras;20 km/h;2019
04/10/2019;08:48:00;SEM VÍTIMA;MADALENA;EST DOS REMEDIOS;CID/SUB;ABALROAMENTO LONGITUDINAL;1;;;;;1;;;0;;Bom;Sem defeito;Perfeito estado;Seca;Perfeito estado;Faixa de pedestre;R-6a;60 km/h;2019
04/10/2019;09:09:00;SEM VÍTIMA;MADALENA;RUA PIO NONO;SUBURBIO;CHOQUE OBJETO FIXO;1;;;;;;;;0;;Bom;Não existe;Incompleta;Seca;Mal conservada;;Placas Pare;;2019
04/10/2019;09:27:00;SEM VÍTIMA;BARRO;AV DR JOSE RUFINO;CIDADE;COLISÃO TRASEIRA;2;;;;;;;;0;;Bom;Sem defeito;Perfeito estado;Seca;Perfeito estado;Faixa de pedestre;R-6a;;2019
04/10/2019;09:33:00;SEM VÍTIMA;MADALENA;AV JOSE GONCALVES DE MEDEIROS;CIDADE;ABALROAMENTO LONGITUDINAL;1;;;;1;;;;0;;Bom;Sem defeito;Perfeito estado;Seca;Perfeito estado;Faixa de pedestre;Não há placas;;2019
04/10/2019;10:18:00;SEM VÍTIMA;AFOGADOS;RUA DA PAZ;;COLISÃO;1;;;;;1;;;0;;;;;;;;;;2019
04/10/2019;10:37:00;SEM VÍTIMA;NOVA DESCOBERTA;RUA CORREGO DA AREIA;;CHOQUE VEÍCULO PARADO;3;;;;;1;;;0;;Bom;Não existe;Incompleta;Seca;Perfeito estado;Não existe;Não há placas;;2019
04/10/2019;10:43:00;SEM VÍTIMA;AREIAS;AV RECIFE;;CHOQUE VEÍCULO PARADO;1;1;;;;;;;0;;Bom;Sem defeito;Perfeito estado;Seca;Perfeito estado;Faixa de pedestre;R-6a;60 km/h;2019
04/10/2019;12:09:00;SEM VÍTIMA;SANTO AMARO;RUA ALUISIO DE AZEVEDO;;COLISÃO;2;;;;;;;;0;;;;;;;;;;2019
04/10/2019;12:35:00;SEM VÍTIMA;ILHA DO LEITE;RUA ESTADO DE ISRAEL;SUBURBIO;ABALROAMENTO LONGITUDINAL;2;;;;;;;;0;;Bom;Sem defeito;Perfeito estado;Seca;Perfeito estado;Não existe;Não há placas;;2019
04/10/2019;13:02:00;SEM VÍTIMA;AFOGADOS;RUA DO ACRE;CIDADE;ABALROAMENTO LONGITUDINAL;2;;;;;;;;0;;Bom;Não existe;Incompleta;Seca;Perfeito estado;Não existe;R-6a;;2019
04/10/2019;13:52:00;SEM VÍTIMA;SANTO AMARO;AV CRUZ CABUGA;SUBURBIO;ABALROAMENTO LONGITUDINAL;1;1;;;;;;;0;;Bom;Não existe;Perfeito estado;Seca;Perfeito estado;Não existe;Não há placas;60 km/h;2019
04/10/2019;14:03:00;SEM VÍTIMA;SANCHO;RUA APRIGIO GUIMARAES;CIDADE;ABALROAMENTO LONGITUDINAL;2;;;;;;;;0;;Bom;Não existe;Incompleta;Seca;Perfeito estado;Não existe;Não há placas;;2019
04/10/2019;14:17:00;SEM VÍTIMA;PINA;AV REPUBLICA ARABE UNIDA;;ABALROAMENTO LONGITUDINAL;2;;;;;;;;0;;Bom;Não existe;Perfeito estado;Seca;Perfeito estado;Outros;Outras;;2019
04/10/2019;14:58:00;SEM VÍTIMA;IPUTINGA;AV MAURICIO DE NASSAU;;COLISÃO TRASEIRA;2;;;;;;;;0;;Bom;Sem defeito;Perfeito estado;Seca;Perfeito estado;Faixa de pedestre;;;2019
04/10/2019;15:11:00;SEM VÍTIMA;PRADO;RUA JOAO IVO DA SILVA;SUBURBIO;COLISÃO TRASEIRA;2;;;;;;;;0;;Bom;Não existe;Perfeito estado;Seca;Perfeito estado;Não existe;R-6a;60 km/h;2019
04/10/2019;15:38:00;SEM VÍTIMA;BOA VIAGEM;RUA CAPITAO ZUZINHA;CIDADE;ABALROAMENTO LONGITUDINAL;1;;;;1;;;;0;;Bom;Sem defeito;Perfeito estado;Seca;Perfeito estado;Não existe;Não há placas;;2019
04/10/2019;15:45:00;SEM VÍTIMA;BAIRRO DO RECIFE;AV ALFREDO LISBOA;CIDADE;ABALROAMENTO LONGITUDINAL;1;;;;;1;;;0;;Bom;Não existe;Perfeito estado;Seca;Perfeito estado;Não existe;Não há placas;;2019
04/10/2019;15:53:00;SEM VÍTIMA;IBURA;AV DOM HELDER CAMARA;CIDADE;COLISÃO TRASEIRA;2;;;;;;;;0;;Bom;Não existe;Perfeito estado;Seca;Perfeito estado;Não existe;Não há placas;;2019
04/10/2019;16:18:00;SEM VÍTIMA;SÃO JOSÉ;C SANTA RITA;;COLISÃO;1;;;;;1;;;0;;;;;;;;;;2019
04/10/2019;16:33:00;SEM VÍTIMA;CAXANGÁ;AV CAXANGA;;COLISÃO;2;;;;;;;;0;;;;;;;;;;2019
04/10/2019;16:38:00;SEM VÍTIMA;PINA;AV ANTONIO DE GOES;CIDADE;ABALROAMENTO LONGITUDINAL;1;;;;1;;;;0;;Bom;Sem defeito;Perfeito estado;Seca;Perfeito estado;Faixa de pedestre;Não há placas;;2019
04/10/2019;16:42:00;COM VÍTIMA;MORRO DA CONCEIÇÃO;AV NORTE;SUBURBIO;ABALROAMENTO LONGITUDINAL;;1;;;;;;;1;;Bom;Não existe;Perfeito estado;Seca;Perfeito estado;Não existe;Outras;;2019
04/10/2019;16:55:00;SEM VÍTIMA;BOA VISTA;RUA MANOEL PEREIRA;;COLISÃO;2;;;;;;;;0;;;;;;;;;;2019
04/10/2019;17:09:00;SEM VÍTIMA;CASA AMARELA;AV MALACO;;COLISÃO;1;;;;;1;;;0;;;;;;;;;;2019
04/10/2019;17:22:00;SEM VÍTIMA;JARDIM SÃO PAULO;AV PIRACICABA;;COLISÃO;1;1;;;;;;;0;;;;;;;;;;2019
04/10/2019;17:32:00;SEM VÍTIMA;SANTO AMARO;RUA DOS PALMARES;;COLISÃO;2;;;;;;;;0;;;;;;;;;;2019
04/10/2019;17:35:00;SEM VÍTIMA;PRADO;RUA JOAO IVO DA SILVA;;COLISÃO;1;;;;;1;;;0;;;;;;;;;;2019
04/10/2019;17:41:00;SEM VÍTIMA;SÃO JOSÉ;C SANTA RITA;SUBURBIO;ABALROAMENTO LONGITUDINAL;1;;;;1;;;;0;;Bom;Sem defeito;Perfeito estado;Seca;Mal iluminada;Não existe;Não há placas;;2019
04/10/2019;17:47:00;SEM VÍTIMA;TORRÕES;RUA CLAUDIO BROTHERHOOD;;COLISÃO;1;;;;1;;;;0;;;;;;;;;;2019
04/10/2019;17:49:00;SEM VÍTIMA;AFOGADOS;RUA QUITERIO INACIO DE MELLO;SUBURBIO;COLISÃO TRASEIRA;3;;;;;;;;0;;Bom;Sem defeito;Perfeito estado;Seca;Perfeito estado;Não existe;Não há placas;;2019
04/10/2019;18:00:00;SEM VÍTIMA;JAQUEIRA;AV RUI BARBOSA;CIDADE;ABALROAMENTO LONGITUDINAL;2;;;;;;;;0;;Bom;Não existe;Perfeito estado;Seca;Perfeito estado;Não existe;Outras;60 km/h;2019
04/10/2019;18:23:00;SEM VÍTIMA;ILHA DO LEITE;AV GOVERNADOR AGAMENON MAGALHAES;;ABALROAMENTO LONGITUDINAL;2;;;;;;;;0;;Bom;Não existe;Perfeito estado;Seca;Perfeito estado;;Não há placas;60 km/h;2019
04/10/2019;18:30:00;SEM VÍTIMA;ESPINHEIRO;RUA CONS PORTELA;SUBURBIO;ABALROAMENTO TRANSVERSAL;2;;;;;;;;0;;Bom;Não existe;Perfeito estado;Seca;Perfeito estado;;Outras;50 km/h;2019