data;hora;natureza_acidente;bairro;endereco;sentido_via;tipo;auto;moto;ciclista;pedestre;onibus;caminhao;viatura;outros;vitimas;vitimasfatais;tempo_clima;situacao_semaforo;sinalizacao;condicao_via;conservacao_via;ponto_controle;situacao_placa;velocidade_max_via;ano
04/10/2019;18:37:00;SEM VÍTIMA;BOA VIAGEM;AV GENERAL MAC ARTHUR;;ABALROAMENTO LONGITUDINAL;1;;;;;1;;;0;;Bom;Sem defeito;Perfeito estado;Seca;Perfeito estado;;Outras;;2019
04/10/2019;18:45:00;SEM VÍTIMA;PRADO;AV ENGENHEIRO ABDIAS DE CARVALHO;CIDADE;COLISÃO;2;;;;;;;;0;;;;;;;;;;2019
04/10/2019;19:17:00;SEM VÍTIMA;;RUA BENFICA;CIDADE;ABALROAMENTO LONGITUDINAL;2;;;;;;;;0;;Bom;Não existe;Perfeito estado;Seca;Perfeito estado;;Não há placas;40 km/h;2019
04/10/2019;19:32:00;SEM VÍTIMA;BARRO;AV DR JOSE RUFINO;SUBURBIO;ABALROAMENTO LONGITUDINAL;1;;;;1;;;;0;;Bom;Sem defeito;Perfeito estado;Seca;Perfeito estado;Faixa de pedestre;R-6a;;2019
04/10/2019;20:24:00;SEM VÍTIMA;SÃO JOSÉ;C SANTA RITA;CIDADE;ABALROAMENTO LONGITUDINAL;2;;;;;;;;0;;Bom;Sem defeito;Perfeito estado;Seca;Perfeito estado;Faixa de pedestre;Não há placas;50 km/h;2019
04/10/2019;21:15:00;SEM VÍTIMA;BOA VIAGEM;RUA CRUZEIRO DO FORTE;SUBURBIO;ABALROAMENTO LONGITUDINAL;2;;;;;;;;0;;Bom;Não existe;Perfeito estado;Seca;Perfeito estado;;;;2019
04/10/2019;22:50:00;SEM VÍTIMA;GRAÇAS;RUA DR BANDEIRA FILHO;SUBURBIO;ABALROAMENTO LONGITUDINAL;2;;;;;;;;0;;Bom;Não existe;;Seca;Perfeito estado;Não existe;R-6a;;2019
04/10/2019;23:47:00;SEM VÍTIMA;NOVA DESCOBERTA;AV VEREADOR OTACILIO AZEVEDO;;COLISÃO;1;1;;;;;;;0;;;;;;;;;;2019
05/10/2019;00:50:00;SEM VÍTIMA;BONGI;AV ENGENHEIRO ABDIAS DE CARVALHO;SUBURBIO;COLISÃO TRASEIRA;1;1;;;;;;;0;;Bom;Sem defeito;Perfeito estado;Seca;Perfeito estado;Faixa de pedestre;;;2019
05/10/2019;02:39:00;SEM VÍTIMA;NOVA DESCOBERTA;RUA NAGE;;CHOQUE OBJETO FIXO;1;;;;;;;;0;;Bom;Não existe;Não existente;Seca;Perfeito estado;;Não há placas;20 km/h;2019
05/10/2019;04:04:00;SEM VÍTIMA;BOA VIAGEM;RUA RIBEIRO DE BRITO;;ABALROAMENTO TRANSVERSAL;2;;;;;;;;0;;Bom;Não existe;Perfeito estado;Seca;Perfeito estado;;;;2019
05/10/2019;06:36:00;SEM VÍTIMA;BOA VIAGEM;AV BOA VIAGEM;;COLISÃO;1;;;;1;;;;0;;;;;;;;;;2019
05/10/2019;07:20:00;COM VÍTIMA;IMBIRIBEIRA;AV MARECHAL MASCARENHAS DE MORAES;SUBURBIO;ABALROAMENTO LONGITUDINAL;;1;;;;1;;;2;;Bom;Não existe;Perfeito estado;Seca;Perfeito estado;Outros;R-6a;;2019
05/10/2019;07:22:00;COM VÍTIMA;AFOGADOS;RUA VISCONDE DE PELOTAS;SUBURBIO;ABALROAMENTO LONGITUDINAL;;1;;;;1;;;1;;Bom;Não existe;Perfeito estado;Seca;Perfeito estado;Não existe;Não há placas;;2019
05/10/2019;08:09:00;SEM VÍTIMA;ARRUDA;RUA DAS MOCAS;;COLISÃO;1;1;;;;;;;0;;;;;;;;;;2019
05/10/2019;08:14:00;SEM VÍTIMA;BOA VIAGEM;AV ENGENHEIRO DOMINGOS FERREIRA;SUBURBIO;COLISÃO TRASEIRA;3;;;;;;;;0;;Bom;Não existe;Perfeito estado;Seca;Perfeito estado;Não existe;R-6a;;2019
05/10/2019;08:59:00;SEM VÍTIMA;SÃO JOSÉ;C SANTA RITA;CIDADE;COLISÃO TRASEIRA;3;;;;;;;;0;;Bom;Sem defeito;Perfeito estado;Seca;Perfeito estado;Faixa de pedestre;R-19;60 km/h;2019
05/10/2019;09:12:00;COM VÍTIMA;AFOGADOS;EST DOS REMEDIOS;CIDADE;ABALROAMENTO TRANSVERSAL;;2;;;;;;;2;;Bom;Sem defeito;Perfeito estado;Seca;Perfeito estado;Faixa de pedestre;R-6a;;2019
05/10/2019;09:21:00;SEM VÍTIMA;IMBIRIBEIRA;AV MARECHAL MASCARENHAS DE MORAES;;ABALROAMENTO LONGITUDINAL;2;;;;;;;;0;;Bom;Sem defeito;Perfeito estado;Seca;Perfeito estado;Outros;Outras;60 km/h;2019
05/10/2019;09:33:00;SEM VÍTIMA;GRAÇAS;AV CONS ROSA E SILVA;SUBURBIO;COLISÃO TRASEIRA;2;;;;;;;;0;;Bom;Não existe;Perfeito estado;Seca;Perfeito estado;;;;2019
05/10/2019;09:35:00;SEM VÍTIMA;SANTO AMARO;AV GOVERNADOR AGAMENON MAGALHAES;SUBURBIO;COLISÃO TRASEIRA;2;;;;;;;;0;;Bom;Não existe;Perfeito estado;Seca;Perfeito estado;Não existe;Outras;60 km/h;2019
05/10/2019;09:36:00;SEM VÍTIMA;CASA AMARELA;RUA RAIMUNDO FREIXEIRA;;TOMBAMENTO;1;1;;;;;;;0;;;;;;;;;;2019
05/10/2019;10:33:00;SEM VÍTIMA;VÁRZEA;RUA MANOEL JOAQUIM DE ALMEIDA;;ABALROAMENTO LONGITUDINAL;2;;;;;;;;0;;Bom;Não existe;Perfeito estado;Seca;Perfeito estado;Não existe;Não há placas;;2019
05/10/2019;10:44:00;SEM VÍTIMA;CASA AMARELA;AV PROFESSOR JOSE DOS ANJOS;SUBURBIO;COLISÃO TRASEIRA;2;;;;;;;;0;;Bom;Não existe;;Seca;Perfeito estado;Faixa de pedestre;;;2019
05/10/2019;10:57:00;SEM VÍTIMA;SANTO AMARO;AV GOVERNADOR AGAMENON MAGALHAES;SUBURBIO;COLISÃO TRASEIRA;1;;;;;1;;;0;;Bom;Não existe;Perfeito estado;Seca;Perfeito estado;Não existe;R-6a;60 km/h;2019
05/10/2019;11:08:00;SEM VÍTIMA;SÃO JOSÉ;VDO DAS CINCO PONTAS;SUBURBIO;ABALROAMENTO LONGITUDINAL;2;;;;;;;;0;;Bom;Sem defeito;Perfeito estado;Seca;Perfeito estado;Não existe;Outras;;2019
05/10/2019;11:22:00;COM VÍTIMA;SANTO AMARO;AV CRUZ CABUGA;LESTE;ABALROAMENTO LONGITUDINAL;1;1;;;;;;;1;;Bom;Sem defeito;Incompleta;Seca;Perfeito estado;Faixa de pedestre;R-6a;;2019
05/10/2019;12:06:00;COM VÍTIMA;VÁRZEA;AV AFONSO OLINDENSE;;COLISÃO;1;1;;;;;;;1;;;;;;;;;;2019
05/10/2019;12:21:00;SEM VÍTIMA;SÃO JOSÉ;C SANTA RITA;SUBURBIO;ABALROAMENTO LONGITUDINAL;2;;;;;;;;0;;Bom;Sem defeito;Perfeito estado;Seca;Perfeito estado;Não existe;Não há placas;60 km/h;2019
05/10/2019;12:30:00;SEM VÍTIMA;ARRUDA;AV BEBERIBE;;ABALROAMENTO LONGITUDINAL;1;;;;1;;;;0;;Bom;Não existe;Perfeito estado;Seca;Perfeito estado;;Não há placas;;2019
05/10/2019;12:32:00;SEM VÍTIMA;JARDIM SÃO PAULO;AV SAO PAULO;;COLISÃO;1;;;;;1;;;0;;;;;;;;;;2019
05/10/2019;12:48:00;SEM VÍTIMA;BOA VIAGEM;RUA BALTAZAR PASSOS;;ABALROAMENTO LONGITUDINAL;1;;;;1;;;;0;;Bom;Não existe;Perfeito estado;Seca;Perfeito estado;;;;2019
05/10/2019;13:06:00;SEM VÍTIMA;BOA VIAGEM;AV BOA VIAGEM;CIDADE;ABALROAMENTO LONGITUDINAL;1;;;;;;;;0;;Bom;Não existe;Perfeito estado;Seca;Perfeito estado;Não existe;R-6a;60 km/h;2019
05/10/2019;13:32:00;SEM VÍTIMA;MORRO DA CONCEIÇÃO;COR DO BARTOLOMEU;CIDADE;COLISÃO TRASEIRA;1;;;;;;;;0;;Bom;Sem defeito;Ilegível;Seca;Perfeito estado;Faixa de pedestre;R-6a;;2019
05/10/2019;14:23:00;SEM VÍTIMA;MANGUEIRA;AV RECIFE;CIDADE;COLISÃO TRASEIRA;3;1;;;;;;;0;;Bom;Não existe;Perfeito estado;Seca;Perfeito estado;Não existe;Não há placas;50 km/h;2019
05/10/2019;14:35:00;COM VÍTIMA;ESPINHEIRO;RUA DO ESPINHEIRO;;ABALROAMENTO LONGITUDINAL;1;1;;;;;;;1;;Bom;Não existe;Perfeito estado;Seca;Perfeito estado;Não existe;R-6a;40 km/h;2019
05/10/2019;14:38:00;SEM VÍTIMA;BEBERIBE;AV BEBERIBE;;COLISÃO;1;1;;;;;;;0;;;;;;;;;;2019
05/10/2019;14:59:00;SEM VÍTIMA;AREIAS;AV RECIFE;SUBURBIO;COLISÃO TRASEIRA;2;;;;;;;;0;;Bom;Não existe;Incompleta;Seca;Perfeito estado;Não existe;Não há placas;60 km/h;2019
05/10/2019;15:04:00;SEM VÍTIMA;BOA VIAGEM;RUA VISCONDE DE JEQUITINHONHA;SUBURBIO;ABALROAMENTO LONGITUDINAL;2;;;;;;;;0;;Bom;Sem defeito;Perfeito estado;Seca;Perfeito estado;Faixa de pedestre;R-26;40 km/h;2019
05/10/2019;15:13:00;SEM VÍTIMA;SANTO AMARO;RUA AFONSO PENA;CIDADE;ABALROAMENTO LONGITUDINAL;1;;;;1;;;;0;;Bom;Não existe;Perfeito estado;Seca;Perfeito estado;Não existe;Placas Pare;30 km/h;2019
05/10/2019;16:47:00;SEM VÍTIMA;JOANA BEZERRA;RUA IBIPORA;SUBURBIO;COLISÃO TRASEIRA;1;;;;1;;;;0;;Chuvoso;Não existe;Ilegível;Molhada;Mal conservada;Outros;Outras;;2019
05/10/2019;16:57:00;COM VÍTIMA;IPUTINGA;AV MAURICIO DE NASSAU;;COLISÃO;1;1;;;;;;;1;;;;;;;;;;2019
05/10/2019;20:05:00;SEM VÍTIMA;DOIS UNIDOS;RUA GENERAL LABATUT;SUBURBIO;COLISÃO TRASEIRA;2;;;;;;;;0;;Bom;Não existe;Perfeito estado;Seca;;Não existe;Não há placas;;2019
05/10/2019;21:06:00;SEM VÍTIMA;CASA AMARELA;EST DO ENCANAMENTO;CIDADE;ABALROAMENTO TRANSVERSAL;2;;;;;;;;0;;Bom;Não existe;Perfeito estado;Seca;Perfeito estado;Não existe;Placas Pare;;2019
05/10/2019;21:45:00;SEM VÍTIMA;JORDÃO;RUA NOVA CANAA;;COLISÃO;1;1;;;;;;;0;;;;;;;;;;2019
05/10/2019;22:14:00;SEM VÍTIMA;MADALENA;AV JOSE GONCALVES DE MEDEIROS;SUBURBIO;ABALROAMENTO LONGITUDINAL;2;;;;;;;;0;;Bom;Não existe;Ilegível;Seca;Perfeito estado;Não existe;Não há placas;;2019
05/10/2019;22:27:00;COM VÍTIMA;MADALENA;RUA BENFICA;SUBURBIO;COLISÃO TRASEIRA;1;1;;;;;;;1;;Bom;Sem defeito;Perfeito estado;Seca;Perfeito estado;Não existe;Outras;;2019
05/10/2019;22:32:00;COM VÍTIMA;ESPINHEIRO;RUA BARAO DE ITAMARACA;CIDADE;ABALROAMENTO TRANSVERSAL;1;1;;;;;;;1;;Bom;Sem defeito;Perfeito estado;Seca;Perfeito estado;Faixa de pedestre;Não há placas;40 km/h;2019
05/10/2019;22:34:00;SEM VÍTIMA;CORDEIRO;AV CAXANGA;CIDADE;COLISÃO TRASEIRA;1;;;;1;;;;0;;Bom;Sem defeito;Perfeito estado;Seca;Perfeito estado;Faixa de retenção;Outras;;2019
06/10/2019;00:12:00;SEM VÍTIMA;JARDIM SÃO PAULO;RUA ATOR ELPIDIO CAMARA;CIDADE;ABALROAMENTO LONGITUDINAL;2;;;;;;;;0;;Bom;Não existe;Perfeito estado;Seca;Perfeito estado;Não existe;Não há placas;;2019
06/10/2019;00:57:00;SEM VÍTIMA;SANTO ANTÔNIO;AV DANTAS BARRETO;SUBURBIO;ABALROAMENTO TRANSVERSAL;1;;;;1;;;;0;;Bom;Sem defeito;Perfeito estado;Seca;Perfeito estado;Faixa de pedestre;Não há placas;40 km/h;2019
06/10/2019;02:29:00;SEM VÍTIMA;VÁRZEA;RUA PROFESSOR ANTONIO COELHO;CIDADE;ABALROAMENTO TRANSVERSAL;2;;;;;;;;0;;Bom;Não existe;Perfeito estado;Seca;Perfeito estado;Faixa de pedestre;Placas Pare;;2019
06/10/2019;03:24:00;SEM VÍTIMA;BAIRRO DO RECIFE;RUA DR ASCANIO PEIXOTO;;CHOQUE;1;;;;;;;1;0;;;;;;;;;;2019
06/10/2019;03:34:00;SEM VÍTIMA;BOA VIAGEM;RUA VISCONDE DE JEQUITINHONHA;;COLISÃO;2;;;;;;;;0;;;;;;;;;;2019
06/10/2019;04:18:00;SEM VÍTIMA;CAMPO GRANDE;EST DE BELEM;SUBURBIO;COLISÃO FRONTAL;3;;;;;;;;0;;Bom;Sem defeito;Perfeito estado;Seca;Perfeito estado;Faixa de pedestre;Outras;40 km/h;2019
06/10/2019;04:26:00;COM VÍTIMA;BOA VIAGEM;AV ENGENHEIRO DOMINGOS FERREIRA;SUBURBIO;ABALROAMENTO TRANSVERSAL;1;1;;;;;;;1;;Bom;Sem defeito;Perfeito estado;Seca;Perfeito estado;;Não há placas;;2019
06/10/2019;05:53:00;SEM VÍTIMA;SANTO ANTÔNIO;AV MARTINS DE BARROS;SUBURBIO;ABALROAMENTO LONGITUDINAL;2;;;;;;;;0;;Bom;Não existe;Perfeito estado;Seca;Perfeito estado;;Não há placas;;2019
06/10/2019;06:00:00;SEM VÍTIMA;IMBIRIBEIRA;AV MARECHAL MASCARENHAS DE MORAES;SUBURBIO;COLISÃO TRASEIRA;2;;;;;;;;0;;Bom;Sem defeito;Perfeito estado;Seca;Perfeito estado;Faixa de retenção;Outras;;2019
06/10/2019;07:50:00;COM VÍTIMA;TORREÃO;AV NORTE;CIDADE;CHOQUE OBJETO FIXO;1;;;;;;;;2;;Bom;Sem defeito;Perfeito estado;Seca;Perfeito estado;Faixa de pedestre;Outras;;2019
06/10/2019;08:06:00;SEM VÍTIMA;BRASÍLIA TEIMOSA;RUA DAGOBERTO PIRES;;COLISÃO;1;1;;;;;;;0;;;;;;;;;;2019
06/10/2019;09:43:00;SEM VÍTIMA;VÁRZEA;AV AFONSO OLINDENSE;SUBURBIO;ABALROAMENTO LONGITUDINAL;1;1;;;;;;;0;;Bom;Não existe;Perfeito estado;Seca;Perfeito estado;Não existe;Outras;30 km/h;2019
06/10/2019;09:50:00;SEM VÍTIMA;MADALENA;AV ENGENHEIRO ABDIAS DE CARVALHO;CIDADE;COLISÃO TRASEIRA;1;;;;;1;;;0;;Bom;Sem defeito;Perfeito estado;Seca;Perfeito estado;Faixa de retenção;R-6a;;2019
06/10/2019;09:54:00;SEM VÍTIMA;DOIS IRMÃOS;RUA FARIAS NEVES;SUBURBIO;CHOQUE VEÍCULO PARADO;1;;;;1;;;;0;;Bom;Não existe;;Seca;Perfeito estado;;Não há placas;;2019
06/10/2019;10:22:00;SEM VÍTIMA;BOA VIAGEM;RUA ARTUR MUNIZ;SUBURBIO;ABALROAMENTO LONGITUDINAL;1;;;;;1;;;0;;Bom;Não existe;Perfeito estado;Seca;Perfeito estado;Não existe;R-6b;30 km/h;2019
06/10/2019;12:28:00;SEM VÍTIMA;CASA AMARELA;RUA PADRE LEMOS;CIDADE;COLISÃO FRONTAL;2;;;;;;;;0;;Bom;Sem defeito;Perfeito estado;Seca;Perfeito estado;;Outras;;2019
06/10/2019;14:30:00;SEM VÍTIMA;BOA VIAGEM;RUA PADRE CARAPUCEIRO;SUBURBIO;COLISÃO TRASEIRA;;;;;2;;;;0;;Bom;Sem defeito;Perfeito estado;Seca;Perfeito estado;Faixa de pedestre;R-6a;;2019
06/10/2019;17:01:00;SEM VÍTIMA;AREIAS;AV DR JOSE RUFINO;CIDADE;ABALROAMENTO LONGITUDINAL;;;;;1;1;;;0;;Bom;Não existe;Perfeito estado;Seca;Perfeito estado;Não existe;Outras;50 km/h;2019
06/10/2019;17:25:00;SEM VÍTIMA;CAMPINA DO BARRETO;RUA DAS MOCAS;SUBURBIO;COLISÃO TRASEIRA;2;;;;;;;;0;;Bom;Não existe;Perfeito estado;Seca;Perfeito estado;Não existe;Outras;;2019
06/10/2019;17:31:00;SEM VÍTIMA;DERBY;RUA GUILHERME PINTO;CIDADE;ABALROAMENTO LONGITUDINAL;2;;;;;;;;0;;Bom;Não existe;;Seca;Perfeito estado;Não existe;Não há placas;;2019
06/10/2019;18:16:00;COM VÍTIMA;IPSEP;RUA RIO TOCANTINS;;ABALROAMENTO TRANSVERSAL;1;1;;;;;;;2;;Bom;Sem defeito;Ilegível;Seca;Mal iluminada;Faixa de pedestre;R-6a;60 km/h;2019
06/10/2019;18:35:00;SEM VÍTIMA;SANCHO;RUA ORFEU DO CARNAVAL;;CHOQUE;;;;;;;1;1;0;;;;;;;;;;2019
06/10/2019;19:39:00;COM VÍTIMA;CASA AMARELA;EST DAS UBAIAS,;LESTE;COLISÃO FRONTAL;1;1;;;;;;;1;;Bom;Não existe;Perfeito estado;Seca;Perfeito estado;;;;2019
06/10/2019;20:16:00;COM VÍTIMA;BAIRRO DO RECIFE;AV RIO BRANCO;;COLISÃO;1;1;;;;;;;1;;;;;;;;;;2019
06/10/2019;22:02:00;SEM VÍTIMA;AFOGADOS;LARGO DA PAZ;SUBURBIO;ABALROAMENTO LONGITUDINAL;1;;;;;1;;;0;;Bom;Sem defeito;Perfeito estado;Seca;Perfeito estado;Não existe;Outras;;2019
07/10/2019;07:06:00;COM VÍTIMA;BAIRRO DO RECIFE;AV MILITAR;SUBURBIO;COLISÃO COM CICLISTA;1;;1;;;;;;1;;Bom;Não existe;Perfeito estado;Seca;Perfeito estado;Agente;Não há placas;40 km/h;2019
07/10/2019;08:03:00;SEM VÍTIMA;ESTÂNCIA;AV RECIFE;;ABALROAMENTO LONGITUDINAL;1;2;;;;;;;0;;Bom;Sem defeito;Perfeito estado;Seca;Perfeito estado;Faixa de pedestre;Outras;60 km/h;2019
07/10/2019;08:04:00;SEM VÍTIMA;ENCRUZILHADA;RUA MARQUES DO PARANA;SUBURBIO;ABALROAMENTO LONGITUDINAL;1;;;;1;;;;0;;Bom;Não existe;Não existente;Seca;Perfeito estado;Não existe;;;2019
07/10/2019;08:11:00;SEM VÍTIMA;ESTÂNCIA;AV RECIFE;SUBURBIO;ABALROAMENTO LONGITUDINAL;1;;;;;1;;2;0;;Bom;Não existe;Perfeito estado;Seca;Perfeito estado;Não existe;Não há placas;;2019
07/10/2019;08:24:00;SEM VÍTIMA;AFOGADOS;RUA SAO MIGUEL;CIDADE;COLISÃO TRASEIRA;2;;;;;;;;0;;Bom;Não existe;Não existente;Seca;Perfeito estado;Não existe;Não há placas;;2019
07/10/2019;08:55:00;SEM VÍTIMA;AFOGADOS;RUA COSME VIANA;CIDADE;ABALROAMENTO LONGITUDINAL;2;;;;;;;;0;;Bom;Sem defeito;Perfeito estado;Seca;Perfeito estado;Faixa de pedestre;;;2019
07/10/2019;09:17:00;SEM VÍTIMA;HIPÓDROMO;EST DE BELEM;CIDADE;COLISÃO TRASEIRA;2;;;;;;;;0;;Bom;Não existe;Perfeito estado;Seca;Perfeito estado;Não existe;R-6a;60 km/h;2019
07/10/2019;09:23:00;SEM VÍTIMA;ESPINHEIRO;AV GOVERNADOR AGAMENON MAGALHAES;;COLISÃO TRASEIRA;3;;;;;;;;0;;Bom;Não existe;Perfeito estado;Seca;Perfeito estado;Não existe;;;2019
07/10/2019;09:57:00;SEM VÍTIMA;BOA VIAGEM;AV BOA VIAGEM;CIDADE;COLISÃO TRASEIRA;2;;;;;;;;0;;Bom;Não existe;Perfeito estado;Seca;Perfeito estado;Não existe;Não há placas;60 km/h;2019
07/10/2019;10:00:00;SEM VÍTIMA;BOA VISTA;AV MANOEL BORBA;SUBURBIO;ABALROAMENTO LONGITUDINAL;2;;;;;;;;0;;Bom;Não existe;Perfeito estado;Seca;Perfeito estado;Agente;Não há placas;30 km/h;2019
07/10/2019;10:31:00;SEM VÍTIMA;CASA FORTE;RUA JORGE GOMES DE SA;SUBURBIO;ABALROAMENTO LONGITUDINAL;;;;;1;;;;0;;Bom;Não existe;Perfeito estado;Seca;Perfeito estado;Não existe;Não há placas;;2019
07/10/2019;11:04:00;SEM VÍTIMA;IPUTINGA;RUA DR NINA RODRIGUES;;ABALROAMENTO LONGITUDINAL;1;1;;;;;;;0;;Bom;Não existe;Não existente;Seca;Perfeito estado;Não existe;Não há placas;;2019
07/10/2019;11:33:00;SEM VÍTIMA;IMBIRIBEIRA;AV MARECHAL MASCARENHAS DE MORAES;CIDADE;ABALROAMENTO LONGITUDINAL;2;1;;;;;;;0;;Bom;Sem defeito;Perfeito estado;Seca;Perfeito estado;Faixa de pedestre;Outras;60 km/h;2019
07/10/2019;11:38:00;SEM VÍTIMA;MACAXEIRA;AV NORTE;SUBURBIO;COLISÃO TRASEIRA;;;;;;2;;;0;;Bom;Não existe;Perfeito estado;Seca;Perfeito estado;Não existe;R-6a;;2019
07/10/2019;11:59:00;SEM VÍTIMA;IBURA;AV SERRA DA MANTIQUEIRA;;ABALROAMENTO LONGITUDINAL;1;;;;1;;;;0;;Bom;Não existe;Não existente;Seca;Perfeito estado;Não existe;Não há placas;;2019
07/10/2019;14:02:00;SEM VÍTIMA;BOA VIAGEM;AV BOA VIAGEM;SUBURBIO;COLISÃO TRASEIRA;3;;;;;;;;0;;Bom;Sem defeito;Perfeito estado;Seca;Perfeito estado;Faixa de pedestre;Não há placas;;2019
07/10/2019;14:10:00;COM VÍTIMA;CASA AMARELA;AV NORTE;CIDADE;TOMBAMENTO;;1;;;;;;;1;;Bom;Não existe;Perfeito estado;Oleosa;Perfeito estado;Não existe;Não há placas;60 km/h;2019
07/10/2019;14:14:00;SEM VÍTIMA;MADALENA;RUA SEVERINO PESSOA;;ABALROAMENTO LONGITUDINAL;2;;;;;;;;0;;Bom;Não existe;Não existente;Seca;Perfeito estado;Não existe;Não há placas;;2019
07/10/2019;14:21:00;SEM VÍTIMA;BOA VIAGEM;RUA PROFESSOR JULIO FERREIRA DE MELO;;COLISÃO;1;1;;;;;;;0;;;;;;;;;;2019
07/10/2019;14:26:00;COM VÍTIMA;APIPUCOS;RUA DE APIPUCOS;SUBURBIO;ABALROAMENTO TRANSVERSAL;1;1;;;;;;;1;;Bom;Não existe;Perfeito estado;Seca;Perfeito estado;Não existe;R-6a;60 km/h;2019
07/10/2019;14:36:00;SEM VÍTIMA;BARRO;AV DR JOSE RUFINO;CIDADE;ABALROAMENTO LONGITUDINAL;1;;;;;;;1;0;;Bom;Sem defeito;Perfeito estado;Seca;Perfeito estado;Faixa de pedestre;Outras;;2019
07/10/2019;15:08:00;SEM VÍTIMA;BOA VISTA;AV GOVERNADOR CARLOS DE LIMA CAVALCANTI;CIDADE;COLISÃO TRASEIRA;1;1;;;;;;;0;;Bom;Não existe;Não existente;Seca;Perfeito estado;Não existe;Não há placas;40 km/h;2019
07/10/2019;15:15:00;SEM VÍTIMA;CAMPO GRANDE;AV PROFESSOR JOSE DOS ANJOS;CIDADE;COLISÃO TRASEIRA;2;;;;;;;;0;;Bom;Não existe;Perfeito estado;Seca;Perfeito estado;Não existe;Não há placas;;2019
07/10/2019;15:15:00;SEM VÍTIMA;PINA;AV HERCULANO BANDEIRA;SUBURBIO;ABALROAMENTO LONGITUDINAL;2;;;;;;;;0;;Bom;Não existe;Perfeito estado;Seca;Perfeito estado;Não existe;Não há placas;;2019
07/10/2019;16:21:00;SEM VÍTIMA;BOA VISTA;AV CONDE DA BOA VISTA;SUBURBIO;ABALROAMENTO LONGITUDINAL;1;;;;1;;;;0;;Bom;Não existe;Perfeito estado;Seca;;Não existe;Não há placas;;2019
07/10/2019;16:56:00;SEM VÍTIMA;SANTO AMARO;AV GOVERNADOR AGAMENON MAGALHAES;;ABALROAMENTO TRANSVERSAL;2;;;;;;;;0;;Bom;Não existe;Não existente;Seca;Perfeito estado;Não existe;Não há placas;;2019
07/10/2019;17:08:00;SEM VÍTIMA;COELHOS;RUA DOS COELHOS;SUBURBIO;COLISÃO TRASEIRA;1;1;;;;;;;0;;Bom;Sem defeito;Incompleta;Seca;Perfeito estado;Faixa de pedestre;R-6a;;2019
07/10/2019;17:13:00;SEM VÍTIMA;BAIRRO DO RECIFE;AV MARQUES DE OLINDA;SUBURBIO;COLISÃO TRASEIRA;1;;1;;;;;;0;;Bom;Não existe;Ilegível;Seca;Perfeito estado;Não existe;Placas Pare;;2019
07/10/2019;17:28:00;SEM VÍTIMA;IMBIRIBEIRA;RUA ANTONIO PAES BARRETO;CIDADE;ABALROAMENTO LONGITUDINAL;;;;;;1;;1;0;;Bom;Não existe;Não existente;Seca;Perfeito estado;Não existe;Não há placas;;2019
07/10/2019;18:01:00;SEM VÍTIMA;BOA VIAGEM;RUA BARAO DE SOUZA LEAO;;COLISÃO TRASEIRA;2;;;;;;;;0;;Bom;Sem defeito;Perfeito estado;Seca;Perfeito estado;;Outras;;2019
07/10/2019;18:05:00;COM VÍTIMA;IPSEP;AV RECIFE;BR 101;COLISÃO COM CICLISTA;;1;1;;;;;;2;;Bom;Sem defeito;Perfeito estado;Seca;Perfeito estado;Faixa de pedestre;;60 km/h;2019
07/10/2019;19:44:00;SEM VÍTIMA;AFOGADOS;RUA DA PAZ;;COLISÃO;2;;;;;;;;0;;;;;;;;;;2019
07/10/2019;20:29:00;SEM VÍTIMA;IMBIRIBEIRA;AV SUL;SUBURBIO;COLISÃO TRASEIRA;2;;;;;;;;0;;Bom;Não existe;Perfeito estado;Seca;Perfeito estado;Não existe;Não há placas;;2019
07/10/2019;23:03:00;SEM VÍTIMA;ILHA DO RETIRO;AV ENGENHEIRO ABDIAS DE CARVALHO;SUBURBIO;ABALROAMENTO LONGITUDINAL;2;;;;;;;;0;;Bom;Sem defeito;Perfeito estado;Seca;Perfeito estado;Faixa de pedestre;Outras;;2019
08/10/2019;06:16:00;SEM VÍTIMA;CURADO;RUA ONZE DE AGOSTO;;COLISÃO;2;;;;;;;;0;;;;;;;;;;2019
08/10/2019;06:48:00;SEM VÍTIMA;BOA VIAGEM;RUA RIBEIRO DE BRITO;CIDADE;ABALROAMENTO TRANSVERSAL;2;;;;;;;;0;;Bom;Não existe;Incompleta;Seca;Perfeito estado;Não existe;Não há placas;;2019
08/10/2019;06:58:00;SEM VÍTIMA;DOIS IRMÃOS;RUA VEREADOR PETRUS CAMARA;SUBURBIO;COLISÃO FRONTAL;2;;;;;;;;0;;Bom;Não existe;Não existente;Seca;Perfeito estado;Não existe;Não há placas;30 km/h;2019
08/10/2019;07:24:00;SEM VÍTIMA;DERBY;RUA AMARO BEZERRA;CIDADE;ABALROAMENTO LONGITUDINAL;2;;;;;;;;0;;Bom;Não existe;Incompleta;Seca;Perfeito estado;Não existe;Outras;;2019
08/10/2019;08:30:00;SEM VÍTIMA;JARDIM SÃO PAULO;AV PIRACICABA;CIDADE;COLISÃO TRASEIRA;2;;;;;;;;0;;Bom;Não existe;Não existente;Seca;Mal conservada;Não existe;Não há placas;;2019