data;hora;natureza_acidente;bairro;endereco;sentido_via;tipo;auto;moto;ciclista;pedestre;onibus;caminhao;viatura;outros;vitimas;vitimasfatais;tempo_clima;situacao_semaforo;sinalizacao;condicao_via;conservacao_via;ponto_controle;situacao_placa;velocidade_max_via;ano
08/10/2019;08:45:00;VÍTIMA FATAL;NOVA DESCOBERTA;AV VEREADOR OTACILIO AZEVEDO;SUBURBIO;COLISÃO FRONTAL;1;1;;;;;;;1;1;Bom;Não existe;Incompleta;Seca;Perfeito estado;Não existe;Outras;40 km/h;2019
08/10/2019;09:00:00;COM VÍTIMA;CAMPO GRANDE;RUA JERONIMO VILELA;CIDADE;ABALROAMENTO LONGITUDINAL;1;1;;;;;;;1;;Bom;Sem defeito;Perfeito estado;Seca;;Faixa de pedestre;Placas Pare;;2019
08/10/2019;09:17:00;COM VÍTIMA;VÁRZEA;RUA EMILIANO BRAGA;SUBURBIO;ABALROAMENTO TRANSVERSAL;1;1;;;;;;;1;;Bom;Não existe;Perfeito estado;Seca;Perfeito estado;Faixa de pedestre;Placas Pare;;2019
08/10/2019;09:25:00;SEM VÍTIMA;CORDEIRO;AV CAXANGA;;COLISÃO;3;;;;;;;;0;;;;;;;;;;2019
08/10/2019;10:25:00;SEM VÍTIMA;GRAÇAS;AV RUI BARBOSA;CIDADE;COLISÃO TRASEIRA;2;;;;;;;;0;;Bom;Não existe;Perfeito estado;Seca;Perfeito estado;Não existe;Outras;;2019
08/10/2019;10:28:00;SEM VÍTIMA;TORRÕES;AV ENGENHEIRO ABDIAS DE CARVALHO;SUBURBIO;COLISÃO TRASEIRA;2;;;;;;;;0;;Bom;;Perfeito estado;Seca;Perfeito estado;;;60 km/h;2019
08/10/2019;10:56:00;SEM VÍTIMA;BOA VIAGEM;AV CONSELHEIRO AGUIAR;CIDADE;ABALROAMENTO LONGITUDINAL;;;;;1;1;;;0;;Bom;Não existe;Perfeito estado;Seca;Perfeito estado;Outros;Outras;;2019
08/10/2019;11:17:00;SEM VÍTIMA;CAXANGÁ;AV CAXANGA;CIDADE;ABALROAMENTO LONGITUDINAL;1;;;;1;;;;0;;Bom;;;Seca;Perfeito estado;;;;2019
08/10/2019;11:21:00;COM VÍTIMA;ILHA JOANA BEZERRA;RUA CONCEICAO DE MACABU;CIDADE;COLISÃO COM CICLISTA;;;1;;1;;;;1;;Bom;Não existe;Incompleta;Seca;Perfeito estado;Não existe;R-6a;;2019
08/10/2019;11:24:00;SEM VÍTIMA;ILHA DO LEITE;RUA JOAQUIM DE BRITO;;COLISÃO;2;;;;;;;;0;;;;;;;;;;2019
08/10/2019;12:32:00;SEM VÍTIMA;AFOGADOS;RUA SAO MIGUEL;SUBURBIO;ABALROAMENTO LONGITUDINAL;2;;;;;;;;0;;Bom;Não existe;Perfeito estado;Seca;Perfeito estado;Não existe;Outras;;2019
08/10/2019;13:14:00;SEM VÍTIMA;BOA VIAGEM;RUA VISCONDE DE JEQUITINHONHA;SUBURBIO;COLISÃO TRASEIRA;1;;;;;1;;;0;;Bom;Sem defeito;Perfeito estado;Seca;Perfeito estado;Não existe;Não há placas;;2019
08/10/2019;13:52:00;SEM VÍTIMA;ENGENHO DO MEIO;RUA ANTONIO CURADO;;ABALROAMENTO TRANSVERSAL;2;;;;;;;;0;;Bom;Não existe;Incompleta;Seca;Perfeito estado;Não existe;Não há placas;;2019
08/10/2019;14:29:00;COM VÍTIMA;AFOGADOS;RUA IMPERIAL;SUBURBIO;ABALROAMENTO LONGITUDINAL;1;1;;;;;;;1;;Bom;Não existe;;Seca;Perfeito estado;Não existe;Outras;;2019
08/10/2019;14:36:00;SEM VÍTIMA;CORDEIRO;RUA GOMES TABORDA;CIDADE;COLISÃO TRASEIRA;2;;;;;;;;0;;Bom;Não existe;Ilegível;Seca;Perfeito estado;Não existe;Não há placas;;2019
08/10/2019;14:46:00;SEM VÍTIMA;IMBIRIBEIRA;AV MARECHAL MASCARENHAS DE MORAES;CIDADE;ABALROAMENTO LONGITUDINAL;1;;;;;;;1;0;;Bom;Sem defeito;Perfeito estado;Seca;Perfeito estado;Não existe;Não há placas;60 km/h;2019
08/10/2019;15:16:00;SEM VÍTIMA;CABANGA;RUA COMANDANTE ANTONIO MANHAES DE MATTOS;SUBURBIO;COLISÃO TRASEIRA;2;;;;;;;;0;;Bom;Sem defeito;Perfeito estado;Seca;Perfeito estado;Não existe;Não há placas;60 km/h;2019
08/10/2019;15:16:00;SEM VÍTIMA;CASA AMARELA;AV NORTE;SUBURBIO;COLISÃO TRASEIRA;1;;;;1;;;;0;;Bom;Sem defeito;Perfeito estado;Seca;Perfeito estado;Faixa de pedestre;;;2019
08/10/2019;15:40:00;COM VÍTIMA;IPUTINGA;AV CAXANGA;CIDADE;ABALROAMENTO LONGITUDINAL;;1;;;;1;;;1;;Bom;Não existe;Perfeito estado;Seca;Perfeito estado;Não existe;R-6a;;2019
08/10/2019;16:55:00;SEM VÍTIMA;BOA VIAGEM;AV CONSELHEIRO AGUIAR;;COLISÃO;1;1;;;;;;;0;;;;;;;;;;2019
08/10/2019;17:00:00;SEM VÍTIMA;BOA VIAGEM;RUA BISPO CARDOSO AYRES;SUBURBIO;ABALROAMENTO TRANSVERSAL;3;;;;;;;;0;;Bom;Não existe;Perfeito estado;Seca;Perfeito estado;Não existe;Não há placas;;2019
08/10/2019;17:03:00;SEM VÍTIMA;ILHA DO RETIRO;PRC DA BANDEIRA;;COLISÃO;2;;;;;;;;0;;;;;;;;;;2019
08/10/2019;17:49:00;SEM VÍTIMA;CABANGA;AV SUL;CIDADE;ABALROAMENTO TRANSVERSAL;1;1;;;;;;;0;;Bom;Sem defeito;Perfeito estado;Seca;Perfeito estado;Faixa de pedestre;Outras;60 km/h;2019
08/10/2019;18:02:00;SEM VÍTIMA;TAMARINEIRA;RUA CONEGO BARATA;SUBURBIO;ABALROAMENTO TRANSVERSAL;1;;;;1;;;;0;;Bom;Não existe;Perfeito estado;Seca;Perfeito estado;Não existe;Não há placas;;2019
08/10/2019;18:36:00;COM VÍTIMA;DERBY;AV GOVERNADOR AGAMENON MAGALHAES;SUBURBIO;ABALROAMENTO LONGITUDINAL;1;1;;;;;;;1;;Bom;Não existe;Perfeito estado;Seca;Perfeito estado;Não existe;R-6a;;2019
08/10/2019;18:50:00;SEM VÍTIMA;;RUA BENFICA;SUBURBIO;ABALROAMENTO LONGITUDINAL;1;;;;1;;;;0;;Bom;Não existe;Perfeito estado;Seca;Perfeito estado;Faixa de retenção;Outras;;2019
08/10/2019;19:41:00;SEM VÍTIMA;AFOGADOS;RUA SAO MIGUEL;SUBURBIO;COLISÃO TRASEIRA;2;;;;;;;;0;;Bom;Sem defeito;Perfeito estado;Seca;Perfeito estado;Faixa de pedestre;Não há placas;;2019
08/10/2019;19:45:00;SEM VÍTIMA;MADALENA;RUA REAL DA TORRE;;ABALROAMENTO LONGITUDINAL;1;;;;1;;;;0;;Bom;Sem defeito;Perfeito estado;Seca;Perfeito estado;Faixa de pedestre;R-6a;40 km/h;2019
08/10/2019;20:15:00;SEM VÍTIMA;MACAXEIRA;AV NORTE;SUBURBIO;COLISÃO TRASEIRA;2;;;;;;;;0;;Bom;Sem defeito;Perfeito estado;Seca;Perfeito estado;Faixa de pedestre;Outras;;2019
08/10/2019;20:29:00;SEM VÍTIMA;TORRE;RUA FREI JABOATAO;;CHOQUE VEÍCULO PARADO;1;;;;;1;;;0;;Bom;Não existe;Ilegível;Seca;Mal iluminada;Não existe;Não há placas;;2019
09/10/2019;00:03:00;SEM VÍTIMA;BREJO DE BEBERIBE;AV VEREADOR OTACILIO AZEVEDO;SUBURBIO;CHOQUE VEÍCULO PARADO;2;;;;;;;;0;;Bom;Não existe;Perfeito estado;Seca;Perfeito estado;Não existe;Não há placas;;2019
09/10/2019;01:05:00;SEM VÍTIMA;PORTO DA MADEIRA;AV BEBERIBE;SUBURBIO;COLISÃO TRASEIRA;2;;;;;;;;0;;Bom;Sem defeito;Perfeito estado;Seca;Perfeito estado;Faixa de pedestre;Não há placas;;2019
09/10/2019;06:34:00;SEM VÍTIMA;SANTO AMARO;AV CRUZ CABUGA;CIDADE;ABALROAMENTO LONGITUDINAL;1;;;;1;;;;0;;Chuvoso;Sem defeito;Perfeito estado;Molhada;Perfeito estado;Outros;Outras;;2019
09/10/2019;06:39:00;SEM VÍTIMA;SANTO AMARO;AV CRUZ CABUGA;;COLISÃO;1;;;;1;;;;0;;;;;;;;;;2019
09/10/2019;06:56:00;COM VÍTIMA;BOA VIAGEM;RUA PROFESSOR JOSE BRANDAO;SUBURBIO;ABALROAMENTO TRANSVERSAL;1;1;;;;;;;1;;Bom;Não existe;Perfeito estado;Seca;Perfeito estado;Não existe;Não há placas;;2019
09/10/2019;07:04:00;SEM VÍTIMA;AREIAS;AV RECIFE;SUBURBIO;COLISÃO TRASEIRA;2;;;;;;;;0;;Chuvoso;Sem defeito;Perfeito estado;Molhada;Perfeito estado;Faixa de pedestre;;;2019
09/10/2019;07:25:00;SEM VÍTIMA;IMBIRIBEIRA;AV MARECHAL MASCARENHAS DE MORAES;;ABALROAMENTO LONGITUDINAL;1;;;;;;;;0;;Bom;Não existe;;Seca;Perfeito estado;Não existe;Não há placas;;2019
09/10/2019;07:27:00;COM VÍTIMA;SOLEDADE;RUA JOSE DE ALENCAR;CIDADE;ABALROAMENTO TRANSVERSAL;2;;;;;;;;1;;Chuvoso;Não existe;Ilegível;Molhada;Perfeito estado;Não existe;Placas Pare;;2019
09/10/2019;07:30:00;COM VÍTIMA;MADALENA;PTE PROFESSOR MORAES REGO;CIDADE;COLISÃO TRASEIRA;3;1;;;;;;;1;;Chuvoso;Sem defeito;Perfeito estado;Molhada;Perfeito estado;Agente;Outras;;2019
09/10/2019;07:37:00;COM VÍTIMA;BOA VIAGEM;AV ENGENHEIRO DOMINGOS FERREIRA;SUBURBIO;COLISÃO TRASEIRA;1;1;;;;;;;1;;Bom;Sem defeito;Perfeito estado;Seca;Perfeito estado;Faixa de pedestre;Não há placas;;2019
09/10/2019;07:37:00;SEM VÍTIMA;PINA;AV ANTONIO DE GOES;CIDADE;ABALROAMENTO TRANSVERSAL;1;1;;;;;;;0;;Chuvoso;Sem defeito;Perfeito estado;Molhada;Perfeito estado;Agente;Não há placas;60 km/h;2019
09/10/2019;07:48:00;SEM VÍTIMA;SÃO JOSÉ;AV ENGENHEIRO JOSE ESTELITA;CIDADE;COLISÃO TRASEIRA;3;;;;;;;;0;;Bom;Não existe;Perfeito estado;Seca;Perfeito estado;;R-19;60 km/h;2019
09/10/2019;07:50:00;SEM VÍTIMA;IBURA;RUA EXP FRANCISCO VITORIANO;;COLISÃO;2;;;;;;;;0;;;;;;;;;;2019
09/10/2019;08:11:00;SEM VÍTIMA;BOA VIAGEM;RUA DOS NAVEGANTES;SUBURBIO;ABALROAMENTO TRANSVERSAL;2;;;;;;;;0;;Bom;Não existe;Ilegível;Seca;Perfeito estado;Não existe;Não há placas;;2019
09/10/2019;08:13:00;SEM VÍTIMA;ESPINHEIRO;RUA BARAO DE ITAMARACA;CIDADE;ABALROAMENTO TRANSVERSAL;2;;;;;;;;0;;Chuvoso;Não existe;Incompleta;Molhada;Mal conservada;Não existe;Não há placas;;2019
09/10/2019;08:21:00;COM VÍTIMA;CASA FORTE;RUA LEONARDO BEZERRA CAVALCANTE;SUBURBIO;ABALROAMENTO LONGITUDINAL;1;1;;;;;;;1;;Chuvoso;Não existe;Perfeito estado;Molhada;Perfeito estado;Não existe;R-6a;;2019
09/10/2019;08:35:00;SEM VÍTIMA;BOA VIAGEM;AVENIDA CELSO FURTADO (VIA MANGUE);;COLISÃO;1;;;;;1;;;0;;;;;;;;;;2019
09/10/2019;08:37:00;SEM VÍTIMA;;AV MARECHAL MASCARENHAS DE MORAES;CIDADE;COLISÃO TRASEIRA;2;;;;;;;;0;;Bom;Sem defeito;Perfeito estado;Seca;Perfeito estado;Faixa de pedestre;R-6a;;2019
09/10/2019;08:50:00;COM VÍTIMA;PRADO;RUA SANTA EDWIRGES;;COLISÃO;1;1;;;;;;;1;;;;;;;;;;2019
09/10/2019;08:58:00;SEM VÍTIMA;;RUA BENFICA;SUBURBIO;ABALROAMENTO LONGITUDINAL;1;1;;;;;;;0;;Bom;Com defeito;Perfeito estado;Seca;Perfeito estado;Agente;;;2019
09/10/2019;;SEM VÍTIMA;BOA VIAGEM;AV DOM JOAO VI;CIDADE;COLISÃO TRASEIRA;2;;;;;;;;0;;Bom;Sem defeito;Perfeito estado;Seca;Perfeito estado;Faixa de pedestre;Outras;60 km/h;2019
09/10/2019;12:36:00;SEM VÍTIMA;NOVA DESCOBERTA;AV VEREADOR OTACILIO AZEVEDO;SUBURBIO;ABALROAMENTO LONGITUDINAL;1;1;;;;;;;0;;Bom;Não existe;Perfeito estado;Seca;Perfeito estado;Não existe;R-6c;;2019
09/10/2019;12:40:00;SEM VÍTIMA;BOA VISTA;RUA GENERAL JOAQUIM INACIO;SUBURBIO;ABALROAMENTO LONGITUDINAL;1;;;;1;;;;0;;Bom;Sem defeito;Perfeito estado;Seca;Perfeito estado;Faixa de pedestre;R-6a;;2019
09/10/2019;12:42:00;SEM VÍTIMA;SÃO JOSÉ;C SANTA RITA;CIDADE;COLISÃO TRASEIRA;3;;;;;;;;0;;Bom;Sem defeito;Perfeito estado;Seca;Perfeito estado;Faixa de pedestre;Outras;60 km/h;2019
09/10/2019;12:49:00;SEM VÍTIMA;SANCHO;AV LIBERDADE;CIDADE;ABALROAMENTO TRANSVERSAL;2;;;;;;;;0;;Bom;Não existe;Incompleta;Seca;Perfeito estado;Não existe;Não há placas;;2019
09/10/2019;12:51:00;SEM VÍTIMA;AREIAS;AV RECIFE;;COLISÃO;2;;;;;;;;0;;;;;;;;;;2019
09/10/2019;13:01:00;SEM VÍTIMA;BOA VIAGEM;AV ENGENHEIRO DOMINGOS FERREIRA;SUBURBIO;ABALROAMENTO LONGITUDINAL;2;;;;;;;;0;;Bom;Não existe;Perfeito estado;Seca;Perfeito estado;Não existe;Não há placas;60 km/h;2019
09/10/2019;13:01:00;SEM VÍTIMA;ALTO DO MANDU;RUA MANDACARU;;CHOQUE OBJETO FIXO;;;;;;1;;;0;;;;;;;;;;2019
09/10/2019;13:04:00;SEM VÍTIMA;BOA VIAGEM;RUA CAPITAO ZUZINHA;;ABALROAMENTO LONGITUDINAL;1;;;;1;;;;0;;Bom;Não existe;Perfeito estado;Seca;Perfeito estado;Não existe;Não há placas;;2019
09/10/2019;13:04:00;SEM VÍTIMA;SÃO JOSÉ;AV SUL;;COLISÃO;3;;;;;;;;0;;;;;;;;;;2019
09/10/2019;13:28:00;SEM VÍTIMA;AFOGADOS;RUA ARQUITETO LUIZ NUNES;CIDADE;ABALROAMENTO LONGITUDINAL;2;;;;;;;;0;;Bom;Sem defeito;Perfeito estado;Seca;Perfeito estado;Faixa de pedestre;Outras;;2019
09/10/2019;14:04:00;SEM VÍTIMA;ALTO DO MANDU;RUA MANDACARU;SUBURBIO;CHOQUE OBJETO FIXO;;;;;;1;;;0;;Bom;Não existe;Não existente;Seca;Perfeito estado;Não existe;;30 km/h;2019
09/10/2019;14:23:00;SEM VÍTIMA;BOA VIAGEM;AV CONSELHEIRO AGUIAR;CIDADE;ABALROAMENTO LONGITUDINAL;2;;;;;;;;0;;Bom;Não existe;Perfeito estado;Seca;Perfeito estado;Não existe;R-6a;;2019
09/10/2019;14:41:00;COM VÍTIMA;IPSEP;AV PRESIDENTE DUTRA;CIDADE;ABALROAMENTO TRANSVERSAL;1;1;;;;;;;1;;Bom;Sem defeito;Perfeito estado;Seca;Perfeito estado;;;;2019
09/10/2019;15:04:00;SEM VÍTIMA;BOA VIAGEM;RUA MARQUES DE VALENCA;SUBURBIO;ABALROAMENTO LONGITUDINAL;2;;;;;;;;0;;Bom;Não existe;Perfeito estado;Seca;Perfeito estado;Faixa de pedestre;Outras;;2019
09/10/2019;15:26:00;SEM VÍTIMA;SÃO JOSÉ;C SANTA RITA;CIDADE;ABALROAMENTO LONGITUDINAL;1;;;;1;;;;0;;Bom;Sem defeito;Perfeito estado;Seca;Perfeito estado;;Não há placas;60 km/h;2019
09/10/2019;15:34:00;SEM VÍTIMA;SANTANA;RUA DONA OLEGARINHA;CIDADE;ABALROAMENTO LONGITUDINAL;;;;;1;;;1;0;;Bom;Não existe;Perfeito estado;Seca;Perfeito estado;Não existe;Não há placas;;2019
09/10/2019;15:46:00;SEM VÍTIMA;BOA VISTA;RUA DO PRINCIPE;CIDADE;COLISÃO TRASEIRA;2;;;;;;;;0;;Bom;Sem defeito;Perfeito estado;Seca;Perfeito estado;Faixa de pedestre;Não há placas;;2019
09/10/2019;16:07:00;SEM VÍTIMA;BOA VIAGEM;RUA FRANCISCO DA CUNHA;SUBURBIO;ABALROAMENTO TRANSVERSAL;2;;;;;;;;0;;Bom;Não existe;Perfeito estado;Seca;Perfeito estado;Não existe;Placas Pare;;2019
09/10/2019;16:29:00;COM VÍTIMA;CAMPO GRANDE;EST DE BELEM;CIDADE;ABALROAMENTO TRANSVERSAL;;2;;;;;;;1;;Bom;Não existe;Perfeito estado;Seca;Perfeito estado;Não existe;R-6a;60 km/h;2019
09/10/2019;16:59:00;SEM VÍTIMA;TEJIPIÓ;AV DR JOSE RUFINO;;COLISÃO;;;;;2;;;;0;;;;;;;;;;2019
09/10/2019;17:02:00;SEM VÍTIMA;BOA VISTA;RUA GONCALVES MAIA;SUBURBIO;ABALROAMENTO LONGITUDINAL;2;;;;;;;;0;;Bom;Não existe;Perfeito estado;Seca;Perfeito estado;Outros;Outras;;2019
09/10/2019;18:05:00;SEM VÍTIMA;IBURA;AV DOIS RIOS;SUBURBIO;ABALROAMENTO LONGITUDINAL;1;;;;;1;;;0;;Bom;Não existe;Perfeito estado;Seca;Perfeito estado;;;40 km/h;2019
09/10/2019;18:17:00;COM VÍTIMA;SANTO AMARO;RUA TREZE DE MAIO;SUBURBIO;ABALROAMENTO TRANSVERSAL;1;1;;;;;;;1;;Bom;Sem defeito;Perfeito estado;Seca;Perfeito estado;Não existe;R-19;30 km/h;2019
09/10/2019;18:46:00;SEM VÍTIMA;DOIS IRMÃOS;RUA MANUEL DE MEDEIROS;SUBURBIO;ABALROAMENTO LONGITUDINAL;1;;;;1;;;;0;;Bom;Não existe;Ilegível;Seca;Mal iluminada;Não existe;Outras;30 km/h;2019
09/10/2019;19:30:00;SEM VÍTIMA;ILHA DO RETIRO;RUA SPORT CLUBE DO RECIFE;CIDADE;ABALROAMENTO TRANSVERSAL;1;;;;1;;;;0;;Bom;Não existe;Perfeito estado;Seca;Perfeito estado;Não existe;;30 km/h;2019
09/10/2019;19:53:00;SEM VÍTIMA;AFOGADOS;RUA DA PAZ;;ABALROAMENTO LONGITUDINAL;1;;;;1;;;;0;;Bom;Não existe;Incompleta;Seca;Perfeito estado;Não existe;Outras;;2019
09/10/2019;20:05:00;SEM VÍTIMA;BOA VIAGEM;AV CONSELHEIRO AGUIAR;CIDADE;ABALROAMENTO LONGITUDINAL;1;;;;1;;;;0;;Bom;Não existe;Perfeito estado;Seca;Perfeito estado;;;;2019
09/10/2019;20:12:00;SEM VÍTIMA;BOA VIAGEM;RUA ALMIRANTE TAMANDARE;SUBURBIO;ABALROAMENTO TRANSVERSAL;2;;;;;;;;0;;Bom;Não existe;Perfeito estado;Seca;Perfeito estado;Faixa de retenção;Placas Pare;;2019
09/10/2019;21:31:00;SEM VÍTIMA;IPSEP;AV RECIFE;SUBURBIO;COLISÃO;1;;;;;;;;0;;;;;;;;;;2019
09/10/2019;22:19:00;SEM VÍTIMA;TORRE;RUA DOM MANOEL DA COSTA;CIDADE;ABALROAMENTO TRANSVERSAL;1;;;;1;;;;0;;Bom;Sem defeito;Perfeito estado;Seca;Perfeito estado;Faixa de pedestre;;;2019
10/10/2019;04:21:00;SEM VÍTIMA;SANTO AMARO;AV CRUZ CABUGA;CIDADE;CHOQUE OBJETO FIXO;1;;;;1;;;;0;;Bom;Não existe;Perfeito estado;Seca;Perfeito estado;;;60 km/h;2019
10/10/2019;06:18:00;COM VÍTIMA;CASA AMARELA;AV NORTE;CIDADE;COLISÃO TRASEIRA;1;1;;;;;;;1;;Chuvoso;Não existe;Incompleta;Molhada;Perfeito estado;Não existe;Outras;;2019
10/10/2019;06:57:00;SEM VÍTIMA;PARNAMIRIM;RUA PADRE ROMA;;COLISÃO;2;;;;;;;;0;;;;;;;;;;2019
10/10/2019;07:08:00;SEM VÍTIMA;DERBY;AV GOVERNADOR AGAMENON MAGALHAES;;COLISÃO TRASEIRA;1;;;;1;;;;0;;Chuvoso;Sem defeito;Perfeito estado;Molhada;Perfeito estado;Agente;;60 km/h;2019
10/10/2019;07:47:00;COM VÍTIMA;SANTO AMARO;RUA DO POMBAL;;COLISÃO TRASEIRA;1;;;;1;;;;3;;Bom;Não existe;Não existente;Seca;Perfeito estado;Não existe;Não há placas;;2019
10/10/2019;08:38:00;SEM VÍTIMA;ILHA DO RETIRO;RUA SPORT CLUBE DO RECIFE;SUBURBIO;COLISÃO TRASEIRA;2;;;;;;;;0;;Bom;Sem defeito;Perfeito estado;Seca;Perfeito estado;Faixa de pedestre;Outras;;2019
10/10/2019;09:01:00;COM VÍTIMA;ÁGUA FRIA;EST VELHA DE AGUA FRIA;;ABALROAMENTO LONGITUDINAL;1;1;;;;;;;1;;Bom;Não existe;Incompleta;Seca;Perfeito estado;Não existe;Não há placas;;2019
10/10/2019;09:10:00;SEM VÍTIMA;AFOGADOS;RUA SAO MIGUEL;;COLISÃO;1;;;;;1;;;0;;;;;;;;;;2019
10/10/2019;09:20:00;SEM VÍTIMA;BOA VIAGEM;AV BOA VIAGEM;;COLISÃO;2;;;;;;;;0;;;;;;;;;;2019
10/10/2019;09:33:00;SEM VÍTIMA;AFOGADOS;AV SUL;CIDADE;ABALROAMENTO LONGITUDINAL;1;;;;;1;;;0;;Bom;Não existe;Perfeito estado;Seca;Perfeito estado;Não existe;Não há placas;;2019
10/10/2019;09:53:00;SEM VÍTIMA;IPSEP;RUA ADERBAL DE MELO;SUBURBIO;ABALROAMENTO TRANSVERSAL;2;;;;;;;;0;;Bom;Não existe;;Seca;Perfeito estado;Outros;Placas Pare;;2019
10/10/2019;10:30:00;SEM VÍTIMA;BAIRRO DO RECIFE;CAIS DA ALFANDEGA;;COLISÃO;2;;;;;;;;0;;;;;;;;;;2019
10/10/2019;10:45:00;SEM VÍTIMA;CORDEIRO;AV CAXANGA;;ABALROAMENTO TRANSVERSAL;1;1;;;;;;;0;;;Sem defeito;Perfeito estado;Seca;Perfeito estado;;;;2019
10/10/2019;10:49:00;COM VÍTIMA;SANTO ANTÔNIO;PTE PRINCESA IZABEL;;ACID. DE PERCURSO;;1;;;;;;;1;;;;;;;;;;2019
10/10/2019;12:06:00;SEM VÍTIMA;SANTO AMARO;RUA AURORA;CID/SUB;ABALROAMENTO LONGITUDINAL;2;;;;;;;;0;;Bom;Sem defeito;Perfeito estado;Seca;Perfeito estado;Agente;Não há placas;;2019
10/10/2019;12:28:00;SEM VÍTIMA;BOA VIAGEM;RUA RIBEIRO DE BRITO;SUBURBIO;COLISÃO TRASEIRA;1;;;;1;;;;0;;Bom;Sem defeito;Perfeito estado;Seca;Perfeito estado;Não existe;Não há placas;;2019
10/10/2019;12:37:00;SEM VÍTIMA;ESPINHEIRO;RUA DR GERALDO DE ANDRADE;SUBURBIO;ABALROAMENTO LONGITUDINAL;2;;;;;;;;0;;Bom;Não existe;Perfeito estado;Seca;Perfeito estado;Não existe;Placas Pare;;2019
10/10/2019;12:40:00;SEM VÍTIMA;BAIRRO DO RECIFE;AV ALFREDO LISBOA;;COLISÃO TRASEIRA;2;1;;;;;;;0;;Chuvoso;Não existe;Perfeito estado;Molhada;Perfeito estado;Outros;Outras;30 km/h;2019
10/10/2019;12:58:00;SEM VÍTIMA;IPUTINGA;AV CAXANGA;CIDADE;COLISÃO TRASEIRA;2;;;;;;;;0;;Bom;Sem defeito;Perfeito estado;Seca;Perfeito estado;Faixa de pedestre;R-4b;;2019
10/10/2019;13:03:00;SEM VÍTIMA;BOA VISTA;RUA JORNALISTA EDMUNDO BITENCOURT;;COLISÃO;2;;;;;;;;0;;;;;;;;;;2019
10/10/2019;13:37:00;SEM VÍTIMA;AFOGADOS;AV SUL;;ABALROAMENTO LONGITUDINAL;2;;;;;;;;0;;Bom;Sem defeito;Perfeito estado;Seca;Perfeito estado;Não existe;Não há placas;;2019
10/10/2019;14:49:00;SEM VÍTIMA;;EST VELHA DE AGUA FRIA;SUBURBIO;ABALROAMENTO LONGITUDINAL;1;;;;1;;;;0;;Nublado;Não existe;Perfeito estado;Seca;Perfeito estado;Não existe;Outras;;2019
10/10/2019;15:05:00;SEM VÍTIMA;BONGI;EST DO BONGI;;COLISÃO;2;;;;;;;;0;;;;;;;;;;2019
10/10/2019;15:09:00;SEM VÍTIMA;JORDÃO;AV DONA CARENTINA;;ABALROAMENTO LONGITUDINAL;1;;;;1;;;;0;;Bom;Sem defeito;Perfeito estado;Seca;Perfeito estado;Não existe;Não há placas;;2019
10/10/2019;15:27:00;SEM VÍTIMA;CABANGA;RUA COMANDANTE ANTONIO MANHAES DE MATTOS;;CHOQUE VEÍCULO PARADO;2;;;;;;;;0;;Chuvoso;Não existe;Não existente;Molhada;Mal iluminada;Não existe;Não há placas;;2019
10/10/2019;15:44:00;SEM VÍTIMA;ILHA DO LEITE;RUA GENERAL JOAQUIM INACIO;;ABALROAMENTO LONGITUDINAL;2;;;;;;;;0;;Bom;Não existe;Perfeito estado;Seca;Perfeito estado;Não existe;Não há placas;;2019
10/10/2019;16:10:00;SEM VÍTIMA;CAMPO GRANDE;RUA PROFESSOR FRANCISCO DA TRINDADE;SUBURBIO;ABALROAMENTO LONGITUDINAL;1;1;;;;;;;0;;Nublado;Não existe;Perfeito estado;Molhada;Perfeito estado;Não existe;Outras;;2019
10/10/2019;16:12:00;SEM VÍTIMA;ESTÂNCIA;AV RECIFE;;COLISÃO;1;;;;;1;;;0;;;;;;;;;;2019
10/10/2019;16:47:00;SEM VÍTIMA;COELHOS;RUA DOS COELHOS;;COLISÃO;1;;;;1;;;;0;;;;;;;;;;2019
10/10/2019;18:07:00;SEM VÍTIMA;BOA VIAGEM;AV BOA VIAGEM;CIDADE;COLISÃO TRASEIRA;2;;;;;;;;0;;Bom;Sem defeito;Perfeito estado;Seca;Perfeito estado;Não existe;Não há placas;;2019
10/10/2019;18:33:00;COM VÍTIMA;IMBIRIBEIRA;AV MARECHAL MASCARENHAS DE MORAES;SUBURBIO;ABALROAMENTO LONGITUDINAL;1;1;;;;;;;2;;Bom;Sem defeito;Perfeito estado;Seca;Perfeito estado;;Outras;;2019
10/10/2019;18:37:00;VÍTIMA FATAL;VÁRZEA;RUA SAGRADA FAMILIA;CIDADE;CHOQUE OBJETO FIXO;;1;;;;;;;;1;Bom;Não existe;Perfeito estado;Seca;Perfeito estado;Não existe;Não há placas;;2019
10/10/2019;19:29:00;SEM VÍTIMA;ENCRUZILHADA;RUA FERNANDO CESAR;SUBURBIO;ABALROAMENTO TRANSVERSAL;1;1;;;;;;;0;;Bom;Não existe;Perfeito estado;Seca;Perfeito estado;Faixa de pedestre;Placas Pare;;2019
10/10/2019;20:41:00;SEM VÍTIMA;BARRO;AV DR JOSE RUFINO;SUBURBIO;COLISÃO TRASEIRA;2;;;;;;;;0;;Bom;Não existe;Perfeito estado;Seca;Perfeito estado;Não existe;Não há placas;;2019