data;hora;natureza_acidente;bairro;endereco;sentido_via;tipo;auto;moto;ciclista;pedestre;onibus;caminhao;viatura;outros;vitimas;vitimasfatais;tempo_clima;situacao_semaforo;sinalizacao;condicao_via;conservacao_via;ponto_controle;situacao_placa;velocidade_max_via;ano
10/10/2019;20:58:00;COM VÍTIMA;VÁRZEA;RUA VALE DO SIRIJI;SUBURBIO;COLISÃO TRASEIRA;1;1;;;;;;;1;;Bom;Não existe;Não existente;Seca;Mal iluminada;Não existe;Não há placas;;2019
10/10/2019;23:59:00;COM VÍTIMA;GRAÇAS;RUA ALBERTO PAIVA;;COLISÃO COM CICLISTA;1;;1;;;;;;1;;;;;;;;;;2019
11/10/2019;05:50:00;VÍTIMA FATAL;MADALENA;EST DOS REMEDIOS;;ABALROAMENTO TRANSVERSAL;;1;;;;1;;;;1;Bom;Sem defeito;Incompleta;Seca;Mal conservada;Não existe;Não há placas;;2019
11/10/2019;07:42:00;SEM VÍTIMA;ESTÂNCIA;AV RECIFE;;ABALROAMENTO LONGITUDINAL;2;;;;;;;;0;;Bom;Não existe;Perfeito estado;Seca;Perfeito estado;Não existe;Não há placas;;2019
11/10/2019;08:03:00;COM VÍTIMA;CABANGA;VDO PAPA JOAO PAULO II;SU;CHOQUE OBJETO FIXO;1;;;;;;;;1;;Bom;Não existe;Perfeito estado;Seca;Perfeito estado;Não existe;Não há placas;60 km/h;2019
11/10/2019;08:08:00;SEM VÍTIMA;AFOGADOS;AV SUL;CIDADE;ABALROAMENTO LONGITUDINAL;1;1;;;;;;;0;;Bom;Não existe;Incompleta;Seca;Perfeito estado;Não existe;;40 km/h;2019
11/10/2019;08:54:00;SEM VÍTIMA;AFOGADOS;AV SUL;;COLISÃO;1;;;;;1;;;0;;;;;;;;;;2019
11/10/2019;09:33:00;SEM VÍTIMA;PINA;AV BOA VIAGEM;CIDADE;ABALROAMENTO LONGITUDINAL;1;;;;1;;;;0;;Bom;Sem defeito;Perfeito estado;Seca;Perfeito estado;Faixa de pedestre;Outras;;2019
11/10/2019;09:38:00;SEM VÍTIMA;TAMARINEIRA;RUA AFONSO CELSO;;COLISÃO TRASEIRA;2;;;;;;;;0;;Bom;Não existe;Não existente;Seca;Perfeito estado;Não existe;Não há placas;;2019
11/10/2019;10:30:00;SEM VÍTIMA;BARRO;AV DR JOSE RUFINO;DUPLO;COLISÃO;1;1;;;;;;;0;;;;;;;;;;2019
11/10/2019;10:48:00;SEM VÍTIMA;PINA;AV ANTONIO DE GOES;CIDADE;ABALROAMENTO LONGITUDINAL;1;;;;1;;;;0;;Bom;Não existe;Perfeito estado;Seca;Perfeito estado;Não existe;Não há placas;60 km/h;2019
11/10/2019;11:00:00;SEM VÍTIMA;BOA VISTA;RUA DOM BOSCO;SUBURBIO;ABALROAMENTO TRANSVERSAL;2;;;;;;;;0;;Bom;Sem defeito;Perfeito estado;Seca;Perfeito estado;Faixa de pedestre;Outras;;2019
11/10/2019;11:05:00;SEM VÍTIMA;BOA VIAGEM;AV ENGENHEIRO DOMINGOS FERREIRA;SUBURBIO;COLISÃO TRASEIRA;2;;;;;;;;0;;Bom;Sem defeito;Perfeito estado;Seca;Perfeito estado;Outros;Outras;60 km/h;2019
11/10/2019;11:47:00;SEM VÍTIMA;SANTO AMARO;AV NORTE;SUB/CID;COLISÃO TRASEIRA;2;;;;;;;;0;;Bom;Sem defeito;Perfeito estado;Seca;Perfeito estado;Agente;R-6a;;2019
11/10/2019;12:06:00;COM VÍTIMA;AFOGADOS;RUA SAO MIGUEL;SUBURBIO;COLISÃO COM CICLISTA;;1;1;;;;;;1;;Bom;Sem defeito;Perfeito estado;Seca;Perfeito estado;Faixa de pedestre;;;2019
11/10/2019;12:07:00;SEM VÍTIMA;MADALENA;RUA REAL DA TORRE;;COLISÃO;2;;;;;;;;0;;;;;;;;;;2019
11/10/2019;12:13:00;SEM VÍTIMA;VÁRZEA;RUA AMARO GOMES POROCA;SUBURBIO;ABALROAMENTO LONGITUDINAL;1;;;;1;;;;0;;Bom;Sem defeito;Perfeito estado;Seca;Perfeito estado;Faixa de pedestre;R-6a;;2019
11/10/2019;12:16:00;SEM VÍTIMA;CASA AMARELA;RUA MAJOR NEREU GUERRA;CIDADE;ABALROAMENTO TRANSVERSAL;2;;;;;;;;0;;Bom;Não existe;Não existente;Seca;Perfeito estado;Não existe;Não há placas;;2019
11/10/2019;12:24:00;SEM VÍTIMA;VÁRZEA;RUA AMARO GOMES POROCA;;COLISÃO;1;;;;1;;;;0;;;;;;;;;;2019
11/10/2019;14:45:00;SEM VÍTIMA;CORDEIRO;RUA RIO DE JANEIRO;;COLISÃO;1;;;;;1;;;0;;;;;;;;;;2019
11/10/2019;15:14:00;SEM VÍTIMA;JARDIM SÃO PAULO;RUA CARLOS ALBERTO VALENCA;SUBURBIO;CHOQUE OBJETO FIXO;;;;;;1;;1;0;;Bom;Não existe;Não existente;Seca;Perfeito estado;;Não há placas;;2019
11/10/2019;16:40:00;SEM VÍTIMA;SANTO ANTÔNIO;C SANTA RITA;CIDADE;ABALROAMENTO LONGITUDINAL;1;;;;;1;;;0;;Bom;Não existe;Perfeito estado;Seca;Perfeito estado;Não existe;Não há placas;;2019
11/10/2019;16:42:00;SEM VÍTIMA;IPUTINGA;RUA SANTA LUCIA;;COLISÃO;;;;;;;;;0;;;;;;;;;;2019
11/10/2019;16:44:00;SEM VÍTIMA;IMBIRIBEIRA;AV MARECHAL MASCARENHAS DE MORAES;CIDADE;ABALROAMENTO LONGITUDINAL;1;;;;;1;;;0;;Bom;Não existe;Perfeito estado;Seca;Perfeito estado;;Não há placas;60 km/h;2019
11/10/2019;16:55:00;SEM VÍTIMA;ILHA DO RETIRO;EST DOS REMEDIOS;CIDADE;ABALROAMENTO LONGITUDINAL;1;;;;1;;;;0;;Bom;Sem defeito;Perfeito estado;Seca;Perfeito estado;Outros;R-6a;;2019
11/10/2019;17:18:00;COM VÍTIMA;TORREÃO;RUA OTHON PARAISO;SUBURBIO;ABALROAMENTO LONGITUDINAL;1;1;;;;;;;1;;Bom;Não existe;Incompleta;Seca;Perfeito estado;Não existe;Outras;;2019
11/10/2019;17:22:00;COM VÍTIMA;IBURA;RUA DR BENIGNO JORDAO DE VASCONCELOS;SUBURBIO;COLISÃO FRONTAL;1;1;;;;1;;;1;;Bom;Não existe;Não existente;Seca;Perfeito estado;Não existe;Não há placas;;2019
11/10/2019;17:24:00;SEM VÍTIMA;BOA VIAGEM;AV ENGENHEIRO DOMINGOS FERREIRA;SUBURBIO;ABALROAMENTO LONGITUDINAL;1;;;;1;;;;0;;Bom;Não existe;Perfeito estado;Seca;Perfeito estado;Faixa de pedestre;Não há placas;60 km/h;2019
11/10/2019;17:40:00;SEM VÍTIMA;TEJIPIÓ;RUA QUINZE DE NOVEMBRO;SUBURBIO;ABALROAMENTO LONGITUDINAL;2;;;;;;;;0;;Bom;Não existe;Não existente;Seca;Perfeito estado;Não existe;Não há placas;;2019
11/10/2019;18:04:00;SEM VÍTIMA;ILHA DO LEITE;RUA ESTADO DE ISRAEL;;COLISÃO;2;;;;;;;;0;;;;;;;;;;2019
11/10/2019;18:20:00;SEM VÍTIMA;SÃO JOSÉ;RUA IMPERIAL;;COLISÃO;1;;;;1;;;;0;;;;;;;;;;2019
11/10/2019;18:33:00;SEM VÍTIMA;TORRÕES;RUA ZUMBI DOS PALMARES;SUBURBIO;CHOQUE VEÍCULO PARADO;1;;;;1;;;;0;;Bom;Não existe;Não existente;Seca;Perfeito estado;Não existe;R-6a;;2019
11/10/2019;18:41:00;SEM VÍTIMA;SANTO AMARO;AV NORTE;SUBURBIO;ABALROAMENTO LONGITUDINAL;2;;;;;;;;0;;Bom;Sem defeito;Perfeito estado;Seca;Perfeito estado;Faixa de retenção;Não há placas;;2019
11/10/2019;18:57:00;SEM VÍTIMA;SÃO JOSÉ;AV SUL;CIDADE;ABALROAMENTO LONGITUDINAL;1;1;;;;;;;0;;Bom;Não existe;Perfeito estado;Seca;Perfeito estado;Não existe;Não há placas;;2019
11/10/2019;19:01:00;SEM VÍTIMA;GRAÇAS;AV RUI BARBOSA;CIDADE;COLISÃO TRASEIRA;3;;;;;;;;0;;Bom;Não existe;Perfeito estado;Seca;Perfeito estado;Faixa de pedestre;R-6a;;2019
11/10/2019;19:06:00;SEM VÍTIMA;AFOGADOS;RUA DA PAZ;;ABALROAMENTO LONGITUDINAL;1;;;;1;;;;0;;Bom;Sem defeito;Perfeito estado;Seca;Perfeito estado;;;;2019
11/10/2019;19:19:00;COM VÍTIMA;IPSEP;RUA JEAN EMILE FAVRE;CIDADE;ATROPELAMENTO;1;1;;1;1;;;;2;;Bom;Não existe;Perfeito estado;Seca;Perfeito estado;;Não há placas;;2019
11/10/2019;19:43:00;SEM VÍTIMA;TORRE;PRC PROFESSOR BARRETO CAMPELLO;;ABALROAMENTO TRANSVERSAL;2;;;;;;;;0;;Bom;Não existe;Perfeito estado;Seca;Perfeito estado;Não existe;Não há placas;;2019
11/10/2019;19:45:00;SEM VÍTIMA;AFOGADOS;RUA NICOLAU PEREIRA;SUBURBIO;COLISÃO TRASEIRA;1;;;;1;;;;0;;Bom;Sem defeito;Perfeito estado;Seca;Perfeito estado;Não existe;Outras;;2019
11/10/2019;20:08:00;SEM VÍTIMA;BOMBA DO HEMETÉRIO;RUA CHA DE ALEGRIA;;COLISÃO;1;;;;1;;;;0;;;;;;;;;;2019
11/10/2019;20:13:00;COM VÍTIMA;ILHA JOANA BEZERRA;PTE JOAQUIM CARDOSO;;COLISÃO;1;1;;;;;;;1;;;;;;;;;;2019
11/10/2019;20:17:00;SEM VÍTIMA;TORRE;RUA MARQUES DE MARICA;;COLISÃO;2;;;;;;;;0;;;;;;;;;;2019
11/10/2019;20:23:00;SEM VÍTIMA;IMBIRIBEIRA;AV MARECHAL MASCARENHAS DE MORAES;SUBURBIO;COLISÃO TRASEIRA;2;;;;;;;;0;;Bom;Sem defeito;Perfeito estado;Seca;Perfeito estado;Faixa de pedestre;Não há placas;;2019
11/10/2019;21:09:00;SEM VÍTIMA;BOA VISTA;RUA GERVASIO PIRES;SUBURBIO;CHOQUE VEÍCULO PARADO;;1;;;;1;;;0;;Bom;Não existe;Perfeito estado;Seca;Perfeito estado;Faixa de pedestre;R-6a;30 km/h;2019
11/10/2019;21:31:00;SEM VÍTIMA;JIQUIÁ;RUA DANIEL ANTONIO RODRIGUES;SUBURBIO;COLISÃO TRASEIRA;2;;;;;;;;0;;Bom;Não existe;Não existente;Seca;Mal conservada;Não existe;Não há placas;10 km/h;2019
11/10/2019;21:41:00;COM VÍTIMA;BOA VIAGEM;RUA ERNESTO DE PAULA SANTOS;BEIRA MAR;ABALROAMENTO LONGITUDINAL;2;;;;;;;;1;;Bom;Não existe;Não existente;Seca;Perfeito estado;Não existe;Não há placas;;2019
11/10/2019;23:20:00;SEM VÍTIMA;VÁRZEA;AV PROFESSOR LUIZ FREIRE;CIDADE;COLISÃO TRASEIRA;2;;;;;;;;0;;Bom;Não existe;Incompleta;Seca;Perfeito estado;Não existe;Outras;;2019
11/10/2019;23:56:00;SEM VÍTIMA;IBURA;AV DOIS RIOS;SUBURBIO;COLISÃO TRASEIRA;1;;;;;2;;;0;;Bom;Não existe;Perfeito estado;Seca;Perfeito estado;Não existe;Não há placas;;2019
12/10/2019;01:22:00;SEM VÍTIMA;;AV GOVERNADOR AGAMENON MAGALHAES;;ABALROAMENTO LONGITUDINAL;2;;;;;;;;0;;Bom;Sem defeito;Perfeito estado;Seca;Perfeito estado;Faixa de pedestre;Outras;;2019
12/10/2019;03:29:00;SEM VÍTIMA;BOA VISTA;RUA JOSE DE ALENCAR;;COLISÃO;2;;;;;;;;0;;;;;;;;;;2019
12/10/2019;06:36:00;SEM VÍTIMA;CASA AMARELA;RUA PAULA BATISTA;CIDADE;COLISÃO TRASEIRA;1;1;;;;;;;0;;Bom;Sem defeito;Perfeito estado;Seca;Perfeito estado;Faixa de pedestre;;;2019
12/10/2019;07:45:00;COM VÍTIMA;SANTO ANTÔNIO;PTE PRINCESA IZABEL;SUBURBIO;COLISÃO TRASEIRA;3;;;;;;;;2;;Bom;Não existe;Perfeito estado;Seca;Perfeito estado;Não existe;Não há placas;;2019
12/10/2019;08:47:00;SEM VÍTIMA;SANTO AMARO;RUA DOS PALMARES;;COLISÃO;2;;;;;;;;0;;;;;;;;;;2019
12/10/2019;10:37:00;SEM VÍTIMA;SANTO ANTÔNIO;RUA DO SOL;CIDADE;ABALROAMENTO LONGITUDINAL;2;;;;;;;;0;;Bom;Não existe;Perfeito estado;Seca;Perfeito estado;Não existe;R-6a;;2019
12/10/2019;11:21:00;SEM VÍTIMA;ESPINHEIRO;RUA QUARENTA E OITO;CIDADE;ABALROAMENTO LONGITUDINAL;2;;;;;;;;0;;Bom;Sem defeito;Perfeito estado;Seca;Perfeito estado;Faixa de pedestre;Não há placas;40 km/h;2019
12/10/2019;11:26:00;SEM VÍTIMA;ILHA DO RETIRO;RUA SPORT CLUBE DO RECIFE;SUBURBIO;COLISÃO;2;;;;;;;;0;;;;;;;;;;2019
12/10/2019;11:45:00;SEM VÍTIMA;VÁRZEA;AV CAXANGA;CIDADE;ABALROAMENTO TRANSVERSAL;1;;;;1;;;;0;;Bom;Sem defeito;Perfeito estado;Seca;Perfeito estado;Faixa de pedestre;Outras;;2019
12/10/2019;12:55:00;SEM VÍTIMA;IMBIRIBEIRA;AV MARECHAL MASCARENHAS DE MORAES;CIDADE;COLISÃO TRASEIRA;2;;;;;;;;0;;Bom;Não existe;Perfeito estado;Seca;Perfeito estado;Não existe;Não há placas;;2019
12/10/2019;13:03:00;SEM VÍTIMA;PINA;AV ENCANTA MOCA;;COLISÃO;2;;;;;;;;0;;;;;;;;;;2019
12/10/2019;13:25:00;COM VÍTIMA;JIQUIÁ;RUA PASSO DA SANTA CRUZ;SUBURBIO;CHOQUE VEÍCULO PARADO;2;1;;;;;;;1;;Bom;Não existe;Não existente;Seca;Mal conservada;Não existe;Não há placas;;2019
12/10/2019;14:22:00;SEM VÍTIMA;PINA;AV ANTONIO DE GOES;CIDADE;COLISÃO TRASEIRA;2;;;;;;;;0;;Bom;Sem defeito;Perfeito estado;Seca;Perfeito estado;Faixa de pedestre;;60 km/h;2019
12/10/2019;14:45:00;SEM VÍTIMA;GRAÇAS;RUA ESMERALDINO BANDEIRA;;ABALROAMENTO TRANSVERSAL;2;;;;;;;;0;;Bom;Sem defeito;Perfeito estado;Seca;Perfeito estado;Faixa de pedestre;Placas Dê a preferência;;2019
12/10/2019;15:46:00;COM VÍTIMA;JOANA BEZERRA;AV MARTIN LUTHER KING;SUBURBIO;ATROPELAMENTO;;;;1;1;;;;1;;Bom;Não existe;Perfeito estado;Seca;Perfeito estado;Não existe;R-6a;;2019
12/10/2019;15:47:00;SEM VÍTIMA;IPSEP;RUA JEAN EMILE FAVRE;CIDADE;COLISÃO TRASEIRA;3;;;;;;;;0;;Bom;Sem defeito;Perfeito estado;Seca;Perfeito estado;Faixa de pedestre;Outras;;2019
12/10/2019;17:57:00;SEM VÍTIMA;;AV CAXANGA;SUBURBIO;COLISÃO FRONTAL;2;;;;;;;;0;;Nublado;Não existe;Perfeito estado;Seca;Perfeito estado;Não existe;Outras;60 km/h;2019
12/10/2019;18:48:00;SEM VÍTIMA;AFLITOS;RUA MANUEL DE CARVALHO;SUBURBIO;ABALROAMENTO LONGITUDINAL;2;;;;;;;;0;;Bom;Não existe;Incompleta;Seca;Perfeito estado;Não existe;Placas Pare;;2019
12/10/2019;19:13:00;SEM VÍTIMA;IMBIRIBEIRA;RUA DR LUIZ CORREA DE OLIVEIRA;SUBURBIO;CHOQUE VEÍCULO PARADO;2;;;;;;;;0;;Bom;Não existe;Perfeito estado;Seca;Perfeito estado;Não existe;Outras;;2019
12/10/2019;19:38:00;COM VÍTIMA;SANTO AMARO;AV GOVERNADOR AGAMENON MAGALHAES;SUBURBIO;ATROPELAMENTO;1;;;1;;;;;1;;;Sem defeito;Perfeito estado;Seca;;Faixa de pedestre;R-24a;;2019
12/10/2019;20:55:00;COM VÍTIMA;BOMBA DO HEMETÉRIO;RUA BOMBA DO HEMETERIO;SUBURBIO;ABALROAMENTO TRANSVERSAL;2;1;;;;;;;1;;Bom;Não existe;Perfeito estado;Seca;Perfeito estado;;Outras;;2019
12/10/2019;22:54:00;SEM VÍTIMA;IPUTINGA;AV CAXANGA;CIDADE;ABALROAMENTO LONGITUDINAL;2;;;;;;;;0;;Bom;Sem defeito;Incompleta;Seca;Perfeito estado;Não existe;Não há placas;60 km/h;2019
12/10/2019;22:58:00;SEM VÍTIMA;CAJUEIRO;AV CIDADE DE MONTEIRO;SUBURBIO;ABALROAMENTO TRANSVERSAL;1;1;;;;;;;0;;Bom;Não existe;Ilegível;Seca;Perfeito estado;Outros;Placas Pare;30 km/h;2019
13/10/2019;00:53:00;SEM VÍTIMA;IPSEP;RUA ADERBAL DE MELO;;ABALROAMENTO TRANSVERSAL;1;1;;;;;;;0;;Bom;Não existe;Ilegível;Seca;Mal iluminada;Não existe;Placas Pare;;2019
13/10/2019;01:04:00;SEM VÍTIMA;JORDÃO;RUA RIO XINGU;SUBURBIO;COLISÃO FRONTAL;2;;;;;;;;0;;Bom;Não existe;Incompleta;Seca;Perfeito estado;Não existe;Não há placas;;2019
13/10/2019;03:44:00;SEM VÍTIMA;CAMPO GRANDE;RUA ODORICO MENDES;SUBURBIO;COLISÃO FRONTAL;2;;;;;;;;0;;Bom;Não existe;Incompleta;Seca;Perfeito estado;Não existe;Outras;;2019
13/10/2019;06:11:00;SEM VÍTIMA;IPSEP;RUA ITAJAI;;ABALROAMENTO TRANSVERSAL;2;;;;;;;;0;;Bom;Não existe;Perfeito estado;Seca;Perfeito estado;Faixa de pedestre;Placas Pare;;2019
13/10/2019;07:38:00;COM VÍTIMA;BOA VIAGEM;AV FERNANDO SIMOES BARBOSA;SUBURBIO;ATROPELAMENTO;;1;;1;;;;;3;;Bom;Não existe;Perfeito estado;Seca;Perfeito estado;Não existe;R-6a;60 km/h;2019
13/10/2019;07:47:00;COM VÍTIMA;IMBIRIBEIRA;AV MARECHAL MASCARENHAS DE MORAES;CIDADE;ATROPELAMENTO;;;;1;1;;;;1;;Bom;Sem defeito;Perfeito estado;Seca;Perfeito estado;Faixa de pedestre;R-6a;;2019
13/10/2019;12:29:00;COM VÍTIMA;IMBIRIBEIRA;RUA SARGENTO SILVINO DE MACEDO;;ABALROAMENTO LONGITUDINAL;1;1;;;;;;;1;;Bom;Não existe;Não existente;Seca;Perfeito estado;Não existe;Não há placas;;2019
13/10/2019;13:19:00;COM VÍTIMA;SANTO AMARO;AV DR JAYME DA FONTE;SUBURBIO;ABALROAMENTO TRANSVERSAL;1;1;;;;;;;1;;Bom;Sem defeito;Perfeito estado;Seca;Perfeito estado;Faixa de pedestre;R-19;60 km/h;2019
13/10/2019;14:47:00;SEM VÍTIMA;JARDIM SÃO PAULO;AV LIBERDADE;SUBURBIO;COLISÃO TRASEIRA;2;;;;;;;;0;;Chuvoso;Não existe;Perfeito estado;Molhada;Perfeito estado;Outros;R-6a;;2019
13/10/2019;15:22:00;SEM VÍTIMA;ILHA DO RETIRO;RUA SPORT CLUBE DO RECIFE;SUBURBIO;COLISÃO TRASEIRA;3;;;;;;;;0;;Chuvoso;Sem defeito;Perfeito estado;Molhada;Perfeito estado;;R-6a;;2019
13/10/2019;16:58:00;SEM VÍTIMA;BOA VIAGEM;RUA AMALIA BERNARDINO DE SOUZA;;ABALROAMENTO TRANSVERSAL;2;;;;;;;;0;;Chuvoso;Não existe;Não existente;Molhada;Mal iluminada;Não existe;Não há placas;40 km/h;2019
13/10/2019;17:05:00;SEM VÍTIMA;BOA VIAGEM;AV ARMINDO MOURA;SUBURBIO;ABALROAMENTO LONGITUDINAL;2;;;;;;;;0;;Bom;;Perfeito estado;Seca;Perfeito estado;Não existe;Não há placas;;2019
13/10/2019;18:37:00;SEM VÍTIMA;ILHA DO LEITE;AV GOVERNADOR AGAMENON MAGALHAES;;ABALROAMENTO LONGITUDINAL;2;;;;;;;;0;;Chuvoso;Sem defeito;Perfeito estado;Molhada;Perfeito estado;Faixa de pedestre;;;2019
13/10/2019;18:42:00;SEM VÍTIMA;JORDÃO;AV MARIA IRENE;;COLISÃO;;;;;;;;;0;;;;;;;;;;2019
13/10/2019;19:25:00;SEM VÍTIMA;;RUA SA E SOUZA;;ABALROAMENTO TRANSVERSAL;2;;;;;;;;0;;Chuvoso;Não existe;Perfeito estado;Molhada;Perfeito estado;Não existe;Não há placas;;2019
13/10/2019;19:28:00;COM VÍTIMA;CAXANGÁ;AV CAXANGA;;COLISÃO;1;1;;;;;;;1;;;;;;;;;;2019
13/10/2019;20:38:00;SEM VÍTIMA;AREIAS;AV RECIFE;SUBURBIO;COLISÃO TRASEIRA;3;;;;;;;;0;;Chuvoso;Sem defeito;Perfeito estado;Molhada;Perfeito estado;Faixa de retenção;Outras;;2019
13/10/2019;20:58:00;SEM VÍTIMA;CURADO;AV PREFEITO ANTONIO PEREIRA;CIDADE;COLISÃO TRASEIRA;2;;;;;;;;0;;Chuvoso;Não existe;Incompleta;Molhada;Mal conservada;Não existe;Outras;;2019
13/10/2019;21:35:00;COM VÍTIMA;CASA FORTE;RUA CASA FORTE;SUBURBIO;COLISÃO FRONTAL;1;1;;;;;;;1;;Chuvoso;Não existe;Incompleta;Molhada;Perfeito estado;Faixa de pedestre;Outras;;2019
13/10/2019;22:06:00;SEM VÍTIMA;BARRO;RUA PERI-MIRIM;;COLISÃO;2;;;;;;;;0;;;;;;;;;;2019
13/10/2019;22:24:00;SEM VÍTIMA;ESTÂNCIA;RUA JOAO TEIXEIRA;CIDADE;ABALROAMENTO LONGITUDINAL;2;;;;;;;;0;;Chuvoso;Sem defeito;Perfeito estado;Molhada;Perfeito estado;Não existe;Não há placas;;2019
13/10/2019;23:32:00;SEM VÍTIMA;BOA VIAGEM;RUA DEZ DE JULHO;CIDADE;ABALROAMENTO TRANSVERSAL;2;;;;;;;;0;;Chuvoso;Não existe;Perfeito estado;Molhada;Perfeito estado;;Outras;;2019
14/10/2019;01:02:00;SEM VÍTIMA;PAISSANDU;AV GOVERNADOR AGAMENON MAGALHAES;SUBURBIO;ABALROAMENTO LONGITUDINAL;2;;;;;;;;0;;Bom;Sem defeito;Perfeito estado;Seca;Perfeito estado;Faixa de pedestre;Não há placas;;2019
14/10/2019;05:00:00;SEM VÍTIMA;ALTO JOSÉ BONIFÁCIO;RUA ALTO JOSE BONIFACIO;;CHOQUE;1;;;;;;;;0;;;;;;;;;;2019
14/10/2019;05:48:00;SEM VÍTIMA;CORDEIRO;AV INACIO MONTEIRO;;ABALROAMENTO TRANSVERSAL;2;;;;;;;;0;;Chuvoso;Sem defeito;Perfeito estado;Molhada;Perfeito estado;;Outras;;2019
14/10/2019;07:21:00;COM VÍTIMA;BOA VIAGEM;RUA ANTONIO FALCAO;;COLISÃO COM CICLISTA;1;;1;;;;;;1;;;;;;;;;;2019
14/10/2019;07:40:00;SEM VÍTIMA;GRAÇAS;RUA AMELIA;CIDADE;ABALROAMENTO LONGITUDINAL;2;;;;;;;;0;;Bom;Não existe;Perfeito estado;Seca;Perfeito estado;Não existe;Outras;40 km/h;2019
14/10/2019;07:57:00;SEM VÍTIMA;SANTO ANTÔNIO;RUA DO SOL;CIDADE;ABALROAMENTO LONGITUDINAL;1;;;;1;;;;0;;Bom;Não existe;Perfeito estado;Seca;Perfeito estado;Não existe;Não há placas;;2019
14/10/2019;07:10:00;COM VÍTIMA;PINA;AV HERCULANO BANDEIRA;CIDADE;COLISÃO TRASEIRA;1;1;;;;;;;1;;Bom;Sem defeito;Perfeito estado;Seca;Perfeito estado;Agente;Outras;60 km/h;2019
14/10/2019;08:31:00;SEM VÍTIMA;SÃO JOSÉ;PRC DAS CINCO PONTAS;;COLISÃO;;1;;;;;1;;0;;;;;;;;;;2019
14/10/2019;08:32:00;SEM VÍTIMA;AFOGADOS;RUA AUGUSTO CALHEIROS;SUBURBIO;COLISÃO TRASEIRA;1;1;;;;;;;0;;Bom;Sem defeito;Perfeito estado;Seca;Perfeito estado;Faixa de pedestre;R-6a;;2019
14/10/2019;08:35:00;SEM VÍTIMA;APIPUCOS;RUA DE APIPUCOS;SUBURBIO;COLISÃO TRASEIRA;3;;;;;;;;0;;Bom;Não existe;Incompleta;Seca;Perfeito estado;Não existe;Não há placas;;2019
14/10/2019;08:47:00;SEM VÍTIMA;DOIS UNIDOS;RUA BELA VISTA;;COLISÃO;1;;;;;1;;;0;;;;;;;;;;2019
14/10/2019;08:59:00;SEM VÍTIMA;ILHA DO RETIRO;RUA SPORT CLUBE DO RECIFE;SUBURBIO;COLISÃO TRASEIRA;2;;;;;;;;0;;Bom;Sem defeito;Perfeito estado;Seca;Perfeito estado;Faixa de pedestre;R-6a;;2019
14/10/2019;09:04:00;COM VÍTIMA;CASA AMARELA;RUA XAVANTES;SUBURBIO;ABALROAMENTO TRANSVERSAL;1;1;;;;;;;1;;Bom;Não existe;Incompleta;Seca;Perfeito estado;Não existe;Placas Pare;;2019
14/10/2019;09:38:00;SEM VÍTIMA;SANTO AMARO;RUA DOS PALMARES;SUBURBIO;COLISÃO TRASEIRA;2;;;;;;;;0;;Bom;Não existe;Perfeito estado;Seca;Perfeito estado;Não existe;;;2019
14/10/2019;10:07:00;SEM VÍTIMA;BOA VIAGEM;RUA DR VICENTE GOMES;CIDADE;COLISÃO TRASEIRA;1;;;;1;;;;0;;Bom;Sem defeito;Perfeito estado;Seca;Perfeito estado;Não existe;Não há placas;;2019
14/10/2019;10:16:00;SEM VÍTIMA;CASA AMARELA;AV NORTE;CIDADE;COLISÃO TRASEIRA;2;;;;;;;;0;;Bom;Sem defeito;Perfeito estado;Seca;Perfeito estado;Outros;Outras;;2019
14/10/2019;10:35:00;SEM VÍTIMA;NOVA DESCOBERTA;RUA CORREGO DA AREIA;;COLISÃO;2;;;;;;;;0;;;;;;;;;;2019
14/10/2019;10:55:00;SEM VÍTIMA;;PTE RAIMUNDO FARIAS;;ABALROAMENTO LONGITUDINAL;1;;;;1;;;;0;;Bom;Sem defeito;Perfeito estado;Seca;Perfeito estado;Faixa de pedestre;;60 km/h;2019
14/10/2019;11:51:00;SEM VÍTIMA;IPUTINGA;AV CAXANGA;CIDADE;ABALROAMENTO LONGITUDINAL;1;;;;1;;;;0;;Bom;Sem defeito;Perfeito estado;Seca;;Faixa de pedestre;R-6a;;2019
14/10/2019;12:04:00;SEM VÍTIMA;IPSEP;AV DOM HELDER CAMARA;CIDADE;ABALROAMENTO LONGITUDINAL;1;;;;;;;1;0;;Bom;Sem defeito;Ilegível;Seca;Perfeito estado;Não existe;Não há placas;;2019
14/10/2019;12:13:00;SEM VÍTIMA;SANTO AMARO;RUA DO POMBAL;SUBURBIO;ABALROAMENTO TRANSVERSAL;1;1;;;;;;;0;;Bom;Não existe;Perfeito estado;Seca;Perfeito estado;Não existe;Não há placas;;2019
14/10/2019;13:33:00;SEM VÍTIMA;MADALENA;AV VISCONDE DE ALBUQUERQUE;SUBURBIO;ABALROAMENTO LONGITUDINAL;2;;;;;;;;0;;Bom;Sem defeito;Incompleta;Seca;Perfeito estado;Não existe;Outras;;2019
14/10/2019;13:11:00;SEM VÍTIMA;BOA VIAGEM;RUA JOSE DA SILVA LUCENA;;COLISÃO COM CICLISTA;1;;1;;;;;;0;;Bom;Não existe;Não existente;Seca;Perfeito estado;Não existe;Não há placas;;2019