data;hora;natureza_acidente;bairro;endereco;sentido_via;tipo;auto;moto;ciclista;pedestre;onibus;caminhao;viatura;outros;vitimas;vitimasfatais;tempo_clima;situacao_semaforo;sinalizacao;condicao_via;conservacao_via;ponto_controle;situacao_placa;velocidade_max_via;ano
14/10/2019;13:33:00;SEM VÍTIMA;ROSARINHO;AV NORTE;SUBURBIO;ABALROAMENTO LONGITUDINAL;1;;;;;1;;;0;;Bom;Não existe;Perfeito estado;Seca;Perfeito estado;Não existe;Não há placas;40 km/h;2019
14/10/2019;13:41:00;COM VÍTIMA;IMBIRIBEIRA;AV GENERAL MAC ARTHUR;SUBURBIO;COLISÃO COM CICLISTA;1;;1;;;;;;1;;Bom;Sem defeito;Perfeito estado;Seca;Perfeito estado;Faixa de pedestre;Outras;;2019
14/10/2019;14:10:00;SEM VÍTIMA;SANTO AMARO;AV NORTE;;COLISÃO;2;;;;;;;;0;;;;;;;;;;2019
14/10/2019;14:24:00;SEM VÍTIMA;IMBIRIBEIRA;AV MARECHAL MASCARENHAS DE MORAES;;COLISÃO TRASEIRA;2;;;;;;;;0;;Bom;Sem defeito;Perfeito estado;Seca;Perfeito estado;Não existe;Não há placas;;2019
14/10/2019;15:04:00;SEM VÍTIMA;IMBIRIBEIRA;AV MARECHAL MASCARENHAS DE MORAES;CIDADE;ABALROAMENTO LONGITUDINAL;2;;;;;;;;0;;Bom;Não existe;Perfeito estado;Seca;Perfeito estado;Não existe;Não há placas;60 km/h;2019
14/10/2019;15:05:00;COM VÍTIMA;TAMARINEIRA;AV NORTE;CIDADE;CHOQUE VEÍCULO PARADO;;1;;;;1;;;1;;Bom;Não existe;Perfeito estado;Seca;Perfeito estado;Não existe;Não há placas;60 km/h;2019
14/10/2019;15:07:00;SEM VÍTIMA;CASA AMARELA;RUA JAPARANDUBA;;COLISÃO;2;;;;;;;;0;;;;;;;;;;2019
14/10/2019;15:16:00;SEM VÍTIMA;CASA AMARELA;AV NORTE;CIDADE;COLISÃO;2;;;;;;;;0;;;;;;;;;;2019
14/10/2019;15:29:00;SEM VÍTIMA;BOA VISTA;RUA DOM BOSCO;;ABALROAMENTO LONGITUDINAL;2;;;;;;;;0;;Chuvoso;Sem defeito;Perfeito estado;Seca;Perfeito estado;Faixa de retenção;Não há placas;;2019
14/10/2019;15:32:00;SEM VÍTIMA;CASA AMARELA;AV NORTE;SUBURBIO;COLISÃO TRASEIRA;2;;;;;;;;0;;Bom;Não existe;Incompleta;Seca;Perfeito estado;Não existe;Outras;;2019
14/10/2019;15:34:00;COM VÍTIMA;VÁRZEA;AV CAXANGA;;COLISÃO TRASEIRA;;2;;;;;;;1;;Bom;Sem defeito;Perfeito estado;Seca;Perfeito estado;Faixa de pedestre;Outras;;2019
14/10/2019;15:39:00;SEM VÍTIMA;CAXANGÁ;AV CAXANGA;SUBURBIO;ABALROAMENTO LONGITUDINAL;2;;;;;;;;0;;Bom;Sem defeito;Perfeito estado;Seca;Perfeito estado;;Outras;;2019
14/10/2019;15:43:00;SEM VÍTIMA;SANTO AMARO;RUA DA SAUDADE;CIDADE;ABALROAMENTO LONGITUDINAL;1;;;;1;;;;0;;Chuvoso;Não existe;Perfeito estado;Molhada;Perfeito estado;;;;2019
14/10/2019;15:45:00;SEM VÍTIMA;BEBERIBE;AV BEBERIBE;;ABALROAMENTO LONGITUDINAL;1;;;;1;;;;0;;Bom;Não existe;Perfeito estado;Seca;Perfeito estado;Outros;Outras;;2019
14/10/2019;15:50:00;COM VÍTIMA;TOTÓ;AV LIBERDADE;SUBURBIO;ATROPELAMENTO;1;;;1;;;;;1;;Bom;Não existe;;Seca;Perfeito estado;Não existe;Não há placas;40 km/h;2019
14/10/2019;16:15:00;SEM VÍTIMA;BOA VIAGEM;RUA AVIADOR SEVERIANO LINS;;COLISÃO;2;;;;;;;;0;;;;;;;;;;2019
14/10/2019;16:16:00;SEM VÍTIMA;PARNAMIRIM;AV DEZESSETE DE AGOSTO;CIDADE;ABALROAMENTO LONGITUDINAL;1;;;;;1;;;0;;Bom;Não existe;Perfeito estado;Seca;Perfeito estado;Não existe;Outras;;2019
14/10/2019;17:22:00;SEM VÍTIMA;SANTO AMARO;RUA TREZE DE MAIO;SUBURBIO;ABALROAMENTO TRANSVERSAL;1;1;;;;;;;0;;Bom;Não existe;Perfeito estado;Seca;Perfeito estado;Não existe;Não há placas;;2019
14/10/2019;17:47:00;SEM VÍTIMA;BOA VIAGEM;AV ENGENHEIRO DOMINGOS FERREIRA;SUBURBIO;COLISÃO TRASEIRA;2;1;;;;;;;0;;Bom;Sem defeito;Perfeito estado;Seca;Perfeito estado;Faixa de pedestre;Outras;60 km/h;2019
14/10/2019;18:01:00;SEM VÍTIMA;BOA VISTA;AV CONDE DA BOA VISTA;SUBURBIO;COLISÃO TRASEIRA;2;;;;;;;;0;;Bom;;Perfeito estado;Seca;Perfeito estado;Faixa de retenção;R-6c;;2019
14/10/2019;18:08:00;COM VÍTIMA;IPSEP;RUA CACHOEIRA;;ABALROAMENTO TRANSVERSAL;;2;;;;;;;2;;Bom;Não existe;Perfeito estado;Seca;Perfeito estado;Não existe;Não há placas;40 km/h;2019
14/10/2019;18:50:00;COM VÍTIMA;SANTO AMARO;AV NORTE;CIDADE;COLISÃO COM CICLISTA;1;;1;;;;;;1;;Chuvoso;Sem defeito;Perfeito estado;Molhada;Perfeito estado;Faixa de pedestre;Outras;;2019
14/10/2019;20:09:00;COM VÍTIMA;TEJIPIÓ;RUA FALCAO DE LACERDA;SUBURBIO;ABALROAMENTO TRANSVERSAL;1;1;;;;;;;1;;Chuvoso;Não existe;Perfeito estado;Molhada;Perfeito estado;Não existe;Não há placas;;2019
14/10/2019;20:31:00;SEM VÍTIMA;BOA VIAGEM;AV ENGENHEIRO DOMINGOS FERREIRA;SUBURBIO;COLISÃO TRASEIRA;2;;;;;;;;0;;Chuvoso;Sem defeito;Perfeito estado;Molhada;Perfeito estado;Faixa de pedestre;Outras;;2019
14/10/2019;20:51:00;SEM VÍTIMA;;AV SUL;CIDADE;ABALROAMENTO LONGITUDINAL;2;;;;;1;;;0;;Chuvoso;Sem defeito;Perfeito estado;Molhada;Perfeito estado;Outros;Outras;;2019
14/10/2019;20:56:00;SEM VÍTIMA;SANTO AMARO;AV GOVERNADOR AGAMENON MAGALHAES;CIDADE;CHOQUE VEÍCULO PARADO;1;1;;;;;;;0;;Chuvoso;Não existe;Perfeito estado;Molhada;Perfeito estado;;Não há placas;60 km/h;2019
14/10/2019;21:10:00;COM VÍTIMA;TAMARINEIRA;AV NORTE;;ATROPELAMENTO;;1;;1;;;;;2;;;;;;;;;;2019
14/10/2019;21:23:00;COM VÍTIMA;AREIAS;AV RECIFE;CIDADE;ABALROAMENTO LONGITUDINAL;1;1;;;;;;;1;;Chuvoso;Não existe;Perfeito estado;Molhada;Perfeito estado;;Não há placas;;2019
14/10/2019;22:31:00;COM VÍTIMA;IBURA;AV DOIS RIOS;SUBURBIO;ABALROAMENTO LONGITUDINAL;1;1;;;;;;;1;;Chuvoso;Não existe;Perfeito estado;Molhada;Perfeito estado;Não existe;Não há placas;;2019
15/10/2019;05:20:00;COM VÍTIMA;SANCHO;AV LIBERDADE;CIDADE;COLISÃO TRASEIRA;;1;;;1;;;;1;;Bom;Não existe;Perfeito estado;Seca;Perfeito estado;Não existe;R-6c;;2019
15/10/2019;07:08:00;SEM VÍTIMA;VÁRZEA;PTE MARECHAL HUMBERTO CASTELO BRANCO;CIDADE;COLISÃO TRASEIRA;2;;;;;;;;0;;Bom;Não existe;Não existente;Seca;Perfeito estado;Não existe;Não há placas;;2019
15/10/2019;07:31:00;SEM VÍTIMA;MADALENA;RUA BENFICA;SUBURBIO;ABALROAMENTO LONGITUDINAL;1;;;;1;;;;0;;Bom;Não existe;Perfeito estado;Seca;Perfeito estado;Não existe;Não há placas;40 km/h;2019
15/10/2019;07:38:00;SEM VÍTIMA;BARRO;AV DR JOSE RUFINO;CIDADE;ABALROAMENTO TRANSVERSAL;1;1;;;;;;;0;;Bom;Não existe;Perfeito estado;Seca;Perfeito estado;Outros;R-6a;60 km/h;2019
15/10/2019;08:06:00;SEM VÍTIMA;PAISSANDU;AV GOVERNADOR AGAMENON MAGALHAES;;ABALROAMENTO LONGITUDINAL;1;;;;;1;;;0;;Bom;Sem defeito;Perfeito estado;Seca;Perfeito estado;;Não há placas;60 km/h;2019
15/10/2019;08:16:00;SEM VÍTIMA;ENCRUZILHADA;RUA VISCONDE DE MAMANGUAPE;SUBURBIO;ABALROAMENTO LONGITUDINAL;2;;;;;;;;0;;Bom;Não existe;Perfeito estado;Seca;Perfeito estado;Não existe;;;2019
15/10/2019;09:03:00;COM VÍTIMA;CABANGA;AV ENGENHEIRO JOSE ESTELITA;SUBURBIO;COLISÃO TRASEIRA;1;1;;;;;;;1;;Bom;Não existe;Incompleta;Seca;Perfeito estado;Não existe;R-19;;2019
15/10/2019;09:15:00;SEM VÍTIMA;DOIS UNIDOS;AV HILDEBRANDO DE VASCONCELOS;SUBURBIO;CHOQUE VEÍCULO PARADO;;;;;;2;;;0;;Bom;Não existe;Perfeito estado;Seca;Perfeito estado;Não existe;R-6a;30 km/h;2019
15/10/2019;09:18:00;SEM VÍTIMA;DERBY;PRC DO DERBY;CIDADE;ABALROAMENTO LONGITUDINAL;1;;;;;1;;;0;;Bom;Sem defeito;Perfeito estado;Seca;Perfeito estado;Faixa de pedestre;Outras;;2019
15/10/2019;09:19:00;SEM VÍTIMA;SANTO AMARO;RUA FREI CASSIMIRO;CIDADE;ABALROAMENTO TRANSVERSAL;2;;;;;;;;0;;Bom;Não existe;Incompleta;Seca;Mal conservada;Não existe;Placas Pare;;2019
15/10/2019;09:25:00;SEM VÍTIMA;ENCRUZILHADA;RUA DR EDUARDO WANDERLEY;SUBURBIO;ABALROAMENTO TRANSVERSAL;2;;;;;;;;0;;Bom;Não existe;Perfeito estado;Seca;Perfeito estado;;;;2019
15/10/2019;09:25:00;SEM VÍTIMA;BOA VISTA;RUA DO PRINCIPE;CIDADE;ABALROAMENTO LONGITUDINAL;1;1;;;;;;;0;;Bom;Sem defeito;Perfeito estado;Seca;Perfeito estado;Faixa de pedestre;R-6a;;2019
15/10/2019;09:58:00;SEM VÍTIMA;BOA VIAGEM;RUA BARAO DE SOUZA LEAO;;ABALROAMENTO LONGITUDINAL;1;;;;;1;;;0;;Bom;Sem defeito;Perfeito estado;Seca;Perfeito estado;Faixa de retenção;Não há placas;;2019
15/10/2019;10:29:00;SEM VÍTIMA;MACAXEIRA;RUA FLAVIO GUERRA;SUBURBIO;ABALROAMENTO LONGITUDINAL;1;1;;;;;;;0;;Bom;Não existe;Incompleta;Seca;Mal conservada;Não existe;Não há placas;;2019
15/10/2019;10:48:00;SEM VÍTIMA;MONTEIRO;AV DEZESSETE DE AGOSTO;CIDADE;COLISÃO TRASEIRA;2;;;;;;;;0;;Bom;Não existe;Perfeito estado;Seca;Perfeito estado;Não existe;Outras;60 km/h;2019
15/10/2019;11:48:00;SEM VÍTIMA;BOA VIAGEM;RUA CAPITAO REBELINHO;;COLISÃO;2;;;;;;;;0;;;;;;;;;;2019
15/10/2019;12:03:00;SEM VÍTIMA;PRADO;RUA GOMES TABORDA;CIDADE;ABALROAMENTO LONGITUDINAL;1;;;;;1;;;0;;Bom;Não existe;Perfeito estado;Seca;Perfeito estado;;;30 km/h;2019
15/10/2019;12:32:00;SEM VÍTIMA;CORDEIRO;AV MAURICIO DE NASSAU;;COLISÃO;2;;;;;;;;0;;;;;;;;;;2019
15/10/2019;12:40:00;SEM VÍTIMA;BOA VIAGEM;AV DOM JOAO VI;;COLISÃO;2;;;;;;;;0;;;;;;;;;;2019
15/10/2019;12:58:00;SEM VÍTIMA;TEJIPIÓ;RUA FALCAO DE LACERDA;CIDADE;CHOQUE VEÍCULO PARADO;1;1;;;;;;;0;;Bom;Não existe;Perfeito estado;Seca;Perfeito estado;Outros;R-19;40 km/h;2019
15/10/2019;13:36:00;SEM VÍTIMA;CASA AMARELA;AV NORTE;CIDADE;ABALROAMENTO LONGITUDINAL;1;;;;;;;1;0;;Bom;Sem defeito;Perfeito estado;Seca;Perfeito estado;Faixa de pedestre;R-6a;60 km/h;2019
15/10/2019;13:49:00;SEM VÍTIMA;AREIAS;AV TENENTE FELIPE BANDEIRA DE MELO;SUBURBIO;ABALROAMENTO TRANSVERSAL;2;;;;;;;;0;;Bom;Não existe;Perfeito estado;Seca;Perfeito estado;Outros;Outras;;2019
15/10/2019;13:56:00;SEM VÍTIMA;BOA VIAGEM;RUA JOSE PARAISO;CIDADE;ABALROAMENTO TRANSVERSAL;1;1;;;;;;;0;;Bom;Não existe;Perfeito estado;Seca;Perfeito estado;Faixa de retenção;Placas Pare;30 km/h;2019
15/10/2019;14:20:00;COM VÍTIMA;ESPINHEIRO;AV GOVERNADOR AGAMENON MAGALHAES;CIDADE;ABALROAMENTO LONGITUDINAL;1;1;;;;;;;1;;Bom;Não existe;Perfeito estado;Seca;Perfeito estado;Não existe;R-6a;;2019
15/10/2019;14:34:00;COM VÍTIMA;BOA VIAGEM;RUA ERNESTO DE PAULA SANTOS;CIDADE;ABALROAMENTO TRANSVERSAL;1;1;;;;;;;3;;Bom;Não existe;Perfeito estado;Seca;Perfeito estado;;Não há placas;50 km/h;2019
15/10/2019;15:41:00;SEM VÍTIMA;BOA VIAGEM;AV ENGENHEIRO DOMINGOS FERREIRA;SUBURBIO;COLISÃO TRASEIRA;2;;;;;;;;0;;Bom;Sem defeito;Perfeito estado;Seca;Perfeito estado;Faixa de pedestre;;;2019
15/10/2019;16:09:00;SEM VÍTIMA;BOA VIAGEM;RUA JOSE ADERVAL CHAVES;;COLISÃO;2;;;;;;;;0;;;;;;;;;;2019
15/10/2019;16:19:00;SEM VÍTIMA;IPSEP;AV RECIFE;SUBURBIO;COLISÃO TRASEIRA;3;;;;;;;;0;;Bom;Não existe;Perfeito estado;Seca;Perfeito estado;Não existe;Não há placas;60 km/h;2019
15/10/2019;16:38:00;COM VÍTIMA;MADALENA;AV JOSE GONCALVES DE MEDEIROS;;COLISÃO;1;1;;;;;;;1;;;;;;;;;;2019
15/10/2019;16:40:00;SEM VÍTIMA;BOA VISTA;AV LINS PETIT;SUBURBIO;COLISÃO TRASEIRA;3;;;;;;;;0;;Bom;Não existe;Incompleta;Seca;Perfeito estado;Não existe;Não há placas;;2019
15/10/2019;17:55:00;SEM VÍTIMA;BAIRRO DO RECIFE;PTE GIRATORIA;SUBURBIO;COLISÃO TRASEIRA;3;;;;;;;;0;;Bom;Não existe;Perfeito estado;Seca;Perfeito estado;Não existe;Não há placas;;2019
15/10/2019;18:09:00;SEM VÍTIMA;AFOGADOS;RUA DA PAZ;SUBURBIO;COLISÃO TRASEIRA;3;;;;;;;;0;;Bom;Sem defeito;Perfeito estado;Seca;Perfeito estado;Faixa de pedestre;Outras;;2019
15/10/2019;18:28:00;SEM VÍTIMA;DERBY;PTE RAIMUNDO LEITAO;SUBURBIO;ABALROAMENTO LONGITUDINAL;2;;;;;;;;0;;Bom;Sem defeito;Perfeito estado;Seca;Perfeito estado;Agente;;;2019
15/10/2019;18:35:00;SEM VÍTIMA;BEBERIBE;AV BEBERIBE;CIDADE;ABALROAMENTO TRANSVERSAL;2;;;;;;;;0;;Bom;Não existe;Incompleta;Seca;Perfeito estado;Não existe;Não há placas;;2019
15/10/2019;18:40:00;SEM VÍTIMA;ESPINHEIRO;PRC PARQUE AMORIM;SUBURBIO;COLISÃO TRASEIRA;2;;;;;;;;0;;Bom;Sem defeito;Perfeito estado;Seca;Perfeito estado;Faixa de pedestre;Não há placas;;2019
15/10/2019;18:40:00;SEM VÍTIMA;AFOGADOS;PTE DO MOTOCOLOMBO;CIDADE;ABALROAMENTO LONGITUDINAL;2;;;;;;;;0;;Bom;Não existe;Não existente;Seca;Mal conservada;Não existe;Não há placas;;2019
15/10/2019;18:58:00;SEM VÍTIMA;ÁGUA FRIA;RUA ZEFERINO AGRA;SUBURBIO;ABALROAMENTO LONGITUDINAL;1;1;;;;;;;0;;Bom;Não existe;Não existente;Seca;Perfeito estado;Não existe;Não há placas;;2019
15/10/2019;19:15:00;SEM VÍTIMA;AFLITOS;AV CONS ROSA E SILVA;;ABALROAMENTO LONGITUDINAL;2;;;;;;;;0;;Bom;Sem defeito;Perfeito estado;Seca;Perfeito estado;Faixa de pedestre;Não há placas;;2019
15/10/2019;19:56:00;SEM VÍTIMA;BOA VIAGEM;RUA TENENTE DOMINGOS DE BRITO;SUBURBIO;ABALROAMENTO LONGITUDINAL;2;;;;;;;;0;;Bom;Não existe;Perfeito estado;Seca;Perfeito estado;Não existe;Não há placas;;2019
15/10/2019;20:35:00;SEM VÍTIMA;SANTO AMARO;AV GOVERNADOR AGAMENON MAGALHAES;OLINDA;COLISÃO;1;;;;;1;;;0;;;;;;;;;;2019
15/10/2019;21:01:00;SEM VÍTIMA;BOA VIAGEM;RUA FRANCISCO DA CUNHA;CIDADE;ABALROAMENTO LONGITUDINAL;2;;;;;;;;0;;Bom;Não existe;Não existente;Seca;Perfeito estado;Não existe;Não há placas;;2019
15/10/2019;21:21:00;COM VÍTIMA;TORRE;RUA JOSE BONIFACIO;SUBURBIO;ABALROAMENTO TRANSVERSAL;1;1;;;;;;;1;;Bom;Sem defeito;Incompleta;Seca;Mal iluminada;Não existe;Não há placas;;2019
15/10/2019;22:36:00;SEM VÍTIMA;MORRO DA CONCEIÇÃO;EST MORRO DA CONCEICAO;;COLISÃO;3;;;;;;;;0;;;;;;;;;;2019
15/10/2019;22:53:00;SEM VÍTIMA;CASA AMARELA;EST DO ARRAIAL;;COLISÃO;1;1;;;;;;;0;;;;;;;;;;2019
16/10/2019;07:04:00;SEM VÍTIMA;BOA VIAGEM;RUA DEZ DE JULHO;;COLISÃO TRASEIRA;1;;;;;1;;;0;;Bom;Sem defeito;Perfeito estado;Seca;Perfeito estado;Faixa de pedestre;Não há placas;;2019
16/10/2019;07:20:00;SEM VÍTIMA;ÁGUA FRIA;AV BEBERIBE;CIDADE;ABALROAMENTO LONGITUDINAL;1;;;;1;;;;0;;Bom;Sem defeito;Perfeito estado;Seca;Perfeito estado;Não existe;;;2019
16/10/2019;07:57:00;SEM VÍTIMA;CAMPO GRANDE;RUA PADRE CAPISTRANO;;COLISÃO;1;1;;;;;;;0;;;;;;;;;;2019
16/10/2019;08:04:00;SEM VÍTIMA;BOA VIAGEM;RUA ERNESTO DE PAULA SANTOS;SUBURBIO;ABALROAMENTO TRANSVERSAL;1;1;;;;;;;0;;Bom;Não existe;Incompleta;Seca;Perfeito estado;Não existe;Não há placas;;2019
16/10/2019;08:19:00;SEM VÍTIMA;TORRE;AV BEIRA RIO;CIDADE;ABALROAMENTO TRANSVERSAL;1;;;;;;;;0;;Bom;Não existe;Perfeito estado;Seca;Perfeito estado;Faixa de pedestre;Placas Pare;;2019
16/10/2019;08:27:00;COM VÍTIMA;MADALENA;RUA SPORT CLUBE DO RECIFE;CIDADE;CHOQUE VEÍCULO PARADO;1;1;;;;;;;1;;Bom;Não existe;Perfeito estado;Seca;Perfeito estado;;Outras;;2019
16/10/2019;08:35:00;SEM VÍTIMA;CORDEIRO;RUA DR MIGUEL VIEIRA FERREIRA;CIDADE;ABALROAMENTO LONGITUDINAL;1;;;;;1;;;0;;Bom;Sem defeito;Perfeito estado;Seca;Perfeito estado;Não existe;Não há placas;;2019
16/10/2019;08:44:00;SEM VÍTIMA;CORDEIRO;EST DO FORTE DO ARRAIAL N. DO B. JESUS;;COLISÃO;1;2;;;;;;;0;;;;;;;;;;2019
16/10/2019;09:15:00;SEM VÍTIMA;BOA VIAGEM;AV ENGENHEIRO DOMINGOS FERREIRA;SUBURBIO;COLISÃO TRASEIRA;3;;;;;;;;0;;Bom;Não existe;Perfeito estado;Seca;Perfeito estado;Não existe;Não há placas;;2019
16/10/2019;09:26:00;SEM VÍTIMA;SÃO JOSÉ;RUA FLORIANO PEIXOTO;SUBURBIO;COLISÃO TRASEIRA;2;;;;;;;;0;;Bom;Sem defeito;Perfeito estado;Seca;Perfeito estado;Não existe;Não há placas;;2019
16/10/2019;09:35:00;SEM VÍTIMA;BOA VIAGEM;AV BOA VIAGEM;CIDADE;ABALROAMENTO TRANSVERSAL;2;;;;;;;;0;;Bom;Não existe;Perfeito estado;Seca;Perfeito estado;Não existe;Placas Pare;;2019
16/10/2019;09:47:00;SEM VÍTIMA;AREIAS;AV RECIFE;SUBURBIO;COLISÃO TRASEIRA;2;;;;;;;;0;;Bom;Sem defeito;Perfeito estado;Seca;Perfeito estado;Não existe;Outras;;2019
16/10/2019;09:51:00;SEM VÍTIMA;PINA;;;ABALROAMENTO LONGITUDINAL;1;;;;1;;;;0;;Bom;Não existe;Perfeito estado;Seca;Perfeito estado;Não existe;Não há placas;60 km/h;2019
16/10/2019;10:26:00;COM VÍTIMA;SÃO JOSÉ;AV SUL;CIDADE;COLISÃO TRASEIRA;1;1;;;;;;;1;;Bom;Sem defeito;Perfeito estado;Seca;Perfeito estado;Não existe;Não há placas;;2019
16/10/2019;10:32:00;SEM VÍTIMA;DERBY;RUA MANOEL CAETANO;CIDADE;ABALROAMENTO TRANSVERSAL;2;;;;;;;;0;;Bom;Não existe;Perfeito estado;Seca;Perfeito estado;Não existe;Outras;;2019
16/10/2019;10:35:00;SEM VÍTIMA;IPSEP;AV SENADOR ROBERT KENNEDY;;CHOQUE VEÍCULO PARADO;1;;;;;;;1;0;;Bom;Não existe;Não existente;Seca;Perfeito estado;Não existe;Não há placas;;2019
16/10/2019;10:37:00;SEM VÍTIMA;COELHOS;RUA PADRE VENANCIO;CIDADE;ABALROAMENTO LONGITUDINAL;2;;;;;;;;0;;Bom;Não existe;Incompleta;Seca;Perfeito estado;Não existe;R-6a;;2019
16/10/2019;10:52:00;SEM VÍTIMA;CAJUEIRO;RUA LUIZ CLERICUZZI;SUBURBIO;ABALROAMENTO LONGITUDINAL;2;;;;;;;;0;;Bom;Não existe;Não existente;Seca;Perfeito estado;Não existe;Não há placas;;2019
16/10/2019;10:52:00;SEM VÍTIMA;TORRE;PRC PROFESSOR BARRETO CAMPELLO;;COLISÃO;2;;;;;;;;0;;;;;;;;;;2019
16/10/2019;11:08:00;SEM VÍTIMA;IMBIRIBEIRA;AV MARECHAL MASCARENHAS DE MORAES;SUBURBIO;COLISÃO TRASEIRA;2;;;;;;;;0;;Bom;Sem defeito;Perfeito estado;Seca;Perfeito estado;Faixa de pedestre;R-6a;;2019
16/10/2019;11:11:00;COM VÍTIMA;BOA VISTA;AV CONDE DA BOA VISTA;SUBURBIO;ATROPELAMENTO;;;;1;1;;;;1;;Bom;Não existe;Perfeito estado;Seca;Perfeito estado;Não existe;R-6c;;2019
16/10/2019;11:21:00;SEM VÍTIMA;BOA VIAGEM;RUA BALTAZAR PASSOS;SUBURBIO;ABALROAMENTO TRANSVERSAL;2;;;;;;;;0;;Bom;Não existe;Perfeito estado;Seca;Perfeito estado;Não existe;Não há placas;;2019
16/10/2019;11:58:00;SEM VÍTIMA;ESPINHEIRO;RUA DO ESPINHEIRO;SUBURBIO;ABALROAMENTO LONGITUDINAL;2;;;;;;;;0;;Bom;Não existe;Perfeito estado;Seca;Perfeito estado;Não existe;Outras;;2019
16/10/2019;12:16:00;SEM VÍTIMA;BOA VISTA;AV GOVERNADOR AGAMENON MAGALHAES;;COLISÃO TRASEIRA;3;;;;;;;;0;;Bom;Não existe;Perfeito estado;Seca;Perfeito estado;Não existe;Não há placas;;2019
16/10/2019;12:17:00;SEM VÍTIMA;ÁGUA FRIA;EST VELHA DE AGUA FRIA;CIDADE;ABALROAMENTO LONGITUDINAL;1;;;;1;;;;0;;Bom;Não existe;Perfeito estado;Seca;Perfeito estado;Outros;;;2019
16/10/2019;12:24:00;SEM VÍTIMA;IMBIRIBEIRA;RUA ITACARI;SUBURBIO;ABALROAMENTO TRANSVERSAL;3;;;;;;;;0;;Bom;Não existe;Incompleta;Seca;Mal conservada;Faixa de pedestre;Placas Pare;;2019
16/10/2019;13:14:00;SEM VÍTIMA;DOIS IRMÃOS;PRC FARIAS NEVES;SUBURBIO;COLISÃO TRASEIRA;1;1;;;;;;;0;;Bom;Não existe;Ilegível;Seca;Perfeito estado;Não existe;Não há placas;20 km/h;2019
16/10/2019;13:35:00;SEM VÍTIMA;AFOGADOS;RUA VINTE E UM DE ABRIL;CIDADE;COLISÃO TRASEIRA;2;;;;;;;;0;;Bom;Não existe;Perfeito estado;Seca;Perfeito estado;Não existe;Não há placas;;2019
16/10/2019;14:02:00;SEM VÍTIMA;CORDEIRO;AV ENGENHEIRO ABDIAS DE CARVALHO;CIDADE;COLISÃO TRASEIRA;2;;;;;;;;0;;Bom;Não existe;Perfeito estado;Seca;Perfeito estado;Não existe;Outras;;2019
16/10/2019;14:30:00;SEM VÍTIMA;ENCRUZILHADA;EST DE BELEM;;COLISÃO;1;;;;1;;;;0;;;;;;;;;;2019
16/10/2019;14:34:00;SEM VÍTIMA;;RUA GENERAL SALGADO;CIDADE;ABALROAMENTO TRANSVERSAL;2;;;;;;;;0;;Bom;Não existe;Perfeito estado;Seca;Perfeito estado;;Placas Pare;40 km/h;2019
16/10/2019;16:22:00;SEM VÍTIMA;CASA AMARELA;AV NORTE;CIDADE;COLISÃO TRASEIRA;1;;;;1;;;;0;;Bom;Sem defeito;Perfeito estado;Seca;Perfeito estado;Outros;Outras;;2019
16/10/2019;17:14:00;SEM VÍTIMA;AFOGADOS;RUA JACIRA;CIDADE;ABALROAMENTO TRANSVERSAL;2;;;;;;;;0;;Bom;Não existe;Não existente;Seca;Perfeito estado;Não existe;Não há placas;;2019
16/10/2019;17:37:00;SEM VÍTIMA;CORDEIRO;AV CAXANGA;CIDADE;COLISÃO TRASEIRA;3;;;;;;;;0;;Bom;Sem defeito;Perfeito estado;Seca;Perfeito estado;;Outras;;2019
16/10/2019;18:05:00;SEM VÍTIMA;MADALENA;RUA BENFICA;CIDADE;ABALROAMENTO LONGITUDINAL;1;;;;1;;;;0;;Bom;Sem defeito;Incompleta;Seca;Perfeito estado;Não existe;Não há placas;;2019
16/10/2019;18:10:00;SEM VÍTIMA;PRADO;AV ENGENHEIRO ABDIAS DE CARVALHO;SUBURBIO;ABALROAMENTO LONGITUDINAL;2;;;;;;;;0;;Bom;Sem defeito;Perfeito estado;Seca;Perfeito estado;Faixa de pedestre;Outras;;2019
16/10/2019;18:28:00;SEM VÍTIMA;DERBY;AV GOVERNADOR AGAMENON MAGALHAES;;ABALROAMENTO LONGITUDINAL;1;;;;1;;;;0;;Bom;Sem defeito;Perfeito estado;Seca;Perfeito estado;Não existe;Não há placas;;2019
16/10/2019;20:11:00;COM VÍTIMA;ESTÂNCIA;AV JOAO CABRAL DE MELO NETO;CIDADE;CHOQUE OBJETO FIXO;1;;;;;;;;1;;Bom;Sem defeito;;Seca;;Faixa de pedestre;Não há placas;;2019
16/10/2019;20:54:00;SEM VÍTIMA;;RUA PROFESSOR MARIO CASTRO;SUBURBIO;CHOQUE VEÍCULO PARADO;2;;;;;;;;0;;Bom;Não existe;Ilegível;Seca;Mal conservada;Não existe;R-6a;;2019
16/10/2019;21:11:00;COM VÍTIMA;BONGI;AV ENGENHEIRO ABDIAS DE CARVALHO;SUBURBIO;ABALROAMENTO TRANSVERSAL;1;1;;;;;;;1;;Bom;Sem defeito;Perfeito estado;Seca;Perfeito estado;Faixa de pedestre;R-6a;50 km/h;2019