data;hora;natureza_acidente;bairro;endereco;sentido_via;tipo;auto;moto;ciclista;pedestre;onibus;caminhao;viatura;outros;vitimas;vitimasfatais;tempo_clima;situacao_semaforo;sinalizacao;condicao_via;conservacao_via;ponto_controle;situacao_placa;velocidade_max_via;ano
16/10/2019;21:31:00;SEM VÍTIMA;;RUA COPACABANA;SUBURBIO;CHOQUE VEÍCULO PARADO;2;;;;;;;;0;;Bom;Não existe;Perfeito estado;Seca;Perfeito estado;Faixa de pedestre;Não há placas;;2019
16/10/2019;22:12:00;COM VÍTIMA;MADALENA;RUA JOAO IVO DA SILVA;;COLISÃO COM CICLISTA;1;;1;;;;;;1;;;;;;;;;;2019
17/10/2019;06:19:00;SEM VÍTIMA;ROSARINHO;AV PROFESSOR JOSE DOS ANJOS;CIDADE;COLISÃO TRASEIRA;2;;;;;;;;0;;Bom;Não existe;Perfeito estado;Seca;Perfeito estado;Faixa de pedestre;Não há placas;;2019
17/10/2019;07:18:00;SEM VÍTIMA;ESTÂNCIA;AV DR JOSE RUFINO;SUBURBIO;COLISÃO;2;;;;;;;;0;;;;;;;;;;2019
17/10/2019;07:39:00;COM VÍTIMA;CORDEIRO;RUA N S DA SAUDE;;ABALROAMENTO LONGITUDINAL;1;1;;;;;;;1;;Bom;Não existe;Perfeito estado;Seca;Perfeito estado;Não existe;Placas Pare;;2019
17/10/2019;09:17:00;SEM VÍTIMA;DERBY;AV GOVERNADOR AGAMENON MAGALHAES;;ABALROAMENTO LONGITUDINAL;;2;;;;;;;0;;Bom;Sem defeito;Perfeito estado;Seca;Perfeito estado;Faixa de pedestre;Outras;;2019
17/10/2019;09:31:00;SEM VÍTIMA;BOA VIAGEM;AV CONSELHEIRO AGUIAR;CIDADE;ABALROAMENTO TRANSVERSAL;1;1;;;;;;;0;;Bom;Não existe;Perfeito estado;Seca;Perfeito estado;Outros;Placas Pare;60 km/h;2019
17/10/2019;09:38:00;SEM VÍTIMA;CORDEIRO;RUA GOMES TABORDA;;COLISÃO;2;;;;;;;;0;;;;;;;;;;2019
17/10/2019;11:07:00;SEM VÍTIMA;SANTO ANTÔNIO;PRC DA REPUBLICA;CIDADE;ABALROAMENTO LONGITUDINAL;1;;;;1;;;;0;;Bom;Não existe;Incompleta;Seca;Perfeito estado;Não existe;R-6a;;2019
17/10/2019;11:08:00;SEM VÍTIMA;BOA VIAGEM;RUA ERNESTO DE PAULA SANTOS;;COLISÃO TRASEIRA;1;1;;;;;;;0;;Bom;Sem defeito;Perfeito estado;Seca;Perfeito estado;Não existe;Não há placas;60 km/h;2019
17/10/2019;11:09:00;COM VÍTIMA;SANTO AMARO;AV GOVERNADOR AGAMENON MAGALHAES;BOA VIAGEM;COLISÃO TRASEIRA;1;1;;;;;;;1;;Bom;Sem defeito;Perfeito estado;Seca;Perfeito estado;Faixa de pedestre;;60 km/h;2019
17/10/2019;11:20:00;COM VÍTIMA;CAXANGÁ;AV CAXANGA;CIDADE;ATROPELAMENTO;1;;;1;;;;;1;;Bom;;Perfeito estado;Seca;Perfeito estado;;R-6a;;2019
17/10/2019;11:31:00;SEM VÍTIMA;BOA VIAGEM;RUA PADRE CARAPUCEIRO;SUBURBIO;CHOQUE VEÍCULO PARADO;2;;;;;;;;0;;Bom;Não existe;Incompleta;Seca;Mal conservada;Não existe;Não há placas;;2019
17/10/2019;11:52:00;SEM VÍTIMA;CASA FORTE;AV DEZESSETE DE AGOSTO;CIDADE;COLISÃO TRASEIRA;2;;;;;;;;0;;Bom;Sem defeito;Perfeito estado;Seca;Perfeito estado;Faixa de pedestre;R-6a;60 km/h;2019
17/10/2019;12:11:00;SEM VÍTIMA;BOA VIAGEM;RUA ERNESTO DE PAULA SANTOS;;COLISÃO;1;;;;;1;;;0;;;;;;;;;;2019
17/10/2019;12:32:00;COM VÍTIMA;IMBIRIBEIRA;AV MARECHAL MASCARENHAS DE MORAES;BOA VIAGEM;ACID. DE PERCURSO;;1;;;;;;;1;;;;;;;;;;2019
17/10/2019;15:10:00;SEM VÍTIMA;BAIRRO DO RECIFE;AV ALFREDO LISBOA;SUBURBIO;COLISÃO TRASEIRA;1;;;;;1;;;0;;Bom;Não existe;Perfeito estado;Seca;Perfeito estado;Faixa de pedestre;R-6a;;2019
17/10/2019;15:12:00;SEM VÍTIMA;;;SUBURBIO;ABALROAMENTO TRANSVERSAL;2;;;;;;;;0;;Bom;Sem defeito;Perfeito estado;Seca;Perfeito estado;Faixa de pedestre;;;2019
17/10/2019;15:19:00;SEM VÍTIMA;SÃO JOSÉ;AV MARTINS DE BARROS;SUBURBIO;ABALROAMENTO LONGITUDINAL;2;;;;1;;;;0;;Bom;Não existe;Ilegível;Seca;Perfeito estado;Agente;Placas Pare;;2019
17/10/2019;15:31:00;SEM VÍTIMA;SAN MARTIN;AV GENERAL SAN MARTIN;SUBURBIO;ABALROAMENTO LONGITUDINAL;1;1;;;;;;;0;;Bom;Não existe;Perfeito estado;Seca;Perfeito estado;Não existe;Não há placas;;2019
17/10/2019;15:36:00;SEM VÍTIMA;AFOGADOS;RUA TABAIARES;;COLISÃO;1;1;;;;;;;0;;;;;;;;;;2019
17/10/2019;15:57:00;SEM VÍTIMA;ILHA DO RETIRO;RUA SPORT CLUBE DO RECIFE;SUBURBIO;ABALROAMENTO LONGITUDINAL;1;;;;;1;;;0;;Bom;Não existe;Perfeito estado;Seca;Perfeito estado;Não existe;Não há placas;;2019
17/10/2019;15:58:00;SEM VÍTIMA;SANTO AMARO;AV GOVERNADOR AGAMENON MAGALHAES;SUBURBIO;COLISÃO TRASEIRA;2;;;;;;;;0;;Bom;Não existe;Perfeito estado;Seca;Perfeito estado;Agente;Não há placas;30 km/h;2019
17/10/2019;16:03:00;COM VÍTIMA;CORDEIRO;AV CAXANGA;SUBURBIO;ABALROAMENTO LONGITUDINAL;1;1;;;;;;;1;;Bom;Sem defeito;Perfeito estado;Seca;Perfeito estado;Faixa de pedestre;R-6a;;2019
17/10/2019;16:05:00;SEM VÍTIMA;ÁGUA FRIA;AV BEBERIBE;;COLISÃO;1;;;;;1;;;0;;;;;;;;;;2019
17/10/2019;17:40:00;SEM VÍTIMA;IMBIRIBEIRA;RUA ITACARE;SUBURBIO;ABALROAMENTO TRANSVERSAL;2;;;;;;;;0;;Bom;Não existe;Não existente;Seca;Perfeito estado;Não existe;Não há placas;40 km/h;2019
17/10/2019;17:43:00;SEM VÍTIMA;SANTO AMARO;AV DR JAYME DA FONTE;SUBURBIO;ABALROAMENTO LONGITUDINAL;1;;;;;1;;;0;;Bom;Não existe;Não existente;Seca;Perfeito estado;Não existe;Não há placas;;2019
17/10/2019;17:46:00;SEM VÍTIMA;SANTO ANTÔNIO;AV ENGENHEIRO JOSE ESTELITA;CIDADE;COLISÃO TRASEIRA;1;1;;;;;;;0;;Bom;Não existe;Perfeito estado;Seca;Perfeito estado;Outros;Outras;60 km/h;2019
17/10/2019;18:56:00;VÍTIMA FATAL;ALTO JOSÉ BONIFÁCIO;RUA ALTO DA SERRINHA;SUBURBIO;COLISÃO COM CICLISTA;;;1;;1;;;;;1;Bom;Não existe;Não existente;Seca;Perfeito estado;Não existe;Não há placas;;2019
17/10/2019;19:11:00;SEM VÍTIMA;GRAÇAS;RUA DAS PERNAMBUCANAS;;COLISÃO;2;;;;;;;;0;;;;;;;;;;2019
17/10/2019;19:20:00;COM VÍTIMA;IMBIRIBEIRA;VIADUTO TANCREDO NEVES;BOA VIAGEM;COLISÃO COM CICLISTA;;1;1;;;;;;2;;Bom;Não existe;Perfeito estado;Seca;Perfeito estado;Não existe;Não há placas;;2019
17/10/2019;20:02:00;COM VÍTIMA;PINA;AV ENGENHEIRO DOMINGOS FERREIRA;SUBURBIO;ABALROAMENTO LONGITUDINAL;1;1;;;;;;;1;;Bom;Não existe;Perfeito estado;Seca;Perfeito estado;Não existe;Outras;;2019
17/10/2019;20:18:00;SEM VÍTIMA;IPSEP;RUA HELIO BRANDAO;SUBURBIO;COLISÃO TRASEIRA;2;;;;;;;;0;;Chuvoso;Não existe;Perfeito estado;Molhada;Mal iluminada;Não existe;Não há placas;;2019
17/10/2019;21:04:00;COM VÍTIMA;CORDEIRO;RUA GOMES TABORDA;;COLISÃO;1;1;;;;;;;1;;;;;;;;;;2019
17/10/2019;21:20:00;SEM VÍTIMA;BOA VIAGEM;RUA ERNESTO DE PAULA SANTOS;CIDADE;ABALROAMENTO TRANSVERSAL;2;;;;;;;;0;;Chuvoso;Não existe;Perfeito estado;Molhada;Perfeito estado;;Placas Pare;;2019
17/10/2019;21:46:00;SEM VÍTIMA;BOA VIAGEM;AV MARECHAL MASCARENHAS DE MORAES;CIDADE;COLISÃO TRASEIRA;2;;;;;;;;0;;Chuvoso;Não existe;Perfeito estado;Molhada;Perfeito estado;Não existe;;;2019
17/10/2019;22:02:00;COM VÍTIMA;AREIAS;AV DR JOSE RUFINO;;COLISÃO;1;1;;;;;;;1;;;;;;;;;;2019
17/10/2019;22:06:00;SEM VÍTIMA;CASA AMARELA;RUA PADRE LEMOS;CIDADE;ABALROAMENTO LONGITUDINAL;1;1;;;;;;;0;;Chuvoso;Não existe;Perfeito estado;Molhada;Perfeito estado;Não existe;Não há placas;;2019
17/10/2019;22:22:00;SEM VÍTIMA;IMBIRIBEIRA;AV MARECHAL MASCARENHAS DE MORAES;SUBURBIO;COLISÃO TRASEIRA;1;;;;1;;;;0;;Bom;Não existe;Perfeito estado;Seca;Perfeito estado;Não existe;R-6a;;2019
17/10/2019;23:06:00;SEM VÍTIMA;BOA VIAGEM;AV ENGENHEIRO DOMINGOS FERREIRA;SUBURBIO;ABALROAMENTO LONGITUDINAL;;;;;1;1;;;0;;Bom;Sem defeito;Perfeito estado;Seca;Perfeito estado;Faixa de pedestre;Outras;;2019
18/10/2019;04:48:00;SEM VÍTIMA;COQUEIRAL;RUA PAULINO DE FARIAS;SUBURBIO;COLISÃO FRONTAL;;;;;2;;;;0;;Chuvoso;Não existe;Não existente;Molhada;Perfeito estado;Não existe;Não há placas;;2019
18/10/2019;06:26:00;SEM VÍTIMA;CORDEIRO;AV ENGENHEIRO ABDIAS DE CARVALHO;CIDADE;COLISÃO TRASEIRA;1;;;;;1;;;0;;Chuvoso;Sem defeito;Perfeito estado;Molhada;Perfeito estado;Faixa de pedestre;Não há placas;60 km/h;2019
18/10/2019;07:33:00;SEM VÍTIMA;MADALENA;AV BEIRA RIO;SUBURBIO;CHOQUE VEÍCULO PARADO;2;;;;;;;;0;;Chuvoso;Sem defeito;Perfeito estado;Molhada;Perfeito estado;Faixa de pedestre;Outras;;2019
18/10/2019;08:03:00;SEM VÍTIMA;BONGI;AV ENGENHEIRO ABDIAS DE CARVALHO;CIDADE;COLISÃO TRASEIRA;2;;;;;;;;0;;Bom;Sem defeito;Perfeito estado;Seca;Perfeito estado;;;;2019
18/10/2019;08:30:00;SEM VÍTIMA;PINA;AVENIDA CELSO FURTADO (VIA MANGUE);CIDADE;COLISÃO TRASEIRA;2;;;;;;;;0;;Bom;Não existe;Perfeito estado;Seca;Perfeito estado;Não existe;Outras;60 km/h;2019
18/10/2019;09:00:00;SEM VÍTIMA;SANTANA;RUA SAMUEL FARIAS;;COLISÃO;2;;;;;;;;0;;;;;;;;;;2019
18/10/2019;08:57:00;SEM VÍTIMA;AFOGADOS;RUA QUITERIO INACIO DE MELLO;;COLISÃO;1;;;;;1;;;0;;;;;;;;;;2019
18/10/2019;09:12:00;SEM VÍTIMA;IPUTINGA;RUA PROFESSOR JULIO OLIVEIRA;CIDADE;ABALROAMENTO LONGITUDINAL;1;;;;;1;;;0;;Chuvoso;Não existe;Incompleta;Molhada;Perfeito estado;;Outras;;2019
18/10/2019;10:06:00;SEM VÍTIMA;AREIAS;AV RECIFE;;COLISÃO TRASEIRA;;1;;;1;;;;0;;Chuvoso;Sem defeito;Perfeito estado;Molhada;Perfeito estado;Faixa de retenção;;;2019
18/10/2019;10:11:00;SEM VÍTIMA;AFOGADOS;RUA JOAO CARLOS GUIMARAES;CIDADE;ABALROAMENTO LONGITUDINAL;1;;;;1;;;;0;;Nublado;Não existe;Incompleta;Molhada;Perfeito estado;Não existe;Não há placas;;2019
18/10/2019;10:12:00;SEM VÍTIMA;IBURA;RUA DR BENIGNO JORDAO DE VASCONCELOS;;COLISÃO;2;;;;;;;;0;;;;;;;;;;2019
18/10/2019;10:41:00;SEM VÍTIMA;BOA VIAGEM;RUA BARAO DE SOUZA LEAO;;COLISÃO;1;;;;1;;;;0;;;;;;;;;;2019
18/10/2019;10:57:00;SEM VÍTIMA;BOA VIAGEM;AV CONSELHEIRO AGUIAR;CIDADE;COLISÃO TRASEIRA;2;;;;;;;;0;;Bom;Sem defeito;Perfeito estado;Seca;Perfeito estado;Faixa de pedestre;Outras;60 km/h;2019
18/10/2019;11:17:00;SEM VÍTIMA;DERBY;RUA DR SEVERINO PINHEIRO;;COLISÃO;2;;;;;;;;0;;;;;;;;;;2019
18/10/2019;11:27:00;SEM VÍTIMA;GUABIRABA;AV VEREADOR OTACILIO AZEVEDO;SUBURBIO;CHOQUE VEÍCULO PARADO;2;;;;;;;;0;;Chuvoso;Não existe;Perfeito estado;Molhada;Mal conservada;Outros;Placas Pare;;2019
18/10/2019;11:42:00;SEM VÍTIMA;SÃO JOSÉ;AV SUL;CIDADE;COLISÃO TRASEIRA;2;;;;;;;;0;;Chuvoso;Não existe;Incompleta;Molhada;Mal conservada;Não existe;Outras;;2019
18/10/2019;11:50:00;SEM VÍTIMA;BOA VIAGEM;RUA BALTAZAR PASSOS;;COLISÃO;2;;;;;;;;0;;;;;;;;;;2019
18/10/2019;12:13:00;SEM VÍTIMA;IMBIRIBEIRA;AV SUL;CIDADE;ABALROAMENTO LONGITUDINAL;3;;;;;;;;0;;Chuvoso;Não existe;Incompleta;Molhada;Perfeito estado;Não existe;Não há placas;;2019
18/10/2019;12:17:00;SEM VÍTIMA;ILHA DO LEITE;AV GOVERNADOR AGAMENON MAGALHAES;;ABALROAMENTO LONGITUDINAL;1;;;;1;;;;0;;Chuvoso;Com defeito;;Molhada;;Faixa de pedestre;;60 km/h;2019
18/10/2019;12:34:00;SEM VÍTIMA;AFOGADOS;AV SUL;;ABALROAMENTO LONGITUDINAL;1;;;;1;;;;0;;Chuvoso;;Não existente;Molhada;Perfeito estado;;Não há placas;;2019
18/10/2019;12:37:00;SEM VÍTIMA;ILHA DO RETIRO;RUA ASTORGA;SUBURBIO;ABALROAMENTO TRANSVERSAL;1;1;;;;;;;0;;Bom;Não existe;Não existente;Seca;Perfeito estado;;Não há placas;;2019
18/10/2019;12:54:00;SEM VÍTIMA;ILHA DO RETIRO;RUA COMENDADOR BENTO AGUIAR;;COLISÃO;1;1;;;;;;;0;;;;;;;;;;2019
18/10/2019;13:58:00;COM VÍTIMA;BOA VIAGEM;RUA JOSE DA SILVA LUCENA;SUBURBIO;ABALROAMENTO TRANSVERSAL;2;;;;;;;;1;;Chuvoso;Não existe;Perfeito estado;Molhada;Perfeito estado;Não existe;Não há placas;;2019
18/10/2019;14:41:00;SEM VÍTIMA;ÁGUA FRIA;AV BEBERIBE;CIDADE;ABALROAMENTO LONGITUDINAL;1;;;;1;;;;0;;Bom;Não existe;Perfeito estado;Seca;Perfeito estado;Não existe;;;2019
18/10/2019;15:07:00;SEM VÍTIMA;ESPINHEIRO;RUA MARQUES DO PARANA;CIDADE;ABALROAMENTO TRANSVERSAL;1;;;;1;;;;0;;Nublado;Não existe;Perfeito estado;Seca;Perfeito estado;Faixa de pedestre;Outras;30 km/h;2019
18/10/2019;15:21:00;SEM VÍTIMA;BOA VIAGEM;AV ENGENHEIRO DOMINGOS FERREIRA;;COLISÃO TRASEIRA;2;;;;;;;;0;;Chuvoso;Sem defeito;Perfeito estado;Seca;Perfeito estado;Faixa de pedestre;Não há placas;60 km/h;2019
18/10/2019;15:30:00;COM VÍTIMA;SANTO AMARO;AV NORTE;;ABALROAMENTO TRANSVERSAL;1;1;;;;;;;1;;Bom;Sem defeito;Perfeito estado;Seca;Perfeito estado;Faixa de pedestre;R-25d;;2019
18/10/2019;15:34:00;SEM VÍTIMA;APIPUCOS;RUA DE APIPUCOS;SUBURBIO;COLISÃO FRONTAL;;1;;;;1;;;0;;Bom;Não existe;Perfeito estado;Seca;Perfeito estado;Não existe;;;2019
18/10/2019;15:43:00;SEM VÍTIMA;GUABIRABA;EST DOS MACACOS;;COLISÃO;1;;;;;1;;;0;;;;;;;;;;2019
18/10/2019;16:04:00;COM VÍTIMA;MUSTARDINHA;AV MANOEL GONCALVES DA LUZ;MANGUEIRA;ABALROAMENTO TRANSVERSAL;;1;;;;1;;;1;;Chuvoso;Não existe;Incompleta;Molhada;Perfeito estado;Não existe;R-6a;;2019
18/10/2019;17:21:00;SEM VÍTIMA;IMBIRIBEIRA;AV MARECHAL MASCARENHAS DE MORAES;SUBURBIO;ABALROAMENTO LONGITUDINAL;2;1;;;;;;;0;;Bom;Sem defeito;Perfeito estado;Seca;Perfeito estado;Faixa de pedestre;Outras;60 km/h;2019
18/10/2019;17:27:00;SEM VÍTIMA;BOMBA DO HEMETÉRIO;EST VELHA DE AGUA FRIA;CIDADE;ABALROAMENTO LONGITUDINAL;1;;;;1;;;;0;;Bom;Não existe;Perfeito estado;Seca;Perfeito estado;Não existe;Outras;;2019
18/10/2019;17:47:00;COM VÍTIMA;AREIAS;AV RECIFE;CIDADE;COLISÃO COM CICLISTA;1;1;1;;;;;;1;;Bom;Não existe;Perfeito estado;Seca;Perfeito estado;Faixa de pedestre;;60 km/h;2019
18/10/2019;18:25:00;SEM VÍTIMA;IMBIRIBEIRA;RUA ARQUITETO LUIZ NUNES;;COLISÃO;2;;;;;;;;0;;;;;;;;;;2019
18/10/2019;18:42:00;COM VÍTIMA;BOA VIAGEM;RUA DEZ DE JULHO;SUBURBIO;ABALROAMENTO TRANSVERSAL;2;1;;;;;;;1;;Bom;Não existe;Perfeito estado;Seca;Perfeito estado;Faixa de retenção;Placas Pare;;2019
18/10/2019;18:52:00;COM VÍTIMA;TEJIPIÓ;AV DR JOSE RUFINO;SUBURBIO;ABALROAMENTO LONGITUDINAL;1;1;;;;;;;2;;Chuvoso;Não existe;Perfeito estado;Molhada;Perfeito estado;Outros;Outras;;2019
18/10/2019;19:54:00;COM VÍTIMA;CASA AMARELA;RUA DA HARMONIA;SUBURBIO;COLISÃO FRONTAL;1;1;;;;;;;2;;Bom;Sem defeito;Perfeito estado;Seca;Perfeito estado;Faixa de pedestre;Não há placas;30 km/h;2019
18/10/2019;20:46:00;SEM VÍTIMA;CASA AMARELA;AV NORTE;CIDADE;ABALROAMENTO TRANSVERSAL;2;;;;;;;;0;;Bom;Não existe;Incompleta;Seca;Mal conservada;Não existe;Placas Pare;;2019
18/10/2019;21:00:00;SEM VÍTIMA;IPSEP;RUA PAMPULHA;;ABALROAMENTO TRANSVERSAL;1;;;;;;;1;0;;Chuvoso;Não existe;Incompleta;Molhada;Mal iluminada;;Placas Pare;;2019
18/10/2019;21:16:00;COM VÍTIMA;IPUTINGA;RUA N S DA SAUDE;SUBURBIO;ABALROAMENTO TRANSVERSAL;2;;;;;;;;1;;Chuvoso;Sem defeito;Perfeito estado;Molhada;Perfeito estado;Faixa de pedestre;Outras;;2019
18/10/2019;22:20:00;SEM VÍTIMA;IBURA;AV RECIFE;SUBURBIO;COLISÃO TRASEIRA;2;;;;;;;;0;;Chuvoso;Sem defeito;Perfeito estado;Molhada;Perfeito estado;;;;2019
18/10/2019;22:41:00;SEM VÍTIMA;LINHA DO TIRO;RUA PROFESSOR JOSE AMARINO DOS REIS;;COLISÃO;1;1;;;;;;;0;;;;;;;;;;2019
19/10/2019;03:03:00;SEM VÍTIMA;IMBIRIBEIRA;RUA ENGENHEIRO JOSE BRANDAO CAVALCANTE;SUBURBIO;COLISÃO FRONTAL;1;1;;;;;;;0;;Chuvoso;Não existe;Perfeito estado;Molhada;Perfeito estado;Não existe;Placas Pare;;2019
19/10/2019;03:09:00;COM VÍTIMA;BOA VISTA;RUA OSVALDO CRUZ;CIDADE;ATROPELAMENTO;1;;;1;;;;;1;;Bom;Não existe;Perfeito estado;Seca;Perfeito estado;Outros;;;2019
19/10/2019;07:35:00;COM VÍTIMA;BEBERIBE;RUA URIEL DE HOLANDA;PRAÇA DA CONVENÇÃO;ABALROAMENTO LONGITUDINAL;1;1;;;;;;;1;;Bom;Não existe;Perfeito estado;Seca;Mal conservada;Faixa de pedestre;R-6a;;2019
19/10/2019;08:15:00;COM VÍTIMA;BOMBA DO HEMETÉRIO;RUA PROFESSOR JOSE AMARINO DOS REIS;SUBURBIO;COLISÃO FRONTAL;1;1;;;;;;;2;;Bom;Não existe;Perfeito estado;Seca;Perfeito estado;Outros;R-6a;30 km/h;2019
19/10/2019;08:29:00;SEM VÍTIMA;SAN MARTIN;RUA VISCONDE PARNAIBA;;COLISÃO FRONTAL;2;;;;;;;;0;;Bom;Não existe;Perfeito estado;Seca;Perfeito estado;Não existe;Não há placas;;2019
19/10/2019;10:20:00;SEM VÍTIMA;PINA;AV CONSUL JOSEPH NOUJAIM;SUBURBIO;ABALROAMENTO TRANSVERSAL;2;;;;;;;;0;;Bom;Sem defeito;Perfeito estado;Seca;Perfeito estado;Faixa de pedestre;;;2019
19/10/2019;10:55:00;SEM VÍTIMA;CASA AMARELA;AV NORTE;CIDADE;ABALROAMENTO LONGITUDINAL;1;;;;;1;;;0;;Bom;Não existe;Perfeito estado;Seca;Perfeito estado;Não existe;Outras;60 km/h;2019
19/10/2019;11:43:00;SEM VÍTIMA;PAISSANDU;RUA GENERAL JOAQUIM INACIO;SUBURBIO;ABALROAMENTO LONGITUDINAL;2;;;;;;;;0;;Bom;Sem defeito;Perfeito estado;Seca;Perfeito estado;Faixa de pedestre;Outras;60 km/h;2019
19/10/2019;14:26:00;COM VÍTIMA;CASA AMARELA;RUA PADRE LEMOS;SUBURBIO;ATROPELAMENTO;1;;;1;;;;;1;;Bom;Não existe;Perfeito estado;Seca;Perfeito estado;Não existe;R-6a;;2019
19/10/2019;16:12:00;SEM VÍTIMA;JORDÃO;AV DONA CARENTINA;SUBURBIO;ABALROAMENTO TRANSVERSAL;2;;;;;;;;0;;Bom;Não existe;Incompleta;Seca;Perfeito estado;Não existe;Não há placas;;2019
19/10/2019;16:13:00;SEM VÍTIMA;ÁGUA FRIA;AV BEBERIBE;CIDADE;ABALROAMENTO LONGITUDINAL;2;;;;;;;;0;;Bom;Sem defeito;Perfeito estado;Seca;Perfeito estado;Faixa de pedestre;R-6a;40 km/h;2019
19/10/2019;16:49:00;SEM VÍTIMA;PASSARINHO;RUA ANDORINHA;SUBURBIO;CHOQUE VEÍCULO PARADO;1;;;;1;;;;0;;Bom;Não existe;Não existente;Seca;Mal conservada;Não existe;Não há placas;;2019
19/10/2019;17:26:00;COM VÍTIMA;PRADO;RUA CARLOS GOMES;SUBURBIO;ABALROAMENTO LONGITUDINAL;1;1;;;;;;;2;;Bom;Não existe;Perfeito estado;Seca;Perfeito estado;Outros;R-6a;;2019
19/10/2019;17:45:00;SEM VÍTIMA;CASA FORTE;RUA IGARASSU;CIDADE;ABALROAMENTO LONGITUDINAL;2;;;;;;;;0;;Bom;Sem defeito;Perfeito estado;Seca;Perfeito estado;;R-4b;;2019
19/10/2019;18:58:00;SEM VÍTIMA;VÁRZEA;AV PROFESSOR ARTUR DE SA;SUBURBIO;CHOQUE OBJETO FIXO;1;;;;;;;;0;;Bom;Não existe;Não existente;Seca;Perfeito estado;Não existe;Não há placas;;2019
19/10/2019;19:18:00;SEM VÍTIMA;ÁGUA FRIA;AV BEBERIBE;SUBURBIO;ABALROAMENTO LONGITUDINAL;1;1;;;;;;;0;;Bom;Não existe;Perfeito estado;Seca;Perfeito estado;Faixa de pedestre;Outras;;2019
19/10/2019;21:03:00;SEM VÍTIMA;SÃO JOSÉ;RUA IMPERIAL;SUBURBIO;ABALROAMENTO LONGITUDINAL;3;;;;;;;1;0;;Bom;Não existe;Incompleta;Seca;Perfeito estado;Não existe;R-6a;;2019
19/10/2019;22:00:00;SEM VÍTIMA;CASA FORTE;RUA LEONARDO BEZERRA CAVALCANTE;;CHOQUE;1;;;;;;;;0;;;;;;;;;;2019
19/10/2019;23:04:00;SEM VÍTIMA;GRAÇAS;AV RUI BARBOSA;;COLISÃO;2;;;;;;;;0;;;;;;;;;;2019
19/10/2019;23:10:00;SEM VÍTIMA;CASA FORTE;RUA JORGE GOMES DE SA;SUBURBIO;ABALROAMENTO TRANSVERSAL;2;;;;;;;;0;;Bom;Não existe;Incompleta;Seca;Perfeito estado;Não existe;Outras;;2019
19/10/2019;23:21:00;COM VÍTIMA;CAMPO GRANDE;RUA MARIA AUGUSTA DE SOUZA;;COLISÃO;2;;;;;;;;1;;;;;;;;;;2019
20/10/2019;03:51:00;COM VÍTIMA;TORRÕES;AV BICENTENARIO DA REVOLUCAO FRANCESA;SUBURBIO;ABALROAMENTO TRANSVERSAL;1;;;;;;;;1;;Bom;Não existe;Perfeito estado;Seca;Perfeito estado;Não existe;Não há placas;;2019
20/10/2019;06:28:00;SEM VÍTIMA;CASA AMARELA;AV NORTE;CIDADE;COLISÃO TRASEIRA;2;;;;;;;;0;;Bom;Sem defeito;Perfeito estado;Seca;Perfeito estado;Faixa de pedestre;Não há placas;;2019
20/10/2019;07:14:00;COM VÍTIMA;PINA;AV ANTONIO DE GOES;CIDADE;ABALROAMENTO LONGITUDINAL;2;;;;;;;;1;;Bom;Sem defeito;Perfeito estado;Seca;Perfeito estado;Faixa de pedestre;Outras;60 km/h;2019
20/10/2019;07:29:00;SEM VÍTIMA;SANTO AMARO;RUA ODORICO MENDES;;COLISÃO;2;;;;;;;;0;;;;;;;;;;2019
20/10/2019;08:51:00;SEM VÍTIMA;JORDÃO;AV MARIA IRENE;;COLISÃO;2;;;;;;;;0;;;;;;;;;;2019
20/10/2019;09:39:00;SEM VÍTIMA;IMBIRIBEIRA;RUA ITACARI;SUBURBIO;ABALROAMENTO TRANSVERSAL;2;;;;;;;;0;;Bom;Não existe;Perfeito estado;Seca;Perfeito estado;Não existe;Placas Pare;;2019
20/10/2019;09:55:00;SEM VÍTIMA;AFOGADOS;RUA NICOLAU PEREIRA;SUBURBIO;COLISÃO TRASEIRA;1;1;;;;;;;0;;Bom;;Perfeito estado;Seca;Perfeito estado;;;;2019
20/10/2019;10:00:00;SEM VÍTIMA;SANTO AMARO;AV CRUZ CABUGA;CIDADE;ABALROAMENTO LONGITUDINAL;1;;;;1;;;1;0;;Bom;Sem defeito;Perfeito estado;Seca;Perfeito estado;Faixa de pedestre;R-6a;;2019
20/10/2019;10:26:00;SEM VÍTIMA;MADALENA;AV ENGENHEIRO ABDIAS DE CARVALHO;CIDADE;COLISÃO TRASEIRA;1;;;;1;;;;0;;Bom;Sem defeito;Perfeito estado;Seca;Perfeito estado;Faixa de pedestre;Outras;;2019
20/10/2019;11:21:00;SEM VÍTIMA;CORDEIRO;AV CAXANGA;CIDADE;COLISÃO TRASEIRA;3;;;;;;;;0;;Bom;Não existe;Perfeito estado;Seca;Perfeito estado;Não existe;Outras;60 km/h;2019
20/10/2019;11:22:00;COM VÍTIMA;VASCO DA GAMA;RUA VASCO DA GAMA;CIDADE;ABALROAMENTO LONGITUDINAL;2;1;;;;;;;1;;Bom;Não existe;Incompleta;Seca;Perfeito estado;Não existe;Não há placas;;2019
20/10/2019;12:14:00;SEM VÍTIMA;IPSEP;RUA ADERBAL DE MELO;;ABALROAMENTO LONGITUDINAL;2;;;;;;;;0;;Bom;Não existe;Perfeito estado;Seca;Perfeito estado;Não existe;Placas Pare;;2019