data;hora;natureza_acidente;bairro;endereco;sentido_via;tipo;auto;moto;ciclista;pedestre;onibus;caminhao;viatura;outros;vitimas;vitimasfatais;tempo_clima;situacao_semaforo;sinalizacao;condicao_via;conservacao_via;ponto_controle;situacao_placa;velocidade_max_via;ano
20/10/2019;16:17:00;SEM VÍTIMA;SAN MARTIN;AV ENGENHEIRO ABDIAS DE CARVALHO;;COLISÃO TRASEIRA;2;;;;;;;;0;;Bom;Sem defeito;Perfeito estado;Seca;Perfeito estado;Faixa de pedestre;;;2019
20/10/2019;16:23:00;SEM VÍTIMA;BONGI;RUA ALEXANDRE PADILHA;SUBURBIO;ABALROAMENTO TRANSVERSAL;1;1;;;;;;;0;;Bom;Não existe;Não existente;Seca;Perfeito estado;Não existe;Não há placas;30 km/h;2019
20/10/2019;18:45:00;SEM VÍTIMA;CASA AMARELA;AV NORTE;;COLISÃO;1;;;;1;;;;0;;;;;;;;;;2019
20/10/2019;19:01:00;SEM VÍTIMA;BOA VIAGEM;AV CONSELHEIRO AGUIAR;CIDADE;ABALROAMENTO TRANSVERSAL;2;;;;;;;;0;;Bom;Sem defeito;Ilegível;Seca;Mal iluminada;Faixa de pedestre;Não há placas;60 km/h;2019
20/10/2019;19:10:00;COM VÍTIMA;CABANGA;PTE AGAMENON MAGALHAES;SUBURBIO;TOMBAMENTO;;1;;;;;;;1;;Bom;Não existe;Perfeito estado;Seca;Perfeito estado;Não existe;Não há placas;;2019
20/10/2019;20:18:00;SEM VÍTIMA;CASA AMARELA;RUA DA CAROLINA;;CHOQUE VEÍCULO PARADO;1;;;;1;;;;0;;Bom;Não existe;Não existente;Seca;Perfeito estado;Não existe;Não há placas;;2019
20/10/2019;21:10:00;SEM VÍTIMA;PRADO;AV ENGENHEIRO ABDIAS DE CARVALHO;CIDADE;ABALROAMENTO TRANSVERSAL;2;;;;;;;;0;;Bom;Sem defeito;Perfeito estado;Seca;Perfeito estado;Faixa de pedestre;Outras;;2019
20/10/2019;22:00:00;COM VÍTIMA;BOMBA DO HEMETÉRIO;RUA BOMBA DO HEMETERIO;SUBURBIO;COLISÃO TRASEIRA;1;1;;;;;;;1;;Bom;Não existe;Não existente;Seca;Mal conservada;Não existe;Não há placas;;2019
20/10/2019;23:05:00;COM VÍTIMA;MUSTARDINHA;AV MANOEL GONCALVES DA LUZ;;ABALROAMENTO TRANSVERSAL;1;1;;;;;;;1;;Bom;Não existe;Perfeito estado;Seca;Perfeito estado;Outros;Outras;;2019
21/10/2019;06:26:00;SEM VÍTIMA;BOA VISTA;RUA GERVASIO PIRES;CIDADE;ABALROAMENTO LONGITUDINAL;2;;;;;;;;0;;Bom;Sem defeito;Perfeito estado;Seca;Perfeito estado;Outros;Outras;;2019
21/10/2019;07:16:00;SEM VÍTIMA;PINA;AV HERCULANO BANDEIRA;SUBURBIO;ABALROAMENTO LONGITUDINAL;1;;;;1;;;;0;;Bom;Sem defeito;Perfeito estado;Seca;Perfeito estado;Faixa de pedestre;R-6a;60 km/h;2019
21/10/2019;07:19:00;SEM VÍTIMA;BOA VISTA;AV GOVERNADOR AGAMENON MAGALHAES;;COLISÃO TRASEIRA;2;;;;;;;;0;;Bom;Sem defeito;Perfeito estado;Seca;Perfeito estado;Faixa de pedestre;;60 km/h;2019
21/10/2019;07:23:00;COM VÍTIMA;DERBY;AV GOVERNADOR AGAMENON MAGALHAES;;COLISÃO;1;1;;;;;;;2;;;;;;;;;;2019
21/10/2019;07:32:00;SEM VÍTIMA;JORDÃO;RUA BOANERGES PEREIRA;SUBURBIO;COLISÃO;1;1;;;;;;;0;;Bom;Não existe;Perfeito estado;Seca;Perfeito estado;Não existe;Outras;;2019
21/10/2019;08:08:00;SEM VÍTIMA;IMBIRIBEIRA;RUA PAMPULHA;;COLISÃO;2;;;;;;;;0;;;;;;;;;;2019
21/10/2019;08:47:00;COM VÍTIMA;IPSEP;AV RECIFE;SUBURBIO;CHOQUE OBJETO FIXO;;1;;;;;;;1;;Bom;Não existe;Perfeito estado;Seca;Perfeito estado;;Não há placas;;2019
21/10/2019;09:25:00;SEM VÍTIMA;ESPINHEIRO;RUA AMELIA;CIDADE;ABALROAMENTO LONGITUDINAL;2;;;;;;;;0;;Bom;Sem defeito;Perfeito estado;Seca;Perfeito estado;Faixa de pedestre;R-6a;40 km/h;2019
21/10/2019;10:00:00;SEM VÍTIMA;GRAÇAS;RUA ESMERALDINO BANDEIRA;CIDADE;ABALROAMENTO TRANSVERSAL;2;;;;;;;;0;;Bom;Não existe;Perfeito estado;Seca;Perfeito estado;Não existe;Placas Dê a preferência;;2019
21/10/2019;10:22:00;SEM VÍTIMA;BOA VIAGEM;AV BOA VIAGEM;CIDADE;CHOQUE VEÍCULO PARADO;5;;;;;;;;0;;Bom;Não existe;Perfeito estado;Seca;Perfeito estado;Não existe;Não há placas;;2019
21/10/2019;10:50:00;SEM VÍTIMA;TOTÓ;RUA PLANURA;;CHOQUE;1;;;;;;;;0;;;;;;;;;;2019
21/10/2019;11:18:00;SEM VÍTIMA;ESTÂNCIA;RUA ANDRE VIEIRA DE MELO;SUBURBIO;ABALROAMENTO LONGITUDINAL;2;;;;;;;;0;;Bom;Não existe;Não existente;Seca;Perfeito estado;Não existe;Não há placas;;2019
21/10/2019;12:31:00;SEM VÍTIMA;CASA AMARELA;RUA ARNOLDO MAGALHAES;SUBURBIO;ABALROAMENTO LONGITUDINAL;1;1;;;;;;;0;;Bom;Não existe;Perfeito estado;Seca;Perfeito estado;Não existe;Não há placas;;2019
21/10/2019;13:13:00;SEM VÍTIMA;SANTO ANTÔNIO;RUA DO SOL;CIDADE;ABALROAMENTO LONGITUDINAL;1;;;;1;;;;0;;Bom;Não existe;Perfeito estado;Seca;Mal conservada;Não existe;Não há placas;;2019
21/10/2019;13:13:00;SEM VÍTIMA;BARRO;AV DR JOSE RUFINO;CIDADE;COLISÃO TRASEIRA;2;;;;;;;1;0;;Bom;Não existe;Perfeito estado;Seca;Perfeito estado;Não existe;R-6a;;2019
21/10/2019;13:56:00;SEM VÍTIMA;VASCO DA GAMA;RUA DOIS DE FEVEREIRO;SUBURBIO;COLISÃO TRASEIRA;1;;;;1;;;;0;;Bom;Não existe;;Seca;Perfeito estado;Não existe;R-6a;;2019
21/10/2019;14:02:00;SEM VÍTIMA;SANTO AMARO;RUA ARTUR COUTINHO;CIDADE;COLISÃO TRASEIRA;2;;;;;;;;0;;Bom;Não existe;Incompleta;Seca;Mal conservada;Não existe;Placas Pare;;2019
21/10/2019;14:45:00;COM VÍTIMA;IPUTINGA;AV CAXANGA;SUBURBIO;COLISÃO COM CICLISTA;;;1;;1;;;;1;;Bom;Sem defeito;Perfeito estado;Seca;Perfeito estado;Faixa de pedestre;R-6a;;2019
21/10/2019;14:54:00;SEM VÍTIMA;MACAXEIRA;SUB DA UNIAO;SUBURBIO;ABALROAMENTO LONGITUDINAL;1;;;;1;;;;0;;Bom;Não existe;Não existente;Seca;Perfeito estado;Não existe;Não há placas;30 km/h;2019
21/10/2019;15:20:00;COM VÍTIMA;AREIAS;AV DR JOSE RUFINO;;ABALROAMENTO LONGITUDINAL;1;1;;;;;;;1;;Bom;Sem defeito;Incompleta;Seca;Perfeito estado;Faixa de pedestre;R-6a;;2019
21/10/2019;15:46:00;SEM VÍTIMA;CASA FORTE;AV DEZESSETE DE AGOSTO;SUBURBIO;COLISÃO TRASEIRA;3;;;;;;;;0;;Bom;Sem defeito;Perfeito estado;Seca;Perfeito estado;Faixa de pedestre;;;2019
21/10/2019;15:58:00;SEM VÍTIMA;PARNAMIRIM;AV PARNAMIRIM;;COLISÃO;1;;;;;1;;;0;;;;;;;;;;2019
21/10/2019;16:00:00;COM VÍTIMA;ZUMBI;AV CAXANGA;SUBURBIO;ABALROAMENTO TRANSVERSAL;1;1;;;;;;;1;;Bom;Sem defeito;Perfeito estado;Seca;Perfeito estado;Faixa de pedestre;Outras;;2019
21/10/2019;16:59:00;SEM VÍTIMA;PRADO;AV ENGENHEIRO ABDIAS DE CARVALHO;CIDADE;COLISÃO TRASEIRA;3;;;;;;;;0;;Bom;Não existe;Perfeito estado;Seca;Perfeito estado;Não existe;Não há placas;;2019
21/10/2019;19:09:00;SEM VÍTIMA;BOMBA DO HEMETÉRIO;RUA CHA DE ALEGRIA;SUBURBIO;CHOQUE VEÍCULO PARADO;1;;;;;;;;0;;Bom;Não existe;Perfeito estado;Seca;Perfeito estado;Não existe;Não há placas;;2019
21/10/2019;19:51:00;SEM VÍTIMA;CASA AMARELA;RUA XAVANTES;;COLISÃO;2;;;;;;;;0;;;;;;;;;;2019
21/10/2019;20:06:00;COM VÍTIMA;VASCO DA GAMA;RUA DIADEMA;;ATROPELAMENTO;1;;;1;;;;;1;;;;;;;;;;2019
21/10/2019;20:55:00;SEM VÍTIMA;JORDÃO;RUA COLARES;;ACID. DE PERCURSO;1;;;;;;;;0;;;;;;;;;;2019
21/10/2019;22:12:00;COM VÍTIMA;CAXANGÁ;AV CAXANGA;SUBURBIO;COLISÃO TRASEIRA;1;1;;;;;;;1;;Bom;Sem defeito;Perfeito estado;Seca;Perfeito estado;Faixa de pedestre;Não há placas;;2019
21/10/2019;23:00:00;SEM VÍTIMA;COHAB;RUA VALE DO ITAJAI;;COLISÃO;2;;;;;;;;0;;;;;;;;;;2019
22/10/2019;06:32:00;SEM VÍTIMA;TAMARINEIRA;EST DO ARRAIAL;SUBURBIO;COLISÃO;1;;;;1;;;;0;;;;;;;;;;2019
22/10/2019;07:31:00;SEM VÍTIMA;SANTO AMARO;AV CRUZ CABUGA;CIDADE;ABALROAMENTO TRANSVERSAL;1;1;;;;;;;0;;Bom;Sem defeito;Perfeito estado;Seca;Perfeito estado;;;;2019
22/10/2019;08:22:00;SEM VÍTIMA;IMBIRIBEIRA;RUA CANAL DO JORDAO;CIDADE;ABALROAMENTO LONGITUDINAL;2;;;;;;;;0;;Bom;Não existe;Incompleta;Seca;Mal conservada;Não existe;Não há placas;;2019
22/10/2019;08:24:00;SEM VÍTIMA;BOA VIAGEM;AV CONSELHEIRO AGUIAR;;COLISÃO;2;;;;;;;;0;;;;;;;;;;2019
22/10/2019;09:01:00;SEM VÍTIMA;TORREÃO;RUA OTHON PARAISO;;COLISÃO;2;;;;;;;;0;;;;;;;;;;2019
22/10/2019;09:02:00;SEM VÍTIMA;BAIRRO DO RECIFE;CAIS DO APOLO;SUBURBIO;COLISÃO TRASEIRA;1;;;;1;;;;0;;Bom;Não existe;Perfeito estado;Seca;Perfeito estado;Não existe;Não há placas;40 km/h;2019
22/10/2019;09:20:00;SEM VÍTIMA;BOA VISTA;RUA JOAO FERNANDES VIEIRA;CIDADE;ABALROAMENTO LONGITUDINAL;2;;;;;;;;0;;Bom;Não existe;Não existente;Seca;Perfeito estado;Não existe;Não há placas;;2019
22/10/2019;09:25:00;SEM VÍTIMA;BOA VIAGEM;AV CONSELHEIRO AGUIAR;;COLISÃO;2;;;;;;;;0;;;;;;;;;;2019
22/10/2019;09:33:00;SEM VÍTIMA;ILHA DO RETIRO;RUA DONA MARIA VIEIRA;;ABALROAMENTO TRANSVERSAL;2;;;;;;;;0;;Bom;;Perfeito estado;Seca;Perfeito estado;;Outras;;2019
22/10/2019;10:28:00;SEM VÍTIMA;JOANA BEZERRA;;;ABALROAMENTO LONGITUDINAL;;;;;1;1;;;0;;Bom;Não existe;Não existente;Seca;Perfeito estado;Não existe;Não há placas;;2019
22/10/2019;10:43:00;SEM VÍTIMA;BOA VIAGEM;RUA GENERAL EDSON AMANCIO RAMALHO;CIDADE;COLISÃO TRASEIRA;2;;;;;;;;0;;Bom;Não existe;Perfeito estado;Seca;Perfeito estado;Não existe;Outras;;2019
22/10/2019;10:51:00;SEM VÍTIMA;SANTO AMARO;AV NORTE;SUBURBIO;CHOQUE OBJETO FIXO;;;;;;;;1;0;;Bom;Sem defeito;Perfeito estado;Seca;Perfeito estado;Agente;Outras;;2019
22/10/2019;10:52:00;SEM VÍTIMA;BOA VIAGEM;AV ENGENHEIRO DOMINGOS FERREIRA;SUBURBIO;COLISÃO TRASEIRA;2;;;;;;;;0;;Bom;Sem defeito;Perfeito estado;Seca;Perfeito estado;;Não há placas;;2019
22/10/2019;11:04:00;COM VÍTIMA;JARDIM SÃO PAULO;AV RECIFE;CEASA;COLISÃO COM CICLISTA;1;;1;;;;;;1;;Bom;Desligado;Perfeito estado;Seca;Perfeito estado;Faixa de pedestre;Outras;;2019
22/10/2019;11:12:00;SEM VÍTIMA;JARDIM SÃO PAULO;AV RECIFE;CIDADE;COLISÃO TRASEIRA;2;;;;;;;;0;;Bom;Sem defeito;Incompleta;Seca;Perfeito estado;Faixa de pedestre;R-4a;60 km/h;2019
22/10/2019;11:15:00;SEM VÍTIMA;DERBY;AV GOVERNADOR AGAMENON MAGALHAES;;COLISÃO;2;;;;;;;;0;;;;;;;;;;2019
22/10/2019;11:29:00;SEM VÍTIMA;AREIAS;AV RECIFE;;COLISÃO TRASEIRA;1;;;;;1;;;0;;Bom;Sem defeito;Perfeito estado;Seca;Perfeito estado;;Outras;;2019
22/10/2019;11:42:00;SEM VÍTIMA;BOA VIAGEM;AV DES JOSE NEVES;;COLISÃO;2;;;;;;;;0;;;;;;;;;;2019
22/10/2019;11:55:00;SEM VÍTIMA;DERBY;RUA JOAQUIM NABUCO;SUBURBIO;ABALROAMENTO LONGITUDINAL;2;;;;;;;;0;;Bom;Não existe;Perfeito estado;Seca;Perfeito estado;;R-6a;;2019
22/10/2019;12:00:00;SEM VÍTIMA;ESPINHEIRO;RUA QUARENTA E OITO;;COLISÃO;1;1;;;;;;;0;;;;;;;;;;2019
22/10/2019;12:05:00;SEM VÍTIMA;GRAÇAS;RUA JOAQUIM NABUCO;;COLISÃO;2;;;;;;;;0;;;;;;;;;;2019
22/10/2019;12:32:00;SEM VÍTIMA;BOA VISTA;AV CONDE DA BOA VISTA;CIDADE;COLISÃO TRASEIRA;2;;;;;;;;0;;Bom;Não existe;Perfeito estado;Seca;Perfeito estado;Não existe;Não há placas;;2019
22/10/2019;12:41:00;SEM VÍTIMA;TOTÓ;RUA PAULINO DE FARIAS;CIDADE;ABALROAMENTO TRANSVERSAL;1;;;;1;;;;0;;Bom;Não existe;Incompleta;Seca;Perfeito estado;;;;2019
22/10/2019;12:44:00;SEM VÍTIMA;BOA VIAGEM;RUA VISCONDE DE JEQUITINHONHA;SUBURBIO;ABALROAMENTO LONGITUDINAL;2;;;;;;;;0;;Bom;Não existe;Perfeito estado;Seca;Perfeito estado;Não existe;R-6a;;2019
22/10/2019;13:05:00;SEM VÍTIMA;IPSEP;AV RECIFE;CIDADE;COLISÃO TRASEIRA;2;;;;;;;;0;;Bom;Sem defeito;Perfeito estado;Seca;Perfeito estado;;Não há placas;60 km/h;2019
22/10/2019;13:15:00;SEM VÍTIMA;CAMPO GRANDE;EST DE BELEM;CIDADE;ABALROAMENTO LONGITUDINAL;1;;;;1;;;;0;;Bom;Não existe;Perfeito estado;Seca;Perfeito estado;Não existe;Outras;60 km/h;2019
22/10/2019;13:21:00;SEM VÍTIMA;BOA VIAGEM;RUA COSMORAMA;;ABALROAMENTO LONGITUDINAL;2;;;;;;;;0;;Bom;Sem defeito;Perfeito estado;Seca;Perfeito estado;Não existe;Não há placas;40 km/h;2019
22/10/2019;13:25:00;VÍTIMA FATAL;VÁRZEA;RUA GASTAO VIDIGAL;CIDADE;COLISÃO COM CICLISTA;;;1;;1;;;;;1;Bom;Não existe;Perfeito estado;Seca;Perfeito estado;Outros;Outras;;2019
22/10/2019;13:30:00;SEM VÍTIMA;CASA FORTE;AV DEZESSETE DE AGOSTO;CIDADE;COLISÃO TRASEIRA;1;;;;;1;;;0;;Bom;Não existe;;Seca;Perfeito estado;Não existe;R-6a;;2019
22/10/2019;14:01:00;SEM VÍTIMA;IPUTINGA;AV CAXANGA;CIDADE;COLISÃO TRASEIRA;2;;;;;;;;0;;Bom;Sem defeito;Perfeito estado;Seca;Perfeito estado;Faixa de pedestre;R-6a;;2019
22/10/2019;14:03:00;SEM VÍTIMA;DERBY;AV GOVERNADOR AGAMENON MAGALHAES;;COLISÃO TRASEIRA;2;;;;;;;;0;;Bom;Sem defeito;Perfeito estado;Seca;Perfeito estado;Faixa de pedestre;R-6a;60 km/h;2019
22/10/2019;14:19:00;SEM VÍTIMA;;RUA DIVISOPOLIS;SUBURBIO;ABALROAMENTO LONGITUDINAL;1;;;;1;;;;0;;Bom;Não existe;Perfeito estado;Seca;Perfeito estado;Não existe;Outras;;2019
22/10/2019;15:10:00;SEM VÍTIMA;DERBY;AV GOVERNADOR AGAMENON MAGALHAES;;COLISÃO TRASEIRA;1;;;;1;;;;0;;Bom;Sem defeito;Perfeito estado;Seca;Perfeito estado;Faixa de pedestre;;60 km/h;2019
22/10/2019;15:18:00;SEM VÍTIMA;IBURA;AV DOM HELDER CAMARA;;COLISÃO;3;;;;;;;;0;;;;;;;;;;2019
22/10/2019;15:31:00;SEM VÍTIMA;GRAÇAS;RUA DR BANDEIRA FILHO;SUBURBIO;ABALROAMENTO LONGITUDINAL;1;;;;1;;;;0;;Bom;Não existe;Perfeito estado;Seca;Perfeito estado;Não existe;Não há placas;;2019
22/10/2019;15:35:00;COM VÍTIMA;BOA VIAGEM;AV BOA VIAGEM;CIDADE;ABALROAMENTO LONGITUDINAL;2;1;;;;;;;1;;Bom;Não existe;Perfeito estado;Seca;Perfeito estado;Não existe;R-6a;60 km/h;2019
22/10/2019;15:46:00;COM VÍTIMA;AFOGADOS;EST DOS REMEDIOS;CIDADE;COLISÃO TRASEIRA;2;1;;;;;;;1;;Bom;Com defeito;Perfeito estado;Seca;Perfeito estado;Faixa de pedestre;R-6a;;2019
22/10/2019;15:47:00;SEM VÍTIMA;BOA VIAGEM;AV CONSELHEIRO AGUIAR;SUBURBIO;ABALROAMENTO LONGITUDINAL;1;;;;1;;;;0;;Bom;Sem defeito;Perfeito estado;Seca;Perfeito estado;Não existe;Não há placas;;2019
22/10/2019;15:56:00;SEM VÍTIMA;IMBIRIBEIRA;AV MARECHAL MASCARENHAS DE MORAES;CIDADE;ABALROAMENTO LONGITUDINAL;;1;;;;1;;;0;;Bom;Não existe;Não existente;Seca;Perfeito estado;Não existe;Não há placas;;2019
22/10/2019;15:58:00;SEM VÍTIMA;BOA VIAGEM;AV CONSELHEIRO AGUIAR;CIDADE;COLISÃO TRASEIRA;1;;;;1;;;;0;;Bom;Não existe;Perfeito estado;Seca;Perfeito estado;Não existe;Não há placas;60 km/h;2019
22/10/2019;16:19:00;SEM VÍTIMA;ESPINHEIRO;AV GOVERNADOR AGAMENON MAGALHAES;;ABALROAMENTO LONGITUDINAL;1;;;;1;;;;0;;Bom;Não existe;Perfeito estado;Seca;Perfeito estado;Não existe;Não há placas;;2019
22/10/2019;16:25:00;SEM VÍTIMA;BOA VIAGEM;AV ENGENHEIRO DOMINGOS FERREIRA;SUBURBIO;COLISÃO TRASEIRA;1;;;;1;;;;0;;Bom;Sem defeito;Perfeito estado;Seca;Perfeito estado;;Não há placas;;2019
22/10/2019;16:22:00;SEM VÍTIMA;IBURA;RUA ENGENHO TABARE;;COLISÃO;2;;;;;;;;0;;;;;;;;;;2019
22/10/2019;16:31:00;SEM VÍTIMA;BAIRRO DO RECIFE;AV ALFREDO LISBOA;CIDADE;COLISÃO TRASEIRA;2;;;;;;;;0;;Bom;Não existe;Perfeito estado;Seca;Perfeito estado;Faixa de pedestre;Não há placas;;2019
22/10/2019;16:32:00;SEM VÍTIMA;VÁRZEA;RUA ACADEMICO HELIO RAMOS;;COLISÃO;2;;;;;;;;0;;;;;;;;;;2019
22/10/2019;16:51:00;SEM VÍTIMA;ILHA DO LEITE;RUA ESTADO DE ISRAEL;CIDADE;ABALROAMENTO LONGITUDINAL;1;1;;;;;;;0;;Bom;Sem defeito;Perfeito estado;Seca;Perfeito estado;Faixa de pedestre;Outras;;2019
22/10/2019;16:53:00;SEM VÍTIMA;ESTÂNCIA;AV RECIFE;CIDADE;COLISÃO TRASEIRA;2;;;;;;;;0;;Bom;Não existe;;Seca;Perfeito estado;;;;2019
22/10/2019;16:59:00;SEM VÍTIMA;ILHA DO LEITE;RUA ESTADO DE ISRAEL;SUBURBIO;COLISÃO TRASEIRA;1;1;;;;;;;0;;Bom;Sem defeito;Perfeito estado;Seca;Perfeito estado;Faixa de pedestre;Outras;;2019
22/10/2019;17:06:00;SEM VÍTIMA;IPSEP;AV RECIFE;;COLISÃO TRASEIRA;2;;;;;;;;0;;Bom;Sem defeito;Perfeito estado;Seca;Perfeito estado;Faixa de pedestre;;;2019
22/10/2019;18:11:00;SEM VÍTIMA;DERBY;AV GOVERNADOR AGAMENON MAGALHAES;;ABALROAMENTO TRANSVERSAL;2;;;;;;;;0;;Bom;Sem defeito;Perfeito estado;Seca;Perfeito estado;;;60 km/h;2019
22/10/2019;18:49:00;SEM VÍTIMA;TEJIPIÓ;AV DR JOSE RUFINO;CIDADE;ABALROAMENTO LONGITUDINAL;1;;;;1;;;;0;;Bom;Não existe;Perfeito estado;Seca;Perfeito estado;Não existe;Não há placas;;2019
22/10/2019;19:08:00;SEM VÍTIMA;VASCO DA GAMA;RUA RESPLENDOR;SUBURBIO;ABALROAMENTO LONGITUDINAL;1;;;;;1;;;0;;Bom;Não existe;Não existente;Seca;Mal conservada;Não existe;Não há placas;;2019
22/10/2019;19:59:00;SEM VÍTIMA;CASA AMARELA;EST DO ARRAIAL;SUBURBIO;ABALROAMENTO LONGITUDINAL;1;;;;1;;;;0;;Bom;Não existe;Perfeito estado;Seca;Perfeito estado;Não existe;Não há placas;;2019
22/10/2019;22:27:00;SEM VÍTIMA;CAXANGÁ;RUA ENGENHEIRO ANDRE DIAS DE ARRUDA FALCAO;SUBURBIO;CHOQUE VEÍCULO PARADO;1;;;;;;;2;0;;Bom;Não existe;Não existente;Seca;Mal iluminada;Não existe;Não há placas;;2019
22/10/2019;23:10:00;SEM VÍTIMA;ARRUDA;RUA DAS MOCAS;SUBURBIO;CHOQUE VEÍCULO PARADO;2;;;;;;;;0;;Bom;Sem defeito;Perfeito estado;Seca;Perfeito estado;Não existe;Não há placas;;2019
22/10/2019;23:54:00;SEM VÍTIMA;SAN MARTIN;AV JOAO CABRAL DE MELO NETO;;COLISÃO TRASEIRA;2;1;;;;;;;0;;Bom;Sem defeito;Perfeito estado;Seca;Perfeito estado;Não existe;Outras;;2019
23/10/2019;00:34:00;SEM VÍTIMA;BOA VIAGEM;RUA DEZ DE JULHO;SUBURBIO;ABALROAMENTO TRANSVERSAL;2;;;;;;;;0;;Bom;Não existe;Perfeito estado;Seca;Perfeito estado;;Placas Pare;;2019
23/10/2019;07:37:00;SEM VÍTIMA;ESPINHEIRO;RUA MARQUES DO PARANA;CIDADE;ABALROAMENTO TRANSVERSAL;1;;;;1;;;;0;;Bom;Não existe;Perfeito estado;Seca;Perfeito estado;Faixa de pedestre;R-6a;40 km/h;2019
23/10/2019;08:25:00;COM VÍTIMA;SANTO AMARO;AV DR JAYME DA FONTE;;ACID. DE PERCURSO;;1;;;;;;;1;;;;;;;;;;2019
23/10/2019;09:00:00;SEM VÍTIMA;BOA VIAGEM;RUA BRUNO VELOSO;;COLISÃO;2;;;;;;;;0;;;;;;;;;;2019
23/10/2019;09:05:00;SEM VÍTIMA;IMBIRIBEIRA;AV MARECHAL MASCARENHAS DE MORAES;SUBURBIO;COLISÃO TRASEIRA;2;;;;;;;;0;;Bom;Não existe;Perfeito estado;Seca;Perfeito estado;Não existe;Não há placas;;2019
23/10/2019;09:11:00;SEM VÍTIMA;IMBIRIBEIRA;RUA PAMPULHA;;COLISÃO;;;;;;2;;;0;;;;;;;;;;2019
23/10/2019;09:46:00;COM VÍTIMA;IMBIRIBEIRA;AV GENERAL MAC ARTHUR;CIDADE;ABALROAMENTO LONGITUDINAL;1;1;;;;;;;1;;Bom;Sem defeito;Perfeito estado;Seca;Perfeito estado;Outros;Outras;40 km/h;2019
23/10/2019;10:37:00;SEM VÍTIMA;ESPINHEIRO;AV GOVERNADOR AGAMENON MAGALHAES;;COLISÃO TRASEIRA;3;;;;;;;;0;;Bom;Sem defeito;Perfeito estado;Seca;Perfeito estado;Faixa de pedestre;R-6a;;2019
23/10/2019;11:26:00;SEM VÍTIMA;TORRE;RUA JOSE BONIFACIO;SUBURBIO;ABALROAMENTO LONGITUDINAL;2;;;;;;;;0;;Bom;Sem defeito;Perfeito estado;Seca;Perfeito estado;Não existe;;;2019
23/10/2019;11:33:00;SEM VÍTIMA;IBURA;RUA COLARES;;CHOQUE OBJETO FIXO;1;;;;;;;;0;;Bom;Não existe;Não existente;Seca;Mal conservada;Não existe;Não há placas;;2019
23/10/2019;13:27:00;SEM VÍTIMA;MADALENA;RUA REAL DA TORRE;SUBURBIO;COLISÃO TRASEIRA;1;;;;;1;;;0;;Bom;Sem defeito;Perfeito estado;Seca;Perfeito estado;Faixa de pedestre;R-6a;;2019
23/10/2019;15:25:00;SEM VÍTIMA;ÁGUA FRIA;RUA ALEGRE;SUBURBIO;ABALROAMENTO LONGITUDINAL;1;;;;1;;;;0;;Bom;Sem defeito;Perfeito estado;Seca;Perfeito estado;Faixa de pedestre;R-6a;60 km/h;2019
23/10/2019;15:27:00;COM VÍTIMA;PRADO;AV ENGENHEIRO ABDIAS DE CARVALHO;SUBURBIO;COLISÃO TRASEIRA;;2;;;;;;;2;;Bom;Sem defeito;Perfeito estado;Seca;Perfeito estado;Faixa de pedestre;R-6a;60 km/h;2019
23/10/2019;15:52:00;SEM VÍTIMA;PAISSANDU;RUA SPORT CLUBE DO RECIFE;;COLISÃO;2;;;;;;;;0;;;;;;;;;;2019
23/10/2019;15:35:00;SEM VÍTIMA;ESPINHEIRO;RUA CONS PORTELA;;ABALROAMENTO LONGITUDINAL;2;;;;;;;;0;;Bom;Sem defeito;Perfeito estado;Seca;Perfeito estado;Faixa de pedestre;R-6a;;2019
23/10/2019;16:14:00;SEM VÍTIMA;ESPINHEIRO;AV GOVERNADOR AGAMENON MAGALHAES;;COLISÃO TRASEIRA;2;;;;;;;;0;;Bom;Não existe;Perfeito estado;Seca;Perfeito estado;Não existe;R-6a;;2019
23/10/2019;16:36:00;SEM VÍTIMA;AFOGADOS;RUA SAO MIGUEL;;COLISÃO;1;;;;1;;;;0;;;;;;;;;;2019
23/10/2019;17:18:00;SEM VÍTIMA;NOVA DESCOBERTA;AV VEREADOR OTACILIO AZEVEDO;;COLISÃO;1;1;;;;;;;0;;;;;;;;;;2019
23/10/2019;18:06:00;SEM VÍTIMA;BOA VIAGEM;AVENIDA CELSO FURTADO (VIA MANGUE);SUBURBIO;COLISÃO TRASEIRA;3;;;;;;;;0;;Bom;Não existe;Perfeito estado;Seca;Perfeito estado;Não existe;Não há placas;60 km/h;2019
23/10/2019;18:31:00;SEM VÍTIMA;GRAÇAS;RUA ANTONIO NOVAIS;SUBURBIO;ABALROAMENTO TRANSVERSAL;1;1;;;;;;;0;;Bom;Não existe;Perfeito estado;Seca;Perfeito estado;Não existe;Não há placas;;2019
23/10/2019;18:38:00;SEM VÍTIMA;TORRÕES;AV ENGENHEIRO ABDIAS DE CARVALHO;SUBURBIO;COLISÃO TRASEIRA;2;;;;;;;;0;;Bom;Não existe;Perfeito estado;Seca;Perfeito estado;Não existe;Não há placas;;2019
23/10/2019;18:42:00;SEM VÍTIMA;CAMPO GRANDE;RUA BARAO DE VERA CRUZ;SUBURBIO;ABALROAMENTO LONGITUDINAL;2;;;;;;;;0;;Bom;Não existe;Não existente;Seca;Perfeito estado;;Não há placas;;2019
23/10/2019;19:15:00;SEM VÍTIMA;MADALENA;RUA JOSE OSORIO;SUBURBIO;COLISÃO TRASEIRA;2;;;;;;;;0;;Bom;Sem defeito;Perfeito estado;Seca;Perfeito estado;Faixa de pedestre;Não há placas;;2019