data;hora;natureza_acidente;bairro;endereco;sentido_via;tipo;auto;moto;ciclista;pedestre;onibus;caminhao;viatura;outros;vitimas;vitimasfatais;tempo_clima;situacao_semaforo;sinalizacao;condicao_via;conservacao_via;ponto_controle;situacao_placa;velocidade_max_via;ano
23/10/2019;19:43:00;SEM VÍTIMA;DERBY;RUA AMARO BEZERRA;SUBURBIO;COLISÃO TRASEIRA;1;;;;1;;;;0;;Bom;Não existe;Incompleta;Seca;Perfeito estado;Não existe;R-6a;;2019
23/10/2019;19:48:00;SEM VÍTIMA;IMBIRIBEIRA;AV MARECHAL MASCARENHAS DE MORAES;SUBURBIO;ABALROAMENTO LONGITUDINAL;2;;;;;;;;0;;Bom;Não existe;Perfeito estado;Seca;Perfeito estado;Não existe;Não há placas;60 km/h;2019
23/10/2019;20:01:00;COM VÍTIMA;PAISSANDU;RUA GENERAL JOAQUIM INACIO;SUBURBIO;ATROPELAMENTO;1;;;1;;;;;1;;Bom;Não existe;Perfeito estado;Seca;Perfeito estado;Não existe;Não há placas;;2019
23/10/2019;20:03:00;SEM VÍTIMA;DERBY;RUA JENER DE SOUZA;SUBURBIO;ABALROAMENTO TRANSVERSAL;2;;;;;;;;0;;Bom;Sem defeito;Perfeito estado;Seca;Perfeito estado;;Outras;;2019
23/10/2019;21:36:00;SEM VÍTIMA;SANTO ANTÔNIO;PTE PRINCESA IZABEL;CIDADE;ABALROAMENTO LONGITUDINAL;1;;;;1;;;;0;;Bom;Não existe;Perfeito estado;Seca;Perfeito estado;Não existe;Não há placas;;2019
24/10/2019;00:47:00;COM VÍTIMA;BOA VIAGEM;RUA RIBEIRO DE BRITO;CIDADE;ABALROAMENTO LONGITUDINAL;2;;;;;;;;1;;Bom;Não existe;Perfeito estado;Seca;Perfeito estado;Não existe;Não há placas;;2019
24/10/2019;06:21:00;SEM VÍTIMA;BOA VISTA;RUA GERVASIO PIRES;SUBURBIO;ABALROAMENTO TRANSVERSAL;1;1;;;;;;;0;;Bom;Sem defeito;Perfeito estado;Seca;Perfeito estado;Faixa de pedestre;;;2019
24/10/2019;07:02:00;SEM VÍTIMA;IPSEP;RUA VIRGINIA HERACLIO;SUBURBIO;ABALROAMENTO TRANSVERSAL;1;1;;;;;;;0;;Bom;Não existe;Ilegível;Seca;Mal conservada;Não existe;Não há placas;;2019
24/10/2019;07:21:00;SEM VÍTIMA;ILHA DO LEITE;AV GOVERNADOR AGAMENON MAGALHAES;;COLISÃO TRASEIRA;2;;;;;;;;0;;Bom;Não existe;Perfeito estado;Seca;Perfeito estado;Não existe;Não há placas;;2019
24/10/2019;07:27:00;SEM VÍTIMA;CAMPO GRANDE;RUA JERONIMO VILELA;;COLISÃO;1;;;;;1;;;0;;;;;;;;;;2019
24/10/2019;07:45:00;SEM VÍTIMA;JOANA BEZERRA;PTE JOSE DE BARROS LIMA;CIDADE;COLISÃO TRASEIRA;1;;;;1;;;;0;;Bom;Não existe;Perfeito estado;Seca;Perfeito estado;Não existe;Não há placas;;2019
24/10/2019;07:51:00;SEM VÍTIMA;DERBY;AV GOVERNADOR AGAMENON MAGALHAES;SUBURBIO;ABALROAMENTO LONGITUDINAL;2;;;;;;;;0;;Bom;Sem defeito;Perfeito estado;Seca;Perfeito estado;Não existe;Placas Pare;;2019
24/10/2019;08:04:00;SEM VÍTIMA;CASA FORTE;RUA DR JOAO SANTOS FILHO;CIDADE;ABALROAMENTO LONGITUDINAL;2;;;;;;;;0;;Bom;Não existe;Perfeito estado;Seca;Perfeito estado;Agente;;30 km/h;2019
24/10/2019;08:16:00;COM VÍTIMA;VASCO DA GAMA;RUA VASCO DA GAMA;SUBURBIO;COLISÃO TRASEIRA;;1;;;;1;;;1;;Bom;Não existe;Perfeito estado;Seca;Perfeito estado;Outros;Outras;30 km/h;2019
24/10/2019;08:44:00;COM VÍTIMA;COELHOS;RUA DOS COELHOS;SUBURBIO;COLISÃO FRONTAL;1;1;;;;;;;2;;Bom;Sem defeito;Perfeito estado;Seca;Perfeito estado;Faixa de pedestre;R-6a;30 km/h;2019
24/10/2019;09:17:00;SEM VÍTIMA;CASA AMARELA;RUA CONS PERETTI;SUBURBIO;ABALROAMENTO TRANSVERSAL;1;;;;1;;;;0;;Bom;Não existe;Incompleta;Seca;Perfeito estado;Não existe;Placas Pare;30 km/h;2019
24/10/2019;09:30:00;SEM VÍTIMA;DERBY;RUA JENER DE SOUZA;;ABALROAMENTO LONGITUDINAL;1;1;;;;;;;0;;Bom;Não existe;Perfeito estado;Seca;Perfeito estado;Não existe;Outras;;2019
24/10/2019;10:13:00;SEM VÍTIMA;BOA VIAGEM;AV MARECHAL MASCARENHAS DE MORAES;SUBURBIO;COLISÃO TRASEIRA;1;;;;;1;;;0;;Bom;Sem defeito;Perfeito estado;Seca;Perfeito estado;Faixa de pedestre;;60 km/h;2019
24/10/2019;10:19:00;SEM VÍTIMA;TAMARINEIRA;RUA GOMES COUTINHO;;COLISÃO TRASEIRA;3;;;;;;;;0;;Bom;Não existe;Perfeito estado;Seca;;Outros;Outras;;2019
24/10/2019;10:35:00;SEM VÍTIMA;CASA AMARELA;RUA PADRE LEMOS;;COLISÃO;1;1;;;;;;;0;;;;;;;;;;2019
24/10/2019;11:06:00;SEM VÍTIMA;ÁGUA FRIA;RUA DR EUDES COSTA;;COLISÃO;;;;;1;1;;;0;;;;;;;;;;2019
24/10/2019;11:23:00;SEM VÍTIMA;IMBIRIBEIRA;AV MARECHAL MASCARENHAS DE MORAES;;COLISÃO;1;;;;;1;;;0;;;;;;;;;;2019
24/10/2019;12:07:00;SEM VÍTIMA;;AV GOVERNADOR AGAMENON MAGALHAES;;COLISÃO TRASEIRA;2;;;;;;;;0;;Bom;Não existe;Perfeito estado;Seca;Perfeito estado;Não existe;Não há placas;60 km/h;2019
24/10/2019;12:18:00;SEM VÍTIMA;BOA VIAGEM;AV CONSELHEIRO AGUIAR;CIDADE;ABALROAMENTO LONGITUDINAL;2;;;;;;;;0;;Bom;Não existe;Perfeito estado;Seca;Perfeito estado;Não existe;Não há placas;;2019
24/10/2019;12:30:00;COM VÍTIMA;SANTO AMARO;RUA TREZE DE MAIO;;ABALROAMENTO LONGITUDINAL;1;1;;;;;;;1;;Bom;Sem defeito;Perfeito estado;Seca;Perfeito estado;;;;2019
24/10/2019;12:36:00;SEM VÍTIMA;CASA FORTE;AV DEZESSETE DE AGOSTO;SUBURBIO;COLISÃO TRASEIRA;1;1;;;;;;;0;;Bom;Sem defeito;Perfeito estado;Seca;Perfeito estado;Faixa de pedestre;R-6a;;2019
24/10/2019;13:11:00;SEM VÍTIMA;PARNAMIRIM;RUA ASTRONAUTA NEIL ARMSTRONG;;ABALROAMENTO LONGITUDINAL;2;;;;;;;;0;;Bom;Não existe;Perfeito estado;Seca;Perfeito estado;Não existe;Outras;;2019
24/10/2019;13:57:00;SEM VÍTIMA;PINA;RUA AMADOR BUENO;CIDADE;ABALROAMENTO LONGITUDINAL;1;1;;;;;;;0;;Bom;Não existe;Incompleta;Seca;;Outros;Outras;;2019
24/10/2019;13:58:00;SEM VÍTIMA;TAMARINEIRA;RUA PADRE ROMA;;COLISÃO;2;;;;;;;;0;;;;;;;;;;2019
24/10/2019;14:51:00;SEM VÍTIMA;SANTO AMARO;RUA TREZE DE MAIO;SUBURBIO;ABALROAMENTO TRANSVERSAL;4;;;;;;;;0;;Bom;Não existe;Perfeito estado;Seca;Perfeito estado;Não existe;Placas Pare;;2019
24/10/2019;14:58:00;COM VÍTIMA;TEJIPIÓ;RUA FALCAO DE LACERDA;CIDADE;ABALROAMENTO TRANSVERSAL;1;1;;;;;;;1;;Bom;Sem defeito;Perfeito estado;Seca;Perfeito estado;Faixa de pedestre;Outras;;2019
24/10/2019;15:11:00;SEM VÍTIMA;MACAXEIRA;RUA MASSARANDUBA;;COLISÃO;2;;;;;;;;0;;;;;;;;;;2019
24/10/2019;16:37:00;SEM VÍTIMA;SANTO ANTÔNIO;RUA DO SOL;CIDADE;ABALROAMENTO LONGITUDINAL;1;;;;1;;;;0;;Bom;Não existe;Perfeito estado;Seca;Perfeito estado;Não existe;;;2019
24/10/2019;17:32:00;SEM VÍTIMA;BOA VIAGEM;RUA SA E SOUZA;;ABALROAMENTO LONGITUDINAL;1;;;;1;;;;0;;Bom;Sem defeito;Perfeito estado;Seca;Perfeito estado;Faixa de pedestre;Não há placas;;2019
24/10/2019;17:55:00;SEM VÍTIMA;BAIRRO DO RECIFE;PTE GIRATORIA;;ABALROAMENTO LONGITUDINAL;1;;;;1;;;;0;;Bom;;Não existente;Seca;Mal iluminada;Não existe;Não há placas;;2019
24/10/2019;18:10:00;SEM VÍTIMA;IBURA;AV DOIS RIOS;SUBURBIO;ABALROAMENTO LONGITUDINAL;1;;;;;1;;;0;;Bom;Sem defeito;Perfeito estado;Seca;Perfeito estado;Faixa de pedestre;Não há placas;40 km/h;2019
24/10/2019;18:13:00;SEM VÍTIMA;ILHA DO RETIRO;TUNEL CHICO SCIENCE;SUBURBIO;ABALROAMENTO LONGITUDINAL;1;;;;1;;;;0;;Bom;Não existe;Perfeito estado;Seca;Perfeito estado;Não existe;Não há placas;;2019
24/10/2019;18:22:00;SEM VÍTIMA;IMBIRIBEIRA;AV MARECHAL MASCARENHAS DE MORAES;CIDADE;ABALROAMENTO LONGITUDINAL;1;;;;;;;1;0;;Bom;Não existe;Perfeito estado;Seca;Perfeito estado;Não existe;Outras;60 km/h;2019
24/10/2019;19:06:00;COM VÍTIMA;CASA AMARELA;AV NORTE;CIDADE;ATROPELAMENTO;;1;;1;;;;;2;;Bom;Não existe;;Seca;Perfeito estado;Não existe;Outras;;2019
24/10/2019;22:10:00;SEM VÍTIMA;JARDIM SÃO PAULO;RUA LORENA;SUBURBIO;ABALROAMENTO TRANSVERSAL;2;;;;;;;;0;;Bom;Não existe;Incompleta;Seca;Perfeito estado;Não existe;Placas Pare;;2019
25/10/2019;07:32:00;SEM VÍTIMA;ARRUDA;RUA SAO BENTO;CIDADE;ABALROAMENTO LONGITUDINAL;1;;;;;1;;;0;;Bom;Sem defeito;Perfeito estado;Seca;Perfeito estado;Faixa de pedestre;;;2019
25/10/2019;08:06:00;SEM VÍTIMA;JARDIM SÃO PAULO;PRC DO JARDIM SAO PAULO;;COLISÃO;2;;;;;;;;0;;;;;;;;;;2019
25/10/2019;08:20:00;SEM VÍTIMA;IPSEP;RUA ALDEMAR DE OLIVEIRA;CIDADE;ABALROAMENTO LONGITUDINAL;1;;;;;1;;;0;;Bom;Não existe;;Seca;Perfeito estado;Não existe;Não há placas;;2019
25/10/2019;08:57:00;COM VÍTIMA;CASA AMARELA;EST DO ARRAIAL;SUBURBIO;COLISÃO COM CICLISTA;;;1;;1;;;;1;;Bom;Sem defeito;Perfeito estado;Seca;Perfeito estado;Não existe;R-6a;;2019
25/10/2019;09:12:00;SEM VÍTIMA;JARDIM SÃO PAULO;PRC DO JARDIM SAO PAULO;SUBURBIO;COLISÃO TRASEIRA;2;;;;;;;;0;;Bom;Não existe;Perfeito estado;Seca;Perfeito estado;;R-34;;2019
25/10/2019;09:21:00;SEM VÍTIMA;ESTÂNCIA;AV DR JOSE RUFINO;SUBURBIO;ABALROAMENTO LONGITUDINAL;1;;;;1;;;;0;;Bom;Não existe;Perfeito estado;Seca;Perfeito estado;Não existe;;;2019
25/10/2019;09:35:00;SEM VÍTIMA;BOA VISTA;RUA DO PRINCIPE;CIDADE;ABALROAMENTO TRANSVERSAL;1;;;;1;;;;0;;Bom;Sem defeito;Perfeito estado;Seca;Perfeito estado;Outros;Outras;;2019
25/10/2019;09:44:00;SEM VÍTIMA;BOA VIAGEM;AV DES JOSE NEVES;CIDADE;CHOQUE VEÍCULO PARADO;2;;;;;;;;0;;Bom;Sem defeito;Incompleta;Seca;Mal conservada;Faixa de retenção;Não há placas;50 km/h;2019
25/10/2019;09:59:00;SEM VÍTIMA;SANTO ANTÔNIO;RUA FLORIANO PEIXOTO;SUBURBIO;ABALROAMENTO LONGITUDINAL;1;;;;;1;;;0;;Bom;Sem defeito;Perfeito estado;Seca;Perfeito estado;Não existe;;;2019
25/10/2019;10:53:00;SEM VÍTIMA;DERBY;AV GOVERNADOR AGAMENON MAGALHAES;SUBURBIO;ABALROAMENTO LONGITUDINAL;1;;;;1;;;;0;;Bom;Não existe;Perfeito estado;Seca;Perfeito estado;Não existe;Não há placas;;2019
25/10/2019;11:26:00;SEM VÍTIMA;BOA VIAGEM;RUA DOS NAVEGANTES;;CHOQUE VEÍCULO PARADO;3;;;;;;;;0;;Bom;Não existe;Perfeito estado;Seca;Perfeito estado;Não existe;Não há placas;;2019
25/10/2019;11:33:00;SEM VÍTIMA;MACAXEIRA;AV NORTE;CIDADE;COLISÃO TRASEIRA;1;1;;;;;;;0;;;;;;;;;;2019
25/10/2019;11:55:00;SEM VÍTIMA;BONGI;AV ENGENHEIRO ABDIAS DE CARVALHO;CIDADE;ABALROAMENTO LONGITUDINAL;1;;;;;1;;1;0;;Bom;Não existe;Perfeito estado;Seca;Perfeito estado;Não existe;R-6a;60 km/h;2019
25/10/2019;12:38:00;SEM VÍTIMA;CAMPO GRANDE;RUA ODORICO MENDES;SUBURBIO;ABALROAMENTO TRANSVERSAL;2;;;;;;;;0;;Bom;Não existe;Perfeito estado;Seca;Perfeito estado;Não existe;Placas Pare;;2019
25/10/2019;12:40:00;SEM VÍTIMA;ILHA DO RETIRO;RUA TABAIARES;CIDADE;ABALROAMENTO LONGITUDINAL;2;;;;;;;;0;;Bom;Não existe;Perfeito estado;Seca;Perfeito estado;Faixa de pedestre;Não há placas;;2019
25/10/2019;12:44:00;SEM VÍTIMA;BOA VIAGEM;RUA VISCONDE DE JEQUITINHONHA;SUBURBIO;COLISÃO TRASEIRA;1;;;;1;;;;0;;Bom;Não existe;Perfeito estado;Seca;Perfeito estado;Não existe;;30 km/h;2019
25/10/2019;13:16:00;SEM VÍTIMA;CAXANGÁ;RUA PROFESSOR ARMANDO DE MEIRA LINS;;COLISÃO;1;;;;;1;;;0;;;;;;;;;;2019
25/10/2019;13:21:00;SEM VÍTIMA;IPSEP;AV RECIFE;;COLISÃO;2;;;;;;;;0;;;;;;;;;;2019
25/10/2019;13:22:00;COM VÍTIMA;ILHA JOANA BEZERRA;AV BEIRA RIO;;COLISÃO FRONTAL;1;1;;;;;;;1;;Bom;Não existe;Perfeito estado;Seca;Perfeito estado;Não existe;Não há placas;;2019
25/10/2019;13:54:00;SEM VÍTIMA;PINA;AV ANTONIO DE GOES;CIDADE;COLISÃO TRASEIRA;1;1;;;;;;;0;;Bom;Sem defeito;Perfeito estado;Seca;Perfeito estado;Faixa de pedestre;Não há placas;60 km/h;2019
25/10/2019;14:09:00;SEM VÍTIMA;TEJIPIÓ;RUA GENERAL MANUEL RABELO;;ENGAVETAMENTO;4;;;;;;;;0;;;;;;;;;;2019
25/10/2019;14:13:00;SEM VÍTIMA;ESPINHEIRO;RUA DR VICENTE MEIRA;SUBURBIO;ABALROAMENTO LONGITUDINAL;2;;;;;;;;0;;Bom;Não existe;Perfeito estado;Seca;Perfeito estado;Não existe;;20 km/h;2019
25/10/2019;14:34:00;SEM VÍTIMA;BOA VIAGEM;AV BOA VIAGEM;;COLISÃO TRASEIRA;2;;;;;;;;0;;Bom;Não existe;Perfeito estado;Seca;Perfeito estado;Não existe;Não há placas;;2019
25/10/2019;14:49:00;SEM VÍTIMA;IPSEP;RUA GONCALVES DE MAGALHAES;CIDADE;COLISÃO TRASEIRA;1;1;;;;;;;0;;Bom;Não existe;Perfeito estado;Seca;Perfeito estado;;Não há placas;;2019
25/10/2019;17:05:00;SEM VÍTIMA;BOA VIAGEM;AV ENGENHEIRO DOMINGOS FERREIRA;SUBURBIO;COLISÃO TRASEIRA;2;;;;;;;;0;;Bom;;Perfeito estado;Seca;Perfeito estado;;Não há placas;60 km/h;2019
25/10/2019;18:08:00;SEM VÍTIMA;IMBIRIBEIRA;AV MARECHAL MASCARENHAS DE MORAES;CIDADE;ABALROAMENTO LONGITUDINAL;1;1;;;;;;;0;;Bom;Sem defeito;Perfeito estado;Seca;Perfeito estado;Faixa de pedestre;Outras;60 km/h;2019
25/10/2019;18:20:00;SEM VÍTIMA;IMBIRIBEIRA;AV MARECHAL MASCARENHAS DE MORAES;;COLISÃO;1;1;;;;;;;0;;;;;;;;;;2019
25/10/2019;18:49:00;SEM VÍTIMA;ESPINHEIRO;AV GOVERNADOR AGAMENON MAGALHAES;;ABALROAMENTO LONGITUDINAL;;2;;;;;;;0;;Bom;Não existe;Perfeito estado;Seca;Perfeito estado;Não existe;Não há placas;;2019
25/10/2019;18:55:00;SEM VÍTIMA;PARNAMIRIM;AV PARNAMIRIM;SUBURBIO;ABALROAMENTO LONGITUDINAL;1;;;;;1;;;0;;Bom;Não existe;Perfeito estado;Seca;Perfeito estado;Não existe;R-6a;40 km/h;2019
25/10/2019;19:51:00;SEM VÍTIMA;AFLITOS;AV SANTOS DUMONT;;COLISÃO;1;1;;;;;;;0;;;;;;;;;;2019
25/10/2019;20:10:00;COM VÍTIMA;CAMPO GRANDE;RUA SAO CAETANO;SUBURBIO;ABALROAMENTO TRANSVERSAL;1;1;;;;;;;1;;Bom;Não existe;Perfeito estado;Seca;Perfeito estado;Não existe;Placas Pare;;2019
25/10/2019;22:40:00;SEM VÍTIMA;IMBIRIBEIRA;RUA SARGENTO SILVINO DE MACEDO;;COLISÃO;2;;;;;;;;0;;;;;;;;;;2019
25/10/2019;22:50:00;SEM VÍTIMA;GRAÇAS;RUA JOAQUIM NABUCO;SUBURBIO;ABALROAMENTO LONGITUDINAL;2;;;;;;;;0;;Bom;Sem defeito;Perfeito estado;Seca;Perfeito estado;;Não há placas;;2019
25/10/2019;23:01:00;SEM VÍTIMA;SANTO AMARO;RUA DOS PALMARES;CIDADE;ABALROAMENTO TRANSVERSAL;2;;;;;;;;0;;Bom;Sem defeito;Perfeito estado;Seca;Perfeito estado;Faixa de pedestre;;;2019
25/10/2019;23:13:00;SEM VÍTIMA;COHAB;AV JORNALISTA COSTA PORTO;CIDADE;ABALROAMENTO LONGITUDINAL;2;;;;;;;;0;;Bom;Não existe;Perfeito estado;Seca;Perfeito estado;Não existe;Não há placas;;2019
26/10/2019;01:22:00;SEM VÍTIMA;AFOGADOS;RUA VINTE E UM DE ABRIL;;ABALROAMENTO TRANSVERSAL;2;;;;;;;;0;;Bom;Sem defeito;Perfeito estado;Seca;Perfeito estado;Faixa de pedestre;Outras;;2019
26/10/2019;03:53:00;SEM VÍTIMA;BOA VIAGEM;AV BOA VIAGEM;CIDADE;CHOQUE OBJETO FIXO;1;;;;;;;;0;;Bom;Não existe;Perfeito estado;Seca;Perfeito estado;Outros;Não há placas;;2019
26/10/2019;06:13:00;SEM VÍTIMA;BOA VIAGEM;RUA FELIX DE BRITO E MELO;;COLISÃO;2;;;;;;;;0;;;;;;;;;;2019
26/10/2019;07:07:00;SEM VÍTIMA;CAMPO GRANDE;RUA FRANKLIN TAVORA;;ABALROAMENTO TRANSVERSAL;2;;;;;;;;0;;Bom;Não existe;Perfeito estado;Seca;Perfeito estado;;;;2019
26/10/2019;07:53:00;SEM VÍTIMA;BOA VIAGEM;AV ENGENHEIRO DOMINGOS FERREIRA;SUBURBIO;ABALROAMENTO LONGITUDINAL;1;1;;;;;;;0;;Bom;Sem defeito;Perfeito estado;Seca;Perfeito estado;Faixa de pedestre;R-6a;60 km/h;2019
26/10/2019;09:22:00;SEM VÍTIMA;MANGABEIRA;AV NORTE;SUBURBIO;CHOQUE VEÍCULO PARADO;2;;;;;;;;0;;Bom;Sem defeito;Perfeito estado;Seca;Perfeito estado;Faixa de pedestre;Placas Pare;;2019
26/10/2019;11:51:00;SEM VÍTIMA;IMBIRIBEIRA;AV MARECHAL MASCARENHAS DE MORAES;CIDADE;ABALROAMENTO LONGITUDINAL;1;;;;1;;;;0;;Bom;Não existe;Perfeito estado;Seca;Perfeito estado;Não existe;R-6a;;2019
26/10/2019;12:14:00;SEM VÍTIMA;;RUA BALTAZAR PASSOS;;ABALROAMENTO TRANSVERSAL;2;;;;;;;;0;;Bom;Não existe;Perfeito estado;Seca;Perfeito estado;;Placas Pare;;2019
26/10/2019;12:14:00;SEM VÍTIMA;JARDIM SÃO PAULO;AV SAO PAULO;SUBURBIO;ABALROAMENTO TRANSVERSAL;2;;;;;;;;0;;Bom;Não existe;;;;Não existe;Não há placas;30 km/h;2019
26/10/2019;12:19:00;SEM VÍTIMA;BOA VIAGEM;RUA ERNESTO DE PAULA SANTOS;;ABALROAMENTO LONGITUDINAL;1;;;;1;;;;0;;Bom;Não existe;Perfeito estado;Seca;Perfeito estado;;Não há placas;;2019
26/10/2019;12:20:00;SEM VÍTIMA;VÁRZEA;RUA GENERAL POLIDORO;;COLISÃO TRASEIRA;1;;;;1;;;;0;;Bom;Não existe;Não existente;Seca;Perfeito estado;Não existe;Não há placas;;2019
26/10/2019;12:52:00;SEM VÍTIMA;AFLITOS;RUA MANUEL DE CARVALHO;;COLISÃO;2;;;;;;;;0;;;;;;;;;;2019
26/10/2019;13:10:00;SEM VÍTIMA;GRAÇAS;AV RUI BARBOSA;;COLISÃO;2;;;;;;;;0;;;;;;;;;;2019
26/10/2019;13:10:00;SEM VÍTIMA;BOA VIAGEM;RUA CAPITAO ZUZINHA;;COLISÃO;2;;;;;;;;0;;;;;;;;;;2019
26/10/2019;13:46:00;SEM VÍTIMA;CORDEIRO;RUA GOMES TABORDA;;COLISÃO;1;1;;;;;;;0;;;;;;;;;;2019
26/10/2019;13:55:00;COM VÍTIMA;CAMPO GRANDE;RUA MARQUES DE BAIPENDI;SUBURBIO;ABALROAMENTO TRANSVERSAL;1;1;;;;;;;1;;Bom;Não existe;Não existente;Seca;Perfeito estado;Não existe;Não há placas;;2019
26/10/2019;15:00:00;SEM VÍTIMA;BOA VIAGEM;RUA DHALIA;;COLISÃO;2;;;;;;;;0;;;;;;;;;;2019
26/10/2019;15:14:00;SEM VÍTIMA;IBURA;RUA JORNALISTA EDSON REGIS;;COLISÃO;1;1;;;;;;;0;;;;;;;;;;2019
26/10/2019;15:54:00;SEM VÍTIMA;IPSEP;AV RECIFE;;COLISÃO TRASEIRA;2;;;;;;;;0;;Bom;Sem defeito;Perfeito estado;Seca;Perfeito estado;Faixa de pedestre;Outras;;2019
26/10/2019;16:20:00;SEM VÍTIMA;IBURA;AV QUEIXARAMOBIM;;COLISÃO;1;1;;;;;;;0;;;;;;;;;;2019
26/10/2019;16:27:00;SEM VÍTIMA;TORRE;RUA MARCOS ANDRE;SUBURBIO;CHOQUE VEÍCULO PARADO;2;;;;;;;;0;;Bom;Não existe;Incompleta;Seca;Perfeito estado;;;;2019
26/10/2019;17:18:00;SEM VÍTIMA;VÁRZEA;RUA PROFESSOR CHAVES BATISTA;;COLISÃO TRASEIRA;2;;;;;;;;0;;Bom;Sem defeito;Perfeito estado;Seca;Perfeito estado;;Outras;60 km/h;2019
26/10/2019;19:13:00;SEM VÍTIMA;DERBY;AV GOVERNADOR AGAMENON MAGALHAES;SUBURBIO;COLISÃO TRASEIRA;3;;;;;;;;0;;Bom;Não existe;Perfeito estado;Seca;Perfeito estado;Outros;Outras;;2019
26/10/2019;20:48:00;COM VÍTIMA;IPUTINGA;RUA DES OSCAR COUTINHO;SUBURBIO;ABALROAMENTO TRANSVERSAL;1;1;;;;;;;2;;Bom;Não existe;Não existente;Seca;Perfeito estado;;Não há placas;30 km/h;2019
26/10/2019;22:14:00;SEM VÍTIMA;CAMPO GRANDE;RUA FRANKLIN TAVORA;SUBURBIO;COLISÃO TRASEIRA;2;;;;;;;;0;;Bom;Não existe;Ilegível;;Perfeito estado;Faixa de retenção;Não há placas;;2019
26/10/2019;22:20:00;SEM VÍTIMA;PINA;AV ANTONIO DE GOES;SUBURBIO;ABALROAMENTO LONGITUDINAL;2;;;;;;;;0;;Bom;Sem defeito;Perfeito estado;Seca;Perfeito estado;Faixa de pedestre;Não há placas;;2019
26/10/2019;22:32:00;COM VÍTIMA;BOA VIAGEM;AV CONSELHEIRO AGUIAR;CIDADE;ABALROAMENTO LONGITUDINAL;1;1;;;;;;;1;;Bom;Não existe;Perfeito estado;Seca;Perfeito estado;;Outras;;2019
27/10/2019;01:13:00;SEM VÍTIMA;BAIRRO DO RECIFE;RUA MARIZ E BARROS;CIDADE;CHOQUE VEÍCULO PARADO;2;;;;;;;;0;;Bom;Sem defeito;Perfeito estado;Seca;Perfeito estado;Não existe;;;2019
27/10/2019;04:03:00;SEM VÍTIMA;DERBY;PRC DO DERBY;CIDADE;CHOQUE VEÍCULO PARADO;2;;;;;;;;0;;Bom;Sem defeito;Incompleta;Seca;Mal iluminada;Não existe;Não há placas;;2019
27/10/2019;06:20:00;SEM VÍTIMA;BOA VIAGEM;RUA TENENTE DOMINGOS DE BRITO;;CHOQUE VEÍCULO PARADO;2;;;;;;;;0;;Bom;Não existe;Ilegível;Seca;Mal iluminada;Não existe;Não há placas;;2019
27/10/2019;07:48:00;SEM VÍTIMA;BOA VIAGEM;RUA DOS NAVEGANTES;;COLISÃO;2;;;;;;;;0;;;;;;;;;;2019
27/10/2019;08:26:00;SEM VÍTIMA;BOA VIAGEM;RUA JONATHAS DE VASCONCELOS;;COLISÃO;2;;;;;;;;0;;;;;;;;;;2019
27/10/2019;09:29:00;SEM VÍTIMA;DOIS UNIDOS;AV HILDEBRANDO DE VASCONCELOS;SUBURBIO;CHOQUE OBJETO FIXO;1;;;;;;;;0;;Bom;Não existe;Perfeito estado;Seca;Perfeito estado;;;;2019
27/10/2019;10:07:00;SEM VÍTIMA;TORRE;RUA JOSE BONIFACIO;CIDADE;ABALROAMENTO LONGITUDINAL;2;;;;;;;;0;;Bom;Sem defeito;Perfeito estado;Seca;Perfeito estado;;;;2019
27/10/2019;12:00:00;COM VÍTIMA;ESPINHEIRO;AV NORTE;;ABALROAMENTO TRANSVERSAL;1;1;;;;;;;1;;Bom;Sem defeito;Perfeito estado;Seca;Perfeito estado;Faixa de pedestre;R-4b;;2019
27/10/2019;13:02:00;SEM VÍTIMA;PINA;AV ANTONIO DE GOES;CIDADE;COLISÃO TRASEIRA;2;;;;;;;;0;;Bom;Não existe;Não existente;Seca;Perfeito estado;Não existe;Não há placas;;2019
27/10/2019;13:43:00;COM VÍTIMA;BOA VIAGEM;RUA PADRE BERNADINO PESSOA;;ABALROAMENTO TRANSVERSAL;1;1;;;;;;;3;;Bom;Não existe;Perfeito estado;Seca;Perfeito estado;Faixa de pedestre;;40 km/h;2019
27/10/2019;15:20:00;COM VÍTIMA;NOVA DESCOBERTA;RUA NOVA DESCOBERTA;SUBURBIO;ABALROAMENTO LONGITUDINAL;;2;;;;;;;3;;;Não existe;Ilegível;Seca;Perfeito estado;Não existe;Outras;;2019
27/10/2019;16:55:00;COM VÍTIMA;BARRO;AV DR JOSE RUFINO;CIDADE;COLISÃO FRONTAL;1;1;;;;;;;2;;Bom;Sem defeito;Perfeito estado;Seca;Perfeito estado;Faixa de retenção;Outras;40 km/h;2019
27/10/2019;17:48:00;SEM VÍTIMA;PAISSANDU;TUNEL CHICO SCIENCE;CIDADE;ABALROAMENTO LONGITUDINAL;2;;;;;;;;0;;Bom;Não existe;Perfeito estado;Seca;Perfeito estado;Não existe;Não há placas;;2019
27/10/2019;18:52:00;SEM VÍTIMA;DERBY;AV GOVERNADOR AGAMENON MAGALHAES;;ABALROAMENTO LONGITUDINAL;2;;;;;;;;0;;Bom;Não existe;Perfeito estado;Seca;Perfeito estado;Não existe;Outras;;2019