data;hora;natureza_acidente;bairro;endereco;sentido_via;tipo;auto;moto;ciclista;pedestre;onibus;caminhao;viatura;outros;vitimas;vitimasfatais;tempo_clima;situacao_semaforo;sinalizacao;condicao_via;conservacao_via;ponto_controle;situacao_placa;velocidade_max_via;ano
27/10/2019;19:27:00;SEM VÍTIMA;SANTO ANTÔNIO;AV N S DO CARMO;;ABALROAMENTO LONGITUDINAL;1;;;;1;;;;0;;Bom;Não existe;Perfeito estado;Seca;Perfeito estado;Não existe;Outras;;2019
27/10/2019;19:39:00;SEM VÍTIMA;BOA VIAGEM;RUA JOSE DOMINGUES DA SILVA;;COLISÃO;1;1;;;;;;;0;;;;;;;;;;2019
27/10/2019;19:54:00;SEM VÍTIMA;VÁRZEA;AV BARAO DE BONITO;SUBURBIO;ABALROAMENTO LONGITUDINAL;2;;;;;;;;0;;Bom;Não existe;Incompleta;Seca;Perfeito estado;Não existe;;;2019
27/10/2019;20:49:00;SEM VÍTIMA;PRADO;AV ENGENHEIRO ABDIAS DE CARVALHO;SUBURBIO;ABALROAMENTO LONGITUDINAL;2;;;;;;;;0;;Bom;Sem defeito;Perfeito estado;Seca;Perfeito estado;Faixa de pedestre;Não há placas;60 km/h;2019
28/10/2019;07:11:00;SEM VÍTIMA;CORDEIRO;AV MAURICIO DE NASSAU;CIDADE;ABALROAMENTO LONGITUDINAL;1;;;;;1;;;0;;Bom;Sem defeito;Perfeito estado;Seca;Perfeito estado;Faixa de pedestre;Não há placas;30 km/h;2019
28/10/2019;08:40:00;SEM VÍTIMA;ÁGUA FRIA;RUA DR EUDES COSTA;;ABALROAMENTO LONGITUDINAL;2;;;;;;;;0;;Bom;Não existe;Perfeito estado;Seca;Perfeito estado;Não existe;Outras;;2019
28/10/2019;08:43:00;SEM VÍTIMA;CORDEIRO;AV INACIO MONTEIRO;;ABALROAMENTO TRANSVERSAL;2;;;;;;;;0;;Bom;Sem defeito;Perfeito estado;Seca;Perfeito estado;Faixa de pedestre;;;2019
28/10/2019;09:20:00;SEM VÍTIMA;ESTÂNCIA;AV DR JOSE RUFINO;SUBURBIO;ABALROAMENTO TRANSVERSAL;1;;;;;1;;;0;;Bom;Não existe;Ilegível;Seca;Perfeito estado;Não existe;Outras;40 km/h;2019
28/10/2019;10:06:00;SEM VÍTIMA;SAN MARTIN;AV GENERAL SAN MARTIN;SUBURBIO;COLISÃO TRASEIRA;2;;;;;;;;0;;Bom;Sem defeito;Perfeito estado;Seca;Perfeito estado;Faixa de pedestre;R-6a;;2019
28/10/2019;10:09:00;SEM VÍTIMA;BOA VIAGEM;AV CONSELHEIRO AGUIAR;CIDADE;COLISÃO TRASEIRA;2;;;;;;;;0;;Bom;Não existe;Perfeito estado;Seca;Perfeito estado;Não existe;Não há placas;;2019
28/10/2019;11:00:00;SEM VÍTIMA;MADALENA;RUA CLOVIS BEVILAQUA;;ABALROAMENTO LONGITUDINAL;2;;;;;;;;0;;Bom;Não existe;Não existente;Seca;Perfeito estado;Não existe;Não há placas;;2019
28/10/2019;11:18:00;COM VÍTIMA;PRADO;EST DO BONGI;CIDADE;COLISÃO COM CICLISTA;1;;1;;;;;;1;;Bom;Sem defeito;Perfeito estado;Seca;Perfeito estado;Não existe;R-4b;;2019
28/10/2019;11:23:00;SEM VÍTIMA;MADALENA;RUA JOSE OSORIO;SUBURBIO;COLISÃO TRASEIRA;2;;;;;;;;0;;Bom;Não existe;Incompleta;Seca;Perfeito estado;Não existe;;;2019
28/10/2019;11:29:00;SEM VÍTIMA;BOA VIAGEM;RUA SERINHAEM;SUBURBIO;ABALROAMENTO LONGITUDINAL;1;;;;;1;;;0;;Bom;Não existe;Não existente;Seca;Perfeito estado;Não existe;Outras;;2019
28/10/2019;11:31:00;SEM VÍTIMA;ESTÂNCIA;RUA NOSSA SENHORA DE FATIMA;;COLISÃO;2;;;;;;;;0;;;;;;;;;;2019
28/10/2019;12:32:00;SEM VÍTIMA;BOA VIAGEM;AV CONSELHEIRO AGUIAR;;COLISÃO;2;;;;;;;;0;;;;;;;;;;2019
28/10/2019;12:48:00;COM VÍTIMA;PINA;AV CONSELHEIRO AGUIAR;CIDADE;ABALROAMENTO TRANSVERSAL;1;1;;;;;;;1;;Bom;Sem defeito;Perfeito estado;Seca;Perfeito estado;Não existe;Outras;;2019
28/10/2019;12:53:00;COM VÍTIMA;MADALENA;RUA JOSE OSORIO;;COLISÃO;1;1;;;;;;;2;;;;;;;;;;2019
28/10/2019;13:03:00;SEM VÍTIMA;MADALENA;RUA BENFICA;CIDADE;ABALROAMENTO LONGITUDINAL;2;;;;;;;;0;;Bom;Sem defeito;Perfeito estado;Seca;Perfeito estado;Faixa de pedestre;Outras;;2019
28/10/2019;13:05:00;SEM VÍTIMA;SANTO AMARO;AV GOVERNADOR AGAMENON MAGALHAES;;COLISÃO TRASEIRA;2;;;;;;;;0;;Bom;Não existe;Perfeito estado;Seca;Perfeito estado;Não existe;Não há placas;;2019
28/10/2019;13:16:00;SEM VÍTIMA;BOA VISTA;RUA DA AURORA;CIDADE;ABALROAMENTO LONGITUDINAL;1;;;;1;;;;0;;Bom;Sem defeito;Perfeito estado;Seca;Perfeito estado;Faixa de pedestre;Outras;40 km/h;2019
28/10/2019;13:41:00;COM VÍTIMA;AREIAS;AV DR JOSE RUFINO;;ABALROAMENTO LONGITUDINAL;1;1;;;;;;;1;;Bom;Sem defeito;Perfeito estado;Seca;Perfeito estado;Faixa de pedestre;;;2019
28/10/2019;13:50:00;SEM VÍTIMA;CORDEIRO;AV CAXANGA;CIDADE;COLISÃO TRASEIRA;2;;;;;;;;0;;Bom;Sem defeito;Perfeito estado;Seca;Perfeito estado;Faixa de pedestre;;;2019
28/10/2019;14:33:00;COM VÍTIMA;BARRO;AV DR JOSE RUFINO;CIDADE;ABALROAMENTO LONGITUDINAL;1;1;;;;;;;1;;Bom;Não existe;Perfeito estado;Seca;Perfeito estado;;;;2019
28/10/2019;14:53:00;SEM VÍTIMA;BOA VIAGEM;RUA FELIX DE BRITO E MELO;SUBURBIO;COLISÃO TRASEIRA;2;;;;;;;;0;;Bom;Sem defeito;Perfeito estado;Seca;Perfeito estado;;Não há placas;;2019
28/10/2019;15:26:00;SEM VÍTIMA;PAISSANDU;RUA GENERAL JOAQUIM INACIO;SUBURBIO;ABALROAMENTO TRANSVERSAL;2;;;;;;;;0;;Bom;Sem defeito;Perfeito estado;Seca;Perfeito estado;Não existe;R-6a;;2019
28/10/2019;15:30:00;SEM VÍTIMA;BOA VIAGEM;RUA ERNESTO DE PAULA SANTOS;;ABALROAMENTO LONGITUDINAL;2;;;;;;;;0;;Bom;Não existe;Perfeito estado;Seca;Perfeito estado;Não existe;R-6a;40 km/h;2019
28/10/2019;16:23:00;SEM VÍTIMA;BOA VIAGEM;RUA TENENTE JOAO CICERO;;ABALROAMENTO LONGITUDINAL;1;;;;;1;;;0;;Bom;Não existe;Perfeito estado;Seca;Perfeito estado;;Placas Pare;;2019
28/10/2019;17:17:00;SEM VÍTIMA;TAMARINEIRA;AV NORTE;SUBURBIO;COLISÃO TRASEIRA;3;;;;;;;;0;;Bom;Não existe;Perfeito estado;Seca;Perfeito estado;Não existe;Não há placas;60 km/h;2019
28/10/2019;17:22:00;SEM VÍTIMA;CORDEIRO;AV ENGENHEIRO ABDIAS DE CARVALHO;SUBURBIO;COLISÃO TRASEIRA;1;;;;;;;1;0;;Bom;;Perfeito estado;Seca;Perfeito estado;;;;2019
28/10/2019;17:27:00;COM VÍTIMA;AFOGADOS;RUA SAO MIGUEL;SUBURBIO;COLISÃO TRASEIRA;2;1;;;;;;;1;;Bom;Não existe;Perfeito estado;Seca;Perfeito estado;Não existe;Outras;;2019
28/10/2019;17:28:00;SEM VÍTIMA;BOA VIAGEM;AVENIDA CELSO FURTADO (VIA MANGUE);SUBURBIO;COLISÃO TRASEIRA;2;;;;;;;;0;;Bom;Não existe;Incompleta;Seca;Mal iluminada;Não existe;Não há placas;;2019
28/10/2019;17:57:00;COM VÍTIMA;MADALENA;AV BEIRA RIO;SUBURBIO;COLISÃO;1;1;;;;;;;2;;Bom;Não existe;Perfeito estado;Seca;Perfeito estado;;;;2019
28/10/2019;18:28:00;SEM VÍTIMA;SÃO JOSÉ;RUA DO MUNIZ;SUBURBIO;ABALROAMENTO LONGITUDINAL;1;;;;;1;;;0;;Bom;;Perfeito estado;Seca;Perfeito estado;Faixa de pedestre;Outras;;2019
28/10/2019;21:55:00;COM VÍTIMA;BEBERIBE;AV BEBERIBE;SUBURBIO;ACID. DE PERCURSO;;1;;;;;;1;1;;Bom;Não existe;Incompleta;Seca;Mal conservada;Não existe;Não há placas;;2019
29/10/2019;00:22:00;SEM VÍTIMA;BOA VIAGEM;VIADUTO TANCREDO NEVES;CIDADE;ABALROAMENTO LONGITUDINAL;2;;;;;;;;0;;Bom;Não existe;Perfeito estado;Seca;Perfeito estado;Não existe;Não há placas;;2019
29/10/2019;06:53:00;SEM VÍTIMA;VÁRZEA;AV PREFEITO ANTONIO PEREIRA;CIDADE;ABALROAMENTO LONGITUDINAL;1;;;;1;;;;0;;Bom;Não existe;Não existente;Seca;Perfeito estado;Não existe;Não há placas;40 km/h;2019
29/10/2019;07:20:00;SEM VÍTIMA;ROSARINHO;AV NORTE;CIDADE;COLISÃO TRASEIRA;1;;;;1;;;;0;;Bom;Não existe;Perfeito estado;Seca;Perfeito estado;Não existe;R-6a;60 km/h;2019
29/10/2019;07:30:00;SEM VÍTIMA;AREIAS;AV RECIFE;BOA VIAGEM;COLISÃO;2;;;;;;;;0;;;;;;;;;;2019
29/10/2019;07:37:00;SEM VÍTIMA;BOA VIAGEM;RUA DEZ DE JULHO;CIDADE;ABALROAMENTO TRANSVERSAL;2;;;;;;;;0;;Bom;Não existe;Perfeito estado;Seca;Perfeito estado;Não existe;Não há placas;;2019
29/10/2019;08:07:00;SEM VÍTIMA;BOA VISTA;RUA BARAO DE SAO BORJA;;ABALROAMENTO TRANSVERSAL;2;;;;;;;;0;;Bom;Não existe;Perfeito estado;Seca;Perfeito estado;Não existe;Placas Pare;;2019
29/10/2019;08:09:00;COM VÍTIMA;BOA VIAGEM;RUA BALTAZAR PEREIRA;CIDADE;ABALROAMENTO LONGITUDINAL;1;1;;;;;;;1;;Bom;Não existe;Perfeito estado;Seca;Perfeito estado;Não existe;Outras;60 km/h;2019
29/10/2019;08:21:00;SEM VÍTIMA;ENCRUZILHADA;RUA DONA JULIETA;SUBURBIO;ABALROAMENTO TRANSVERSAL;1;1;;;;;;;0;;Bom;Não existe;Perfeito estado;Seca;Perfeito estado;;;;2019
29/10/2019;08:22:00;SEM VÍTIMA;PONTO DE PARADA;RUA DONA JULIETA;;COLISÃO;1;1;;;;;;;0;;;;;;;;;;2019
29/10/2019;08:27:00;COM VÍTIMA;CASA AMARELA;AV NORTE;CIDADE;ABALROAMENTO LONGITUDINAL;;2;;;;;;;1;;Bom;Sem defeito;Perfeito estado;Seca;Perfeito estado;Faixa de pedestre;;;2019
29/10/2019;09:05:00;COM VÍTIMA;ENCRUZILHADA;RUA FERNANDO CESAR;SUBURBIO;ABALROAMENTO TRANSVERSAL;1;1;;;;;;;1;;Bom;Não existe;Perfeito estado;Seca;Perfeito estado;Faixa de pedestre;Placas Pare;30 km/h;2019
29/10/2019;09:12:00;SEM VÍTIMA;PINA;AV ANTONIO DE GOES;CIDADE;COLISÃO TRASEIRA;4;;;;;;;;0;;Bom;Sem defeito;Perfeito estado;Seca;Perfeito estado;Agente;Outras;60 km/h;2019
29/10/2019;09:30:00;SEM VÍTIMA;;PTE ESTACIO COIMBRA;CIDADE;COLISÃO TRASEIRA;3;;;;;;;;0;;Bom;Não existe;Perfeito estado;Seca;Perfeito estado;Não existe;Não há placas;;2019
29/10/2019;09:38:00;SEM VÍTIMA;MUSTARDINHA;AV MANOEL GONCALVES DA LUZ;CIDADE;ABALROAMENTO LONGITUDINAL;1;;;;1;;;;0;;Bom;Não existe;Não existente;Seca;Perfeito estado;Não existe;Outras;40 km/h;2019
29/10/2019;09:38:00;SEM VÍTIMA;BOA VISTA;AV GOVERNADOR AGAMENON MAGALHAES;SUBURBIO;COLISÃO TRASEIRA;2;;;;;;;;0;;Bom;Sem defeito;Perfeito estado;Seca;Perfeito estado;Faixa de pedestre;Outras;60 km/h;2019
29/10/2019;09:48:00;SEM VÍTIMA;BOA VIAGEM;RUA ANTONIO FALCAO;CIDADE;ABALROAMENTO TRANSVERSAL;2;;;;;;;;0;;Bom;Sem defeito;Perfeito estado;Seca;Perfeito estado;Faixa de pedestre;Não há placas;;2019
29/10/2019;09:57:00;SEM VÍTIMA;BOA VIAGEM;AV CONSELHEIRO AGUIAR;;COLISÃO TRASEIRA;3;;;;;;;;0;;Bom;Sem defeito;Perfeito estado;Seca;Perfeito estado;;;;2019
29/10/2019;10:02:00;SEM VÍTIMA;BOA VISTA;RUA GERVASIO PIRES;SUBURBIO;ABALROAMENTO LONGITUDINAL;2;;;;;;;;0;;Bom;Sem defeito;Perfeito estado;Seca;Perfeito estado;Faixa de pedestre;Outras;;2019
29/10/2019;10:24:00;COM VÍTIMA;BOA VIAGEM;RUA WALDEMAR NERY CARNEIRO MONTEIRO;SUBURBIO;ABALROAMENTO TRANSVERSAL;2;;;;;;;;1;;Bom;Não existe;Perfeito estado;Seca;Perfeito estado;Faixa de pedestre;Placas Pare;;2019
29/10/2019;10:51:00;SEM VÍTIMA;ILHA DO LEITE;AV GOVERNADOR AGAMENON MAGALHAES;;COLISÃO TRASEIRA;2;;;;;;;;0;;Bom;Sem defeito;Perfeito estado;Seca;Perfeito estado;Agente;Outras;60 km/h;2019
29/10/2019;11:16:00;SEM VÍTIMA;ESPINHEIRO;RUA AMELIA;CIDADE;ABALROAMENTO LONGITUDINAL;2;;;;;;;;0;;Bom;Sem defeito;Perfeito estado;Seca;Perfeito estado;Faixa de pedestre;Outras;;2019
29/10/2019;11:31:00;SEM VÍTIMA;SAN MARTIN;RUA APULCRO DE ASSUNCAO;;ABALROAMENTO TRANSVERSAL;2;;;;;;;;0;;Bom;Não existe;Perfeito estado;Seca;Perfeito estado;Outros;Outras;;2019
29/10/2019;11:40:00;SEM VÍTIMA;IMBIRIBEIRA;RUA ITAUBA;SUBURBIO;ABALROAMENTO TRANSVERSAL;2;;;;;;;;0;;Bom;Não existe;Perfeito estado;Seca;Perfeito estado;;Placas Pare;;2019
29/10/2019;11:45:00;SEM VÍTIMA;IMBIRIBEIRA;AV MARECHAL MASCARENHAS DE MORAES;SUBURBIO;COLISÃO TRASEIRA;1;;;;;1;;;0;;Bom;Sem defeito;Perfeito estado;Seca;Perfeito estado;Faixa de retenção;Não há placas;;2019
29/10/2019;12:05:00;SEM VÍTIMA;CORDEIRO;RUA TIJUCAS;;COLISÃO;2;;;;;;;;0;;;;;;;;;;2019
29/10/2019;12:08:00;SEM VÍTIMA;TEJIPIÓ;RUA PIRAMBOIA;;COLISÃO;1;1;;;;;;;0;;;;;;;;;;2019
29/10/2019;12:29:00;SEM VÍTIMA;MADALENA;RUA JOSE OSORIO;;COLISÃO;2;;;;;;;;0;;;;;;;;;;2019
29/10/2019;13:02:00;SEM VÍTIMA;AREIAS;AV RECIFE;;COLISÃO;3;;;;;;;;0;;;;;;;;;;2019
29/10/2019;13:14:00;SEM VÍTIMA;MADALENA;RUA REAL DA TORRE;CIDADE;COLISÃO TRASEIRA;2;;;;;;;;0;;Bom;Não existe;Perfeito estado;Seca;Perfeito estado;Não existe;Outras;;2019
29/10/2019;13:27:00;SEM VÍTIMA;MADALENA;RUA REAL DA TORRE;CIDADE;COLISÃO TRASEIRA;2;;;;;;;;0;;Bom;Não existe;Perfeito estado;Seca;Perfeito estado;Não existe;R-6a;60 km/h;2019
29/10/2019;14:05:00;SEM VÍTIMA;MADALENA;RUA REAL DA TORRE;SUBURBIO;COLISÃO TRASEIRA;1;1;;;;;;;0;;Bom;Não existe;Perfeito estado;Seca;Perfeito estado;Outros;Outras;;2019
29/10/2019;14:17:00;SEM VÍTIMA;IMBIRIBEIRA;AV PINHEIROS;;ABALROAMENTO LONGITUDINAL;1;1;;;;;;;0;;Bom;Sem defeito;Perfeito estado;Seca;Perfeito estado;Faixa de retenção;Não há placas;;2019
29/10/2019;14:18:00;COM VÍTIMA;TORRE;AV BEIRA RIO;SUBURBIO;COLISÃO COM CICLISTA;;1;1;;;;;;1;;Bom;Sem defeito;Perfeito estado;Seca;Perfeito estado;Faixa de pedestre;Placas Pare;;2019
29/10/2019;14:20:00;SEM VÍTIMA;BRASÍLIA TEIMOSA;RUA ARABAIANA;CIDADE;ABALROAMENTO LONGITUDINAL;2;;;;;;;;0;;Bom;Não existe;Perfeito estado;Seca;Perfeito estado;Não existe;Não há placas;;2019
29/10/2019;14:42:00;SEM VÍTIMA;ILHA DO LEITE;RUA DR JOAO ASFORA;CIDADE;ABALROAMENTO LONGITUDINAL;2;;;;;;;;0;;Bom;Sem defeito;Perfeito estado;Seca;Perfeito estado;Faixa de pedestre;R-6a;;2019
29/10/2019;14:49:00;SEM VÍTIMA;ESPINHEIRO;AV CONS ROSA E SILVA;SUBURBIO;ABALROAMENTO TRANSVERSAL;2;;;;;;;;0;;Bom;Não existe;Perfeito estado;Seca;Perfeito estado;Não existe;;;2019
29/10/2019;15:08:00;SEM VÍTIMA;ILHA DO LEITE;RUA PAISSANDU;SUBURBIO;COLISÃO TRASEIRA;2;;;;;;;;0;;Bom;Não existe;Perfeito estado;Seca;Perfeito estado;Não existe;;;2019
29/10/2019;15:17:00;SEM VÍTIMA;BOA VISTA;AV JOAO DE BARROS;CIDADE;CHOQUE OBJETO FIXO;;;;;;1;;;0;;Bom;Não existe;Perfeito estado;Seca;Perfeito estado;Não existe;R-6a;60 km/h;2019
29/10/2019;15:46:00;SEM VÍTIMA;BOA VIAGEM;RUA PROFESSOR AUGUSTO LINS E SILVA;SUBURBIO;ABALROAMENTO LONGITUDINAL;2;;;;;;;;0;;Bom;Não existe;Incompleta;Seca;Perfeito estado;Não existe;Não há placas;;2019
29/10/2019;17:16:00;SEM VÍTIMA;PINA;RUA MANOEL DE BRITO;;ABALROAMENTO LONGITUDINAL;;1;;;1;;;;0;;Bom;Não existe;;;;;Não há placas;40 km/h;2019
29/10/2019;17:21:00;SEM VÍTIMA;MACAXEIRA;AV NORTE;SUBURBIO;COLISÃO TRASEIRA;1;1;;;;;;;0;;Bom;Sem defeito;Perfeito estado;Seca;Perfeito estado;;;;2019
29/10/2019;17:36:00;SEM VÍTIMA;MADALENA;AV BEIRA RIO;SUBURBIO;ABALROAMENTO LONGITUDINAL;1;;;;;;;;0;;Bom;Sem defeito;Perfeito estado;Seca;Perfeito estado;Faixa de pedestre;Não há placas;;2019
29/10/2019;17:47:00;SEM VÍTIMA;CASA FORTE;AV DEZESSETE DE AGOSTO;CIDADE;ABALROAMENTO TRANSVERSAL;1;1;;;;;;;0;;Bom;Não existe;Perfeito estado;Seca;Perfeito estado;Faixa de retenção;Placas Pare;;2019
29/10/2019;18:03:00;SEM VÍTIMA;BOA VISTA;RUA DO PRINCIPE;CIDADE;ABALROAMENTO LONGITUDINAL;1;;;;1;;;;0;;Bom;Sem defeito;Incompleta;Seca;Perfeito estado;Faixa de pedestre;Não há placas;;2019
29/10/2019;18:04:00;SEM VÍTIMA;BOA VISTA;RUA DOM BOSCO;SUBURBIO;COLISÃO TRASEIRA;2;;;;;;;;0;;Bom;Não existe;Perfeito estado;Seca;Perfeito estado;Agente;Outras;;2019
29/10/2019;18:16:00;SEM VÍTIMA;JARDIM SÃO PAULO;AV SAO PAULO;;ABALROAMENTO TRANSVERSAL;2;;;;;;;;0;;Bom;Não existe;Incompleta;Seca;Perfeito estado;Não existe;;30 km/h;2019
29/10/2019;18:21:00;SEM VÍTIMA;ÁGUA FRIA;RUA ZEFERINO AGRA;;COLISÃO;2;;;;;;;;0;;;;;;;;;;2019
29/10/2019;18:23:00;SEM VÍTIMA;MADALENA;AV BEIRA RIO;SUBURBIO;ABALROAMENTO LONGITUDINAL;1;;;;;1;;;0;;Bom;Sem defeito;Perfeito estado;Seca;Perfeito estado;Agente;Não há placas;;2019
29/10/2019;18:30:00;SEM VÍTIMA;BOA VIAGEM;RUA JOAO CARDOSO AIRES;SUBURBIO;ABALROAMENTO LONGITUDINAL;2;;;;;;;;0;;Bom;Não existe;Perfeito estado;Seca;Perfeito estado;Faixa de retenção;Não há placas;;2019
29/10/2019;18:35:00;COM VÍTIMA;CASA AMARELA;EST DO ARRAIAL;SUBURBIO;ABALROAMENTO LONGITUDINAL;1;1;;;;;;;1;;Bom;Não existe;Perfeito estado;Seca;Perfeito estado;Não existe;Outras;;2019
29/10/2019;18:53:00;SEM VÍTIMA;ESTÂNCIA;RUA MORAIS E SILVA;SUBURBIO;ABALROAMENTO TRANSVERSAL;2;;;;;;;;0;;Bom;Não existe;Não existente;Seca;Perfeito estado;Não existe;Não há placas;;2019
29/10/2019;19:33:00;SEM VÍTIMA;ESPINHEIRO;RUA DO ESPINHEIRO;CIDADE;ABALROAMENTO LONGITUDINAL;2;;;;;;;;0;;Bom;Não existe;Perfeito estado;Seca;Perfeito estado;Faixa de pedestre;R-6a;;2019
29/10/2019;19:41:00;COM VÍTIMA;BARRO;AV DR JOSE RUFINO;;COLISÃO;;;;;;;;;1;;;;;;;;;;2019
29/10/2019;20:11:00;SEM VÍTIMA;CORDEIRO;AV MARIO ALVARES PEREIRA DE LYRA;SUBURBIO;COLISÃO FRONTAL;2;;;;;;;;0;;Bom;Sem defeito;Perfeito estado;Seca;Perfeito estado;;Não há placas;;2019
29/10/2019;20:17:00;COM VÍTIMA;SÃO JOSÉ;AV SUL;CIDADE;CHOQUE OBJETO FIXO;;;;;1;;;;1;;Bom;Não existe;Perfeito estado;Seca;Perfeito estado;Não existe;R-6a;60 km/h;2019
29/10/2019;21:30:00;SEM VÍTIMA;IMBIRIBEIRA;VIADUTO TANCREDO NEVES;SUBURBIO;COLISÃO FRONTAL;2;;;;;;;;0;;Bom;Não existe;Não existente;Seca;Perfeito estado;Não existe;Não há placas;;2019
29/10/2019;21:50:00;SEM VÍTIMA;VÁRZEA;AV CAXANGA;SUBURBIO;COLISÃO TRASEIRA;3;;;;;;;;0;;Bom;;;;;Não existe;R-6a;;2019
29/10/2019;23:07:00;SEM VÍTIMA;GRAÇAS;AV GOVERNADOR AGAMENON MAGALHAES;SUBURBIO;ABALROAMENTO TRANSVERSAL;1;;;;;1;;;0;;Bom;Sem defeito;Perfeito estado;Seca;Perfeito estado;Faixa de pedestre;Não há placas;;2019
30/10/2019;07:33:00;SEM VÍTIMA;AREIAS;AV RECIFE;;COLISÃO;1;;;;;1;;;0;;;;;;;;;;2019
30/10/2019;07:33:00;COM VÍTIMA;MADALENA;AV JOSE GONCALVES DE MEDEIROS;SUBURBIO;ABALROAMENTO LONGITUDINAL;1;1;;;;;;;1;;Bom;Não existe;Ilegível;Seca;Mal conservada;Não existe;R-6a;;2019
30/10/2019;07:38:00;SEM VÍTIMA;DERBY;AV GOVERNADOR AGAMENON MAGALHAES;BOA VIAGEM;COLISÃO;1;;;;1;;;;0;;;;;;;;;;2019
30/10/2019;07:51:00;SEM VÍTIMA;SANCHO;AV LIBERDADE;SUBURBIO;COLISÃO TRASEIRA;2;;;;;;;;0;;Bom;Não existe;Perfeito estado;Seca;Perfeito estado;Não existe;R-6a;;2019
30/10/2019;07:52:00;SEM VÍTIMA;SANTO AMARO;AV NORTE;CIDADE;COLISÃO TRASEIRA;1;1;;;;;;;0;;Bom;Sem defeito;Perfeito estado;Seca;Perfeito estado;Agente;;60 km/h;2019
30/10/2019;08:00:00;SEM VÍTIMA;CASA AMARELA;RUA GUEDES PEREIRA;CIDADE;ABALROAMENTO TRANSVERSAL;2;;;;;;;;0;;Bom;Não existe;Perfeito estado;Seca;Perfeito estado;Não existe;Outras;;2019
30/10/2019;08:08:00;SEM VÍTIMA;SAN MARTIN;AV CONSUL VILARES FRAGOSO;CIDADE;COLISÃO TRASEIRA;2;;;;;;;;0;;Bom;Sem defeito;Perfeito estado;Seca;Perfeito estado;Faixa de pedestre;R-6a;;2019
30/10/2019;08:12:00;SEM VÍTIMA;PRADO;AV ENGENHEIRO ABDIAS DE CARVALHO;CIDADE;COLISÃO COM CICLISTA;;1;1;;;;;;0;;Bom;Sem defeito;Perfeito estado;Seca;Perfeito estado;Faixa de pedestre;Outras;;2019
30/10/2019;08:13:00;SEM VÍTIMA;AFOGADOS;RUA VISCONDE DE PELOTAS;SUBURBIO;ABALROAMENTO LONGITUDINAL;1;;;;;1;;;0;;Bom;Sem defeito;Perfeito estado;Seca;Perfeito estado;;Outras;;2019
30/10/2019;08:29:00;SEM VÍTIMA;SÃO JOSÉ;AV SUL;;COLISÃO;1;1;;;;;;;0;;;;;;;;;;2019
30/10/2019;08:32:00;SEM VÍTIMA;DERBY;RUA DA BAIXA VERDE;CIDADE;COLISÃO TRASEIRA;2;;;;;;;;0;;Bom;Não existe;Perfeito estado;Seca;Perfeito estado;Faixa de pedestre;;;2019
30/10/2019;08:42:00;SEM VÍTIMA;ESPINHEIRO;AV CONS ROSA E SILVA;SUBURBIO;COLISÃO TRASEIRA;3;;;;;;;;0;;Bom;Sem defeito;Perfeito estado;Seca;Perfeito estado;Faixa de pedestre;;;2019
30/10/2019;08:43:00;COM VÍTIMA;DERBY;AV GOVERNADOR AGAMENON MAGALHAES;CIDADE;ATROPELAMENTO;;1;;1;;;;;1;;Bom;Sem defeito;Perfeito estado;Seca;Perfeito estado;Agente;Placas Dê a preferência;60 km/h;2019
30/10/2019;08:54:00;SEM VÍTIMA;IPSEP;AV RECIFE;SUBURBIO;ABALROAMENTO LONGITUDINAL;1;;;;1;;;;0;;Bom;Não existe;Perfeito estado;Seca;Perfeito estado;Não existe;Placas Pare;;2019
30/10/2019;09:06:00;SEM VÍTIMA;PINA;AV ANTONIO DE GOES;CIDADE;COLISÃO TRASEIRA;2;;;;;;;;0;;Bom;Não existe;Perfeito estado;Seca;Perfeito estado;Não existe;Não há placas;60 km/h;2019
30/10/2019;09:49:00;SEM VÍTIMA;ILHA DO RETIRO;AV BEIRA RIO;SUBURBIO;COLISÃO TRASEIRA;2;;;;;;;;0;;Bom;Não existe;Perfeito estado;Seca;Perfeito estado;Não existe;R-6a;;2019
30/10/2019;09:59:00;SEM VÍTIMA;IMBIRIBEIRA;AV MARECHAL MASCARENHAS DE MORAES;CIDADE;COLISÃO TRASEIRA;2;;;;;;;;0;;Bom;Sem defeito;Perfeito estado;Seca;Perfeito estado;Faixa de pedestre;Outras;;2019
30/10/2019;10:43:00;SEM VÍTIMA;MADALENA;AV JOSE GONCALVES DE MEDEIROS;;COLISÃO;2;;;;;;;;0;;;;;;;;;;2019
30/10/2019;11:25:00;SEM VÍTIMA;BOA VISTA;RUA DO RIACHUELO;CIDADE;ABALROAMENTO LONGITUDINAL;1;1;;;;;;;0;;Bom;Não existe;Incompleta;Seca;Perfeito estado;Não existe;Não há placas;;2019
30/10/2019;11:30:00;SEM VÍTIMA;IMBIRIBEIRA;AV MARECHAL MASCARENHAS DE MORAES;CIDADE;COLISÃO TRASEIRA;2;;;;;;;;0;;Bom;Não existe;Perfeito estado;Seca;Perfeito estado;Não existe;;;2019
30/10/2019;11:34:00;SEM VÍTIMA;CORDEIRO;AV ENGENHEIRO ABDIAS DE CARVALHO;CIDADE;ABALROAMENTO LONGITUDINAL;2;;;;;;;;0;;Bom;Sem defeito;Perfeito estado;Seca;Perfeito estado;Agente;Não há placas;;2019