data;hora;natureza_acidente;bairro;endereco;sentido_via;tipo;auto;moto;ciclista;pedestre;onibus;caminhao;viatura;outros;vitimas;vitimasfatais;tempo_clima;situacao_semaforo;sinalizacao;condicao_via;conservacao_via;ponto_controle;situacao_placa;velocidade_max_via;ano
30/10/2019;11:35:00;SEM VÍTIMA;BOA VIAGEM;RUA ERNESTO DE PAULA SANTOS;SUBURBIO;COLISÃO TRASEIRA;3;;;;;;;;0;;Bom;Não existe;Perfeito estado;Seca;Perfeito estado;Não existe;Não há placas;;2019
30/10/2019;12:27:00;SEM VÍTIMA;ROSARINHO;AV NORTE;CIDADE;COLISÃO TRASEIRA;3;;;;;;;;0;;Bom;Não existe;Perfeito estado;Seca;Perfeito estado;Faixa de pedestre;Outras;;2019
30/10/2019;12:46:00;SEM VÍTIMA;TORRE;RUA JOSE BONIFACIO;;COLISÃO;1;;;;1;;;;0;;;;;;;;;;2019
30/10/2019;13:39:00;SEM VÍTIMA;CASA AMARELA;AV NORTE;SUBURBIO;COLISÃO TRASEIRA;2;;;;;;;;0;;Bom;Sem defeito;Perfeito estado;Seca;Perfeito estado;Faixa de pedestre;Outras;;2019
30/10/2019;13:57:00;SEM VÍTIMA;DERBY;AV GOVERNADOR AGAMENON MAGALHAES;;ABALROAMENTO LONGITUDINAL;1;;;;1;;;;0;;Bom;Não existe;Perfeito estado;Seca;Perfeito estado;Não existe;R-6c;;2019
30/10/2019;14:14:00;SEM VÍTIMA;ILHA DO LEITE;RUA JOSE DE ALENCAR;CIDADE;ABALROAMENTO LONGITUDINAL;2;;;;;;;;0;;Bom;Não existe;Perfeito estado;Seca;Perfeito estado;Não existe;Placas Pare;;2019
30/10/2019;14:45:00;SEM VÍTIMA;ILHA DO LEITE;RUA ESTADO DE ISRAEL;SUBURBIO;ABALROAMENTO LONGITUDINAL;2;;;;;;;;0;;Bom;Não existe;Perfeito estado;Seca;Perfeito estado;Não existe;Não há placas;;2019
30/10/2019;15:26:00;SEM VÍTIMA;ENCRUZILHADA;AV NORTE;SUBURBIO;ABALROAMENTO TRANSVERSAL;;1;;;;1;;;0;;Bom;Sem defeito;Perfeito estado;Seca;Perfeito estado;Outros;Outras;;2019
30/10/2019;15:34:00;SEM VÍTIMA;CORDEIRO;AV INACIO MONTEIRO;SUBURBIO;ABALROAMENTO TRANSVERSAL;1;1;;;;;;;0;;Bom;Não existe;Perfeito estado;Seca;Perfeito estado;;R-19;30 km/h;2019
30/10/2019;15:44:00;SEM VÍTIMA;ENCRUZILHADA;AV NORTE;;COLISÃO;;1;;;;1;;;0;;;;;;;;;;2019
30/10/2019;17:00:00;SEM VÍTIMA;MADALENA;RUA PESSOA DE MELO;;ABALROAMENTO TRANSVERSAL;2;;;;;;;;0;;Bom;Não existe;Perfeito estado;Seca;Perfeito estado;Não existe;Placas Pare;;2019
30/10/2019;17:35:00;COM VÍTIMA;ARRUDA;AV PROFESSOR JOSE DOS ANJOS;SUBURBIO;COLISÃO TRASEIRA;3;;;;;;;;1;;Bom;Sem defeito;Perfeito estado;Seca;Perfeito estado;;Não há placas;;2019
30/10/2019;18:10:00;SEM VÍTIMA;BOA VISTA;RUA PRINCESA IZABEL;CIDADE;ABALROAMENTO LONGITUDINAL;2;;;;;;;;0;;Bom;Sem defeito;Perfeito estado;Seca;Perfeito estado;Faixa de pedestre;R-6a;;2019
30/10/2019;18:16:00;SEM VÍTIMA;BOA VIAGEM;RUA VISCONDE DE JEQUITINHONHA;SUBURBIO;ABALROAMENTO LONGITUDINAL;2;;;;;;;;0;;Bom;Não existe;Perfeito estado;Seca;Perfeito estado;Não existe;Não há placas;60 km/h;2019
30/10/2019;18:18:00;SEM VÍTIMA;VÁRZEA;AV AFONSO OLINDENSE;SUBURBIO;ABALROAMENTO LONGITUDINAL;2;;;;;;;;0;;Bom;;;Seca;Perfeito estado;Faixa de pedestre;R-6a;;2019
30/10/2019;18:23:00;SEM VÍTIMA;BOA VIAGEM;RUA FAUSTINO PORTO;;CHOQUE VEÍCULO PARADO;1;1;;;;;;;0;;Bom;Não existe;Perfeito estado;Seca;Perfeito estado;Não existe;Outras;;2019
30/10/2019;18:29:00;SEM VÍTIMA;IMBIRIBEIRA;RUA BARAO DE SOUZA LEAO;CIDADE;COLISÃO TRASEIRA;2;;;;;;;;0;;Bom;Não existe;Perfeito estado;Seca;Perfeito estado;Não existe;Não há placas;;2019
30/10/2019;19:34:00;COM VÍTIMA;AFOGADOS;AV SUL;CIDADE;ABALROAMENTO LONGITUDINAL;1;1;;;;;;;1;;Bom;Não existe;Perfeito estado;Seca;Perfeito estado;Outros;Outras;;2019
30/10/2019;20:24:00;SEM VÍTIMA;CASA FORTE;RUA DONA ANUNCIADA DE MORAIS;SUBURBIO;CHOQUE VEÍCULO PARADO;2;;;;;;;;0;;Bom;Não existe;;Seca;Perfeito estado;Não existe;;;2019
30/10/2019;20:33:00;SEM VÍTIMA;CAXANGÁ;AV JOAQUIM RIBEIRO;SUBURBIO;ABALROAMENTO LONGITUDINAL;2;;;;;;;;0;;Bom;Sem defeito;Perfeito estado;Seca;Perfeito estado;Faixa de pedestre;Outras;;2019
30/10/2019;20:41:00;SEM VÍTIMA;SANTO AMARO;AV GOVERNADOR AGAMENON MAGALHAES;SUBURBIO;ABALROAMENTO LONGITUDINAL;2;;;;;;;;0;;Bom;Sem defeito;Perfeito estado;Seca;Perfeito estado;Faixa de pedestre;;60 km/h;2019
30/10/2019;20:54:00;SEM VÍTIMA;CASA AMARELA;AV NORTE;CIDADE;COLISÃO TRASEIRA;2;;;;;;;;0;;Bom;Não existe;Perfeito estado;Seca;Perfeito estado;Não existe;Não há placas;;2019
30/10/2019;21:32:00;SEM VÍTIMA;CASA AMARELA;AV NORTE;SUBURBIO;COLISÃO;;;;;1;1;;;0;;;;;;;;;;2019
30/10/2019;21:46:00;SEM VÍTIMA;ENCRUZILHADA;AV ENGENHEIRO JOSE ESTELITA;SUBURBIO;COLISÃO;2;;;;;;;;0;;;;;;;;;;2019
31/10/2019;06:56:00;COM VÍTIMA;BOA VISTA;PRC CHORA MENINO;SUBURBIO;ABALROAMENTO LONGITUDINAL;2;1;;;;;;;1;;Bom;Sem defeito;Não existente;Seca;Perfeito estado;Não existe;Não há placas;;2019
31/10/2019;06:57:00;COM VÍTIMA;IPUTINGA;RUA LEAL DE BARROS;;ABALROAMENTO TRANSVERSAL;1;1;;;;;;;1;;Bom;Não existe;Não existente;Seca;Perfeito estado;Não existe;Não há placas;;2019
31/10/2019;07:03:00;SEM VÍTIMA;ESTÂNCIA;AV RECIFE;SUBURBIO;ABALROAMENTO LONGITUDINAL;1;;;;;1;;;0;;Bom;Não existe;Não existente;Seca;Perfeito estado;Não existe;;60 km/h;2019
31/10/2019;07:23:00;COM VÍTIMA;ILHA DO LEITE;AV LINS PETIT;;COLISÃO;2;1;;;;;;;1;;;;;;;;;;2019
31/10/2019;07:48:00;SEM VÍTIMA;BOA VIAGEM;AV DES JOSE NEVES;CIDADE;COLISÃO TRASEIRA;3;;;;;;;;0;;Bom;Sem defeito;Perfeito estado;Seca;Perfeito estado;Não existe;Não há placas;;2019
31/10/2019;07:51:00;SEM VÍTIMA;AREIAS;AV RECIFE;SUBURBIO;ABALROAMENTO LONGITUDINAL;2;;;;;;;;0;;Bom;Sem defeito;Perfeito estado;Seca;Perfeito estado;Faixa de pedestre;Não há placas;60 km/h;2019
31/10/2019;07:59:00;SEM VÍTIMA;BOA VIAGEM;RUA TENENTE DOMINGOS DE BRITO;SUBURBIO;ABALROAMENTO LONGITUDINAL;2;;;;;;;;0;;Bom;Sem defeito;Ilegível;Seca;Perfeito estado;Faixa de pedestre;Outras;;2019
31/10/2019;08:17:00;SEM VÍTIMA;BOA VISTA;RUA DO HOSPICIO;SUBURBIO;COLISÃO TRASEIRA;1;;;;1;;;;0;;Bom;Sem defeito;Perfeito estado;Seca;Perfeito estado;Não existe;Não há placas;;2019
31/10/2019;08:36:00;SEM VÍTIMA;VASCO DA GAMA;LGO DOM LUIZ;;ABALROAMENTO LONGITUDINAL;1;1;;;;;;;0;;Bom;Não existe;Perfeito estado;Seca;Perfeito estado;Não existe;Não há placas;30 km/h;2019
31/10/2019;08:42:00;SEM VÍTIMA;IPUTINGA;AV INACIO MONTEIRO;;CHOQUE OBJETO FIXO;1;;;;;1;;;0;;Bom;Não existe;Perfeito estado;Seca;Perfeito estado;Outros;R-34;;2019
31/10/2019;08:52:00;COM VÍTIMA;ENGENHO DO MEIO;EST DO FORTE DO ARRAIAL N. DO B. JESUS;CIDADE;ABALROAMENTO LONGITUDINAL;1;1;;;;;;;2;;Bom;Sem defeito;Perfeito estado;Seca;Perfeito estado;Faixa de pedestre;Não há placas;;2019
31/10/2019;10:22:00;SEM VÍTIMA;CASA AMARELA;RUA PADRE OLIVEIRA;SUBURBIO;ABALROAMENTO TRANSVERSAL;1;;;;;;;;0;;Bom;Não existe;Perfeito estado;Seca;Perfeito estado;Não existe;Não há placas;;2019
31/10/2019;10:30:00;SEM VÍTIMA;CAMPO GRANDE;RUA ODORICO MENDES;;COLISÃO;2;;;;;;;;0;;;;;;;;;;2019
31/10/2019;11:12:00;SEM VÍTIMA;BAIRRO DO RECIFE;AV GOVERNADOR AGAMENON MAGALHAES;;ABALROAMENTO LONGITUDINAL;2;;;;;;;;0;;Bom;Sem defeito;Perfeito estado;Seca;Perfeito estado;Faixa de pedestre;Outras;60 km/h;2019
31/10/2019;12:24:00;SEM VÍTIMA;MADALENA;RUA ENGENHEIRO LEONARDO ARCOVERDE;;ABALROAMENTO TRANSVERSAL;2;;;;;;;;0;;Bom;Não existe;Não existente;Seca;Perfeito estado;Não existe;Não há placas;;2019
31/10/2019;12:51:00;SEM VÍTIMA;ENCRUZILHADA;AV BEBERIBE;SUBURBIO;ABALROAMENTO LONGITUDINAL;1;1;;;;;;;0;;Bom;Não existe;Incompleta;Seca;Perfeito estado;Não existe;R-6a;;2019
31/10/2019;12:52:00;COM VÍTIMA;CORDEIRO;AV CAXANGA;CIDADE;ABALROAMENTO TRANSVERSAL;1;1;;;;;;;1;;Bom;Sem defeito;Perfeito estado;Seca;Perfeito estado;Faixa de pedestre;R-6a;;2019
31/10/2019;13:24:00;SEM VÍTIMA;COQUEIRAL;RUA LINHA NOVA;CIDADE;COLISÃO FRONTAL;1;1;;;;;;;0;;Bom;Não existe;Perfeito estado;Seca;Perfeito estado;Outros;R-3;;2019
31/10/2019;13:31:00;SEM VÍTIMA;JIQUIÁ;AV DR JOSE RUFINO;SUBURBIO;ABALROAMENTO LONGITUDINAL;2;;;;;;;;0;;Bom;Não existe;Perfeito estado;Seca;;Não existe;R-6a;40 km/h;2019
31/10/2019;13:50:00;SEM VÍTIMA;MADALENA;RUA CONDE DE IRAJA;SUBURBIO;ABALROAMENTO LONGITUDINAL;2;;;;;;;;0;;Bom;Não existe;Perfeito estado;Seca;Perfeito estado;Não existe;Não há placas;;2019
31/10/2019;13:57:00;SEM VÍTIMA;MANGABEIRA;AV PROFESSOR JOSE DOS ANJOS;SUBURBIO;ABALROAMENTO LONGITUDINAL;1;;;;;1;;;0;;Bom;Sem defeito;Perfeito estado;Seca;Perfeito estado;Faixa de pedestre;;;2019
31/10/2019;14:14:00;SEM VÍTIMA;GRAÇAS;RUA AMELIA;CIDADE;ABALROAMENTO LONGITUDINAL;2;;;;;;;;0;;Bom;Não existe;Perfeito estado;Seca;Perfeito estado;Não existe;Não há placas;60 km/h;2019
01/11/2019;08:57:00;SEM VÍTIMA;TORRE;RUA JOSE BONIFACIO;SUBURBIO;ABALROAMENTO TRANSVERSAL;2;;;;;;;;0;;Bom;Sem defeito;Perfeito estado;Seca;Perfeito estado;Não existe;Outras;60 km/h;2019
31/10/2019;15:53:00;SEM VÍTIMA;GRAÇAS;AV RUI BARBOSA;;COLISÃO;2;1;;;;;;;0;;;;;;;;;;2019
31/10/2019;15:59:00;SEM VÍTIMA;MADALENA;RUA REAL DA TORRE;CIDADE;COLISÃO TRASEIRA;1;1;;;;;;;0;;Bom;;Perfeito estado;Seca;Perfeito estado;Não existe;Não há placas;;2019
31/10/2019;16:07:00;SEM VÍTIMA;BOA VIAGEM;AV BOA VIAGEM;;COLISÃO;2;;;;;;;;0;;;;;;;;;;2019
31/10/2019;16:31:00;SEM VÍTIMA;BOA VIAGEM;RUA COSMORAMA;SUBURBIO;ABALROAMENTO LONGITUDINAL;2;;;;;;;;0;;Bom;Não existe;Perfeito estado;Seca;Perfeito estado;Não existe;Não há placas;;2019
31/10/2019;16:52:00;SEM VÍTIMA;BOA VISTA;RUA NUNES MACHADO;;COLISÃO;2;;;;;;;;0;;;;;;;;;;2019
31/10/2019;17:43:00;SEM VÍTIMA;CABANGA;PTE GOVERNADOR PAULO GUERRA;SUBURBIO;COLISÃO TRASEIRA;2;;;;;;;;0;;Bom;Sem defeito;Perfeito estado;Seca;Perfeito estado;Não existe;Não há placas;;2019
31/10/2019;18:24:00;SEM VÍTIMA;NOVA DESCOBERTA;RUA JORNALISTA WALDETE AGRA;;COLISÃO;1;;;;1;;;;0;;;;;;;;;;2019
31/10/2019;18:26:00;SEM VÍTIMA;AFOGADOS;RUA DA PAZ;SUBURBIO;COLISÃO TRASEIRA;2;;;;;;;;0;;Bom;Não existe;Perfeito estado;Seca;Perfeito estado;Não existe;Não há placas;;2019
31/10/2019;18:39:00;SEM VÍTIMA;BOA VISTA;RUA NUNES MACHADO;CIDADE;COLISÃO TRASEIRA;2;;;;;;;;0;;Bom;Não existe;Incompleta;Seca;Perfeito estado;Não existe;Outras;;2019
31/10/2019;18:40:00;SEM VÍTIMA;ENGENHO DO MEIO;RUA MAURICEIA;SUBURBIO;COLISÃO TRASEIRA;2;;;;;;;;0;;Bom;Não existe;Perfeito estado;Seca;Perfeito estado;Não existe;Não há placas;;2019
31/10/2019;18:46:00;SEM VÍTIMA;;RUA BENFICA;;ABALROAMENTO TRANSVERSAL;2;;;;;;;;0;;Bom;Sem defeito;Incompleta;Seca;Perfeito estado;Agente;R-4a;;2019
31/10/2019;19:00:00;SEM VÍTIMA;ESTÂNCIA;AV DR JOSE RUFINO;;COLISÃO;1;1;;;;;;;0;;;;;;;;;;2019
31/10/2019;19:50:00;SEM VÍTIMA;PRADO;AV ENGENHEIRO ABDIAS DE CARVALHO;SUBURBIO;COLISÃO TRASEIRA;;;;;1;;;;0;;Bom;Sem defeito;Perfeito estado;Seca;Perfeito estado;Faixa de pedestre;R-6a;60 km/h;2019
31/10/2019;20:17:00;SEM VÍTIMA;GRAÇAS;AV RUI BARBOSA;SUBURBIO;ABALROAMENTO LONGITUDINAL;1;;;;1;;;;0;;Bom;Não existe;Perfeito estado;Seca;Perfeito estado;Não existe;Outras;;2019
31/10/2019;21:07:00;SEM VÍTIMA;DERBY;RUA JENER DE SOUZA;;COLISÃO TRASEIRA;1;;;;;1;;;0;;Bom;Sem defeito;Perfeito estado;Seca;Perfeito estado;Faixa de pedestre;R-6a;;2019
31/10/2019;22:03:00;SEM VÍTIMA;BOA VIAGEM;RUA AMALIA BERNARDINO DE SOUZA;;COLISÃO;2;;;;;;;;0;;;;;;;;;;2019
31/10/2019;22:19:00;SEM VÍTIMA;DERBY;RUA JOAQUIM NABUCO;SUBURBIO;ABALROAMENTO LONGITUDINAL;2;;;;;;;;0;;Bom;Sem defeito;Perfeito estado;Seca;Perfeito estado;;Não há placas;;2019
31/10/2019;23:44:00;COM VÍTIMA;MADALENA;RUA BENFICA;;ABALROAMENTO TRANSVERSAL;1;;;;1;;;;1;;Bom;Sem defeito;Perfeito estado;Seca;Perfeito estado;Não existe;Outras;;2019
01/11/2019;00:07:00;SEM VÍTIMA;ESPINHEIRO;AV NORTE;CIDADE;ABALROAMENTO TRANSVERSAL;2;;;;;;;;0;;Bom;Sem defeito;Perfeito estado;Seca;Perfeito estado;;Não há placas;;2019
01/11/2019;04:32:00;COM VÍTIMA;BOA VIAGEM;AV CONSELHEIRO AGUIAR;SUBURBIO;CHOQUE OBJETO FIXO;1;;;;;;;;1;;Bom;Sem defeito;Perfeito estado;Seca;Perfeito estado;Outros;Não há placas;;2019
01/11/2019;06:31:00;SEM VÍTIMA;PARNAMIRIM;AV DEZESSETE DE AGOSTO;CIDADE;ABALROAMENTO TRANSVERSAL;2;;;;;;;;0;;Bom;Não existe;Perfeito estado;Seca;Perfeito estado;Não existe;Outras;;2019
01/11/2019;07:07:00;COM VÍTIMA;JARDIM SÃO PAULO;RUA LORENA;CIDADE;ABALROAMENTO TRANSVERSAL;2;;;;;;;;1;;Bom;Não existe;Incompleta;Seca;Perfeito estado;;Outras;;2019
01/11/2019;;SEM VÍTIMA;ESPINHEIRO;1 TRV JUSTICA E PAZ;CIDADE;CHOQUE OBJETO FIXO;1;;;;;;;;0;;Bom;Não existe;Perfeito estado;Seca;Perfeito estado;Não existe;Outras;;2019
01/11/2019;;SEM VÍTIMA;IPSEP;RUA RIO TOCANTINS;SUBURBIO;COLISÃO TRASEIRA;2;;;;;;;;0;;Bom;Não existe;Não existente;Seca;Perfeito estado;Não existe;Não há placas;;2019
01/11/2019;08:07:00;COM VÍTIMA;CIDADE UNIVERSITÁRIA;AV DA ENGENHARIA;SUBURBIO;ABALROAMENTO LONGITUDINAL;1;1;;;;;;;2;;Bom;Não existe;Incompleta;Seca;Perfeito estado;Não existe;Não há placas;;2019
01/11/2019;07:45:00;COM VÍTIMA;ALTO JOSÉ DO PINHO;AV NORTE;SUBURBIO;COLISÃO TRASEIRA;1;1;;;;;;;1;;Bom;Sem defeito;Perfeito estado;Seca;Perfeito estado;Faixa de pedestre;Outras;60 km/h;2019
01/11/2019;08:28:00;SEM VÍTIMA;BOA VIAGEM;RUA ERNESTO DE PAULA SANTOS;CIDADE;ABALROAMENTO LONGITUDINAL;2;;;;;;;;0;;Bom;Não existe;Incompleta;Seca;Mal conservada;Não existe;Outras;60 km/h;2019
01/11/2019;09:40:00;SEM VÍTIMA;ESPINHEIRO;AV CONS ROSA E SILVA;SUBURBIO;ABALROAMENTO LONGITUDINAL;2;;;;;;;;0;;Bom;Sem defeito;Perfeito estado;Seca;Perfeito estado;Outros;;;2019
01/11/2019;09:53:00;SEM VÍTIMA;BOA VIAGEM;AV ENGENHEIRO DOMINGOS FERREIRA;;COLISÃO;2;;;;;;;;0;;;;;;;;;;2019
01/11/2019;10:03:00;SEM VÍTIMA;MACAXEIRA;AV NORTE;;COLISÃO;1;;;;1;;;;0;;;;;;;;;;2019
01/11/2019;10:08:00;SEM VÍTIMA;VASCO DA GAMA;RUA VASCO DA GAMA;SUBURBIO;ABALROAMENTO LONGITUDINAL;1;;;;;1;;;0;;Bom;Não existe;Perfeito estado;Seca;Perfeito estado;Não existe;Outras;;2019
01/11/2019;10:29:00;SEM VÍTIMA;SANTO AMARO;AV VISCONDE DE SUASSUNA;SUBURBIO;ABALROAMENTO TRANSVERSAL;2;;;;;;;;0;;Bom;Não existe;Perfeito estado;Seca;Perfeito estado;Não existe;R-6a;40 km/h;2019
01/11/2019;11:05:00;SEM VÍTIMA;ÁGUA FRIA;EST VELHA DE AGUA FRIA;;COLISÃO;1;;;;;1;;;0;;;;;;;;;;2019
01/11/2019;11:12:00;SEM VÍTIMA;BARRO;AV DR JOSE RUFINO;;ABALROAMENTO TRANSVERSAL;2;;;;;;;;0;;Bom;Sem defeito;Perfeito estado;Seca;Perfeito estado;;Outras;40 km/h;2019
01/11/2019;12:39:00;COM VÍTIMA;CAMPO GRANDE;RUA VISCONDE DE CAIRU;SUBURBIO;ABALROAMENTO LONGITUDINAL;1;1;;;;;;;1;;Bom;Não existe;Não existente;Seca;Perfeito estado;Não existe;Outras;;2019
01/11/2019;12:46:00;SEM VÍTIMA;IBURA;AV DOIS RIOS;SUBURBIO;ABALROAMENTO LONGITUDINAL;2;;;;;;;;0;;Bom;Sem defeito;Perfeito estado;Seca;Perfeito estado;;R-6a;40 km/h;2019
01/11/2019;13:03:00;SEM VÍTIMA;MADALENA;RUA JOAQUIM NABUCO;;COLISÃO;2;;;;;;;;0;;;;;;;;;;2019
01/11/2019;13:10:00;SEM VÍTIMA;BOA VIAGEM;RUA JOSE DA SILVA LUCENA;;COLISÃO;2;;;;;;;;0;;;;;;;;;;2019
01/11/2019;13:36:00;SEM VÍTIMA;DERBY;RUA DR SEVERINO PINHEIRO;CIDADE;COLISÃO TRASEIRA;2;;;;;;;;0;;Bom;Não existe;Perfeito estado;Seca;Perfeito estado;Não existe;Não há placas;;2019
01/11/2019;13:41:00;SEM VÍTIMA;SANTANA;RUA GENERAL MANUEL RABELO;;COLISÃO;2;;;;;;;;0;;;;;;;;;;2019
01/11/2019;13:41:00;SEM VÍTIMA;ESPINHEIRO;RUA CONS PORTELA;SUBURBIO;COLISÃO TRASEIRA;1;1;;;;;;;0;;Bom;Sem defeito;Perfeito estado;Seca;Perfeito estado;Agente;Outras;;2019
01/11/2019;14:33:00;SEM VÍTIMA;ESTÂNCIA;AV DR JOSE RUFINO;;COLISÃO;2;;;;;;;;0;;;;;;;;;;2019
01/11/2019;14:56:00;SEM VÍTIMA;BOA VIAGEM;AV FERNANDO SIMOES BARBOSA;SUBURBIO;ABALROAMENTO LONGITUDINAL;1;;;;1;;;;0;;Bom;Não existe;Incompleta;Seca;Perfeito estado;Não existe;Não há placas;;2019
01/11/2019;15:03:00;SEM VÍTIMA;MADALENA;RUA BENFICA;CIDADE;ABALROAMENTO LONGITUDINAL;1;;;;;1;;;0;;Bom;Sem defeito;Perfeito estado;Seca;Perfeito estado;Outros;Outras;40 km/h;2019
01/11/2019;15:39:00;SEM VÍTIMA;ROSARINHO;AV NORTE;CIDADE;COLISÃO TRASEIRA;3;;;;1;;;;0;;Bom;Não existe;Perfeito estado;Seca;Perfeito estado;Não existe;Outras;;2019
01/11/2019;15:47:00;SEM VÍTIMA;CASA AMARELA;AV NORTE;CIDADE;COLISÃO TRASEIRA;2;;;;;1;;;0;;Bom;Sem defeito;Perfeito estado;Seca;Perfeito estado;Faixa de pedestre;Outras;;2019
01/11/2019;16:08:00;SEM VÍTIMA;ÁGUA FRIA;AV BEBERIBE;;COLISÃO;1;1;;;;;;;0;;;;;;;;;;2019
01/11/2019;16:10:00;SEM VÍTIMA;IMBIRIBEIRA;AV MARECHAL MASCARENHAS DE MORAES;SUBURBIO;ABALROAMENTO LONGITUDINAL;1;;;;;1;;;0;;Bom;Sem defeito;Perfeito estado;Seca;Perfeito estado;Faixa de pedestre;R-4b;;2019
01/11/2019;16:15:00;SEM VÍTIMA;CORDEIRO;RUA GOMES TABORDA;;COLISÃO;1;;;;;1;;;0;;;;;;;;;;2019
01/11/2019;16:25:00;SEM VÍTIMA;IBURA;AV DOIS RIOS;SUBURBIO;ABALROAMENTO TRANSVERSAL;2;;;;;;;;0;;Bom;Não existe;Incompleta;Seca;Perfeito estado;Não existe;Não há placas;60 km/h;2019
01/11/2019;16:31:00;SEM VÍTIMA;MADALENA;RUA JOSE OSORIO;SUBURBIO;COLISÃO TRASEIRA;4;;;;;;;;0;;Bom;Não existe;Perfeito estado;Seca;Perfeito estado;Outros;R-6a;;2019
01/11/2019;16:32:00;SEM VÍTIMA;SANTO ANTÔNIO;RUA DO SOL;CIDADE;ABALROAMENTO LONGITUDINAL;1;;;;1;;;;0;;Bom;Não existe;Perfeito estado;Seca;Perfeito estado;Não existe;Não há placas;;2019
01/11/2019;16:43:00;COM VÍTIMA;BOA VIAGEM;AVENIDA CELSO FURTADO (VIA MANGUE);SUBURBIO;ABALROAMENTO TRANSVERSAL;;1;;;;1;;;1;;Bom;Sem defeito;Perfeito estado;Seca;Perfeito estado;Não existe;Não há placas;;2019
01/11/2019;16:45:00;SEM VÍTIMA;CAMPINA DO BARRETO;RUA VEREADOR MIVALDO CAVALCANTI MAIA;;COLISÃO;;2;;;;;;;0;;;;;;;;;;2019
01/11/2019;16:48:00;COM VÍTIMA;MADALENA;AV CAXANGA;;ABALROAMENTO LONGITUDINAL;1;1;;;;;;;2;;Bom;Sem defeito;Perfeito estado;Seca;Perfeito estado;Faixa de pedestre;;;2019
01/11/2019;16:54:00;SEM VÍTIMA;AFOGADOS;AV SUL;;COLISÃO;3;;;;;;;;0;;;;;;;;;;2019
01/11/2019;17:11:00;SEM VÍTIMA;IMBIRIBEIRA;AV MARECHAL MASCARENHAS DE MORAES;;COLISÃO;1;1;;;;;;;0;;;;;;;;;;2019
01/11/2019;17:44:00;SEM VÍTIMA;PINA;AV HERCULANO BANDEIRA;SUBURBIO;COLISÃO TRASEIRA;2;;;;;;;;0;;Bom;Não existe;Perfeito estado;Seca;Perfeito estado;Não existe;Não há placas;60 km/h;2019
01/11/2019;18:19:00;SEM VÍTIMA;BOA VIAGEM;RUA PADRE CARAPUCEIRO;SUBURBIO;ABALROAMENTO LONGITUDINAL;2;;;;;;;;0;;Bom;Sem defeito;Perfeito estado;Seca;Perfeito estado;Faixa de pedestre;R-6a;;2019
01/11/2019;18:49:00;COM VÍTIMA;CORDEIRO;EST DO FORTE DO ARRAIAL N. DO B. JESUS;SUBURBIO;ABALROAMENTO TRANSVERSAL;1;1;;;;;;;1;;Bom;Não existe;Incompleta;Seca;Perfeito estado;;Não há placas;40 km/h;2019
01/11/2019;18:57:00;SEM VÍTIMA;PARNAMIRIM;RUA JOAO TUDE DE MELO;SUBURBIO;COLISÃO TRASEIRA;2;;;;;1;;;0;;Bom;Não existe;Perfeito estado;Seca;Perfeito estado;Outros;Outras;;2019
04/11/2019;10:16:00;SEM VÍTIMA;BAIRRO DO RECIFE;AV ALFREDO LISBOA;SUBURBIO;ABALROAMENTO LONGITUDINAL;1;;;;;1;;;0;;Bom;Não existe;Incompleta;Seca;Mal iluminada;Não existe;Não há placas;30 km/h;2019
01/11/2019;19:42:00;SEM VÍTIMA;ESPINHEIRO;RUA CONS PORTELA;CIDADE;ABALROAMENTO LONGITUDINAL;2;;;;;;;;0;;Bom;Não existe;Perfeito estado;Seca;Perfeito estado;Não existe;R-6a;;2019
01/11/2019;20:12:00;SEM VÍTIMA;ESPINHEIRO;RUA CONS PORTELA;;COLISÃO;2;;;;;;;;0;;;;;;;;;;2019
01/11/2019;20:26:00;SEM VÍTIMA;TORRE;RUA REAL DA TORRE;SUBURBIO;ABALROAMENTO LONGITUDINAL;2;;;;;;;;0;;Bom;Sem defeito;Perfeito estado;Seca;Perfeito estado;Faixa de pedestre;R-6a;;2019
01/11/2019;20:45:00;SEM VÍTIMA;SÃO JOSÉ;RUA BOM SUCESSO;CIDADE;CHOQUE OBJETO FIXO;1;;;;;;;;0;;Bom;Não existe;Incompleta;Seca;Mal conservada;Não existe;Não há placas;;2019
01/11/2019;21:18:00;SEM VÍTIMA;BOA VISTA;AV CONDE DA BOA VISTA;;ABALROAMENTO LONGITUDINAL;1;;;;1;;;;0;;Bom;Sem defeito;Perfeito estado;Seca;Perfeito estado;Faixa de pedestre;R-6c;30 km/h;2019
01/11/2019;22:09:00;SEM VÍTIMA;AFLITOS;RUA ANGUSTURA;;COLISÃO;1;;;;;1;;;0;;;;;;;;;;2019
01/11/2019;22:41:00;SEM VÍTIMA;DERBY;AV GOVERNADOR AGAMENON MAGALHAES;SUBURBIO;ABALROAMENTO LONGITUDINAL;2;;;;;;;;0;;Bom;Sem defeito;Perfeito estado;Seca;Perfeito estado;;;60 km/h;2019
02/11/2019;08:05:00;SEM VÍTIMA;CASA AMARELA;EST DO ARRAIAL;SUBURBIO;COLISÃO TRASEIRA;2;;;;;1;;;0;;Bom;Sem defeito;Perfeito estado;Seca;Perfeito estado;Faixa de pedestre;Outras;40 km/h;2019