data;hora;natureza_acidente;bairro;endereco;sentido_via;tipo;auto;moto;ciclista;pedestre;onibus;caminhao;viatura;outros;vitimas;vitimasfatais;tempo_clima;situacao_semaforo;sinalizacao;condicao_via;conservacao_via;ponto_controle;situacao_placa;velocidade_max_via;ano
02/11/2019;08:31:00;SEM VÍTIMA;BOA VISTA;RUA DA SANTA CRUZ;SUBURBIO;ABALROAMENTO TRANSVERSAL;1;1;;;;;;;0;;Bom;Sem defeito;Ilegível;Seca;Perfeito estado;Faixa de pedestre;Não há placas;40 km/h;2019
02/11/2019;08:48:00;SEM VÍTIMA;PAISSANDU;AV GOVERNADOR AGAMENON MAGALHAES;;COLISÃO TRASEIRA;1;1;;;;;;;0;;Bom;Sem defeito;Perfeito estado;Seca;Perfeito estado;Faixa de pedestre;R-4a;60 km/h;2019
02/11/2019;09:27:00;COM VÍTIMA;PARNAMIRIM;AV FLOR DE SANTANA;SUBURBIO;ABALROAMENTO LONGITUDINAL;2;;;1;;;;;1;;Bom;Não existe;Perfeito estado;Seca;Perfeito estado;Não existe;Não há placas;;2019
02/11/2019;10:42:00;COM VÍTIMA;IBURA;AV ENGENHO MURIBARA;SUBURBIO;ABALROAMENTO LONGITUDINAL;1;1;;;;;;;1;;Bom;Não existe;Perfeito estado;Seca;Perfeito estado;Não existe;R-6a;30 km/h;2019
02/11/2019;11:37:00;SEM VÍTIMA;PINA;AV ANTONIO DE GOES;CIDADE;COLISÃO TRASEIRA;4;;;;;;;;0;;Bom;;Perfeito estado;Seca;Perfeito estado;Não existe;Não há placas;;2019
02/11/2019;13:15:00;SEM VÍTIMA;PARNAMIRIM;AV DEZESSETE DE AGOSTO;;COLISÃO;2;;;;;;;;0;;;;;;;;;;2019
02/11/2019;13:35:00;COM VÍTIMA;CAXANGÁ;RUA RIBEIRO PESSOA;;ABALROAMENTO TRANSVERSAL;1;1;;;;;;;1;;Bom;Sem defeito;Perfeito estado;Seca;Perfeito estado;Faixa de pedestre;;;2019
02/11/2019;14:33:00;SEM VÍTIMA;BOA VIAGEM;AV BOA VIAGEM;CIDADE;ABALROAMENTO LONGITUDINAL;2;;;;;;;;0;;Bom;Não existe;Perfeito estado;Seca;Perfeito estado;Não existe;Não há placas;60 km/h;2019
02/11/2019;16:24:00;SEM VÍTIMA;BOA VISTA;RUA DA SOLEDADE;CIDADE;COLISÃO TRASEIRA;2;;;;;;;;0;;Bom;Sem defeito;Perfeito estado;Seca;Perfeito estado;Faixa de pedestre;Outras;;2019
02/11/2019;16:42:00;SEM VÍTIMA;APIPUCOS;AV DEZESSETE DE AGOSTO;;COLISÃO TRASEIRA;2;;;;;;;;0;;Bom;Sem defeito;Perfeito estado;Seca;Perfeito estado;Faixa de pedestre;;;2019
02/11/2019;16:59:00;SEM VÍTIMA;IBURA;AV DOIS RIOS;CIDADE;CHOQUE VEÍCULO PARADO;2;;;;;;;;0;;Bom;Sem defeito;Não existente;Seca;Perfeito estado;Faixa de pedestre;Não há placas;;2019
02/11/2019;18:37:00;SEM VÍTIMA;CAMPO GRANDE;RUA JERONIMO VILELA;CIDADE;COLISÃO TRASEIRA;2;;;;;;;;0;;Bom;Não existe;Perfeito estado;Seca;Perfeito estado;Não existe;Não há placas;;2019
02/11/2019;19:56:00;COM VÍTIMA;MADALENA;EST DOS REMEDIOS;;ABALROAMENTO TRANSVERSAL;1;1;;;;;;;1;;Bom;Sem defeito;Perfeito estado;Seca;Perfeito estado;Não existe;Não há placas;;2019
02/11/2019;20:42:00;SEM VÍTIMA;MADALENA;RUA PESSOA DE MELO;SUBURBIO;CHOQUE VEÍCULO PARADO;2;;;;;;;;0;;Bom;Não existe;Perfeito estado;Seca;Perfeito estado;Não existe;Não há placas;;2019
03/11/2019;00:22:00;COM VÍTIMA;CASA FORTE;EST DO ENCANAMENTO;SUBURBIO;ABALROAMENTO TRANSVERSAL;2;;;;;;;;1;;Bom;Sem defeito;Perfeito estado;Seca;Perfeito estado;Não existe;Placas Pare;;2019
03/11/2019;00:41:00;SEM VÍTIMA;TEJIPIÓ;AV DR JOSE RUFINO;SUBURBIO;COLISÃO TRASEIRA;2;;;;;;;;0;;Bom;Não existe;Perfeito estado;Seca;Perfeito estado;Não existe;Não há placas;;2019
03/11/2019;00:57:00;SEM VÍTIMA;ARRUDA;RUA DO MACHADO;CIDADE;CHOQUE VEÍCULO PARADO;2;;;;;;;;0;;Bom;Não existe;Perfeito estado;Seca;Perfeito estado;Não existe;Não há placas;;2019
03/11/2019;08:11:00;SEM VÍTIMA;;AV RUI BARBOSA;;ABALROAMENTO LONGITUDINAL;2;;;;;;;;0;;Bom;Sem defeito;Perfeito estado;Seca;Perfeito estado;Faixa de pedestre;Outras;;2019
03/11/2019;09:45:00;SEM VÍTIMA;VASCO DA GAMA;AV NORTE;SUBURBIO;ABALROAMENTO TRANSVERSAL;;1;;;;;;;0;;Bom;Sem defeito;Perfeito estado;Seca;Perfeito estado;Faixa de pedestre;Não há placas;60 km/h;2019
03/11/2019;09:46:00;SEM VÍTIMA;PORTO DA MADEIRA;AV ANIBAL BENEVOLO;;ABALROAMENTO LONGITUDINAL;1;;;;1;;;;0;;Bom;Não existe;Incompleta;Seca;Perfeito estado;Não existe;Não há placas;;2019
03/11/2019;10:14:00;SEM VÍTIMA;TORRE;RUA JOSE BONIFACIO;SUBURBIO;COLISÃO TRASEIRA;3;;;;;;;;0;;Bom;Sem defeito;Perfeito estado;Seca;Perfeito estado;Faixa de pedestre;Outras;50 km/h;2019
03/11/2019;11:03:00;COM VÍTIMA;TEJIPIÓ;AV DR JOSE RUFINO;CIDADE;COLISÃO FRONTAL;1;1;;;;;;;2;;Bom;Sem defeito;Perfeito estado;Seca;Perfeito estado;Faixa de pedestre;Não há placas;40 km/h;2019
03/11/2019;11:03:00;COM VÍTIMA;MUSTARDINHA;AV MANOEL GONCALVES DA LUZ;CIDADE;COLISÃO FRONTAL;1;1;;;;;;;1;;Bom;Não existe;Não existente;Seca;Perfeito estado;Não existe;Não há placas;;2019
03/11/2019;11:10:00;SEM VÍTIMA;TAMARINEIRA;RUA CONEGO BARATA;SUBURBIO;COLISÃO TRASEIRA;2;;;;;;;;0;;Bom;Não existe;Perfeito estado;Seca;Perfeito estado;Não existe;Não há placas;;2019
03/11/2019;11:37:00;SEM VÍTIMA;BOA VIAGEM;RUA ANTONIO PASSOS;SUBURBIO;ABALROAMENTO TRANSVERSAL;1;1;;;;;;;0;;Bom;Sem defeito;Perfeito estado;Seca;Perfeito estado;Faixa de retenção;Placas Pare;;2019
03/11/2019;13:39:00;SEM VÍTIMA;AFOGADOS;RUA PROFESSOR AUGUSTO WANDERLEY FILHO;CIDADE;COLISÃO TRASEIRA;2;;;;;;;;0;;Bom;Sem defeito;Perfeito estado;Seca;Perfeito estado;Faixa de pedestre;;;2019
03/11/2019;14:49:00;SEM VÍTIMA;TORRE;RUA SOUZA BANDEIRA;;ABALROAMENTO LONGITUDINAL;1;1;;;;;;;0;;Bom;Sem defeito;Perfeito estado;Seca;Perfeito estado;Faixa de pedestre;R-6a;;2019
03/11/2019;15:03:00;SEM VÍTIMA;BOA VIAGEM;AVENIDA CELSO FURTADO (VIA MANGUE);SUBURBIO;COLISÃO TRASEIRA;2;;;;;;;;0;;Bom;Não existe;Perfeito estado;Seca;Perfeito estado;Não existe;R-6a;60 km/h;2019
03/11/2019;15:57:00;SEM VÍTIMA;SAN MARTIN;AV ENGENHEIRO ABDIAS DE CARVALHO;CIDADE;COLISÃO;1;;;;1;;;;0;;;;;;;;;;2019
03/11/2019;16:50:00;SEM VÍTIMA;SÃO JOSÉ;RUA IMPERIAL;SUBURBIO;ABALROAMENTO TRANSVERSAL;1;;;;;1;;;0;;Bom;Sem defeito;Perfeito estado;Seca;Perfeito estado;Faixa de pedestre;;;2019
03/11/2019;18:01:00;SEM VÍTIMA;IMBIRIBEIRA;RUA JULIO VERNE;CIDADE;ABALROAMENTO TRANSVERSAL;1;1;;;;;;;0;;Bom;Não existe;Perfeito estado;Seca;Perfeito estado;Não existe;Não há placas;;2019
03/11/2019;18:04:00;SEM VÍTIMA;PINA;AVENIDA CELSO FURTADO (VIA MANGUE);SUBURBIO;ABALROAMENTO LONGITUDINAL;2;;;;;;;;0;;Bom;Não existe;Perfeito estado;Seca;Perfeito estado;Não existe;Outras;50 km/h;2019
03/11/2019;18:13:00;COM VÍTIMA;CABANGA;VIADUTO CAPITAO TEMUDO;CABANGA;COLISÃO TRASEIRA;1;1;;;;;;;2;;Bom;Não existe;Perfeito estado;Seca;Perfeito estado;;Outras;;2019
03/11/2019;20:43:00;SEM VÍTIMA;BONGI;RUA ISAAC MARKMAN;SUBURBIO;ABALROAMENTO LONGITUDINAL;1;;;;1;;;;0;;Bom;Não existe;Perfeito estado;Seca;Perfeito estado;Faixa de retenção;Placas Pare;40 km/h;2019
03/11/2019;21:39:00;SEM VÍTIMA;GRAÇAS;AV RUI BARBOSA;;ABALROAMENTO LONGITUDINAL;1;;;;1;;;;0;;Bom;Sem defeito;Incompleta;Seca;Mal conservada;Faixa de pedestre;Não há placas;;2019
03/11/2019;22:14:00;SEM VÍTIMA;IMBIRIBEIRA;AV MARECHAL MASCARENHAS DE MORAES;SUBURBIO;ABALROAMENTO LONGITUDINAL;1;;;;;1;;;0;;Bom;Sem defeito;Perfeito estado;Seca;Perfeito estado;Faixa de pedestre;Não há placas;50 km/h;2019
03/11/2019;22:32:00;SEM VÍTIMA;NOVA DESCOBERTA;RUA NOVA DESCOBERTA;SUBURBIO;CHOQUE VEÍCULO PARADO;1;;;;;;;;0;;Bom;Não existe;Incompleta;Seca;Perfeito estado;;Não há placas;;2019
04/11/2019;05:30:00;SEM VÍTIMA;PRADO;AV ENGENHEIRO ABDIAS DE CARVALHO;SUBURBIO;ABALROAMENTO TRANSVERSAL;2;;;;;;;;0;;Bom;Sem defeito;Perfeito estado;Seca;Perfeito estado;Faixa de pedestre;R-6a;60 km/h;2019
04/11/2019;07:10:00;SEM VÍTIMA;BOA VIAGEM;AV CONSELHEIRO AGUIAR;SUBURBIO;CHOQUE VEÍCULO PARADO;2;;;;;;;;0;;Bom;Sem defeito;Perfeito estado;Seca;Perfeito estado;Faixa de pedestre;Não há placas;;2019
04/11/2019;07:25:00;SEM VÍTIMA;ILHA DO LEITE;RUA JOSE DE ALENCAR;SUBURBIO;COLISÃO TRASEIRA;2;;;;;;;;0;;Bom;Não existe;Perfeito estado;Seca;Perfeito estado;Não existe;R-6a;;2019
04/11/2019;07:40:00;SEM VÍTIMA;BOA VISTA;RUA BARAO DE SAO BORJA;;ABALROAMENTO TRANSVERSAL;2;;;;;;;;0;;Bom;Não existe;Perfeito estado;Seca;Perfeito estado;Agente;Placas Pare;30 km/h;2019
04/11/2019;07:58:00;SEM VÍTIMA;ILHA JOANA BEZERRA;AV BEIRA RIO;SUBURBIO;ABALROAMENTO LONGITUDINAL;1;;;;1;1;;;0;;Bom;Não existe;Perfeito estado;Seca;Perfeito estado;Não existe;Não há placas;;2019
04/11/2019;08:00:00;SEM VÍTIMA;SANTO AMARO;AV NORTE;CIDADE;COLISÃO TRASEIRA;2;;;;;;;;0;;Chuvoso;Sem defeito;Perfeito estado;Molhada;Perfeito estado;Faixa de pedestre;R-6a;;2019
04/11/2019;08:23:00;SEM VÍTIMA;PINA;AV ANTONIO DE GOES;CIDADE;ABALROAMENTO LONGITUDINAL;1;;;;1;;;;0;;Bom;Sem defeito;Perfeito estado;Seca;Perfeito estado;Agente;;;2019
04/11/2019;08:27:00;SEM VÍTIMA;;;SUBURBIO;COLISÃO TRASEIRA;2;;;;;;;;0;;Bom;Sem defeito;Perfeito estado;Seca;Perfeito estado;Faixa de pedestre;;;2019
04/11/2019;08:32:00;SEM VÍTIMA;IPSEP;RUA JEAN EMILE FAVRE;CIDADE;ABALROAMENTO LONGITUDINAL;2;;;;;;;;0;;Bom;Não existe;Perfeito estado;Seca;Perfeito estado;Não existe;Não há placas;40 km/h;2019
04/11/2019;08:41:00;COM VÍTIMA;IPUTINGA;AV CAXANGA;SUBURBIO;ACID. DE PERCURSO;;1;;;;;;;1;;Chuvoso;Sem defeito;Perfeito estado;Molhada;Perfeito estado;Faixa de pedestre;R-6a;;2019
04/11/2019;08:43:00;SEM VÍTIMA;BOA VISTA;AV CONDE DA BOA VISTA;;COLISÃO;;1;;;;;1;;0;;;;;;;;;;2019
04/11/2019;08:57:00;SEM VÍTIMA;BOA VISTA;RUA DOM BOSCO;CIDADE;ABALROAMENTO LONGITUDINAL;1;;;;1;;;;0;;Bom;Sem defeito;Perfeito estado;Seca;Perfeito estado;Outros;Outras;;2019
04/11/2019;08:53:00;SEM VÍTIMA;VÁRZEA;RUA TORRES HOMEM;;ABALROAMENTO TRANSVERSAL;2;;;;;;;;0;;Nublado;Não existe;Incompleta;Seca;;Não existe;Outras;30 km/h;2019
04/11/2019;08:57:00;SEM VÍTIMA;VÁRZEA;RUA GASTAO VIDIGAL;CIDADE;ABALROAMENTO LONGITUDINAL;1;;;;;1;;;0;;Bom;Não existe;Perfeito estado;Seca;Perfeito estado;Não existe;Não há placas;;2019
04/11/2019;09:09:00;SEM VÍTIMA;SANTO AMARO;AV NORTE;CIDADE;COLISÃO TRASEIRA;3;;;;;;;;0;;Bom;Sem defeito;Perfeito estado;Seca;Perfeito estado;Agente;;40 km/h;2019
04/11/2019;09:37:00;COM VÍTIMA;IPSEP;RUA ARQUITETO LUIZ NUNES;SUBURBIO;ABALROAMENTO TRANSVERSAL;2;;;;;;;;1;;Bom;Sem defeito;Perfeito estado;Seca;Perfeito estado;Faixa de pedestre;Não há placas;;2019
04/11/2019;09:44:00;SEM VÍTIMA;CORDEIRO;AV CAXANGA;CIDADE;COLISÃO TRASEIRA;2;;;;;;;;0;;Bom;Não existe;Perfeito estado;Seca;Perfeito estado;Não existe;Não há placas;;2019
04/11/2019;09:58:00;SEM VÍTIMA;SANTO AMARO;AV CRUZ CABUGA;CIDADE;ABALROAMENTO LONGITUDINAL;1;;;;;1;;;0;;Bom;Não existe;Incompleta;;;Não existe;R-6a;;2019
04/11/2019;10:03:00;SEM VÍTIMA;PONTO DE PARADA;RUA COUTO MAGALHAES;SUBURBIO;ABALROAMENTO TRANSVERSAL;2;;;;;;;;0;;Bom;Não existe;Não existente;Seca;Perfeito estado;Não existe;Não há placas;40 km/h;2019
04/11/2019;10:17:00;SEM VÍTIMA;SANTO AMARO;RUA DO HOSPICIO;CIDADE;ABALROAMENTO LONGITUDINAL;2;;;;;;;;0;;Bom;Não existe;Perfeito estado;Seca;Perfeito estado;Não existe;Não há placas;;2019
04/11/2019;11:04:00;SEM VÍTIMA;BOA VISTA;AV CONDE DA BOA VISTA;SUBURBIO;ABALROAMENTO LONGITUDINAL;;1;;;;;1;;0;;Bom;Não existe;Incompleta;Seca;Mal conservada;Faixa de pedestre;Outras;;2019
04/11/2019;11:37:00;COM VÍTIMA;AREIAS;AV RECIFE;BR 101;COLISÃO TRASEIRA;1;1;;;1;;;;1;;Bom;Sem defeito;Perfeito estado;Seca;Perfeito estado;Faixa de pedestre;Não há placas;;2019
04/11/2019;11:57:00;SEM VÍTIMA;BOA VISTA;RUA HENRIQUE DIAS;CIDADE;ABALROAMENTO LONGITUDINAL;1;;;;;1;;;0;;Bom;Sem defeito;Perfeito estado;Seca;Perfeito estado;Agente;;;2019
04/11/2019;12:21:00;SEM VÍTIMA;AFOGADOS;RUA SAO MIGUEL;CIDADE;ABALROAMENTO LONGITUDINAL;1;1;;;;;;;0;;Bom;Não existe;Perfeito estado;Seca;Perfeito estado;Não existe;;40 km/h;2019
04/11/2019;12:47:00;SEM VÍTIMA;SÃO JOSÉ;AV SUL;;COLISÃO;2;;;;;;;;0;;;;;;;;;;2019
04/11/2019;13:59:00;SEM VÍTIMA;ESPINHEIRO;RUA DO ESPINHEIRO;SUBURBIO;ABALROAMENTO LONGITUDINAL;2;;;;;;;;0;;Bom;Sem defeito;Perfeito estado;Seca;Perfeito estado;;;;2019
04/11/2019;14:08:00;SEM VÍTIMA;ESPINHEIRO;RUA DR VICENTE MEIRA;CIDADE;COLISÃO TRASEIRA;2;;;;;;;;0;;Bom;Não existe;Perfeito estado;Seca;Perfeito estado;Não existe;Não há placas;;2019
04/11/2019;14:21:00;SEM VÍTIMA;IMBIRIBEIRA;AV MARECHAL MASCARENHAS DE MORAES;CIDADE;ABALROAMENTO LONGITUDINAL;1;;;;;1;;;0;;Bom;Não existe;Perfeito estado;Seca;Perfeito estado;;Não há placas;60 km/h;2019
04/11/2019;14:29:00;SEM VÍTIMA;VÁRZEA;RUA TORRES HOMEM;;ABALROAMENTO LONGITUDINAL;1;;;;;1;;;0;;Bom;Não existe;Não existente;Seca;Perfeito estado;Não existe;Não há placas;;2019
04/11/2019;14:31:00;SEM VÍTIMA;SAN MARTIN;RUA JOSE VELOSO;;ABALROAMENTO TRANSVERSAL;2;;;;;;;;0;;Bom;Sem defeito;Ilegível;Seca;;;Placas Pare;30 km/h;2019
04/11/2019;14:34:00;SEM VÍTIMA;IMBIRIBEIRA;AV MARECHAL MASCARENHAS DE MORAES;CIDADE;COLISÃO TRASEIRA;2;;;;;;;;0;;Bom;Não existe;Perfeito estado;Seca;Perfeito estado;Não existe;Não há placas;60 km/h;2019
04/11/2019;14:39:00;SEM VÍTIMA;ESPINHEIRO;AV BEIRA RIO;CIDADE;ABALROAMENTO LONGITUDINAL;1;1;;;;;;;0;;Bom;Sem defeito;Perfeito estado;Seca;Perfeito estado;Agente;Não há placas;;2019
04/11/2019;15:09:00;SEM VÍTIMA;DERBY;AV GOVERNADOR AGAMENON MAGALHAES;;ABALROAMENTO LONGITUDINAL;2;;;;;;;;0;;Bom;Sem defeito;Perfeito estado;Seca;Perfeito estado;Faixa de pedestre;;60 km/h;2019
04/11/2019;15:23:00;SEM VÍTIMA;BOA VISTA;AV GOVERNADOR AGAMENON MAGALHAES;;COLISÃO TRASEIRA;3;;;;;;;;0;;Bom;Sem defeito;Perfeito estado;Seca;Perfeito estado;Faixa de pedestre;Não há placas;60 km/h;2019
04/11/2019;15:37:00;SEM VÍTIMA;BOA VISTA;RUA PAISSANDU;CIDADE;CHOQUE OBJETO FIXO;;;;;;1;;;0;;Bom;Sem defeito;Perfeito estado;Seca;Perfeito estado;Não existe;Outras;60 km/h;2019
04/11/2019;15:37:00;SEM VÍTIMA;JAQUEIRA;RUA HOEL SETTE;SUBURBIO;ABALROAMENTO LONGITUDINAL;1;2;;;;;;;0;;Bom;Não existe;Não existente;Seca;Perfeito estado;Não existe;Não há placas;30 km/h;2019
04/11/2019;15:44:00;SEM VÍTIMA;ENCRUZILHADA;AV BEBERIBE;SUBURBIO;ABALROAMENTO LONGITUDINAL;1;;;;;1;;;0;;Bom;Sem defeito;Perfeito estado;Seca;Perfeito estado;Faixa de pedestre;Outras;;2019
04/11/2019;16:31:00;COM VÍTIMA;CASA AMARELA;AV NORTE;CIDADE;ABALROAMENTO LONGITUDINAL;1;1;;;;;;;1;;Bom;Sem defeito;Perfeito estado;Seca;Perfeito estado;Outros;Não há placas;;2019
04/11/2019;16:49:00;COM VÍTIMA;MADALENA;AV BEIRA RIO;CIDADE;ABALROAMENTO LONGITUDINAL;1;1;;;;;;;1;;Bom;Não existe;Perfeito estado;Seca;Perfeito estado;Não existe;Não há placas;;2019
04/11/2019;17:05:00;SEM VÍTIMA;PINA;AV BOA VIAGEM;CIDADE;COLISÃO TRASEIRA;1;1;;;;;;;0;;Bom;Sem defeito;Perfeito estado;Seca;Perfeito estado;Faixa de pedestre;Não há placas;60 km/h;2019
04/11/2019;17:38:00;VÍTIMA FATAL;PASSARINHO;RUA VARZEA DO GILO;SUBURBIO;ATROPELAMENTO;;;;1;;1;;;;1;Bom;Não existe;Não existente;Seca;Mal conservada;Não existe;Não há placas;;2019
04/11/2019;17:25:00;SEM VÍTIMA;CASA AMARELA;AV NORTE;CIDADE;COLISÃO TRASEIRA;2;;;;;;;;0;;Bom;Não existe;Não existente;Seca;Perfeito estado;Não existe;Não há placas;;2019
04/11/2019;18:12:00;SEM VÍTIMA;PINA;RUA AMADOR BUENO;;COLISÃO;2;;;;;;;;0;;;;;;;;;;2019
04/11/2019;18:22:00;SEM VÍTIMA;BOA VIAGEM;RUA JOSE ADERVAL CHAVES;SUBURBIO;COLISÃO TRASEIRA;2;;;;;;;;0;;Bom;Não existe;Perfeito estado;Seca;Perfeito estado;Não existe;R-6a;;2019
04/11/2019;18:38:00;SEM VÍTIMA;ROSARINHO;AV NORTE;CIDADE;COLISÃO TRASEIRA;3;;;;;;;;0;;Bom;Sem defeito;Perfeito estado;Seca;Perfeito estado;Faixa de pedestre;R-6a;;2019
04/11/2019;18:42:00;SEM VÍTIMA;BOMBA DO HEMETERIO;RUA TAMBOARA;;ABALROAMENTO LONGITUDINAL;1;;;;;1;;;0;;Bom;Não existe;Não existente;Seca;Perfeito estado;Não existe;Não há placas;;2019
04/11/2019;21:14:00;SEM VÍTIMA;IMBIRIBEIRA;RUA JOSE DA SILVA LUCENA;CIDADE;ABALROAMENTO LONGITUDINAL;2;;;;;;;;0;;Bom;Não existe;Perfeito estado;Seca;Perfeito estado;Não existe;Não há placas;;2019
04/11/2019;;COM VÍTIMA;SÃO JOSÉ;RUA IMPERIAL;SUBURBIO;ABALROAMENTO TRANSVERSAL;2;;;;;;;;1;;Bom;Sem defeito;Perfeito estado;Seca;Perfeito estado;Faixa de pedestre;Não há placas;60 km/h;2019
04/11/2019;22:27:00;SEM VÍTIMA;IBURA;AV DOIS RIOS;SUBURBIO;COLISÃO TRASEIRA;2;;;;;;;;0;;Bom;Sem defeito;Perfeito estado;Seca;Perfeito estado;Não existe;Outras;;2019
04/11/2019;22:35:00;SEM VÍTIMA;BOA VIAGEM;AV MARECHAL JUAREZ TAVORA;SUBURBIO;COLISÃO TRASEIRA;2;;;;;;;;0;;Bom;Sem defeito;Perfeito estado;Seca;Mal iluminada;Faixa de pedestre;Outras;;2019
04/11/2019;22:36:00;SEM VÍTIMA;MACAXEIRA;AV NORTE;SUBURBIO;COLISÃO FRONTAL;1;;;;;1;;;0;;Bom;Sem defeito;Perfeito estado;Seca;Perfeito estado;Não existe;Não há placas;;2019
05/11/2019;07:27:00;SEM VÍTIMA;TAMARINEIRA;EST DO ARRAIAL;SUBURBIO;ABALROAMENTO TRANSVERSAL;1;;;;1;;;;0;;Bom;Não existe;Perfeito estado;Seca;Perfeito estado;Outros;Outras;;2019
05/11/2019;08:10:00;SEM VÍTIMA;CORDEIRO;AV CAXANGA;SUBURBIO;COLISÃO TRASEIRA;3;;;;;;;;0;;Bom;Não existe;Perfeito estado;Seca;Perfeito estado;Não existe;Outras;;2019
05/11/2019;08:19:00;SEM VÍTIMA;BOA VIAGEM;AV BOA VIAGEM;SUB/CID;ABALROAMENTO LONGITUDINAL;2;;;;;;;;0;;Bom;;Perfeito estado;Seca;Perfeito estado;;;;2019
05/11/2019;08:52:00;SEM VÍTIMA;IPSEP;RUA RIO AMAZONAS;SUBURBIO;ABALROAMENTO LONGITUDINAL;1;;;;;1;;;0;;Bom;Não existe;Incompleta;Seca;Mal conservada;Não existe;Não há placas;30 km/h;2019
05/11/2019;09:08:00;SEM VÍTIMA;DERBY;PRC DO DERBY;CIDADE;ABALROAMENTO LONGITUDINAL;2;;;;;;;;0;;Bom;Sem defeito;Perfeito estado;Seca;Perfeito estado;Faixa de pedestre;;;2019
05/11/2019;09:18:00;SEM VÍTIMA;AREIAS;AV RECIFE;CIDADE;COLISÃO TRASEIRA;2;;;;;;;;0;;Bom;Não existe;Perfeito estado;Seca;Perfeito estado;Não existe;Não há placas;;2019
05/11/2019;09:23:00;SEM VÍTIMA;AFOGADOS;AV SUL;CIDADE;COLISÃO;1;;;;;1;;;0;;;;;;;;;;2019
05/11/2019;09:41:00;SEM VÍTIMA;IMBIRIBEIRA;AV ENGENHEIRO ALVES DE SOUZA;CIDADE;ABALROAMENTO TRANSVERSAL;1;;;;;1;;;0;;Bom;Sem defeito;Perfeito estado;Seca;Perfeito estado;Faixa de pedestre;Não há placas;;2019
05/11/2019;10:07:00;SEM VÍTIMA;ILHA DO RETIRO;AV BEIRA RIO;SUBURBIO;ABALROAMENTO TRANSVERSAL;1;1;;;;;;;0;;Bom;Não existe;Perfeito estado;Seca;Perfeito estado;Não existe;Outras;;2019
05/11/2019;10:46:00;COM VÍTIMA;ZUMBI;AV CAXANGA;CIDADE;ABALROAMENTO LONGITUDINAL;1;;;;;;;;1;;Bom;Não existe;Perfeito estado;Seca;Perfeito estado;Não existe;Não há placas;;2019
05/11/2019;10:55:00;SEM VÍTIMA;CORDEIRO;AV ENGENHEIRO ABDIAS DE CARVALHO;SUBURBIO;ABALROAMENTO LONGITUDINAL;1;;;;;1;;;0;;Bom;Sem defeito;Perfeito estado;Seca;Perfeito estado;Faixa de pedestre;Não há placas;60 km/h;2019
05/11/2019;11:45:00;SEM VÍTIMA;CORDEIRO;AV ENGENHEIRO ABDIAS DE CARVALHO;CIDADE;COLISÃO TRASEIRA;1;;;;1;;;;0;;Bom;Sem defeito;Perfeito estado;Seca;Perfeito estado;Faixa de pedestre;Outras;;2019
05/11/2019;11:49:00;SEM VÍTIMA;PARNAMIRIM;AV PARNAMIRIM;CIDADE;ABALROAMENTO LONGITUDINAL;1;;;;1;;;;0;;Bom;Não existe;Perfeito estado;Seca;Perfeito estado;Agente;Não há placas;;2019
05/11/2019;12:55:00;SEM VÍTIMA;IMBIRIBEIRA;AV RECIFE;;COLISÃO;1;;;;;1;;;0;;;;;;;;;;2019
05/11/2019;13:23:00;COM VÍTIMA;PINA;AV ANTONIO DE GOES;CIDADE;COLISÃO TRASEIRA;3;;;;;;;;1;;Bom;Sem defeito;Perfeito estado;Seca;Perfeito estado;Agente;Outras;60 km/h;2019
05/11/2019;13:50:00;SEM VÍTIMA;SÃO JOSÉ;;CIDADE;ABALROAMENTO LONGITUDINAL;2;;;;;;;;0;;Bom;Não existe;Perfeito estado;Seca;Perfeito estado;Não existe;Não há placas;;2019
05/11/2019;14:46:00;SEM VÍTIMA;ARRUDA;EST VELHA DE AGUA FRIA;;COLISÃO;2;;;;;;;;0;;;;;;;;;;2019
05/11/2019;14:48:00;SEM VÍTIMA;MADALENA;AV BEIRA RIO;SUBURBIO;ABALROAMENTO TRANSVERSAL;2;;;;;;;;0;;Bom;Não existe;Perfeito estado;Seca;Perfeito estado;Não existe;Não há placas;;2019
05/11/2019;15:04:00;SEM VÍTIMA;TORREÃO;AV NORTE;SUBURBIO;CHOQUE OBJETO FIXO;;;;;;1;;;0;;Bom;Sem defeito;Perfeito estado;Seca;Perfeito estado;Não existe;;;2019
05/11/2019;15:04:00;SEM VÍTIMA;ILHA DO LEITE;AV FREI MATIAS TEVES;;COLISÃO TRASEIRA;2;;;;;;;;0;;Bom;Não existe;Perfeito estado;Seca;Perfeito estado;;Outras;30 km/h;2019
05/11/2019;15:06:00;COM VÍTIMA;BARRO;AV DR JOSE RUFINO;;ABALROAMENTO TRANSVERSAL;1;1;;;;;;;1;;Bom;Não existe;;Seca;Perfeito estado;;;60 km/h;2019