data;hora;natureza_acidente;bairro;endereco;sentido_via;tipo;auto;moto;ciclista;pedestre;onibus;caminhao;viatura;outros;vitimas;vitimasfatais;tempo_clima;situacao_semaforo;sinalizacao;condicao_via;conservacao_via;ponto_controle;situacao_placa;velocidade_max_via;ano
05/11/2019;15:28:00;SEM VÍTIMA;CASA FORTE;RUA MARECHAL RONDON;SUBURBIO;ABALROAMENTO LONGITUDINAL;1;;;;;1;;;0;;Bom;Não existe;Incompleta;Seca;Mal conservada;Não existe;Não há placas;;2019
05/11/2019;15:33:00;SEM VÍTIMA;APIPUCOS;RUA DE APIPUCOS;CIDADE;ABALROAMENTO LONGITUDINAL;2;;;;;;;;0;;Bom;Não existe;Perfeito estado;Seca;Perfeito estado;Não existe;Não há placas;60 km/h;2019
05/11/2019;15:48:00;SEM VÍTIMA;CASA FORTE;AV DEZESSETE DE AGOSTO;;COLISÃO;2;;;;;;;;0;;;;;;;;;;2019
05/11/2019;15:54:00;SEM VÍTIMA;BOMBA DO HEMETÉRIO;EST VELHA DE AGUA FRIA;SUBURBIO;ABALROAMENTO LONGITUDINAL;2;;;;;;;;0;;Bom;Não existe;Perfeito estado;Seca;Perfeito estado;Não existe;Outras;;2019
05/11/2019;16:09:00;SEM VÍTIMA;ESTÂNCIA;RUA MORAIS E SILVA;;COLISÃO;2;;;;;;;;0;;;;;;;;;;2019
05/11/2019;16:21:00;SEM VÍTIMA;MACAXEIRA;AV NORTE;SUBURBIO;ABALROAMENTO LONGITUDINAL;;;;;;1;;;0;;Bom;Sem defeito;Perfeito estado;Seca;Perfeito estado;Faixa de pedestre;Outras;60 km/h;2019
05/11/2019;16:31:00;SEM VÍTIMA;CASA AMARELA;RUA CONS NABUCO;SUBURBIO;CHOQUE VEÍCULO PARADO;2;;;;;;;;0;;Bom;Não existe;Perfeito estado;Seca;Perfeito estado;Não existe;Outras;;2019
05/11/2019;16:33:00;SEM VÍTIMA;IBURA;AV DOZE DE JUNHO;;COLISÃO;1;1;;;;;;;0;;;;;;;;;;2019
05/11/2019;16:38:00;SEM VÍTIMA;MADALENA;RUA JOSE OSORIO;SUBURBIO;ABALROAMENTO LONGITUDINAL;2;;;;;;;;0;;Bom;Sem defeito;Perfeito estado;Seca;Perfeito estado;Faixa de pedestre;Não há placas;50 km/h;2019
05/11/2019;16:46:00;SEM VÍTIMA;SAN MARTIN;RUA APULCRO DE ASSUNCAO;;ABALROAMENTO LONGITUDINAL;2;;;;;;;;0;;Bom;Não existe;Não existente;Seca;Perfeito estado;Não existe;Não há placas;;2019
05/11/2019;16:54:00;COM VÍTIMA;BONGI;RUA CARLOS GOMES;SUBURBIO;ABALROAMENTO TRANSVERSAL;;2;;;;;;;2;;Bom;Não existe;Incompleta;Seca;Perfeito estado;Não existe;R-6a;;2019
05/11/2019;17:35:00;SEM VÍTIMA;ARRUDA;AV PROFESSOR JOSE DOS ANJOS;SUBURBIO;ABALROAMENTO LONGITUDINAL;2;;;;;;;;0;;Bom;Sem defeito;Perfeito estado;Seca;Perfeito estado;Não existe;Outras;;2019
05/11/2019;18:05:00;COM VÍTIMA;BOA VIAGEM;AV VINTE DE JANEIRO;;ABALROAMENTO LONGITUDINAL;1;1;;;;;;;1;;Bom;Não existe;Perfeito estado;Seca;Perfeito estado;Não existe;Não há placas;30 km/h;2019
05/11/2019;18:17:00;SEM VÍTIMA;IMBIRIBEIRA;AV MARECHAL MASCARENHAS DE MORAES;CIDADE;ABALROAMENTO LONGITUDINAL;1;;;;1;;;;0;;Bom;Não existe;Perfeito estado;Seca;Perfeito estado;Não existe;Não há placas;;2019
05/11/2019;18:27:00;COM VÍTIMA;PINA;PTE GOVERNADOR PAULO GUERRA;SUBURBIO;ABALROAMENTO LONGITUDINAL;1;1;;;;;;;1;;Bom;Não existe;Perfeito estado;Seca;Perfeito estado;Não existe;Outras;60 km/h;2019
05/11/2019;18:34:00;SEM VÍTIMA;PINA;RUA MANOEL DE BRITO;;COLISÃO TRASEIRA;3;;;;;;;;0;;Bom;Não existe;Perfeito estado;Seca;Mal iluminada;Outros;Outras;;2019
05/11/2019;18:55:00;SEM VÍTIMA;AFOGADOS;RUA MANOEL RODRIGUES DO PASSO;;CHOQUE OBJETO FIXO;;;;;;1;;;0;;Bom;Não existe;Não existente;Seca;Mal conservada;Não existe;Não há placas;;2019
05/11/2019;21:01:00;SEM VÍTIMA;MADALENA;AV ENGENHEIRO ABDIAS DE CARVALHO;SUBURBIO;ABALROAMENTO LONGITUDINAL;2;;;;;;;;0;;Bom;Sem defeito;Perfeito estado;Seca;Perfeito estado;Outros;Outras;;2019
06/11/2019;06:44:00;SEM VÍTIMA;CASA AMARELA;AV NORTE;SUBURBIO;ABALROAMENTO LONGITUDINAL;2;;;;;;;;0;;Bom;Não existe;Incompleta;Seca;Mal conservada;Não existe;Não há placas;60 km/h;2019
06/11/2019;06:47:00;SEM VÍTIMA;VÁRZEA;RUA GASTAO VIDIGAL;CIDADE;ABALROAMENTO LONGITUDINAL;1;;;;;1;;;0;;Bom;Sem defeito;Perfeito estado;Seca;Perfeito estado;Agente;Não há placas;;2019
06/11/2019;07:50:00;SEM VÍTIMA;JARDIM SÃO PAULO;AV RECIFE;;COLISÃO TRASEIRA;3;;;;;1;;;0;;Bom;Sem defeito;Perfeito estado;Seca;Perfeito estado;Agente;Outras;60 km/h;2019
06/11/2019;07:52:00;COM VÍTIMA;MADALENA;AV CAXANGA;CIDADE;ABALROAMENTO LONGITUDINAL;;2;;;;;;;3;;Bom;Não existe;Perfeito estado;Seca;Perfeito estado;Não existe;Não há placas;;2019
06/11/2019;07:58:00;SEM VÍTIMA;ILHA DO RETIRO;AV BEIRA RIO;CIDADE;COLISÃO TRASEIRA;1;1;;;;;;;0;;Bom;Não existe;Perfeito estado;Seca;Perfeito estado;Não existe;Não há placas;;2019
06/11/2019;08:21:00;SEM VÍTIMA;PINA;AV ANTONIO DE GOES;CIDADE;COLISÃO FRONTAL;4;;;;;;;;0;;Bom;Sem defeito;Perfeito estado;Seca;Perfeito estado;Agente;Não há placas;60 km/h;2019
06/11/2019;08:55:00;SEM VÍTIMA;GRAÇAS;AV GOVERNADOR AGAMENON MAGALHAES;;COLISÃO TRASEIRA;2;;;;;;;;0;;Bom;Sem defeito;Perfeito estado;Seca;Perfeito estado;;Outras;60 km/h;2019
06/11/2019;09:25:00;SEM VÍTIMA;AFOGADOS;AV SUL;CIDADE;ABALROAMENTO LONGITUDINAL;2;;;;;;;2;0;;Bom;Não existe;Perfeito estado;Seca;Perfeito estado;Não existe;Não há placas;;2019
06/11/2019;09:48:00;SEM VÍTIMA;ENCRUZILHADA;AV JOAO DE BARROS;CIDADE;ABALROAMENTO LONGITUDINAL;1;;;;;1;;;0;;Chuvoso;Sem defeito;Perfeito estado;Molhada;Perfeito estado;Agente;R-6a;;2019
06/11/2019;10:25:00;SEM VÍTIMA;BOA VISTA;RUA VELHA;;COLISÃO TRASEIRA;2;;;;;;;;0;;Bom;Não existe;Incompleta;Seca;Mal conservada;Não existe;Não há placas;;2019
06/11/2019;10:40:00;SEM VÍTIMA;IBURA;RUA NOVA CANAA;SUBURBIO;ABALROAMENTO TRANSVERSAL;1;;;;;1;;;0;;Bom;Não existe;Incompleta;Seca;Perfeito estado;Agente;Placas Pare;30 km/h;2019
06/11/2019;11:21:00;SEM VÍTIMA;BOA VIAGEM;AV BOA VIAGEM;CIDADE;CHOQUE VEÍCULO PARADO;4;;;;;;;;0;;Bom;Sem defeito;Perfeito estado;Seca;Perfeito estado;Faixa de pedestre;;;2019
06/11/2019;11:53:00;COM VÍTIMA;NOVA DESCOBERTA;AV VEREADOR OTACILIO AZEVEDO;;ATROPELAMENTO;;1;;1;;;;;1;;Bom;Não existe;Não existente;Seca;Perfeito estado;;;;2019
06/11/2019;12:58:00;COM VÍTIMA;TAMARINEIRA;AV NORTE;CIDADE;ABALROAMENTO LONGITUDINAL;1;1;;;;;;;1;;Bom;Não existe;Perfeito estado;Seca;Perfeito estado;;;;2019
06/11/2019;13:17:00;SEM VÍTIMA;MADALENA;RUA VINTE E UM DE ABRIL;SUBURBIO;ABALROAMENTO LONGITUDINAL;1;1;;;;;;;0;;Bom;Não existe;Não existente;Seca;Perfeito estado;Não existe;Não há placas;;2019
06/11/2019;13:35:00;SEM VÍTIMA;SANTO AMARO;RUA ARARIPINA;;ABALROAMENTO LONGITUDINAL;2;;;;;;;;0;;Bom;Não existe;Incompleta;Seca;Perfeito estado;Faixa de pedestre;Não há placas;30 km/h;2019
06/11/2019;14:05:00;COM VÍTIMA;HIPÓDROMO;RUA PRUDENTE DE MORAES;SUBURBIO;ABALROAMENTO TRANSVERSAL;1;1;;;;;;;1;;Bom;Não existe;Perfeito estado;Seca;Perfeito estado;Faixa de retenção;Placas Pare;30 km/h;2019
06/11/2019;14:29:00;SEM VÍTIMA;AREIAS;AV RECIFE;CIDADE;COLISÃO TRASEIRA;2;;;;;;;;0;;Bom;Sem defeito;Perfeito estado;Seca;Perfeito estado;Faixa de pedestre;Outras;;2019
06/11/2019;14:56:00;COM VÍTIMA;PAISSANDU;AV GOVERNADOR AGAMENON MAGALHAES;BOA VIAGEM;ABALROAMENTO LONGITUDINAL;2;1;;;;;;;1;;Bom;Não existe;Não existente;Seca;Perfeito estado;Outros;Não há placas;60 km/h;2019
06/11/2019;15:41:00;SEM VÍTIMA;SANTO AMARO;AV CRUZ CABUGA;SUBURBIO;ABALROAMENTO LONGITUDINAL;1;;;;1;;;;0;;Bom;Não existe;Perfeito estado;Seca;Perfeito estado;Faixa de pedestre;Outras;;2019
06/11/2019;15:48:00;SEM VÍTIMA;SANTO AMARO;AV CRUZ CABUGA;CIDADE;COLISÃO;1;;;;1;;;;0;;;;;;;;;;2019
06/11/2019;16:21:00;SEM VÍTIMA;SÃO JOSÉ;RUA IMPERIAL;SUBURBIO;COLISÃO TRASEIRA;2;;;;;;;;0;;Bom;Sem defeito;Perfeito estado;Seca;Perfeito estado;Faixa de pedestre;Não há placas;;2019
06/11/2019;16:49:00;SEM VÍTIMA;ESPINHEIRO;AV GOVERNADOR AGAMENON MAGALHAES;SUBURBIO;ABALROAMENTO LONGITUDINAL;2;;;;;;;;0;;Bom;Não existe;Perfeito estado;Seca;Perfeito estado;Outros;Outras;;2019
06/11/2019;17:01:00;COM VÍTIMA;ILHA DO LEITE;AV GOVERNADOR AGAMENON MAGALHAES;OLINDA;COLISÃO TRASEIRA;;1;;;;1;;;1;;Bom;Não existe;Perfeito estado;Seca;Perfeito estado;Agente;R-6a;;2019
06/11/2019;17:26:00;SEM VÍTIMA;;RUA SA E SOUZA;CIDADE;ABALROAMENTO TRANSVERSAL;1;1;;;;;;;0;;Bom;Não existe;Perfeito estado;Seca;Perfeito estado;Faixa de pedestre;Placas Pare;30 km/h;2019
06/11/2019;17:28:00;COM VÍTIMA;MADALENA;RUA JOSE OSORIO;SUBURBIO;ABALROAMENTO TRANSVERSAL;1;1;;;;;;;1;;Bom;Não existe;Perfeito estado;Seca;Perfeito estado;Não existe;Não há placas;50 km/h;2019
06/11/2019;17:38:00;COM VÍTIMA;VÁRZEA;RUA BERNARDIM RIBEIRO;SUBURBIO;COLISÃO FRONTAL;1;1;;;;;;;1;;Bom;Não existe;Perfeito estado;Seca;Perfeito estado;Não existe;Não há placas;;2019
06/11/2019;17:56:00;SEM VÍTIMA;BAIRRO DO RECIFE;CAIS DA ALFANDEGA;SUBURBIO;ABALROAMENTO LONGITUDINAL;1;;;;;1;;;0;;Bom;Sem defeito;Perfeito estado;Seca;Perfeito estado;Não existe;Outras;;2019
06/11/2019;18:00:00;SEM VÍTIMA;BOA VISTA;AV MANOEL BORBA;SUBURBIO;ABALROAMENTO LONGITUDINAL;2;;;;;;;;0;;Bom;Não existe;Perfeito estado;Seca;Perfeito estado;Não existe;R-6a;;2019
06/11/2019;18:25:00;SEM VÍTIMA;MADALENA;RUA DEMOCRITO DE SOUZA FILHO;;ABALROAMENTO TRANSVERSAL;1;1;;;;;;;0;;Bom;Não existe;Perfeito estado;Seca;Perfeito estado;Faixa de retenção;Placas Pare;40 km/h;2019
06/11/2019;18:56:00;SEM VÍTIMA;MADALENA;RUA SPORT CLUBE DO RECIFE;;COLISÃO;1;;;;;1;;;0;;;;;;;;;;2019
06/11/2019;19:11:00;SEM VÍTIMA;IPUTINGA;AV LUIZ DE LACERDA;;CHOQUE VEÍCULO PARADO;3;;;;;;;;0;;Bom;Não existe;Perfeito estado;Seca;Perfeito estado;Não existe;Outras;;2019
06/11/2019;20:22:00;SEM VÍTIMA;IBURA;RUA DOIS RIOS;SUBURBIO;COLISÃO FRONTAL;2;;;;;;;;0;;Bom;Não existe;Perfeito estado;Seca;Perfeito estado;Não existe;Não há placas;;2019
06/11/2019;20:25:00;COM VÍTIMA;CORDEIRO;RUA DR JOAO LACERDA;SUBURBIO;ABALROAMENTO LONGITUDINAL;1;1;;;;;;;1;;Bom;Não existe;Não existente;Seca;Perfeito estado;Outros;Não há placas;;2019
07/11/2019;07:26:00;SEM VÍTIMA;BOA VISTA;RUA PRINCESA IZABEL;CIDADE;COLISÃO TRASEIRA;2;;;;;;;;0;;Bom;Sem defeito;Perfeito estado;Seca;Perfeito estado;Agente;R-6a;;2019
07/11/2019;07:28:00;SEM VÍTIMA;AFOGADOS;RUA VINTE E UM DE ABRIL;CIDADE;COLISÃO TRASEIRA;2;;;;;;;;0;;Bom;Sem defeito;Perfeito estado;Seca;Perfeito estado;Não existe;Não há placas;;2019
07/11/2019;07:37:00;COM VÍTIMA;AREIAS;AV DR JOSE RUFINO;CIDADE;COLISÃO COM CICLISTA;;1;1;;;;;;1;;Bom;Não existe;Perfeito estado;Seca;Perfeito estado;Não existe;Outras;;2019
07/11/2019;07:32:00;SEM VÍTIMA;ENCRUZILHADA;EST DE BELEM;SUBURBIO;ABALROAMENTO LONGITUDINAL;1;;;;1;;;;0;;Bom;Sem defeito;Perfeito estado;Seca;Perfeito estado;Faixa de retenção;Outras;;2019
07/11/2019;07:50:00;SEM VÍTIMA;ROSARINHO;AV SANTOS DUMONT;;COLISÃO;1;1;;;;;;;0;;;;;;;;;;2019
07/11/2019;07:54:00;SEM VÍTIMA;;RUA ALTINHO;CIDADE;ABALROAMENTO LONGITUDINAL;2;;;;;;;;0;;Bom;Não existe;;Seca;Perfeito estado;Não existe;R-6a;;2019
07/11/2019;07:57:00;SEM VÍTIMA;ARRUDA;AV PROFESSOR JOSE DOS ANJOS;;COLISÃO;1;1;;;;;;;0;;;;;;;;;;2019
07/11/2019;08:11:00;SEM VÍTIMA;TOTÓ;AV LIBERDADE;;COLISÃO;;2;;;;;;;0;;;;;;;;;;2019
07/11/2019;08:22:00;SEM VÍTIMA;JOANA BEZERRA;VIADUTO CAPITAO TEMUDO;CIDADE;COLISÃO TRASEIRA;1;1;;;;;;;0;;Bom;Não existe;Perfeito estado;Seca;Perfeito estado;Não existe;Não há placas;;2019
07/11/2019;08:41:00;SEM VÍTIMA;BARRO;AV DR JOSE RUFINO;CIDADE;ABALROAMENTO LONGITUDINAL;1;;;;;1;;;0;;Bom;Não existe;Perfeito estado;Seca;Perfeito estado;Não existe;Outras;;2019
07/11/2019;09:04:00;SEM VÍTIMA;BOA VIAGEM;RUA VISCONDE DE JEQUITINHONHA;;COLISÃO;3;;;;;;;;0;;;;;;;;;;2019
07/11/2019;09:10:00;SEM VÍTIMA;BOA VIAGEM;AV ENGENHEIRO DOMINGOS FERREIRA;SUBURBIO;COLISÃO TRASEIRA;2;;;;;;;;0;;Bom;Não existe;Perfeito estado;Seca;Perfeito estado;Não existe;Outras;60 km/h;2019
07/11/2019;09:57:00;COM VÍTIMA;CORDEIRO;AV CAXANGA;CIDADE;ATROPELAMENTO;;1;;1;;;;;1;;Bom;Não existe;Perfeito estado;Seca;Perfeito estado;Não existe;R-6a;;2019
07/11/2019;10:21:00;SEM VÍTIMA;BOA VISTA;RUA PRINCESA IZABEL;;COLISÃO;2;;;;;;;;0;;;;;;;;;;2019
07/11/2019;11:21:00;SEM VÍTIMA;IMBIRIBEIRA;AV MARECHAL MASCARENHAS DE MORAES;SUBURBIO;COLISÃO TRASEIRA;2;;;;;;;;0;;Bom;Não existe;Perfeito estado;Seca;Perfeito estado;Não existe;Não há placas;60 km/h;2019
07/11/2019;11:53:00;COM VÍTIMA;BOA VIAGEM;RUA AVIADOR SEVERIANO LINS;SUBURBIO;COLISÃO TRASEIRA;1;1;;;;;;;1;;Bom;Não existe;Perfeito estado;Seca;Perfeito estado;Não existe;Outras;20 km/h;2019
07/11/2019;12:35:00;SEM VÍTIMA;BOA VIAGEM;RUA BRUNO VELOSO;;COLISÃO;2;;;;;;;;0;;;;;;;;;;2019
07/11/2019;12:48:00;SEM VÍTIMA;JOANA BEZERRA;AV ADVOGADO JOSE PAULO CAVALCANTI;;CHOQUE VEÍCULO PARADO;1;;;;1;;;;0;;Bom;Não existe;Não existente;;Mal conservada;Não existe;Não há placas;;2019
07/11/2019;12:48:00;COM VÍTIMA;VÁRZEA;RUA ACADEMICO HELIO RAMOS;SUBURBIO;ABALROAMENTO TRANSVERSAL;1;1;;;;;;;1;;Bom;Não existe;Perfeito estado;Seca;Perfeito estado;Não existe;R-6a;;2019
07/11/2019;12:53:00;SEM VÍTIMA;AFOGADOS;AV SUL;CIDADE;ABALROAMENTO LONGITUDINAL;1;;;;;1;;;0;;Bom;Não existe;Perfeito estado;Seca;Perfeito estado;Não existe;Não há placas;40 km/h;2019
07/11/2019;13:04:00;COM VÍTIMA;TORRE;RUA JOSE BONIFACIO;SUBURBIO;ATROPELAMENTO;2;;;1;;;;;1;;Bom;Sem defeito;Não existente;Seca;Perfeito estado;Não existe;Outras;40 km/h;2019
07/11/2019;13:39:00;SEM VÍTIMA;AFOGADOS;PTE DO MOTOCOLOMBO;SUBURBIO;ABALROAMENTO LONGITUDINAL;2;;;;;;;;0;;Bom;Sem defeito;Perfeito estado;Seca;Perfeito estado;Faixa de pedestre;Outras;;2019
07/11/2019;13:46:00;SEM VÍTIMA;AFOGADOS;RUA SERTAOZINHO;;COLISÃO;2;;;;;;;;0;;;;;;;;;;2019
07/11/2019;14:05:00;SEM VÍTIMA;CASA AMARELA;RUA VISCONDE DE TAUNAY;;ABALROAMENTO TRANSVERSAL;2;;;;;;;;0;;Bom;Não existe;Perfeito estado;Seca;Perfeito estado;Não existe;Placas Pare;;2019
07/11/2019;14:49:00;SEM VÍTIMA;PARNAMIRIM;EST DAS UBAIAS,;SUBURBIO;ABALROAMENTO TRANSVERSAL;2;;;;;;;;0;;Bom;Sem defeito;Ilegível;Seca;Perfeito estado;Não existe;Outras;30 km/h;2019
07/11/2019;15:16:00;SEM VÍTIMA;ILHA DO LEITE;PRC MIGUEL DE CERVANTES;CIDADE;ABALROAMENTO TRANSVERSAL;2;;;;;;;;0;;Bom;Não existe;Perfeito estado;Seca;Perfeito estado;Faixa de pedestre;Placas Pare;;2019
07/11/2019;15:17:00;SEM VÍTIMA;MADALENA;AV ENGENHEIRO ABDIAS DE CARVALHO;SUBURBIO;COLISÃO TRASEIRA;3;;;;;;;;0;;Bom;Não existe;Perfeito estado;Seca;Perfeito estado;Não existe;Outras;;2019
07/11/2019;15:23:00;SEM VÍTIMA;AFOGADOS;RUA VISCONDE DE PELOTAS;;COLISÃO;2;;;;;;;;0;;;;;;;;;;2019
07/11/2019;15:28:00;SEM VÍTIMA;CORDEIRO;AV GENERAL SAN MARTIN;SUBURBIO;ABALROAMENTO LONGITUDINAL;2;;;;;;;;0;;Bom;Sem defeito;Perfeito estado;Seca;Perfeito estado;Faixa de pedestre;Não há placas;;2019
07/11/2019;15:34:00;COM VÍTIMA;ESPINHEIRO;RUA QUARENTA E OITO;CIDADE;ABALROAMENTO LONGITUDINAL;1;1;;;;;;;1;;Bom;Sem defeito;Perfeito estado;Seca;Perfeito estado;Faixa de pedestre;Outras;;2019
07/11/2019;15:43:00;SEM VÍTIMA;ILHA DO RETIRO;RUA BENFICA;;ABALROAMENTO LONGITUDINAL;1;;;;1;;;;0;;Bom;Não existe;Incompleta;Seca;Perfeito estado;Não existe;Outras;;2019
07/11/2019;16:16:00;COM VÍTIMA;SÃO JOSÉ;RUA IMPERIAL;;COLISÃO;1;1;;;;;;;1;;;;;;;;;;2019
07/11/2019;16:33:00;COM VÍTIMA;PRADO;RUA CARLOS GOMES;SUBURBIO;ABALROAMENTO TRANSVERSAL;;1;;;;1;;;1;;Bom;Não existe;Perfeito estado;Seca;Perfeito estado;Não existe;R-6a;;2019
07/11/2019;16:37:00;SEM VÍTIMA;CORDEIRO;RUA GOMES TABORDA;;COLISÃO;1;;;;1;;;;0;;;;;;;;;;2019
07/11/2019;16:43:00;SEM VÍTIMA;ESPINHEIRO;AV GOVERNADOR AGAMENON MAGALHAES;CIDADE;COLISÃO TRASEIRA;1;;;;1;;;;0;;Bom;Não existe;Perfeito estado;;;Não existe;;;2019
07/11/2019;16:55:00;SEM VÍTIMA;MADALENA;AV VISCONDE DE ALBUQUERQUE;SUBURBIO;COLISÃO FRONTAL;3;;;;;;;;0;;Bom;Sem defeito;Perfeito estado;Seca;Perfeito estado;Faixa de pedestre;Outras;60 km/h;2019
07/11/2019;18:04:00;SEM VÍTIMA;BAIRRO DO RECIFE;AV MILITAR;CIDADE;ABALROAMENTO LONGITUDINAL;2;;;;;;;;0;;Bom;Não existe;Perfeito estado;Seca;Perfeito estado;Não existe;Outras;;2019
07/11/2019;18:12:00;SEM VÍTIMA;ARRUDA;RUA PROFESSOR JERONIMO GUEIROS;;ABALROAMENTO TRANSVERSAL;2;;;;;;;;0;;Bom;Não existe;Não existente;Seca;Perfeito estado;Não existe;Não há placas;;2019
07/11/2019;18:40:00;SEM VÍTIMA;;RUA VALE DO SIRIJI;;COLISÃO TRASEIRA;2;;;;;;;;0;;Bom;Não existe;Perfeito estado;Seca;Perfeito estado;Não existe;Não há placas;40 km/h;2019
07/11/2019;18:44:00;SEM VÍTIMA;BOMBA DO HEMETÉRIO;RUA CHA DE ALEGRIA;SUBURBIO;ABALROAMENTO LONGITUDINAL;1;;;;1;;;;0;;Bom;Não existe;Incompleta;Seca;Mal conservada;Não existe;R-6a;;2019
07/11/2019;18:47:00;SEM VÍTIMA;ILHA DO RETIRO;RUA BENFICA;SUBURBIO;ABALROAMENTO LONGITUDINAL;1;;;;;1;;;0;;Bom;Não existe;Perfeito estado;Seca;Perfeito estado;;;;2019
07/11/2019;18:58:00;SEM VÍTIMA;AFOGADOS;AV SUL;CIDADE;ABALROAMENTO LONGITUDINAL;2;;;;;;;;0;;Bom;Não existe;Perfeito estado;Seca;Perfeito estado;Não existe;Outras;60 km/h;2019
07/11/2019;19:02:00;SEM VÍTIMA;ÁGUA FRIA;RUA RAUL POMPEIA;;COLISÃO;2;;;;;;;;0;;;;;;;;;;2019
07/11/2019;20:42:00;COM VÍTIMA;MADALENA;RUA REAL DA TORRE;;ABALROAMENTO TRANSVERSAL;;2;;;;;;;3;;Bom;Sem defeito;Perfeito estado;Seca;Perfeito estado;Faixa de pedestre;Outras;;2019
07/11/2019;21:31:00;VÍTIMA FATAL;CORDEIRO;AV CAXANGA;CIDADE;COLISÃO COM CICLISTA;1;;1;;;;;;;1;Bom;Não existe;;Seca;Perfeito estado;Não existe;Não há placas;;2019
07/11/2019;22:45:00;SEM VÍTIMA;TEJIPIÓ;RUA FALCAO DE LACERDA;SUBURBIO;ABALROAMENTO LONGITUDINAL;2;;;;;;;;0;;Bom;Desligado;Incompleta;Seca;Mal iluminada;Faixa de pedestre;R-6a;;2019
08/11/2019;00:24:00;SEM VÍTIMA;;RUA JOAO CARDOSO AIRES;SUBURBIO;COLISÃO TRASEIRA;2;;;;;;;;0;;Bom;Sem defeito;Perfeito estado;Seca;Perfeito estado;Outros;Outras;;2019
08/11/2019;04:56:00;COM VÍTIMA;BOA VIAGEM;RUA DEZ DE JULHO;CIDADE;ABALROAMENTO TRANSVERSAL;2;;;;;;;;1;;Bom;Sem defeito;Perfeito estado;Seca;Perfeito estado;Faixa de pedestre;R-4a;;2019
08/11/2019;06:33:00;SEM VÍTIMA;DERBY;AV GOVERNADOR AGAMENON MAGALHAES;SUBURBIO;ABALROAMENTO LONGITUDINAL;1;;;;1;;;;0;;Bom;Não existe;Perfeito estado;Seca;Perfeito estado;Não existe;Outras;60 km/h;2019
08/11/2019;06:41:00;COM VÍTIMA;BOA VIAGEM;RUA COSMORAMA;CIDADE;ABALROAMENTO TRANSVERSAL;1;1;;;;;;;1;;Bom;Sem defeito;Perfeito estado;Seca;Perfeito estado;Faixa de pedestre;Não há placas;;2019
08/11/2019;07:23:00;COM VÍTIMA;PARNAMIRIM;AV DEZESSETE DE AGOSTO;;COLISÃO COM CICLISTA;;;1;;;;;;1;;;;;;;;;;2019
08/11/2019;07:56:00;SEM VÍTIMA;;AV CRUZ CABUGA;CIDADE;ABALROAMENTO LONGITUDINAL;1;1;;;;;;;0;;Bom;Sem defeito;Perfeito estado;Seca;Perfeito estado;Agente;Não há placas;;2019
08/11/2019;08:23:00;COM VÍTIMA;IMBIRIBEIRA;AV MARECHAL MASCARENHAS DE MORAES;CIDADE;ABALROAMENTO LONGITUDINAL;1;1;;;;;;;1;;Bom;Sem defeito;Perfeito estado;Seca;Perfeito estado;Faixa de pedestre;Não há placas;60 km/h;2019
08/11/2019;08:32:00;SEM VÍTIMA;JAQUEIRA;RUA DO FUTURO;CIDADE;ABALROAMENTO TRANSVERSAL;2;;;;;;;;0;;Bom;Não existe;Perfeito estado;Seca;Perfeito estado;Faixa de pedestre;Placas Pare;;2019
08/11/2019;08:43:00;SEM VÍTIMA;TORRE;RUA TOMAZ GONZAGA;CIDADE;COLISÃO TRASEIRA;3;;;;;;;;0;;Bom;Não existe;Não existente;Seca;Perfeito estado;Não existe;Não há placas;;2019
08/11/2019;08:57:00;SEM VÍTIMA;IMBIRIBEIRA;AV ANTONIO TORRES GALVAO;CIDADE;COLISÃO TRASEIRA;2;;;;;;;;0;;Bom;Sem defeito;Perfeito estado;Seca;Perfeito estado;Faixa de pedestre;;;2019
08/11/2019;09:03:00;COM VÍTIMA;DERBY;RUA DA BAIXA VERDE;SUBURBIO;ABALROAMENTO TRANSVERSAL;2;;;;;;;;1;;Bom;Não existe;Perfeito estado;Seca;Perfeito estado;Não existe;R-6a;;2019
08/11/2019;09:08:00;SEM VÍTIMA;CAMPO GRANDE;RUA JERONIMO VILELA;;COLISÃO TRASEIRA;2;;;;;;;;0;;Bom;Não existe;Perfeito estado;Seca;Perfeito estado;Não existe;;40 km/h;2019
08/11/2019;09:15:00;SEM VÍTIMA;CASA AMARELA;AV NORTE;;ABALROAMENTO LONGITUDINAL;1;1;;;;;;;0;;Bom;Não existe;Perfeito estado;Seca;Perfeito estado;Não existe;Não há placas;60 km/h;2019
08/11/2019;09:17:00;SEM VÍTIMA;AFOGADOS;EST DOS REMEDIOS;CIDADE;ABALROAMENTO LONGITUDINAL;1;;;;;1;;;0;;Bom;Não existe;Perfeito estado;Seca;Perfeito estado;Não existe;Não há placas;;2019
08/11/2019;09:34:00;COM VÍTIMA;AREIAS;AV RECIFE;AEROPORTO;CHOQUE OBJETO FIXO;;1;;;;;;;1;;Bom;Sem defeito;Perfeito estado;Seca;Perfeito estado;;Não há placas;60 km/h;2019