data;hora;natureza_acidente;bairro;endereco;sentido_via;tipo;auto;moto;ciclista;pedestre;onibus;caminhao;viatura;outros;vitimas;vitimasfatais;tempo_clima;situacao_semaforo;sinalizacao;condicao_via;conservacao_via;ponto_controle;situacao_placa;velocidade_max_via;ano
08/11/2019;09:36:00;COM VÍTIMA;MADALENA;RUA ARLINDO GOUVEIA;CIDADE;ABALROAMENTO LONGITUDINAL;1;1;;;;;;;1;;Bom;Sem defeito;Perfeito estado;Seca;Perfeito estado;Não existe;R-6a;30 km/h;2019
08/11/2019;10:08:00;SEM VÍTIMA;BOA VIAGEM;RUA PROFESSOR MARIO CASTRO;CIDADE;COLISÃO TRASEIRA;3;;;;;;;;0;;Bom;Sem defeito;Perfeito estado;Seca;Perfeito estado;Faixa de pedestre;Não há placas;;2019
08/11/2019;10:33:00;SEM VÍTIMA;ARRUDA;RUA DO TRIUNFO;CIDADE;CHOQUE OBJETO FIXO;;;;;;1;;;0;;Bom;Não existe;Não existente;Seca;Perfeito estado;Não existe;Não há placas;;2019
08/11/2019;11:18:00;SEM VÍTIMA;BOA VIAGEM;RUA ANTONIO FALCAO;;ABALROAMENTO LONGITUDINAL;1;;;;;1;;;0;;Bom;Não existe;Perfeito estado;Seca;Perfeito estado;Não existe;;60 km/h;2019
08/11/2019;11:38:00;SEM VÍTIMA;BOA VISTA;RUA DO HOSPICIO;CIDADE;ABALROAMENTO LONGITUDINAL;2;;;;;;;;0;;Bom;Não existe;;Seca;Perfeito estado;Outros;Outras;;2019
08/11/2019;11:58:00;SEM VÍTIMA;MADALENA;RUA LOPES DE CARVALHO;;COLISÃO;1;;;;1;;;;0;;;;;;;;;;2019
08/11/2019;12:41:00;SEM VÍTIMA;VÁRZEA;AV CAXANGA;SUBURBIO;COLISÃO TRASEIRA;3;;;;;;;;0;;Bom;Não existe;Perfeito estado;Seca;Perfeito estado;Não existe;Não há placas;60 km/h;2019
08/11/2019;13:30:00;COM VÍTIMA;DOIS IRMÃOS;RUA DOIS IRMAOS;APIPUCOS;ABALROAMENTO LONGITUDINAL;1;1;;;;1;;;1;;Bom;Não existe;Perfeito estado;Seca;Perfeito estado;Não existe;R-6a;;2019
08/11/2019;13:37:00;SEM VÍTIMA;DERBY;RUA JOAQUIM NABUCO;;COLISÃO;2;;;;;;;;0;;;;;;;;;;2019
08/11/2019;14:09:00;SEM VÍTIMA;JARDIM SÃO PAULO;RUA LEANDRO BARRETO;SUBURBIO;ABALROAMENTO TRANSVERSAL;1;1;;;;;;;0;;Bom;Não existe;Perfeito estado;Seca;Mal conservada;Não existe;Não há placas;;2019
08/11/2019;14:10:00;SEM VÍTIMA;ARRUDA;AV PROFESSOR JOSE DOS ANJOS;SUBURBIO;ABALROAMENTO LONGITUDINAL;2;;;;;;;1;0;;Bom;Não existe;Perfeito estado;Seca;Perfeito estado;Faixa de pedestre;R-6a;;2019
08/11/2019;14:24:00;COM VÍTIMA;TORRE;RUA REAL DA TORRE;AFOGADOS;ATROPELAMENTO;;;;1;;1;;;1;;Bom;Não existe;Incompleta;Seca;Perfeito estado;Não existe;R-19;50 km/h;2019
08/11/2019;14:25:00;COM VÍTIMA;SANTO ANTÔNIO;RUA FLORIANO PEIXOTO;;COLISÃO;;1;;;;;;;1;;;;;;;;;;2019
08/11/2019;14:44:00;SEM VÍTIMA;CABANGA;;SUBURBIO;ABALROAMENTO LONGITUDINAL;1;;;;1;;;;0;;Bom;Não existe;Incompleta;Seca;Perfeito estado;Não existe;Não há placas;;2019
08/11/2019;14:57:00;SEM VÍTIMA;BOA VIAGEM;AV CONSELHEIRO AGUIAR;SUBURBIO;ABALROAMENTO LONGITUDINAL;2;;;;;;;;0;;Bom;Não existe;Perfeito estado;Seca;Perfeito estado;Não existe;Não há placas;;2019
08/11/2019;15:00:00;SEM VÍTIMA;MANGUEIRA;RUA MANOEL DE ALBUQUERQUE FERNANDES;;ABALROAMENTO LONGITUDINAL;;;;;;2;;;0;;Bom;Não existe;Não existente;Seca;Perfeito estado;Não existe;Não há placas;;2019
08/11/2019;15:17:00;SEM VÍTIMA;MADALENA;AV ENGENHEIRO ABDIAS DE CARVALHO;SUBURBIO;COLISÃO;1;;;;1;;;;0;;Bom;Não existe;Perfeito estado;Seca;Perfeito estado;Não existe;Não há placas;;2019
08/11/2019;15:38:00;SEM VÍTIMA;ARRUDA;RUA SETE PECADOS;SUBURBIO;ABALROAMENTO TRANSVERSAL;2;;;;;;;;0;;Bom;Não existe;Não existente;Seca;Perfeito estado;Não existe;Não há placas;;2019
08/11/2019;16:00:00;SEM VÍTIMA;MADALENA;RUA JOSE OSORIO;SUBURBIO;ABALROAMENTO TRANSVERSAL;1;1;;;;;;;0;;Bom;Não existe;Não existente;Seca;Perfeito estado;Não existe;Placas Pare;40 km/h;2019
08/11/2019;16:02:00;SEM VÍTIMA;IPSEP;RUA HELIO BRANDAO;SUBURBIO;ABALROAMENTO LONGITUDINAL;1;;;;1;;;;0;;Bom;Sem defeito;Perfeito estado;Seca;Perfeito estado;Não existe;Não há placas;;2019
08/11/2019;16:02:00;SEM VÍTIMA;AFOGADOS;RUA QUITERIO INACIO DE MELLO;CIDADE;COLISÃO TRASEIRA;2;;;;;;;;0;;Bom;Sem defeito;Ilegível;Seca;Perfeito estado;Não existe;Não há placas;;2019
08/11/2019;16:14:00;SEM VÍTIMA;PARNAMIRIM;RUA PADRE ROMA;SUBURBIO;ABALROAMENTO LONGITUDINAL;2;;;;;;;;0;;Bom;Não existe;Perfeito estado;Seca;Perfeito estado;;;;2019
08/11/2019;16:19:00;SEM VÍTIMA;IMBIRIBEIRA;AV MARECHAL MASCARENHAS DE MORAES;SUBURBIO;ABALROAMENTO LONGITUDINAL;1;;;;;;;2;0;;Bom;Sem defeito;Perfeito estado;Seca;Perfeito estado;Não existe;Não há placas;60 km/h;2019
08/11/2019;16:26:00;SEM VÍTIMA;BOA VISTA;RUA DA AURORA;SUBURBIO;ABALROAMENTO LONGITUDINAL;2;;;;;;;;0;;Bom;Não existe;Perfeito estado;Seca;Mal conservada;Não existe;Outras;;2019
08/11/2019;;SEM VÍTIMA;CORDEIRO;RUA GOMES TABORDA;;ABALROAMENTO TRANSVERSAL;2;;;;;;;;0;;Bom;Não existe;Incompleta;Seca;Perfeito estado;Não existe;Outras;30 km/h;2019
08/11/2019;16:46:00;SEM VÍTIMA;TORRE;AV BEIRA RIO;SUBURBIO;CHOQUE OBJETO FIXO;;;;;;1;;;0;;Bom;;Perfeito estado;Seca;Perfeito estado;;;;2019
08/11/2019;17:14:00;SEM VÍTIMA;BOA VIAGEM;AV VINTE DE JANEIRO;;COLISÃO;2;;;;;;;;0;;;;;;;;;;2019
08/11/2019;18:24:00;SEM VÍTIMA;LINHA DO TIRO;RUA URIEL DE HOLANDA;SUBURBIO;ABALROAMENTO TRANSVERSAL;1;1;;;;;;;0;;Bom;Não existe;Perfeito estado;Seca;Perfeito estado;Não existe;Não há placas;;2019
08/11/2019;18:51:00;SEM VÍTIMA;BOA VIAGEM;RUA RIO AZUL;SUBURBIO;COLISÃO FRONTAL;1;1;;;;;;;0;;Bom;Não existe;Não existente;Seca;Perfeito estado;Não existe;Não há placas;;2019
08/11/2019;19:06:00;COM VÍTIMA;TORRÕES;AV ENGENHEIRO ABDIAS DE CARVALHO;SUBURBIO;ABALROAMENTO LONGITUDINAL;;1;;;;1;;;1;;Bom;Sem defeito;Perfeito estado;Seca;Perfeito estado;;R-6a;;2019
08/11/2019;19:44:00;COM VÍTIMA;AFOGADOS;RUA COSME VIANA;SUBURBIO;COLISÃO TRASEIRA;1;1;;;;;;;1;;Bom;Sem defeito;Perfeito estado;Seca;Perfeito estado;Faixa de pedestre;;;2019
08/11/2019;20:08:00;SEM VÍTIMA;IMBIRIBEIRA;AV MARECHAL MASCARENHAS DE MORAES;SUBURBIO;COLISÃO;2;;;;;;;;0;;;;;;;;;;2019
08/11/2019;20:16:00;SEM VÍTIMA;ESTÂNCIA;AV RECIFE;SUBURBIO;COLISÃO;1;;;;;1;;;0;;;;;;;;;;2019
08/11/2019;20:51:00;COM VÍTIMA;IMBIRIBEIRA;RUA ITACARI;SUBURBIO;ABALROAMENTO TRANSVERSAL;1;1;;;;;;;1;;Bom;Não existe;Perfeito estado;Seca;Perfeito estado;Não existe;Placas Pare;;2019
08/11/2019;21:18:00;SEM VÍTIMA;MADALENA;RUA BENFICA;SUBURBIO;CHOQUE OBJETO FIXO;1;;;;;;;;0;;Bom;Não existe;Perfeito estado;Seca;Perfeito estado;Não existe;Não há placas;;2019
08/11/2019;22:23:00;COM VÍTIMA;MANGUEIRA;RUA SAO MIGUEL;;ABALROAMENTO TRANSVERSAL;1;1;;;;;;;2;;Bom;Não existe;Incompleta;Seca;Perfeito estado;Outros;Outras;;2019
09/11/2019;02:51:00;SEM VÍTIMA;ARRUDA;RUA MARQUES DE BAIPENDI;SUBURBIO;COLISÃO TRASEIRA;2;;;;;;;;0;;Bom;Sem defeito;Não existente;Seca;Perfeito estado;Não existe;Não há placas;;2019
09/11/2019;03:03:00;COM VÍTIMA;TAMARINEIRA;AV CONS ROSA E SILVA;SUBURBIO;ABALROAMENTO LONGITUDINAL;1;1;;;;;;;1;;Bom;Sem defeito;Perfeito estado;Seca;Perfeito estado;Faixa de pedestre;Não há placas;;2019
09/11/2019;06:13:00;SEM VÍTIMA;IMBIRIBEIRA;AV MARECHAL MASCARENHAS DE MORAES;SUBURBIO;ABALROAMENTO LONGITUDINAL;1;;;;;1;;;0;;Bom;Não existe;Perfeito estado;Seca;Perfeito estado;Não existe;Outras;;2019
09/11/2019;06:46:00;COM VÍTIMA;IMBIRIBEIRA;AV MARECHAL MASCARENHAS DE MORAES;CIDADE;ABALROAMENTO LONGITUDINAL;;1;;;1;;;;1;;Bom;Não existe;Perfeito estado;Seca;Perfeito estado;Não existe;Outras;;2019
09/11/2019;07:45:00;SEM VÍTIMA;BOA VIAGEM;AV ENGENHEIRO DOMINGOS FERREIRA;;ABALROAMENTO LONGITUDINAL;1;1;;;;;;;0;;Bom;Sem defeito;Perfeito estado;Seca;Perfeito estado;Faixa de pedestre;Outras;;2019
09/11/2019;08:33:00;SEM VÍTIMA;BOA VISTA;RUA DR BANDEIRA FILHO;SUBURBIO;ABALROAMENTO LONGITUDINAL;1;;;;1;;;;0;;Bom;Sem defeito;Perfeito estado;Seca;Perfeito estado;Faixa de pedestre;Outras;;2019
09/11/2019;08:55:00;SEM VÍTIMA;JAQUEIRA;PRC PROFESSOR FLEMING;CIDADE;ABALROAMENTO LONGITUDINAL;1;;;;1;;;;0;;Bom;Não existe;Perfeito estado;Seca;Perfeito estado;Não existe;Não há placas;40 km/h;2019
09/11/2019;09:15:00;SEM VÍTIMA;DERBY;PTE ESTACIO COIMBRA;CIDADE;COLISÃO TRASEIRA;3;;;;;;;;0;;Bom;Não existe;Perfeito estado;Seca;Perfeito estado;Não existe;Não há placas;;2019
09/11/2019;09:21:00;SEM VÍTIMA;SANTO AMARO;AV CRUZ CABUGA;CIDADE;COLISÃO TRASEIRA;1;1;;;;;;;0;;Bom;Sem defeito;Perfeito estado;Seca;Perfeito estado;;Outras;;2019
09/11/2019;09:24:00;SEM VÍTIMA;SÃO JOSÉ;AV DANTAS BARRETO;SUBURBIO;COLISÃO TRASEIRA;1;1;;;;;;;0;;Bom;Não existe;Incompleta;Seca;Perfeito estado;Não existe;R-6a;;2019
09/11/2019;09:26:00;COM VÍTIMA;BOMBA DO HEMETÉRIO;RUA BOMBA DO HEMETERIO;SUBURBIO;COLISÃO TRASEIRA;1;1;;;;;;;1;;Bom;Não existe;Perfeito estado;Seca;Perfeito estado;Não existe;R-6a;;2019
09/11/2019;09:44:00;SEM VÍTIMA;JOANA BEZERRA;VDO PAPA JOAO PAULO II;BOA VIAGEM;COLISÃO;1;1;;;;;;;0;;;;;;;;;;2019
09/11/2019;09:56:00;SEM VÍTIMA;TORRE;RUA PROFESSOR TRAJANO DE MENDONCA;;ABALROAMENTO TRANSVERSAL;1;;;;;;;1;0;;Bom;Não existe;Perfeito estado;Seca;Mal conservada;Não existe;Outras;40 km/h;2019
09/11/2019;10:37:00;SEM VÍTIMA;BOA VIAGEM;RUA PROFESSOR JULIO FERREIRA DE MELO;SUBURBIO;COLISÃO TRASEIRA;2;;;;;;;;0;;Bom;Não existe;Perfeito estado;Seca;Perfeito estado;Não existe;R-6a;;2019
09/11/2019;10:43:00;SEM VÍTIMA;SÃO JOSÉ;AV SUL;CIDADE;COLISÃO TRASEIRA;2;;;;;;;;0;;Bom;Sem defeito;Perfeito estado;Seca;;Faixa de pedestre;Outras;60 km/h;2019
09/11/2019;12:04:00;SEM VÍTIMA;BOA VIAGEM;AV FERNANDO SIMOES BARBOSA;SUBURBIO;ABALROAMENTO TRANSVERSAL;2;;;;;;;;0;;Bom;Não existe;Perfeito estado;Seca;Perfeito estado;Não existe;R-6a;;2019
09/11/2019;12:13:00;SEM VÍTIMA;BOA VIAGEM;AV BOA VIAGEM;CIDADE;ABALROAMENTO LONGITUDINAL;1;;;;1;;;;0;;Bom;Não existe;Perfeito estado;Seca;Perfeito estado;Não existe;;60 km/h;2019
09/11/2019;12:38:00;SEM VÍTIMA;CASA AMARELA;EST DO ARRAIAL;SUBURBIO;ABALROAMENTO LONGITUDINAL;1;;;;;1;;;0;;Bom;Sem defeito;Perfeito estado;Seca;Perfeito estado;Faixa de pedestre;;;2019
09/11/2019;12:47:00;SEM VÍTIMA;AFOGADOS;RUA SAO MIGUEL;;COLISÃO;1;;;;;1;;;0;;;;;;;;;;2019
09/11/2019;12:50:00;SEM VÍTIMA;GUABIRABA;AV DA RECUPERACAO;;COLISÃO;;;;;1;1;;;0;;;;;;;;;;2019
09/11/2019;13:20:00;SEM VÍTIMA;ILHA DO LEITE;AV GOVERNADOR AGAMENON MAGALHAES;;COLISÃO TRASEIRA;1;;;;1;;;;0;;Bom;Sem defeito;Perfeito estado;Seca;Perfeito estado;Agente;;;2019
09/11/2019;13:59:00;SEM VÍTIMA;IBURA;RUA DR BENIGNO JORDAO DE VASCONCELOS;;COLISÃO;1;;;;1;;;;0;;;;;;;;;;2019
09/11/2019;14:05:00;SEM VÍTIMA;ARRUDA;AV PROFESSOR JOSE DOS ANJOS;SUBURBIO;ABALROAMENTO LONGITUDINAL;1;1;;;;;;;0;;Bom;Sem defeito;Perfeito estado;Seca;Perfeito estado;Faixa de pedestre;Outras;;2019
09/11/2019;14:25:00;SEM VÍTIMA;BOA VIAGEM;AV CONSELHEIRO AGUIAR;CIDADE;CHOQUE;;;;;1;;;;0;;Bom;Sem defeito;Perfeito estado;Seca;Perfeito estado;Não existe;Outras;;2019
09/11/2019;14:31:00;SEM VÍTIMA;CASA AMARELA;AV NORTE;SUBURBIO;ABALROAMENTO LONGITUDINAL;1;;;;;1;;;0;;Bom;Sem defeito;Perfeito estado;Seca;Perfeito estado;;;;2019
09/11/2019;14:40:00;COM VÍTIMA;JARDIM SÃO PAULO;AV SAO PAULO;SUBURBIO;ABALROAMENTO LONGITUDINAL;;1;;;1;;;;1;;Bom;Sem defeito;;Seca;Perfeito estado;;Não há placas;;2019
09/11/2019;15:47:00;SEM VÍTIMA;GRAÇAS;RUA PAULINO GOMES DE SOUZA;SUBURBIO;COLISÃO TRASEIRA;2;1;;;;;;;0;;Bom;Sem defeito;Perfeito estado;Seca;Perfeito estado;Faixa de pedestre;R-6a;;2019
09/11/2019;16:16:00;SEM VÍTIMA;MADALENA;EST DOS REMEDIOS;CIDADE;ABALROAMENTO LONGITUDINAL;1;;;;1;;;;0;;Bom;Não existe;Perfeito estado;Seca;Perfeito estado;Não existe;Outras;;2019
09/11/2019;16:23:00;SEM VÍTIMA;JORDÃO;RUA MIRAVANIA;SUBURBIO;ABALROAMENTO LONGITUDINAL;2;;;;;;;;0;;Bom;Não existe;Não existente;Seca;Perfeito estado;Não existe;Não há placas;;2019
09/11/2019;16:30:00;SEM VÍTIMA;BOA VISTA;PRC DA REPUBLICA;SUBURBIO;ABALROAMENTO LONGITUDINAL;2;;;;;;;;0;;Bom;Não existe;Perfeito estado;Seca;Perfeito estado;Faixa de pedestre;Outras;;2019
09/11/2019;16:58:00;SEM VÍTIMA;DERBY;PTE ESTACIO COIMBRA;CIDADE;COLISÃO TRASEIRA;2;;;;;;;;0;;Bom;Não existe;Perfeito estado;Seca;Perfeito estado;Não existe;Não há placas;;2019
09/11/2019;17:56:00;SEM VÍTIMA;JARDIM SÃO PAULO;RUA LEANDRO BARRETO;SUBURBIO;ABALROAMENTO LONGITUDINAL;2;;;;;;;;0;;Bom;Sem defeito;Perfeito estado;Seca;Perfeito estado;;;;2019
09/11/2019;18:55:00;SEM VÍTIMA;ILHA JOANA BEZERRA;AV BEIRA RIO;CIDADE;COLISÃO FRONTAL;2;;;;;;;;0;;Bom;Não existe;Não existente;Seca;Mal iluminada;;Não há placas;60 km/h;2019
09/11/2019;19:05:00;SEM VÍTIMA;TORRE;RUA SOUZA BANDEIRA;;COLISÃO;1;;;;;;;;0;;;;;;;;;;2019
09/11/2019;19:14:00;COM VÍTIMA;IPSEP;RUA RIO DOCE;SUBURBIO;COLISÃO FRONTAL;1;1;;;;;;;1;;Bom;Não existe;;Seca;Perfeito estado;Não existe;;;2019
09/11/2019;19:57:00;SEM VÍTIMA;MADALENA;AV CAXANGA;;COLISÃO;1;1;;;;;;;0;;;;;;;;;;2019
09/11/2019;20:35:00;SEM VÍTIMA;CABANGA;;SUBURBIO;ABALROAMENTO LONGITUDINAL;2;;;;;;;;0;;Bom;Sem defeito;Perfeito estado;Seca;Perfeito estado;;Não há placas;60 km/h;2019
09/11/2019;20:56:00;SEM VÍTIMA;;RUA JOAO CARDOSO AIRES;;ABALROAMENTO TRANSVERSAL;2;;;;;;;;0;;Bom;Não existe;Perfeito estado;Seca;Perfeito estado;Não existe;Placas Pare;;2019
09/11/2019;21:07:00;COM VÍTIMA;APIPUCOS;RUA MANDACARU;SUBURBIO;ABALROAMENTO LONGITUDINAL;1;1;;;;;;;1;;Bom;Não existe;Incompleta;Seca;Mal conservada;Não existe;Não há placas;;2019
09/11/2019;21:07:00;SEM VÍTIMA;CASA AMARELA;RUA MARINO DE MELO BERENGUER;;CHOQUE VEÍCULO PARADO;2;;;;;;;;0;;Bom;Não existe;Não existente;Seca;Mal conservada;Não existe;Não há placas;20 km/h;2019
09/11/2019;21:52:00;SEM VÍTIMA;ÁGUA FRIA;EST VELHA DE AGUA FRIA;;ABALROAMENTO LONGITUDINAL;1;;;;1;;;;0;;Bom;Não existe;Incompleta;Seca;Perfeito estado;Não existe;;;2019
09/11/2019;22:55:00;SEM VÍTIMA;BOA VIAGEM;RUA JOAO CARDOSO AIRES;SUBURBIO;ABALROAMENTO TRANSVERSAL;2;;;;;;;;0;;Bom;Não existe;Perfeito estado;Seca;Perfeito estado;Faixa de retenção;Placas Pare;;2019
10/11/2019;03:46:00;SEM VÍTIMA;BOA VIAGEM;RUA VISCONDE DE JEQUITINHONHA;;COLISÃO;2;;;;;;;;0;;;;;;;;;;2019
10/11/2019;05:47:00;SEM VÍTIMA;BOA VIAGEM;RUA VISCONDE DE JEQUITINHONHA;SUBURBIO;CHOQUE;;;;;;;;;0;;;;;;;;;;2019
10/11/2019;06:42:00;SEM VÍTIMA;BOA VIAGEM;RUA VISCONDE DE JEQUITINHONHA;SUBURBIO;CHOQUE OBJETO FIXO;1;;;;;;;;0;;Bom;Não existe;Perfeito estado;Seca;Perfeito estado;Não existe;Outras;;2019
10/11/2019;08:43:00;SEM VÍTIMA;BAIRRO DO RECIFE;CAIS DO APOLO;CIDADE;CHOQUE OBJETO FIXO;1;;;;;;;;0;;Bom;;Perfeito estado;Seca;Perfeito estado;Não existe;R-6a;;2019
10/11/2019;09:28:00;COM VÍTIMA;ALTO SANTA TERESINHA;AV ANIBAL BENEVOLO;SUBURBIO;ATROPELAMENTO;;1;;1;;;;;1;;Bom;Não existe;Incompleta;Seca;Perfeito estado;Não existe;Outras;;2019
10/11/2019;10:54:00;SEM VÍTIMA;IMBIRIBEIRA;RUA JOSE DA SILVA LUCENA;SUBURBIO;ABALROAMENTO TRANSVERSAL;2;;;;;;;;0;;Bom;Não existe;Perfeito estado;Seca;Perfeito estado;Outros;Não há placas;;2019
10/11/2019;11:36:00;SEM VÍTIMA;BEBERIBE;RUA URIEL DE HOLANDA;CIDADE;ABALROAMENTO TRANSVERSAL;1;;;;1;;;;0;;Bom;Não existe;Perfeito estado;Seca;Perfeito estado;Não existe;Outras;;2019
10/11/2019;12:21:00;SEM VÍTIMA;BOA VISTA;AV MANOEL BORBA;SUBURBIO;ABALROAMENTO TRANSVERSAL;2;;;;;;;;0;;Bom;Não existe;Perfeito estado;Seca;;;Placas Pare;;2019
10/11/2019;13:01:00;SEM VÍTIMA;FUNDÃO;AV CIDADE DE MONTEIRO;;COLISÃO;1;1;;;;;;;0;;;;;;;;;;2019
10/11/2019;14:19:00;COM VÍTIMA;CAXANGÁ;AV CAXANGA;;ABALROAMENTO LONGITUDINAL;1;1;;;;;;;1;;Bom;Sem defeito;Perfeito estado;Seca;Perfeito estado;Não existe;Não há placas;60 km/h;2019
10/11/2019;15:00:00;SEM VÍTIMA;POÇO DA PANELA;RUA GUILHERME SALAZAR;;ABALROAMENTO LONGITUDINAL;2;;;;;;;;0;;Bom;Não existe;Não existente;Seca;Perfeito estado;Não existe;Não há placas;30 km/h;2019
10/11/2019;15:12:00;COM VÍTIMA;CASA AMARELA;AV NORTE;CIDADE;COLISÃO TRASEIRA;1;1;;;;;;;1;;Bom;Sem defeito;Perfeito estado;Seca;Outros;Faixa de pedestre;Outras;;2019
10/11/2019;17:11:00;COM VÍTIMA;ARRUDA;AV BEBERIBE;;ABALROAMENTO TRANSVERSAL;1;1;;;;;;;2;;Bom;Não existe;Perfeito estado;Seca;Perfeito estado;Não existe;Placas Pare;60 km/h;2019
10/11/2019;17:25:00;COM VÍTIMA;BEBERIBE;AV ANIBAL BENEVOLO;;ATROPELAMENTO;;1;;1;;;;;1;;Bom;Não existe;Perfeito estado;Seca;Perfeito estado;Não existe;R-6a;30 km/h;2019
10/11/2019;17:39:00;SEM VÍTIMA;JAQUEIRA;RUA SIMAO MENDES;CIDADE;COLISÃO TRASEIRA;2;;;;;;;;0;;Bom;Sem defeito;Perfeito estado;Seca;Mal iluminada;Faixa de pedestre;R-4b;;2019
10/11/2019;18:20:00;COM VÍTIMA;BOA VIAGEM;AV CONSELHEIRO AGUIAR;CIDADE;ATROPELAMENTO;1;;;1;;;;;1;;Bom;Não existe;Perfeito estado;Seca;Perfeito estado;Não existe;R-6a;;2019
10/11/2019;19:14:00;SEM VÍTIMA;CAXANGÁ;AV CAXANGA;CIDADE;ABALROAMENTO LONGITUDINAL;2;;;;;;;;0;;Bom;Sem defeito;Perfeito estado;Seca;Perfeito estado;Faixa de pedestre;Não há placas;;2019
10/11/2019;19:29:00;SEM VÍTIMA;DOIS UNIDOS;SUB DA MEDALHA MILAGROSA;SUBURBIO;CHOQUE OBJETO FIXO;1;;;;;;;;0;;Bom;Não existe;Não existente;Seca;Mal conservada;Não existe;Não há placas;;2019
10/11/2019;19:47:00;SEM VÍTIMA;ALTO SANTA TERESINHA;RUA TAMBOARA;;COLISÃO;2;;;;;;;;0;;;;;;;;;;2019
10/11/2019;20:13:00;COM VÍTIMA;PINA;AVENIDA CELSO FURTADO (VIA MANGUE);CIDADE;CHOQUE;1;;;;;;;;1;;Bom;Não existe;Perfeito estado;Seca;Perfeito estado;Não existe;Não há placas;;2019
10/11/2019;20:56:00;SEM VÍTIMA;TORRE;RUA SOUZA BANDEIRA;SUBURBIO;ABALROAMENTO LONGITUDINAL;2;;;;;;;;0;;Bom;Sem defeito;Perfeito estado;Seca;Perfeito estado;Faixa de pedestre;;;2019
10/11/2019;21:15:00;SEM VÍTIMA;SÃO JOSÉ;RUA IMPERIAL;SUBURBIO;ABALROAMENTO TRANSVERSAL;2;;;;;;;;0;;Bom;Não existe;;Seca;Perfeito estado;Não existe;Placas Pare;;2019
10/11/2019;22:21:00;SEM VÍTIMA;TORRÕES;AV ENGENHEIRO ABDIAS DE CARVALHO;;COLISÃO TRASEIRA;1;;;;1;;;;0;;Bom;Não existe;Perfeito estado;Seca;Perfeito estado;Não existe;Não há placas;;2019
11/11/2019;07:26:00;SEM VÍTIMA;CASA AMARELA;AV PROFESSOR JOSE DOS ANJOS;SUBURBIO;ABALROAMENTO LONGITUDINAL;2;;;;;;;;0;;Bom;Sem defeito;Perfeito estado;Seca;Perfeito estado;Faixa de pedestre;Outras;;2019
11/11/2019;07:55:00;SEM VÍTIMA;ILHA DO RETIRO;RUA ABDISIO VEIGA;CIDADE;COLISÃO TRASEIRA;2;;;;;;;;0;;Bom;Não existe;Perfeito estado;Seca;Perfeito estado;Não existe;Outras;;2019
11/11/2019;08:02:00;SEM VÍTIMA;;AV PROFESSOR JOSE DOS ANJOS;SUBURBIO;COLISÃO FRONTAL;2;;;;;;;;0;;Bom;Não existe;Não existente;Seca;Perfeito estado;Não existe;Não há placas;;2019
11/11/2019;08:38:00;SEM VÍTIMA;BOA VIAGEM;RUA CAPITAO ZUZINHA;CIDADE;ABALROAMENTO LONGITUDINAL;1;1;;;;;;;0;;Bom;Não existe;Perfeito estado;Seca;Perfeito estado;Não existe;Outras;;2019
11/11/2019;08:43:00;SEM VÍTIMA;BOA VIAGEM;AV ENGENHEIRO DOMINGOS FERREIRA;SUBURBIO;ABALROAMENTO LONGITUDINAL;1;;;;1;;;;0;;Bom;Sem defeito;Perfeito estado;Seca;Perfeito estado;Faixa de pedestre;Não há placas;60 km/h;2019
11/11/2019;08:44:00;SEM VÍTIMA;IMBIRIBEIRA;AV MARECHAL MASCARENHAS DE MORAES;CIDADE;COLISÃO TRASEIRA;2;;;;;;;;0;;Bom;Não existe;Perfeito estado;Seca;Perfeito estado;Não existe;Outras;60 km/h;2019
11/11/2019;08:55:00;SEM VÍTIMA;GRAÇAS;RUA JOAQUIM NABUCO;SUBURBIO;ABALROAMENTO LONGITUDINAL;1;1;;;;;;;0;;Bom;Não existe;Perfeito estado;Seca;Perfeito estado;Não existe;Outras;;2019
11/11/2019;08:59:00;SEM VÍTIMA;ESTÂNCIA;RUA ERNESTO NAZARETH;;ABALROAMENTO LONGITUDINAL;2;;;;;;;;0;;Bom;Não existe;Não existente;Seca;Perfeito estado;Não existe;Não há placas;;2019
11/11/2019;09:31:00;SEM VÍTIMA;BOA VIAGEM;RUA CAPITAO ZUZINHA;;ABALROAMENTO LONGITUDINAL;1;;;;1;;;;0;;Bom;Sem defeito;Perfeito estado;Seca;Perfeito estado;Agente;;;2019
11/11/2019;09:46:00;SEM VÍTIMA;IBURA;RUA TUCUMA;SUBURBIO;COLISÃO TRASEIRA;1;;;;;;1;;0;;Bom;Não existe;Não existente;Seca;Mal conservada;Não existe;Não há placas;;2019
11/11/2019;10:10:00;COM VÍTIMA;ENGENHO DO MEIO;RUA ANTONIO CURADO;;ABALROAMENTO LONGITUDINAL;1;1;;;;;;;1;;Bom;Não existe;Perfeito estado;Seca;Perfeito estado;Não existe;Não há placas;;2019
08/11/2019;10:30:00;SEM VÍTIMA;CASA FORTE;AV DEZESSETE DE AGOSTO;CIDADE;ABALROAMENTO LONGITUDINAL;1;;;;1;;;;0;;Bom;Sem defeito;Perfeito estado;Seca;Perfeito estado;Agente;Não há placas;;2019