data;hora;natureza_acidente;bairro;endereco;sentido_via;tipo;auto;moto;ciclista;pedestre;onibus;caminhao;viatura;outros;vitimas;vitimasfatais;tempo_clima;situacao_semaforo;sinalizacao;condicao_via;conservacao_via;ponto_controle;situacao_placa;velocidade_max_via;ano
11/11/2019;11:02:00;SEM VÍTIMA;BOA VIAGEM;RUA RIBEIRO DE BRITO;SUBURBIO;ABALROAMENTO TRANSVERSAL;2;;;;;;;;0;;Bom;Não existe;Não existente;Seca;Perfeito estado;Não existe;Não há placas;;2019
11/11/2019;11:14:00;SEM VÍTIMA;IPSEP;AV DOM HELDER CAMARA;CIDADE;ABALROAMENTO LONGITUDINAL;;;;;1;1;;;0;;Bom;Sem defeito;Ilegível;Seca;Perfeito estado;Não existe;Não há placas;;2019
11/11/2019;12:05:00;SEM VÍTIMA;TORRE;AV VISCONDE DE ALBUQUERQUE;SUBURBIO;ABALROAMENTO TRANSVERSAL;1;1;;;;;;;0;;Bom;;Perfeito estado;Seca;Perfeito estado;;;;2019
11/11/2019;12:16:00;COM VÍTIMA;PARNAMIRIM;RUA TITO ROSAS;SUBURBIO;ATROPELAMENTO;1;;;1;;;;;1;;Bom;Sem defeito;Perfeito estado;Seca;Perfeito estado;Agente;Outras;40 km/h;2019
11/11/2019;12:24:00;SEM VÍTIMA;CORDEIRO;AV PROFESSOR ESTEVAO FRANCISCO DA COSTA;SUBURBIO;ABALROAMENTO LONGITUDINAL;2;;;;;;;;0;;Bom;Sem defeito;Perfeito estado;Seca;Perfeito estado;;Não há placas;;2019
11/11/2019;12:35:00;SEM VÍTIMA;IBURA;AV RIO LARGO;CIDADE;ABALROAMENTO LONGITUDINAL;1;;;;;1;;;0;;Bom;Sem defeito;Incompleta;Seca;Perfeito estado;;Não há placas;40 km/h;2019
11/11/2019;13:04:00;SEM VÍTIMA;ILHA DO LEITE;RUA ESTADO DE ISRAEL;;ABALROAMENTO LONGITUDINAL;2;;;;;;;;0;;Bom;Sem defeito;Perfeito estado;Seca;Perfeito estado;Não existe;Não há placas;;2019
11/11/2019;13:25:00;SEM VÍTIMA;IMBIRIBEIRA;AV ENGENHEIRO ALVES DE SOUZA;;COLISÃO TRASEIRA;3;;;;;;;;0;;Bom;Não existe;Não existente;Seca;Perfeito estado;Não existe;Não há placas;;2019
11/11/2019;13:52:00;SEM VÍTIMA;;RUA COSMORAMA;SUBURBIO;ABALROAMENTO TRANSVERSAL;1;;;;1;;;;0;;Bom;Não existe;Perfeito estado;Seca;Perfeito estado;;Não há placas;40 km/h;2019
11/11/2019;13:57:00;SEM VÍTIMA;IPSEP;AV RECIFE;CIDADE;ABALROAMENTO LONGITUDINAL;1;;;;1;;;;0;;Bom;Não existe;Perfeito estado;Seca;Perfeito estado;Agente;Não há placas;;2019
11/11/2019;13:59:00;SEM VÍTIMA;BOA VIAGEM;AV ENGENHEIRO DOMINGOS FERREIRA;;COLISÃO;2;;;;;;;;0;;;;;;;;;;2019
11/11/2019;14:30:00;SEM VÍTIMA;ESPINHEIRO;RUA DR CARLOS ALVES;;COLISÃO;1;;;;1;;;;0;;;;;;;;;;2019
11/11/2019;14:32:00;SEM VÍTIMA;ENCRUZILHADA;RUA CASTRO ALVES;;COLISÃO;1;;;;1;;;;0;;;;;;;;;;2019
11/11/2019;14:42:00;SEM VÍTIMA;ESTÂNCIA;AV DR JOSE RUFINO;SUBURBIO;ABALROAMENTO TRANSVERSAL;2;;;;;;;;0;;Bom;Não existe;Perfeito estado;Seca;Perfeito estado;Não existe;Outras;;2019
11/11/2019;15:06:00;SEM VÍTIMA;ILHA DO LEITE;RUA SENADOR JOSE HENRIQUE;SUBURBIO;ABALROAMENTO TRANSVERSAL;2;;;;;;;;0;;Bom;Não existe;Perfeito estado;Seca;Perfeito estado;Outros;Outras;30 km/h;2019
11/11/2019;15:43:00;SEM VÍTIMA;MADALENA;RUA LOPES DE CARVALHO;SUBURBIO;ABALROAMENTO LONGITUDINAL;2;;;;;;;;0;;Bom;Não existe;Perfeito estado;Seca;Perfeito estado;Não existe;R-4a;;2019
11/11/2019;15:53:00;SEM VÍTIMA;BOA VIAGEM;AV FERNANDO SIMOES BARBOSA;SUBURBIO;ABALROAMENTO LONGITUDINAL;2;;;;;;;;0;;Bom;Sem defeito;Perfeito estado;Seca;Perfeito estado;Faixa de pedestre;Outras;60 km/h;2019
11/11/2019;16:08:00;SEM VÍTIMA;IPSEP;RUA JEAN EMILE FAVRE;;COLISÃO;1;;;;1;;;;0;;;;;;;;;;2019
11/11/2019;16:27:00;SEM VÍTIMA;ESTÂNCIA;AV DR JOSE RUFINO;CIDADE;ABALROAMENTO LONGITUDINAL;1;;;;1;;;;0;;Bom;Não existe;Incompleta;Seca;Mal conservada;Não existe;Não há placas;40 km/h;2019
11/11/2019;16:31:00;COM VÍTIMA;ENCRUZILHADA;RUA AMARO COUTINHO;SUBURBIO;CHOQUE VEÍCULO PARADO;1;1;;;;;;;1;;Bom;Não existe;Perfeito estado;Seca;Perfeito estado;Agente;R-34;;2019
11/11/2019;16:36:00;COM VÍTIMA;ILHA JOANA BEZERRA;AV ADVOGADO JOSE PAULO CAVALCANTI;CIDADE;ATROPELAMENTO;1;;;1;;;;;1;;Bom;Não existe;Perfeito estado;Seca;Perfeito estado;Não existe;Não há placas;40 km/h;2019
11/11/2019;17:13:00;SEM VÍTIMA;CAMPO GRANDE;AV CORREIA DE BRITO;;COLISÃO;1;1;;;;;;;0;;;;;;;;;;2019
11/11/2019;17:26:00;SEM VÍTIMA;BOA VISTA;AV MANOEL BORBA;SUBURBIO;ABALROAMENTO LONGITUDINAL;1;;;;;1;;;0;;Bom;Sem defeito;Perfeito estado;Seca;Perfeito estado;Faixa de pedestre;Não há placas;;2019
11/11/2019;17:34:00;SEM VÍTIMA;BONGI;RUA ISAAC MARKMAN;CIDADE;ABALROAMENTO TRANSVERSAL;2;;;;;;;;0;;Bom;Não existe;Perfeito estado;Seca;Perfeito estado;Não existe;Outras;;2019
11/11/2019;17:55:00;SEM VÍTIMA;ALTO JOSÉ BONIFÁCIO;RUA ARLINDO CISNEIRO;;COLISÃO;2;;;;;;;;0;;;;;;;;;;2019
11/11/2019;18:01:00;COM VÍTIMA;IPUTINGA;RUA SAO MATEUS;SUBURBIO;ABALROAMENTO TRANSVERSAL;1;1;;;;;;;1;;Bom;Não existe;Perfeito estado;Seca;Perfeito estado;Não existe;Não há placas;;2019
11/11/2019;18:10:00;SEM VÍTIMA;SAN MARTIN;AV GENERAL SAN MARTIN;CIDADE;ABALROAMENTO LONGITUDINAL;1;1;;;;;;;0;;Bom;Não existe;Perfeito estado;Seca;Perfeito estado;Não existe;Não há placas;;2019
11/11/2019;18:11:00;SEM VÍTIMA;TAMARINEIRA;RUA GOMES COUTINHO;;ABALROAMENTO LONGITUDINAL;1;1;;;;;;;0;;Bom;Não existe;Perfeito estado;Seca;Perfeito estado;Não existe;R-6a;;2019
11/11/2019;18:19:00;SEM VÍTIMA;CAJUEIRO;AV BEBERIBE;SUBURBIO;COLISÃO TRASEIRA;2;;;;;;;;0;;Bom;Não existe;Perfeito estado;Seca;Perfeito estado;Não existe;Outras;60 km/h;2019
11/11/2019;18:22:00;SEM VÍTIMA;IPSEP;RUA ITACARI;SUBURBIO;ABALROAMENTO TRANSVERSAL;2;;;;;;;;0;;Bom;Não existe;Não existente;Seca;Perfeito estado;Não existe;Não há placas;;2019
11/11/2019;18:41:00;SEM VÍTIMA;ZUMBI;RUA FIDELIS MOLITERNO;;COLISÃO;2;;;;;;;;0;;;;;;;;;;2019
11/11/2019;18:59:00;SEM VÍTIMA;BOA VIAGEM;AV ENGENHEIRO DOMINGOS FERREIRA;SUBURBIO;COLISÃO TRASEIRA;2;;;;;;;;0;;Bom;Não existe;Perfeito estado;Seca;Perfeito estado;Não existe;Outras;;2019
11/11/2019;19:26:00;SEM VÍTIMA;IPSEP;RUA ITAQUICE;SUBURBIO;ABALROAMENTO LONGITUDINAL;2;;;;;;;;0;;Bom;Não existe;Incompleta;Seca;Mal conservada;Não existe;Não há placas;;2019
11/11/2019;22:34:00;SEM VÍTIMA;JARDIM SÃO PAULO;;;ABALROAMENTO LONGITUDINAL;2;;;;;;;;0;;Bom;Não existe;Incompleta;Seca;Perfeito estado;Não existe;Outras;;2019
12/11/2019;06:09:00;SEM VÍTIMA;IMBIRIBEIRA;RUA JOSE DA SILVA LUCENA;SUBURBIO;COLISÃO TRASEIRA;2;;;;;;;;0;;Bom;Não existe;Perfeito estado;Seca;Perfeito estado;Outros;Outras;;2019
12/11/2019;06:56:00;SEM VÍTIMA;BOA VIAGEM;RUA ALAMEDA DAS HORTENCIAS;;COLISÃO;2;;;;;;;;0;;;;;;;;;;2019
12/11/2019;07:10:00;SEM VÍTIMA;PARNAMIRIM;RUA SEBASTIAO MALTA ARCOVERDE;CIDADE;COLISÃO FRONTAL;3;;;;;;;;0;;Bom;Não existe;Perfeito estado;Seca;Perfeito estado;Agente;Outras;40 km/h;2019
12/11/2019;07:33:00;SEM VÍTIMA;DERBY;AV GOVERNADOR AGAMENON MAGALHAES;;COLISÃO TRASEIRA;3;;;;;;;;0;;Bom;Não existe;Perfeito estado;Seca;Perfeito estado;Não existe;Outras;60 km/h;2019
12/11/2019;07:52:00;SEM VÍTIMA;PRADO;RUA DR ALFREDO NADER;CIDADE;COLISÃO FRONTAL;2;;;;;;;;0;;Bom;Não existe;Perfeito estado;Seca;Perfeito estado;Não existe;Não há placas;;2019
12/11/2019;07:59:00;SEM VÍTIMA;VÁRZEA;RUA GENERAL POLIDORO;;ABALROAMENTO LONGITUDINAL;2;;;;;;;;0;;Bom;Não existe;Ilegível;Seca;Perfeito estado;Não existe;Não há placas;;2019
12/11/2019;08:07:00;SEM VÍTIMA;DERBY;RUA FELICIANO GOMES;;ABALROAMENTO LONGITUDINAL;2;;;;;;;;0;;Bom;Não existe;Perfeito estado;Seca;Perfeito estado;;Outras;30 km/h;2019
12/11/2019;08:41:00;SEM VÍTIMA;DOIS UNIDOS;AV HILDEBRANDO DE VASCONCELOS;SUBURBIO;ABALROAMENTO LONGITUDINAL;1;;;;1;;;;0;;Bom;Não existe;Não existente;Seca;Perfeito estado;Não existe;R-6a;;2019
12/11/2019;09:29:00;SEM VÍTIMA;DERBY;AV GOVERNADOR AGAMENON MAGALHAES;;COLISÃO;1;;;;1;;;;0;;;;;;;;;;2019
12/11/2019;10:04:00;SEM VÍTIMA;PINA;AV ENCANTA MOCA;SUBURBIO;CHOQUE VEÍCULO PARADO;2;1;;;;;;;0;;Bom;Não existe;Não existente;Seca;Perfeito estado;Não existe;Não há placas;30 km/h;2019
12/11/2019;10:10:00;SEM VÍTIMA;JARDIM SÃO PAULO;AV RECIFE;;COLISÃO TRASEIRA;1;;;;;1;;;0;;Bom;Sem defeito;Perfeito estado;Seca;Perfeito estado;Agente;Outras;;2019
12/11/2019;10:36:00;SEM VÍTIMA;CURADO;AV PREFEITO ANTONIO PEREIRA;;ABALROAMENTO LONGITUDINAL;1;;;;1;;;;0;;Bom;Não existe;Não existente;Seca;Perfeito estado;Não existe;Não há placas;60 km/h;2019
12/11/2019;10:45:00;SEM VÍTIMA;BOA VIAGEM;AV BOA VIAGEM;;ABALROAMENTO LONGITUDINAL;2;;;;;;;;0;;Bom;Sem defeito;Perfeito estado;Seca;Perfeito estado;Faixa de pedestre;Não há placas;60 km/h;2019
12/11/2019;11:04:00;SEM VÍTIMA;VASCO DA GAMA;RUA DOIS DE FEVEREIRO;SUBURBIO;ABALROAMENTO TRANSVERSAL;1;;;;;1;;;0;;Bom;Não existe;Perfeito estado;Seca;Perfeito estado;;;;2019
12/11/2019;11:05:00;SEM VÍTIMA;VÁRZEA;RUA MARECHAL MANOEL LUIS OSORIO;CIDADE;ABALROAMENTO TRANSVERSAL;2;;;;;;;;0;;Bom;Não existe;Perfeito estado;Seca;Perfeito estado;Faixa de retenção;Placas Pare;;2019
12/11/2019;11:13:00;SEM VÍTIMA;SANTO AMARO;AV GOVERNADOR AGAMENON MAGALHAES;SUBURBIO;COLISÃO TRASEIRA;1;1;;;;;;;0;;Bom;Não existe;Incompleta;Seca;Perfeito estado;Não existe;Não há placas;;2019
12/11/2019;11:36:00;SEM VÍTIMA;DERBY;AV GOVERNADOR AGAMENON MAGALHAES;CIDADE;COLISÃO TRASEIRA;1;;;;1;;;;0;;Bom;Sem defeito;Perfeito estado;Seca;Perfeito estado;Agente;;60 km/h;2019
12/11/2019;11:36:00;SEM VÍTIMA;IPSEP;AV RECIFE;SUBURBIO;COLISÃO TRASEIRA;3;;;;;;;;0;;Bom;Não existe;Perfeito estado;Seca;Perfeito estado;Não existe;Não há placas;60 km/h;2019
12/11/2019;12:09:00;SEM VÍTIMA;AFOGADOS;RUA NICOLAU PEREIRA;SUBURBIO;ABALROAMENTO LONGITUDINAL;1;;;;1;;;;0;;Bom;Sem defeito;Perfeito estado;Seca;Perfeito estado;Agente;R-6a;40 km/h;2019
12/11/2019;12:19:00;COM VÍTIMA;CAXANGÁ;RUA JOSE OSORIO;SUBURBIO;ABALROAMENTO TRANSVERSAL;1;1;;;;;;;1;;Bom;;Perfeito estado;Seca;Perfeito estado;;;40 km/h;2019
12/11/2019;12:31:00;SEM VÍTIMA;TORRÕES;RUA QUINZE DE MARCO;;ABALROAMENTO LONGITUDINAL;2;;;;;;;;0;;Bom;Não existe;Incompleta;Seca;Perfeito estado;Não existe;Não há placas;;2019
12/11/2019;13:06:00;SEM VÍTIMA;IMBIRIBEIRA;AV MARECHAL MASCARENHAS DE MORAES;CIDADE;ABALROAMENTO LONGITUDINAL;2;;;;;;;;0;;Bom;Sem defeito;Perfeito estado;Seca;Perfeito estado;Faixa de pedestre;Outras;60 km/h;2019
12/11/2019;13:16:00;SEM VÍTIMA;DERBY;;CIDADE;ABALROAMENTO LONGITUDINAL;2;;;;;;;;0;;Bom;Sem defeito;Perfeito estado;Seca;Perfeito estado;;R-6a;50 km/h;2019
12/11/2019;14:18:00;SEM VÍTIMA;BOA VIAGEM;RUA ANTONIO FALCAO;SUBURBIO;ABALROAMENTO TRANSVERSAL;2;;;;;;;;0;;Bom;Sem defeito;Perfeito estado;Seca;Perfeito estado;Faixa de pedestre;Outras;;2019
12/11/2019;14:56:00;SEM VÍTIMA;TEJIPIÓ;RUA GENERAL MANUEL RABELO;;COLISÃO;1;1;;;;;;;0;;;;;;;;;;2019
12/11/2019;15:03:00;COM VÍTIMA;BOA VIAGEM;RUA ERNESTO DE PAULA SANTOS;CIDADE;ABALROAMENTO LONGITUDINAL;1;1;;;;;;;2;;Bom;Não existe;Incompleta;Seca;Perfeito estado;Não existe;Não há placas;60 km/h;2019
12/11/2019;15:46:00;SEM VÍTIMA;TAMARINEIRA;EST DO ARRAIAL;SUBURBIO;ABALROAMENTO LONGITUDINAL;1;;;;1;;;;0;;Bom;Não existe;Perfeito estado;Seca;Perfeito estado;Não existe;R-6a;60 km/h;2019
12/11/2019;16:11:00;SEM VÍTIMA;CASA AMARELA;RUA REVERENDO ANTONIO GUEIROS;SUBURBIO;ABALROAMENTO LONGITUDINAL;2;;;;;;;;0;;Bom;Não existe;Não existente;Seca;Perfeito estado;Não existe;Não há placas;;2019
12/11/2019;16:46:00;COM VÍTIMA;IBURA;AV DOIS RIOS;CIDADE;ABALROAMENTO LONGITUDINAL;1;1;;;;;;;1;;Bom;Não existe;Perfeito estado;Seca;Perfeito estado;Não existe;Não há placas;;2019
12/11/2019;16:56:00;SEM VÍTIMA;IMBIRIBEIRA;AV SUL;AEROPORTO;COLISÃO;2;;;;;;;;0;;;;;;;;;;2019
12/11/2019;17:50:00;SEM VÍTIMA;BREJO DE BEBERIBE;AV VEREADOR OTACILIO AZEVEDO;;COLISÃO COM CICLISTA;1;;1;;;;;;0;;Bom;Não existe;Perfeito estado;Seca;Perfeito estado;Não existe;Não há placas;40 km/h;2019
12/11/2019;18:06:00;SEM VÍTIMA;AFOGADOS;RUA SAO MIGUEL;;COLISÃO;2;;;;;;;;0;;;;;;;;;;2019
12/11/2019;18:06:00;SEM VÍTIMA;ROSARINHO;AV NORTE;CIDADE;ABALROAMENTO LONGITUDINAL;1;;;;1;;;;0;;Bom;Sem defeito;Perfeito estado;Seca;Perfeito estado;Faixa de pedestre;Outras;;2019
12/11/2019;18:31:00;SEM VÍTIMA;SÃO JOSÉ;VIADUTO CAPITAO TEMUDO;SUBURBIO;COLISÃO TRASEIRA;3;;;;;;;;0;;Bom;Não existe;Perfeito estado;Seca;Perfeito estado;Não existe;Não há placas;;2019
12/11/2019;18:49:00;SEM VÍTIMA;BOA VIAGEM;RUA ANTONIO FALCAO;SUBURBIO;ABALROAMENTO LONGITUDINAL;1;;;;;;;1;0;;Bom;Não existe;Perfeito estado;Seca;Perfeito estado;Agente;Não há placas;;2019
12/11/2019;18:51:00;SEM VÍTIMA;TORRE;RUA MARCOS ANDRE;SUBURBIO;COLISÃO TRASEIRA;2;;;;;;;;0;;Bom;Não existe;Perfeito estado;Seca;Perfeito estado;Não existe;Não há placas;30 km/h;2019
12/11/2019;20:01:00;SEM VÍTIMA;TAMARINEIRA;RUA GOMES COUTINHO;SUBURBIO;ABALROAMENTO LONGITUDINAL;2;;;;;;;;0;;Bom;Não existe;Perfeito estado;Seca;Perfeito estado;Não existe;Não há placas;;2019
12/11/2019;20:29:00;COM VÍTIMA;BOA VIAGEM;RUA AMALIA BERNARDINO DE SOUZA;SUBURBIO;ABALROAMENTO TRANSVERSAL;1;1;;;;;;;1;;Bom;Não existe;Perfeito estado;Seca;Perfeito estado;Não existe;Outras;;2019
12/11/2019;20:49:00;SEM VÍTIMA;CASA AMARELA;EST DO ARRAIAL;SUBURBIO;COLISÃO TRASEIRA;1;;;;1;;;;0;;Bom;Sem defeito;Perfeito estado;Seca;Perfeito estado;Faixa de pedestre;;;2019
12/11/2019;21:57:00;SEM VÍTIMA;TEJIPIÓ;AV DR JOSE RUFINO;SUBURBIO;ABALROAMENTO LONGITUDINAL;1;;;;;1;;;0;;Bom;Sem defeito;Perfeito estado;Seca;Perfeito estado;;Não há placas;;2019
12/11/2019;22:34:00;SEM VÍTIMA;TORRE;RUA REAL DA TORRE;SUBURBIO;COLISÃO TRASEIRA;1;;;;;1;;;0;;Bom;Não existe;Perfeito estado;Seca;Perfeito estado;Não existe;R-6a;50 km/h;2019
13/11/2019;07:28:00;SEM VÍTIMA;ENCRUZILHADA;AV NORTE;CIDADE;COLISÃO TRASEIRA;1;;;;;1;;;0;;Bom;Sem defeito;Perfeito estado;Seca;Perfeito estado;Agente;Outras;;2019
13/11/2019;07:31:00;COM VÍTIMA;DERBY;AV GOVERNADOR AGAMENON MAGALHAES;BOA VIAGEM;ATROPELAMENTO;;;;1;;;;;2;;Bom;Sem defeito;Perfeito estado;Seca;Perfeito estado;;;60 km/h;2019
13/11/2019;07:44:00;COM VÍTIMA;GUABIRABA;EST DOS MACACOS;CIDADE;COLISÃO FRONTAL;2;;;;;;;;1;;Bom;Não existe;Perfeito estado;Seca;Perfeito estado;Não existe;Não há placas;40 km/h;2019
13/11/2019;07:53:00;SEM VÍTIMA;CAXANGÁ;AV CAXANGA;;COLISÃO TRASEIRA;2;;;;;;;;0;;Bom;Sem defeito;Perfeito estado;Seca;Perfeito estado;Faixa de pedestre;Não há placas;60 km/h;2019
13/11/2019;07:57:00;SEM VÍTIMA;CORDEIRO;RUA FRANCISCO DE PAULA MACHADO;;COLISÃO;2;;;;;;;;0;;;;;;;;;;2019
13/11/2019;08:20:00;SEM VÍTIMA;ESPINHEIRO;RUA CONS PORTELA;CIDADE;ABALROAMENTO LONGITUDINAL;2;;;;;;;;0;;Bom;Sem defeito;Perfeito estado;Seca;Perfeito estado;Agente;Outras;;2019
13/11/2019;08:38:00;SEM VÍTIMA;ESPINHEIRO;RUA CONS PORTELA;SUBURBIO;ABALROAMENTO LONGITUDINAL;2;;;;;;;;0;;Bom;Sem defeito;Perfeito estado;Seca;Perfeito estado;Faixa de pedestre;Outras;30 km/h;2019
13/11/2019;08:38:00;COM VÍTIMA;BOA VISTA;RUA DO HOSPICIO;CIDADE;ABALROAMENTO LONGITUDINAL;1;1;;;;;;;2;;Bom;Não existe;Perfeito estado;Seca;Perfeito estado;Faixa de pedestre;R-6a;;2019
13/11/2019;08:42:00;SEM VÍTIMA;DERBY;PRC DO DERBY;CIDADE;ABALROAMENTO LONGITUDINAL;1;;;;;1;;;0;;Bom;Sem defeito;Perfeito estado;Seca;Perfeito estado;Agente;Outras;;2019
13/11/2019;08:49:00;SEM VÍTIMA;JARDIM SÃO PAULO;RUA LEANDRO BARRETO;CIDADE;ABALROAMENTO TRANSVERSAL;2;;;;;;;;0;;Bom;Não existe;Perfeito estado;Seca;Perfeito estado;Não existe;Outras;;2019
13/11/2019;08:54:00;SEM VÍTIMA;IMBIRIBEIRA;RUA ARQUITETO LUIZ NUNES;;COLISÃO;2;;;;;;;;0;;;;;;;;;;2019
13/11/2019;09:02:00;SEM VÍTIMA;IPSEP;AV RECIFE;;COLISÃO TRASEIRA;3;;;;;;;;0;;Bom;Sem defeito;Perfeito estado;Seca;Perfeito estado;Não existe;R-6a;;2019
13/11/2019;09:04:00;COM VÍTIMA;AFOGADOS;RUA DA PAZ;SUBURBIO;ABALROAMENTO TRANSVERSAL;1;1;;;;;;;1;;Bom;Sem defeito;Perfeito estado;Seca;Perfeito estado;Agente;R-6a;;2019
13/11/2019;09:05:00;COM VÍTIMA;CORDEIRO;EST DO FORTE DO ARRAIAL N. DO B. JESUS;SUBURBIO;ABALROAMENTO LONGITUDINAL;1;1;;;;;;;1;;Bom;Não existe;Ilegível;Seca;Perfeito estado;Não existe;Não há placas;;2019
13/11/2019;09:33:00;SEM VÍTIMA;AFOGADOS;RUA SAO MIGUEL;CIDADE;COLISÃO TRASEIRA;2;;;;;;;;0;;Bom;;;Seca;Perfeito estado;;;;2019
13/11/2019;09:38:00;SEM VÍTIMA;SANTO AMARO;RUA DOS PALMARES;;COLISÃO;2;;;;;;;;0;;;;;;;;;;2019
13/11/2019;10:10:00;SEM VÍTIMA;CAMPO GRANDE;EST DE BELEM;CIDADE;ABALROAMENTO TRANSVERSAL;1;1;;;;;;;0;;Bom;Sem defeito;Perfeito estado;Seca;Perfeito estado;Faixa de pedestre;Outras;;2019
13/11/2019;10:30:00;SEM VÍTIMA;BOA VIAGEM;AV ARMINDO MOURA;SUBURBIO;COLISÃO TRASEIRA;2;;;;;;;;0;;Bom;Sem defeito;Perfeito estado;Seca;Perfeito estado;Faixa de retenção;Não há placas;30 km/h;2019
13/11/2019;10:29:00;SEM VÍTIMA;IPUTINGA;AV CAXANGA;;ABALROAMENTO TRANSVERSAL;1;1;;;;;;;0;;Bom;Sem defeito;Perfeito estado;Seca;Perfeito estado;;Não há placas;60 km/h;2019
13/11/2019;10:42:00;SEM VÍTIMA;ILHA DO RETIRO;RUA SPORT CLUBE DO RECIFE;SUBURBIO;COLISÃO TRASEIRA;2;;;;;;;;0;;Bom;Sem defeito;Perfeito estado;Seca;Perfeito estado;Agente;Outras;;2019
13/11/2019;11:01:00;SEM VÍTIMA;IMBIRIBEIRA;AV MARECHAL MASCARENHAS DE MORAES;CIDADE;ABALROAMENTO LONGITUDINAL;1;;;;;1;;;0;;Bom;Não existe;Perfeito estado;Seca;Perfeito estado;Não existe;Não há placas;;2019
13/11/2019;11:14:00;COM VÍTIMA;IMBIRIBEIRA;AV MARECHAL MASCARENHAS DE MORAES;CIDADE;COLISÃO TRASEIRA;1;1;;;;;;;1;;Bom;Não existe;Não existente;Seca;Perfeito estado;Não existe;Não há placas;;2019
13/11/2019;11:24:00;SEM VÍTIMA;ENCRUZILHADA;AV NORTE;SUBURBIO;COLISÃO TRASEIRA;3;;;;;;;;0;;Bom;Não existe;Incompleta;Seca;Perfeito estado;Não existe;Outras;;2019
13/11/2019;11:39:00;SEM VÍTIMA;SANTO ANTÔNIO;RUA IMPERADOR PEDRO SEGUNDO;;ABALROAMENTO TRANSVERSAL;2;;;;;;;;0;;Bom;Sem defeito;Perfeito estado;Seca;Perfeito estado;Faixa de pedestre;R-26;60 km/h;2019
13/11/2019;11:53:00;SEM VÍTIMA;BOA VIAGEM;AV CONSELHEIRO AGUIAR;;COLISÃO;2;1;;;;;;;0;;;;;;;;;;2019
13/11/2019;12:03:00;COM VÍTIMA;AFOGADOS;RUA GENERAL SOUZA DOCA;;ATROPELAMENTO;1;;;1;;;;;1;;Bom;Não existe;Não existente;Seca;Perfeito estado;Não existe;Não há placas;30 km/h;2019
13/11/2019;12:03:00;COM VÍTIMA;TAMARINEIRA;RUA PADRE ROMA;SUBURBIO;COLISÃO TRASEIRA;;1;;;;;;;1;;Bom;Sem defeito;Perfeito estado;Seca;Perfeito estado;Faixa de pedestre;Outras;;2019
13/11/2019;12:26:00;SEM VÍTIMA;DERBY;RUA JENER DE SOUZA;SUBURBIO;ABALROAMENTO LONGITUDINAL;2;;;;;;;;0;;Bom;Sem defeito;Perfeito estado;Seca;Perfeito estado;Faixa de pedestre;Outras;;2019
13/11/2019;12:48:00;SEM VÍTIMA;MANGABEIRA;AV NORTE;SUBURBIO;COLISÃO TRASEIRA;1;1;;;;;;;0;;Bom;Sem defeito;Perfeito estado;Seca;Perfeito estado;Faixa de pedestre;Outras;;2019
13/11/2019;13:03:00;COM VÍTIMA;AFOGADOS;RUA GENERAL SOUZA DOCA;;ATROPELAMENTO;1;;;1;;;;;1;;;;;;;;;;2019
13/11/2019;13:07:00;SEM VÍTIMA;SANTO AMARO;RUA DO POMBAL;;ABALROAMENTO TRANSVERSAL;2;;;;;;;;0;;Bom;Não existe;Perfeito estado;Seca;Perfeito estado;Outros;Placas Pare;40 km/h;2019
13/11/2019;13:12:00;SEM VÍTIMA;BARRO;RUA MAJOR CHAGAS DE OLIVEIRA;SUBURBIO;COLISÃO TRASEIRA;2;;;;;1;;;0;;Bom;Não existe;Perfeito estado;Seca;Perfeito estado;Não existe;Não há placas;;2019
13/11/2019;14:19:00;SEM VÍTIMA;CIDADE UNIVERSITÁRIA;AV PROFESSOR LUIZ FREIRE;;COLISÃO TRASEIRA;2;;;;;;;;0;;Bom;Não existe;Incompleta;Seca;Perfeito estado;;;;2019
13/11/2019;15:18:00;SEM VÍTIMA;ILHA DO RETIRO;TUNEL CHICO SCIENCE;CIDADE;COLISÃO TRASEIRA;2;;;;;;;;0;;Bom;Não existe;Perfeito estado;Seca;Perfeito estado;Não existe;Não há placas;;2019
13/11/2019;15:32:00;SEM VÍTIMA;COELHOS;RUA DR JOSE MARIANO;;COLISÃO;1;;;;;1;;;0;;;;;;;;;;2019
13/11/2019;16:53:00;COM VÍTIMA;SANTO AMARO;RUA DO POMBAL;CIDADE;ABALROAMENTO TRANSVERSAL;2;;;;;;;;2;;Bom;Não existe;Perfeito estado;Seca;Perfeito estado;Faixa de pedestre;Outras;;2019
13/11/2019;17:05:00;SEM VÍTIMA;IMBIRIBEIRA;AV MARECHAL MASCARENHAS DE MORAES;CIDADE;ABALROAMENTO TRANSVERSAL;1;;;;1;;;;0;;Bom;Não existe;Ilegível;Seca;Mal conservada;Não existe;Outras;60 km/h;2019
13/11/2019;18:38:00;SEM VÍTIMA;MADALENA;RUA REAL DA TORRE;;ABALROAMENTO LONGITUDINAL;2;;;;;;;;0;;Bom;Sem defeito;Perfeito estado;Seca;Perfeito estado;Não existe;Não há placas;;2019