data;hora;natureza_acidente;bairro;endereco;sentido_via;tipo;auto;moto;ciclista;pedestre;onibus;caminhao;viatura;outros;vitimas;vitimasfatais;tempo_clima;situacao_semaforo;sinalizacao;condicao_via;conservacao_via;ponto_controle;situacao_placa;velocidade_max_via;ano
13/11/2019;48:00:00;COM VÍTIMA;ILHA DO RETIRO;AV BEIRA RIO;;COLISÃO;1;1;;;;;;;1;;;;;;;;;;2019
13/11/2019;19:08:00;SEM VÍTIMA;PINA;PTE GOVERNADOR PAULO GUERRA;SUBURBIO;ABALROAMENTO LONGITUDINAL;2;;;;;;;;0;;Bom;Não existe;Perfeito estado;Seca;Perfeito estado;Não existe;Não há placas;;2019
13/11/2019;19:29:00;SEM VÍTIMA;MADALENA;EST DOS REMEDIOS;SUBURBIO;ABALROAMENTO LONGITUDINAL;1;;;;;1;;;0;;Bom;Sem defeito;Perfeito estado;Seca;Perfeito estado;Faixa de pedestre;R-6a;;2019
13/11/2019;19:33:00;COM VÍTIMA;CORDEIRO;AV MAURICIO DE NASSAU;SUBURBIO;ATROPELAMENTO ANIMAL;;;;;;1;;;1;;Bom;Não existe;Perfeito estado;Seca;Mal conservada;Não existe;R-6a;;2019
13/11/2019;19:40:00;COM VÍTIMA;PINA;PTE GOVERNADOR PAULO GUERRA;SUBURBIO;COLISÃO COM CICLISTA;1;;1;;;;;;1;;Bom;Não existe;Perfeito estado;Seca;Perfeito estado;;Não há placas;60 km/h;2019
13/11/2019;19:43:00;COM VÍTIMA;BOA VIAGEM;AV CONSELHEIRO AGUIAR;CIDADE;COLISÃO TRASEIRA;1;1;;;;;;;2;;Bom;Não existe;Perfeito estado;Seca;Perfeito estado;Não existe;Outras;;2019
13/11/2019;20:08:00;SEM VÍTIMA;MADALENA;AV JOSE GONCALVES DE MEDEIROS;SUBURBIO;ABALROAMENTO LONGITUDINAL;1;1;;;;;;;0;;Bom;Não existe;Perfeito estado;Seca;Perfeito estado;;Não há placas;;2019
13/11/2019;20:44:00;SEM VÍTIMA;IMBIRIBEIRA;RUA ALAMEDA DAS HORTENCIAS;SUBURBIO;ABALROAMENTO LONGITUDINAL;1;;;;;1;;;0;;Bom;Não existe;Não existente;Seca;Perfeito estado;;Não há placas;30 km/h;2019
13/11/2019;21:21:00;COM VÍTIMA;CASA AMARELA;RUA RAIMUNDO FREIXEIRA;SUBURBIO;COLISÃO COM CICLISTA;1;;1;;;;;;1;;Bom;Não existe;Incompleta;Seca;Perfeito estado;Não existe;;;2019
13/11/2019;21:47:00;SEM VÍTIMA;BOA VIAGEM;AV ENGENHEIRO DOMINGOS FERREIRA;SUBURBIO;COLISÃO TRASEIRA;2;;;;;;;;0;;Bom;Não existe;Incompleta;Seca;Mal iluminada;Não existe;Não há placas;;2019
13/11/2019;22:11:00;COM VÍTIMA;BOA VIAGEM;RUA VISCONDE DE JEQUITINHONHA;CIDADE;ABALROAMENTO LONGITUDINAL;1;1;;;;;;;1;;Bom;Sem defeito;Perfeito estado;Seca;Perfeito estado;;R-6a;30 km/h;2019
14/11/2019;00:10:00;SEM VÍTIMA;BOA VIAGEM;AV MARECHAL JUAREZ TAVORA;;COLISÃO;2;;;;;;;;0;;;;;;;;;;2019
14/11/2019;07:04:00;SEM VÍTIMA;CASA AMARELA;AV NORTE;SUBURBIO;COLISÃO TRASEIRA;2;;;;;;;;0;;Bom;Sem defeito;Perfeito estado;Seca;Perfeito estado;Faixa de pedestre;R-6a;;2019
14/11/2019;07:50:00;SEM VÍTIMA;CORDEIRO;AV GENERAL SAN MARTIN;;COLISÃO TRASEIRA;2;;;;;;;;0;;Bom;Sem defeito;Perfeito estado;Seca;Perfeito estado;Agente;Não há placas;;2019
14/11/2019;08:38:00;SEM VÍTIMA;SANTO AMARO;AV GOVERNADOR AGAMENON MAGALHAES;SUBURBIO;ABALROAMENTO LONGITUDINAL;2;;;;;;;;0;;Bom;Não existe;Perfeito estado;Seca;Perfeito estado;Não existe;Não há placas;;2019
14/11/2019;08:44:00;SEM VÍTIMA;ESPINHEIRO;RUA CONS PORTELA;CIDADE;ABALROAMENTO LONGITUDINAL;1;;;;1;;;;0;;Bom;Sem defeito;Perfeito estado;Seca;Perfeito estado;Agente;Não há placas;40 km/h;2019
14/11/2019;08:55:00;SEM VÍTIMA;CURADO;RUA JUNDIAI;SUBURBIO;COLISÃO;2;;;;;;;;0;;;;;;;;;;2019
14/11/2019;09:04:00;SEM VÍTIMA;CORDEIRO;AV CAXANGA;;COLISÃO TRASEIRA;2;;;;;;;;0;;Bom;Sem defeito;Perfeito estado;Seca;Perfeito estado;Faixa de pedestre;Não há placas;;2019
14/11/2019;09:05:00;SEM VÍTIMA;ESPINHEIRO;RUA JOSE LUIZ DA SILVEIRA BARROS;;ABALROAMENTO LONGITUDINAL;2;;;;;;;;0;;Bom;Não existe;Perfeito estado;Seca;Perfeito estado;Não existe;R-6b;40 km/h;2019
14/11/2019;09:19:00;SEM VÍTIMA;APIPUCOS;RUA DE APIPUCOS;;COLISÃO;1;;;;1;;;;0;;;;;;;;;;2019
14/11/2019;09:22:00;SEM VÍTIMA;ESTÂNCIA;AV RECIFE;SUBURBIO;COLISÃO TRASEIRA;2;;;;;;;;0;;Bom;Sem defeito;Perfeito estado;Seca;Perfeito estado;Faixa de pedestre;Não há placas;;2019
14/11/2019;09:23:00;SEM VÍTIMA;AFOGADOS;AV SUL;CIDADE;ABALROAMENTO LONGITUDINAL;1;;;;;1;;;0;;Bom;Não existe;Perfeito estado;Seca;Perfeito estado;Não existe;R-6a;40 km/h;2019
14/11/2019;09:41:00;SEM VÍTIMA;CORDEIRO;AV MAURICIO DE NASSAU;CIDADE;COLISÃO TRASEIRA;2;;;;;;;;0;;Bom;Não existe;Perfeito estado;Seca;Perfeito estado;Não existe;Não há placas;40 km/h;2019
14/11/2019;10:01:00;SEM VÍTIMA;ESTÂNCIA;AV RECIFE;;ABALROAMENTO TRANSVERSAL;2;;;;;;;;0;;Bom;Sem defeito;Perfeito estado;Seca;Perfeito estado;Não existe;Não há placas;60 km/h;2019
14/11/2019;10:04:00;SEM VÍTIMA;CAXANGÁ;AV CAXANGA;CIDADE;COLISÃO;1;;;;1;;;;0;;;;;;;;;;2019
14/11/2019;10:41:00;SEM VÍTIMA;DERBY;AV GOVERNADOR AGAMENON MAGALHAES;;COLISÃO FRONTAL;2;;;;;;;;0;;Bom;Sem defeito;Perfeito estado;Seca;Perfeito estado;Faixa de pedestre;;60 km/h;2019
14/11/2019;10:47:00;SEM VÍTIMA;AREIAS;AV RECIFE;;ABALROAMENTO LONGITUDINAL;1;1;;;;;;;0;;Bom;Sem defeito;Perfeito estado;Seca;Perfeito estado;;Não há placas;60 km/h;2019
14/11/2019;11:07:00;SEM VÍTIMA;BOA VISTA;AV MONTEVIDEU;CIDADE;ABALROAMENTO LONGITUDINAL;2;;;;;;;;0;;Bom;Não existe;Perfeito estado;Seca;Perfeito estado;Não existe;R-6a;30 km/h;2019
14/11/2019;11:31:00;SEM VÍTIMA;APIPUCOS;RUA CAETES;SUBURBIO;CHOQUE VEÍCULO PARADO;2;;;;;;;;0;;Bom;Não existe;;Seca;;;;;2019
14/11/2019;11:42:00;SEM VÍTIMA;DERBY;AV RUI BARBOSA;CIDADE;ABALROAMENTO LONGITUDINAL;1;1;;;;;;;0;;Bom;Não existe;Perfeito estado;Seca;Perfeito estado;Não existe;Não há placas;;2019
14/11/2019;11:48:00;SEM VÍTIMA;CORDEIRO;RUA GOMES TABORDA;CIDADE;COLISÃO TRASEIRA;2;;;;;;;;0;;Bom;Não existe;Perfeito estado;Seca;Perfeito estado;Não existe;Não há placas;;2019
14/11/2019;11:56:00;SEM VÍTIMA;AFOGADOS;RUA DA PAZ;SUBURBIO;ABALROAMENTO LONGITUDINAL;1;;;;;1;;1;0;;Bom;Sem defeito;Perfeito estado;Seca;Perfeito estado;Não existe;Não há placas;40 km/h;2019
14/11/2019;12:03:00;SEM VÍTIMA;PINA;PTE GOVERNADOR PAULO GUERRA;;COLISÃO;1;;;;;1;;;0;;Bom;Não existe;Perfeito estado;Seca;Perfeito estado;Não existe;Não há placas;60 km/h;2019
14/11/2019;12:10:00;COM VÍTIMA;BOA VIAGEM;AVENIDA CELSO FURTADO (VIA MANGUE);SUBURBIO;COLISÃO;;;;;;;;;1;;Bom;Não existe;Perfeito estado;Seca;Perfeito estado;;;;2019
14/11/2019;12:23:00;SEM VÍTIMA;BOA VISTA;RUA DA UNIAO;;COLISÃO;1;1;;;;;;;0;;;;;;;;;;2019
14/11/2019;12:55:00;SEM VÍTIMA;GRAÇAS;RUA DAS CREOULAS;CIDADE;ABALROAMENTO LONGITUDINAL;2;;;;;;;;0;;Bom;Sem defeito;Perfeito estado;Seca;Perfeito estado;Agente;;;2019
14/11/2019;12:56:00;SEM VÍTIMA;TAMARINEIRA;RUA CONEGO BARATA;;COLISÃO;2;;;;;;;;0;;;;;;;;;;2019
14/11/2019;12:58:00;SEM VÍTIMA;JARDIM SÃO PAULO;RUA LORENA;;ABALROAMENTO LONGITUDINAL;2;;;;;;;;0;;Bom;Não existe;Não existente;Seca;Perfeito estado;Não existe;Não há placas;;2019
14/11/2019;13:09:00;SEM VÍTIMA;GRAÇAS;RUA ALBERTO PAIVA;SUBURBIO;COLISÃO TRASEIRA;4;;;;;;;;0;;Bom;Sem defeito;Perfeito estado;Seca;Perfeito estado;Faixa de pedestre;Não há placas;;2019
14/11/2019;13:19:00;SEM VÍTIMA;BOA VISTA;RUA DO HOSPICIO;CIDADE;COLISÃO TRASEIRA;2;;;;;;;1;0;;Bom;Sem defeito;Perfeito estado;Seca;Perfeito estado;Agente;Não há placas;;2019
14/11/2019;13:22:00;SEM VÍTIMA;BOA VISTA;RUA DO HOSPICIO;CIDADE;ABALROAMENTO LONGITUDINAL;1;;;;1;;;;0;;Bom;Não existe;Perfeito estado;Seca;Perfeito estado;Não existe;R-6a;;2019
14/11/2019;13:35:00;SEM VÍTIMA;BARRO;AV CENTRAL;SUBURBIO;ABALROAMENTO TRANSVERSAL;1;;;;;;;1;0;;Bom;Não existe;Perfeito estado;Seca;Perfeito estado;;Não há placas;40 km/h;2019
14/11/2019;13:39:00;SEM VÍTIMA;JARDIM SÃO PAULO;AV CENTRAL;;COLISÃO;1;;;;1;;;;0;;;;;;;;;;2019
14/11/2019;14:04:00;SEM VÍTIMA;SAN MARTIN;AV GENERAL SAN MARTIN;SUBURBIO;ABALROAMENTO LONGITUDINAL;1;;;;1;;;;0;;Bom;Sem defeito;Perfeito estado;Seca;Perfeito estado;Agente;Não há placas;;2019
14/11/2019;14:17:00;SEM VÍTIMA;IBURA;AV DOIS RIOS;;COLISÃO TRASEIRA;1;;;;1;;;;0;;Bom;Sem defeito;Perfeito estado;Seca;Perfeito estado;Agente;Não há placas;40 km/h;2019
14/11/2019;14:28:00;SEM VÍTIMA;TORRE;RUA DR SAMUEL LINS;;COLISÃO;2;;;;;;;;0;;;;;;;;;;2019
14/11/2019;14:31:00;SEM VÍTIMA;PARNAMIRIM;AV FLOR DE SANTANA;;COLISÃO;2;;;;;;;;0;;;;;;;;;;2019
14/11/2019;14:37:00;SEM VÍTIMA;BAIRRO DO RECIFE;RUA MADRE DEUS;CIDADE;ABALROAMENTO LONGITUDINAL;1;1;;;;;;;0;;Bom;Não existe;Incompleta;Seca;Perfeito estado;;Outras;;2019
14/11/2019;14:45:00;SEM VÍTIMA;SANTO AMARO;RUA FREI CASSIMIRO;;ABALROAMENTO LONGITUDINAL;2;;;;;;;;0;;Bom;Não existe;Perfeito estado;Seca;Perfeito estado;Faixa de retenção;Placas Pare;;2019
14/11/2019;14:44:00;COM VÍTIMA;IMBIRIBEIRA;AV MARECHAL MASCARENHAS DE MORAES;CIDADE;ABALROAMENTO LONGITUDINAL;1;1;;;;;;;1;;Bom;Sem defeito;Perfeito estado;Seca;Perfeito estado;Não existe;Não há placas;60 km/h;2019
14/11/2019;14:55:00;SEM VÍTIMA;LINHA DO TIRO;RUA URIEL DE HOLANDA;SUBURBIO;COLISÃO TRASEIRA;1;;;;1;;;;0;;Bom;Não existe;Perfeito estado;Seca;Perfeito estado;;;;2019
14/11/2019;15:08:00;SEM VÍTIMA;SANTO AMARO;RUA FREI CASSIMIRO;;COLISÃO;2;;;;;;;;0;;;;;;;;;;2019
14/11/2019;15:19:00;SEM VÍTIMA;CORDEIRO;AV CAXANGA;SUBURBIO;ABALROAMENTO LONGITUDINAL;1;1;;;;;;;0;;Bom;Não existe;Perfeito estado;Seca;Perfeito estado;Não existe;Não há placas;;2019
14/11/2019;15:22:00;SEM VÍTIMA;BREJO DA GUABIRABA;AV VEREADOR OTACILIO AZEVEDO;;COLISÃO;;2;;;;;;;0;;;;;;;;;;2019
14/11/2019;15:25:00;SEM VÍTIMA;BOA VISTA;RUA AURORA;;ABALROAMENTO TRANSVERSAL;2;;;;;1;;;0;;Bom;Não existe;Perfeito estado;Seca;Perfeito estado;;;40 km/h;2019
14/11/2019;15:33:00;SEM VÍTIMA;SÃO JOSÉ;PRC RESTAURACAO;CIDADE;ABALROAMENTO LONGITUDINAL;1;1;;;;;;;0;;Bom;Não existe;Perfeito estado;Seca;Perfeito estado;Não existe;Não há placas;30 km/h;2019
14/11/2019;16:08:00;SEM VÍTIMA;IPUTINGA;RUA SAO MATEUS;;COLISÃO TRASEIRA;2;;;;;;;;0;;Bom;Não existe;Ilegível;Seca;Perfeito estado;Não existe;Não há placas;40 km/h;2019
14/11/2019;16:15:00;SEM VÍTIMA;SÃO JOSÉ;AV SUL;CIDADE;COLISÃO TRASEIRA;1;;;;;1;;;0;;Bom;Sem defeito;Perfeito estado;Seca;Perfeito estado;;Não há placas;;2019
14/11/2019;16:16:00;SEM VÍTIMA;ESPINHEIRO;RUA DO ESPINHEIRO;CIDADE;ABALROAMENTO LONGITUDINAL;1;;;;1;;;;0;;Bom;Sem defeito;Perfeito estado;Seca;Perfeito estado;Faixa de pedestre;R-6a;40 km/h;2019
14/11/2019;16:22:00;SEM VÍTIMA;IMBIRIBEIRA;RUA JOAQUIM BANDEIRA;;ABALROAMENTO TRANSVERSAL;2;;;;;;;;0;;Bom;;;;;;Não há placas;;2019
14/11/2019;16:27:00;SEM VÍTIMA;ESTÂNCIA;AV RECIFE;;ABALROAMENTO LONGITUDINAL;1;;;;;1;;;0;;Bom;Sem defeito;Perfeito estado;Seca;;;Outras;;2019
14/11/2019;16:31:00;COM VÍTIMA;BOA VISTA;RUA DOM BOSCO;SUBURBIO;ABALROAMENTO TRANSVERSAL;2;1;;;;;;;1;;Bom;Sem defeito;Perfeito estado;Seca;Perfeito estado;Faixa de pedestre;R-26;;2019
14/11/2019;16:48:00;SEM VÍTIMA;CASA AMARELA;RUA PADRE LEMOS;;ABALROAMENTO LONGITUDINAL;1;;;;1;;;;0;;Bom;Sem defeito;Perfeito estado;Seca;Perfeito estado;Faixa de pedestre;;;2019
14/11/2019;17:29:00;SEM VÍTIMA;PINA;AV ENGENHEIRO DOMINGOS FERREIRA;SUBURBIO;ABALROAMENTO LONGITUDINAL;2;;;;;;;;0;;Bom;Não existe;Perfeito estado;Seca;Perfeito estado;Não existe;Não há placas;;2019
14/11/2019;18:29:00;SEM VÍTIMA;GRAÇAS;RUA DAS CREOULAS;;COLISÃO;2;;;;;;;;0;;;;;;;;;;2019
14/11/2019;18:30:00;SEM VÍTIMA;BARRO;AV DR JOSE RUFINO;SUBURBIO;ABALROAMENTO TRANSVERSAL;2;;;;;;;;0;;Bom;Não existe;Perfeito estado;Seca;Perfeito estado;Não existe;Outras;;2019
14/11/2019;18:33:00;SEM VÍTIMA;AREIAS;RUA CAMBUCA;;COLISÃO;2;;;;;;;;0;;;;;;;;;;2019
14/11/2019;18:38:00;SEM VÍTIMA;IMBIRIBEIRA;RUA SARGENTO SILVINO DE MACEDO;SUBURBIO;ABALROAMENTO TRANSVERSAL;2;;;;;;;;0;;Bom;Não existe;Não existente;Seca;Perfeito estado;Não existe;Não há placas;;2019
14/11/2019;20:03:00;SEM VÍTIMA;TEJIPIÓ;AV DR JOSE RUFINO;SUBURBIO;ABALROAMENTO LONGITUDINAL;2;;;;;;;;0;;Bom;Não existe;Perfeito estado;Seca;Perfeito estado;Não existe;Não há placas;;2019
14/11/2019;20:16:00;SEM VÍTIMA;COHAB;AV JORNALISTA COSTA PORTO;CIDADE;ABALROAMENTO LONGITUDINAL;1;1;;;;;;;0;;Bom;Não existe;Não existente;Seca;Perfeito estado;Não existe;Não há placas;;2019
14/11/2019;20:54:00;COM VÍTIMA;CASA FORTE;AV DEZESSETE DE AGOSTO;SUBURBIO;ABALROAMENTO LONGITUDINAL;1;1;;;;;;;1;;Bom;Não existe;Perfeito estado;Seca;Perfeito estado;Não existe;Não há placas;;2019
14/11/2019;21:39:00;SEM VÍTIMA;ILHA JOANA BEZERRA;PTE JOSE DE BARROS LIMA;;COLISÃO TRASEIRA;2;;;;;;;;0;;Bom;Não existe;Perfeito estado;Seca;Perfeito estado;Não existe;Não há placas;60 km/h;2019
14/11/2019;21:59:00;SEM VÍTIMA;BOA VISTA;RUA JOAO FERNANDES VIEIRA;CIDADE;ABALROAMENTO LONGITUDINAL;2;;;;;;;;0;;Bom;Não existe;Não existente;Seca;Perfeito estado;Não existe;Não há placas;;2019
14/11/2019;22:07:00;SEM VÍTIMA;CORDEIRO;AV CAMARAO;CIDADE;ABALROAMENTO TRANSVERSAL;1;;;;;;;;0;;Bom;Não existe;Perfeito estado;Seca;Perfeito estado;Não existe;Não há placas;;2019
14/11/2019;22:29:00;SEM VÍTIMA;IBURA;AV DOIS RIOS;SUBURBIO;ABALROAMENTO LONGITUDINAL;1;1;;;;;;;0;;Bom;Intermitente;Perfeito estado;Seca;Perfeito estado;Faixa de retenção;Não há placas;40 km/h;2019
14/11/2019;22:58:00;COM VÍTIMA;BOA VIAGEM;RUA CORONEL ANIZIO RODRIGUES COELHO;;COLISÃO;1;1;;;;;;;1;;;;;;;;;;2019
15/11/2019;00:56:00;SEM VÍTIMA;PAISSANDU;AV GOVERNADOR AGAMENON MAGALHAES;SUBURBIO;ABALROAMENTO TRANSVERSAL;2;;;;;;;;0;;Bom;Sem defeito;Perfeito estado;Seca;Perfeito estado;Faixa de pedestre;Não há placas;60 km/h;2019
15/11/2019;07:33:00;SEM VÍTIMA;IMBIRIBEIRA;AV MARECHAL MASCARENHAS DE MORAES;CIDADE;ABALROAMENTO TRANSVERSAL;2;;;;;;;;0;;Bom;Sem defeito;Perfeito estado;Seca;Perfeito estado;Faixa de pedestre;Outras;60 km/h;2019
15/11/2019;08:58:00;SEM VÍTIMA;AFOGADOS;RUA ALFREDO MAIA;;CHOQUE VEÍCULO PARADO;1;;;;;1;;;0;;Bom;Não existe;;Seca;Perfeito estado;;;;2019
15/11/2019;12:21:00;SEM VÍTIMA;JARDIM SÃO PAULO;AV RECIFE;;ABALROAMENTO LONGITUDINAL;2;;;;;;;;0;;Bom;Sem defeito;Perfeito estado;Seca;Perfeito estado;Faixa de pedestre;Outras;60 km/h;2019
15/11/2019;11:24:00;SEM VÍTIMA;IPSEP;AV RECIFE;SUBURBIO;COLISÃO TRASEIRA;2;;;;;;;;0;;Bom;Não existe;Perfeito estado;Seca;Perfeito estado;Não existe;Outras;;2019
15/11/2019;13:29:00;SEM VÍTIMA;COQUEIRAL;RUA ALTO DA BELA VISTA;;COLISÃO;2;;;;;;;;0;;;;;;;;;;2019
15/11/2019;15:43:00;SEM VÍTIMA;BAIRRO DO RECIFE;RUA DAS CALCADAS;;COLISÃO;1;;;;;;;;0;;;;;;;;;;2019
15/11/2019;16:41:00;SEM VÍTIMA;LINHA DO TIRO;RUA URIEL DE HOLANDA;;COLISÃO TRASEIRA;1;;;;;;;;0;;Bom;Não existe;Perfeito estado;Seca;Perfeito estado;Outros;;;2019
15/11/2019;18:08:00;SEM VÍTIMA;SÃO JOSÉ;VDO DAS CINCO PONTAS;SUBURBIO;ABALROAMENTO LONGITUDINAL;2;;;;;;;;0;;Bom;Não existe;Ilegível;Seca;Perfeito estado;Não existe;Outras;;2019
15/11/2019;18:29:00;SEM VÍTIMA;BOA VIAGEM;RUA SETUBAL;;ABALROAMENTO TRANSVERSAL;2;;;;;;;;0;;Bom;Não existe;Incompleta;Seca;Perfeito estado;Faixa de retenção;R-6a;30 km/h;2019
15/11/2019;18:39:00;COM VÍTIMA;BAIRRO DO RECIFE;CAIS DO APOLO;SUBURBIO;ACID. DE PERCURSO;;1;;;;;;;2;;;;;;;;;;2019
15/11/2019;18:55:00;SEM VÍTIMA;BOA VIAGEM;RUA TOME GIBSON;SUBURBIO;ABALROAMENTO TRANSVERSAL;2;;;;;;;;0;;Bom;Não existe;Ilegível;Seca;Perfeito estado;Não existe;Placas Pare;;2019
15/11/2019;19:14:00;COM VÍTIMA;CORDEIRO;AV CAXANGA;SUBURBIO;ABALROAMENTO TRANSVERSAL;1;2;;;;;;;3;;Bom;Sem defeito;Perfeito estado;Seca;Perfeito estado;Faixa de pedestre;R-6a;;2019
15/11/2019;21:20:00;SEM VÍTIMA;DERBY;PRC DO DERBY;CIDADE;COLISÃO;2;;;;;;;;0;;;;;;;;;;2019
15/11/2019;21:42:00;SEM VÍTIMA;ÁGUA FRIA;AV BEBERIBE;SUBURBIO;ABALROAMENTO LONGITUDINAL;2;;;;;;;;0;;Bom;Não existe;Perfeito estado;Seca;Perfeito estado;;R-6a;50 km/h;2019
15/11/2019;23:52:00;COM VÍTIMA;SAN MARTIN;RUA VINTE E UM DE ABRIL;CIDADE;COLISÃO COM CICLISTA;1;;1;;;;;;1;;Bom;Não existe;Ilegível;Seca;Perfeito estado;Não existe;Não há placas;;2019
16/11/2019;00:06:00;COM VÍTIMA;IPSEP;AV RECIFE;SUBURBIO;CHOQUE OBJETO FIXO;1;;;;;;;;1;;Bom;Não existe;Perfeito estado;Seca;Perfeito estado;Não existe;Não há placas;;2019
16/11/2019;00:17:00;SEM VÍTIMA;ESPINHEIRO;RUA QUARENTA E OITO;CIDADE;CHOQUE VEÍCULO PARADO;2;;;;;;;;0;;Bom;Não existe;Perfeito estado;Seca;Perfeito estado;;R-6a;30 km/h;2019
16/11/2019;01:30:00;SEM VÍTIMA;SÃO JOSÉ;RUA IMPERIAL;SUBURBIO;ABALROAMENTO TRANSVERSAL;1;;;;1;;;;0;;Bom;Sem defeito;Perfeito estado;Seca;Perfeito estado;Faixa de pedestre;Outras;;2019
16/11/2019;03:35:00;SEM VÍTIMA;IMBIRIBEIRA;RUA ARQUITETO FERNANDO ALMEIDA;;CHOQUE OBJETO FIXO;1;;;;;;;;0;;Bom;Não existe;Incompleta;Seca;Perfeito estado;;Não há placas;;2019
16/11/2019;05:47:00;COM VÍTIMA;MADALENA;AV CAXANGA;CIDADE;COLISÃO TRASEIRA;1;1;;;2;;;;2;;Bom;Não existe;Perfeito estado;Seca;Perfeito estado;Não existe;Não há placas;;2019
16/11/2019;06:05:00;SEM VÍTIMA;SAN MARTIN;AV GENERAL SAN MARTIN;;ABALROAMENTO TRANSVERSAL;2;;;;;;;;0;;Bom;Não existe;Perfeito estado;Seca;Perfeito estado;Não existe;Placas Pare;60 km/h;2019
16/11/2019;08:23:00;SEM VÍTIMA;IPUTINGA;RUA EMILIANO BRAGA;CIDADE;ABALROAMENTO LONGITUDINAL;1;;;;1;;;;0;;Bom;Não existe;Perfeito estado;Seca;Perfeito estado;Não existe;Placas Pare;;2019
16/11/2019;08:41:00;SEM VÍTIMA;ESPINHEIRO;RUA DR BANDEIRA FILHO;;COLISÃO;2;;;;;;;;0;;;;;;;;;;2019
16/11/2019;08:44:00;SEM VÍTIMA;;RUA DA AURORA;SUBURBIO;ABALROAMENTO LONGITUDINAL;1;1;;;;;;;0;;Bom;Sem defeito;Perfeito estado;Seca;Perfeito estado;Faixa de pedestre;;40 km/h;2019
16/11/2019;09:28:00;SEM VÍTIMA;BOMBA DO HEMETÉRIO;COR DA CALMA;;ABALROAMENTO LONGITUDINAL;1;;;;;1;;;0;;Bom;Não existe;Não existente;Seca;;Não existe;Não há placas;;2019
16/11/2019;11:05:00;SEM VÍTIMA;SANTANA;AV MARTINS DE BARROS;SUBURBIO;COLISÃO TRASEIRA;2;;;;;;;;0;;Bom;Sem defeito;Perfeito estado;Seca;Perfeito estado;Faixa de pedestre;Outras;;2019
16/11/2019;12:19:00;SEM VÍTIMA;CASA AMARELA;AV NORTE;CIDADE;COLISÃO TRASEIRA;1;1;;;;;;;0;;Bom;Sem defeito;Incompleta;Seca;Perfeito estado;Faixa de pedestre;R-6a;;2019
16/11/2019;13:09:00;SEM VÍTIMA;ENCRUZILHADA;RUA DR JOSE MARIA;;ABALROAMENTO LONGITUDINAL;2;;;;;;;;0;;Bom;Não existe;Perfeito estado;Seca;Perfeito estado;Não existe;Outras;;2019
16/11/2019;13:15:00;COM VÍTIMA;BOA VIAGEM;RUA BARAO DE SOUZA LEAO;SUBURBIO;TOMBAMENTO;;1;;;1;;;;1;;Bom;Não existe;Não existente;Seca;Perfeito estado;Não existe;Não há placas;;2019
16/11/2019;13:16:00;COM VÍTIMA;SANTO AMARO;AV GOVERNADOR AGAMENON MAGALHAES;;COLISÃO;1;1;;;;;;;1;;;;;;;;;;2019
16/11/2019;17:09:00;SEM VÍTIMA;BOA VIAGEM;RUA DEZ DE JULHO;;COLISÃO TRASEIRA;2;;;;;;;;0;;Bom;Sem defeito;Perfeito estado;Seca;Perfeito estado;Faixa de pedestre;;30 km/h;2019
16/11/2019;17:28:00;SEM VÍTIMA;;RUA RIO BRIGIDA;CIDADE;CHOQUE VEÍCULO PARADO;1;;;;;;;;0;;Bom;Não existe;Perfeito estado;Seca;Perfeito estado;;;;2019
16/11/2019;20:45:00;SEM VÍTIMA;BOA VIAGEM;RUA VISCONDE DE JEQUITINHONHA;SUBURBIO;COLISÃO TRASEIRA;2;;;;;;;;0;;Bom;Sem defeito;Perfeito estado;Seca;Perfeito estado;Faixa de pedestre;Não há placas;;2019
17/11/2019;03:57:00;SEM VÍTIMA;ÁGUA FRIA;RUA DAS MOCAS;CIDADE;ABALROAMENTO TRANSVERSAL;2;;;;;;;;0;;Bom;Não existe;Perfeito estado;Seca;Perfeito estado;Não existe;Outras;;2019
17/11/2019;05:42:00;COM VÍTIMA;CURADO;RUA DR GEORGE WILLIAM BUTLER;CIDADE;COLISÃO;;1;;;1;;;;1;;Bom;Não existe;Não existente;Seca;Perfeito estado;Não existe;Não há placas;;2019
17/11/2019;08:15:00;SEM VÍTIMA;MADALENA;RUA REAL DA TORRE;CIDADE;COLISÃO TRASEIRA;2;;;;;;;;0;;Bom;Não existe;Não existente;Seca;;Não existe;R-6a;;2019
17/11/2019;08:35:00;SEM VÍTIMA;BOA VIAGEM;AV ENGENHEIRO DOMINGOS FERREIRA;SUBURBIO;ABALROAMENTO LONGITUDINAL;1;;;;1;;;;0;;Bom;Não existe;Perfeito estado;Seca;Perfeito estado;Não existe;R-6a;;2019
17/11/2019;10:17:00;SEM VÍTIMA;GRAÇAS;AV RUI BARBOSA;CIDADE;CHOQUE VEÍCULO PARADO;2;;;;;;;;0;;Bom;Não existe;Perfeito estado;Seca;Perfeito estado;Não existe;;;2019
17/11/2019;10:44:00;SEM VÍTIMA;ÁGUA FRIA;RUA JAPARANDUBA;CIDADE;ABALROAMENTO LONGITUDINAL;2;;;;;;;;0;;Bom;Não existe;Perfeito estado;Seca;Perfeito estado;Não existe;Não há placas;40 km/h;2019
17/11/2019;10:54:00;COM VÍTIMA;ARRUDA;RUA DAS MOCAS;;COLISÃO COM CICLISTA;;1;1;;;;;;1;;;;;;;;;;2019