data;hora;natureza_acidente;bairro;endereco;sentido_via;tipo;auto;moto;ciclista;pedestre;onibus;caminhao;viatura;outros;vitimas;vitimasfatais;tempo_clima;situacao_semaforo;sinalizacao;condicao_via;conservacao_via;ponto_controle;situacao_placa;velocidade_max_via;ano
17/11/2019;10:58:00;SEM VÍTIMA;COQUEIRAL;RUA GUANABARA;;COLISÃO;2;;;;;;;;0;;;;;;;;;;2019
17/11/2019;11:39:00;SEM VÍTIMA;VÁRZEA;AV CAXANGA;CIDADE;COLISÃO TRASEIRA;2;;;;;;;;0;;Bom;Sem defeito;Perfeito estado;Seca;Perfeito estado;;;;2019
17/11/2019;11:59:00;SEM VÍTIMA;TAMARINEIRA;RUA CONEGO BARATA;;ABALROAMENTO LONGITUDINAL;2;;;;;;;;0;;Bom;Não existe;;Seca;Perfeito estado;Agente;Não há placas;;2019
17/11/2019;12:10:00;SEM VÍTIMA;PARNAMIRIM;AV PARNAMIRIM;;COLISÃO;2;;;;;;;;0;;;;;;;;;;2019
17/11/2019;12:26:00;COM VÍTIMA;TORRE;RUA DOM MANOEL DA COSTA;CIDADE;COLISÃO TRASEIRA;1;1;;;;;;;1;;Bom;Não existe;Perfeito estado;Seca;Perfeito estado;Não existe;Não há placas;40 km/h;2019
17/11/2019;12:57:00;SEM VÍTIMA;DERBY;AV GOVERNADOR AGAMENON MAGALHAES;SUBURBIO;COLISÃO FRONTAL;2;;;;1;;;;0;;Bom;Sem defeito;Perfeito estado;Seca;Perfeito estado;Faixa de pedestre;Outras;40 km/h;2019
17/11/2019;13:18:00;SEM VÍTIMA;MACAXEIRA;RUA CARLOS MARIGHELLA;;COLISÃO FRONTAL;2;;;;;;;;0;;Bom;Não existe;Perfeito estado;Seca;Perfeito estado;Não existe;Não há placas;;2019
17/11/2019;13:31:00;SEM VÍTIMA;SANTO ANTÔNIO;AV MARTINS DE BARROS;CIDADE;ABALROAMENTO LONGITUDINAL;1;;;;1;;;;0;;Bom;Sem defeito;Perfeito estado;Seca;Perfeito estado;Faixa de pedestre;Outras;;2019
17/11/2019;14:59:00;COM VÍTIMA;BOA VIAGEM;AV BOA VIAGEM;CIDADE;ABALROAMENTO LONGITUDINAL;2;1;;;;;;;1;;Bom;;Perfeito estado;Seca;Perfeito estado;Não existe;Não há placas;;2019
17/11/2019;16:02:00;SEM VÍTIMA;CORDEIRO;AV MAURICIO DE NASSAU;;COLISÃO;2;;;;;;;;0;;;;;;;;;;2019
17/11/2019;17:21:00;SEM VÍTIMA;BOA VIAGEM;RUA JOAO CARDOSO AIRES;SUBURBIO;ABALROAMENTO LONGITUDINAL;2;;;;;;;;0;;Bom;Não existe;Perfeito estado;Seca;Perfeito estado;Não existe;R-6a;;2019
17/11/2019;17:45:00;SEM VÍTIMA;NOVA DESCOBERTA;RUA DA PAZ;SUBURBIO;ABALROAMENTO LONGITUDINAL;1;;;;1;;;;0;;Bom;Não existe;Perfeito estado;Seca;Perfeito estado;Outros;Não há placas;;2019
17/11/2019;18:49:00;SEM VÍTIMA;IMBIRIBEIRA;AV MARECHAL MASCARENHAS DE MORAES;CIDADE;COLISÃO;2;;;;;;;;0;;;;;;;;;;2019
17/11/2019;19:11:00;SEM VÍTIMA;BOA VIAGEM;AV DOM JOAO VI;CIDADE;ABALROAMENTO LONGITUDINAL;2;;;;;;;;0;;Bom;Sem defeito;Perfeito estado;Seca;Perfeito estado;Faixa de pedestre;Não há placas;50 km/h;2019
17/11/2019;19:12:00;SEM VÍTIMA;CASA AMARELA;RUA PAULA BATISTA;SUBURBIO;ABALROAMENTO LONGITUDINAL;1;;;;1;;;;0;;Bom;Sem defeito;;Seca;Perfeito estado;Faixa de pedestre;Outras;;2019
17/11/2019;19:19:00;COM VÍTIMA;SAN MARTIN;RUA ARSENIO CALACA;SUBURBIO;ABALROAMENTO TRANSVERSAL;1;1;;;;;;;1;;Bom;Não existe;Não existente;Seca;Perfeito estado;Não existe;Não há placas;;2019
17/11/2019;19:51:00;COM VÍTIMA;JOANA BEZERRA;VIADUTO CAPITAO TEMUDO;SUBURBIO;COLISÃO COM CICLISTA;1;;1;;;;;;1;;Bom;Não existe;Perfeito estado;Seca;Perfeito estado;Não existe;Não há placas;;2019
17/11/2019;20:26:00;SEM VÍTIMA;AREIAS;AV DR JOSE RUFINO;;COLISÃO;2;;;;;;;;0;;;;;;;;;;2019
17/11/2019;21:34:00;SEM VÍTIMA;IMBIRIBEIRA;RUA ALEMANHA;SUBURBIO;ABALROAMENTO TRANSVERSAL;2;;;;;;;;0;;Bom;Não existe;Incompleta;Seca;Perfeito estado;;;40 km/h;2019
17/11/2019;22:05:00;SEM VÍTIMA;COHAB;AV QUEIXARAMOBIM;;COLISÃO;2;;;;;;;;0;;;;;;;;;;2019
18/11/2019;00:27:00;COM VÍTIMA;SAN MARTIN;RUA SANTO ANGELO;SUBURBIO;CHOQUE OBJETO FIXO;1;;;;;;1;;1;;Bom;Não existe;Não existente;Seca;Mal conservada;;Não há placas;20 km/h;2019
18/11/2019;06:31:00;SEM VÍTIMA;GRAÇAS;RUA DAS CREOULAS;;COLISÃO;1;;;;1;;;;0;;;;;;;;;;2019
18/11/2019;06:49:00;SEM VÍTIMA;TAMARINEIRA;EST VELHA DE AGUA FRIA;SUBURBIO;ABALROAMENTO LONGITUDINAL;1;;;;1;;;;0;;Bom;Sem defeito;Perfeito estado;Seca;Perfeito estado;Faixa de pedestre;R-6a;60 km/h;2019
18/11/2019;07:02:00;SEM VÍTIMA;PARNAMIRIM;EST DO ENCANAMENTO;CIDADE;ABALROAMENTO LONGITUDINAL;1;1;;;;;;;0;;Bom;Não existe;Perfeito estado;Seca;Perfeito estado;Não existe;R-6a;40 km/h;2019
18/11/2019;07:10:00;COM VÍTIMA;DOIS IRMÃOS;RUA MANUEL DE MEDEIROS;CAMARAGIBE;COLISÃO;;1;;;1;;;;1;;;;;;;;;;2019
18/11/2019;07:18:00;SEM VÍTIMA;JARDIM SÃO PAULO;RUA LEANDRO BARRETO;SUBURBIO;ABALROAMENTO TRANSVERSAL;1;1;;;;;;;0;;Bom;Não existe;Não existente;Seca;Perfeito estado;Não existe;Não há placas;;2019
18/11/2019;07:31:00;SEM VÍTIMA;IMBIRIBEIRA;VIADUTO TANCREDO NEVES;BOA VIAGEM;COLISÃO;1;;;;1;;;;0;;;;;;;;;;2019
18/11/2019;08:09:00;COM VÍTIMA;PINA;AV ENGENHEIRO DOMINGOS FERREIRA;SUBURBIO;ATROPELAMENTO;1;;;1;;;;;1;;Bom;Não existe;Perfeito estado;Seca;Perfeito estado;Não existe;Não há placas;60 km/h;2019
18/11/2019;08:19:00;COM VÍTIMA;DOIS IRMÃOS;RUA MANUEL DE MEDEIROS;CAMARAGIBE;COLISÃO FRONTAL;;1;;;1;;;;1;;Bom;Não existe;Ilegível;Molhada;Mal conservada;Não existe;R-6a;;2019
18/11/2019;08:41:00;SEM VÍTIMA;DERBY;AV GOVERNADOR AGAMENON MAGALHAES;;COLISÃO TRASEIRA;2;;;;;;;;0;;Bom;Sem defeito;Perfeito estado;Seca;Perfeito estado;Faixa de pedestre;;60 km/h;2019
18/11/2019;09:02:00;SEM VÍTIMA;SANTO AMARO;AV NORTE;;COLISÃO;2;;;;;;;;0;;;;;;;;;;2019
18/11/2019;09:07:00;SEM VÍTIMA;ÁGUA FRIA;EST VELHA DE AGUA FRIA;;COLISÃO;2;;;;;;;;0;;;;;;;;;;2019
18/11/2019;10:08:00;SEM VÍTIMA;MACAXEIRA;AV NORTE;SUBURBIO;COLISÃO TRASEIRA;3;;;;;;;;0;;Bom;Sem defeito;Perfeito estado;Seca;Perfeito estado;Faixa de pedestre;;;2019
18/11/2019;10:40:00;SEM VÍTIMA;MADALENA;RUA REAL DA TORRE;;COLISÃO TRASEIRA;2;;;;;;;;0;;Bom;Sem defeito;Perfeito estado;Seca;Perfeito estado;Faixa de pedestre;R-6a;;2019
18/11/2019;10:44:00;SEM VÍTIMA;;AV BOA VIAGEM;CIDADE;ABALROAMENTO LONGITUDINAL;1;;;;1;;;;0;;Bom;Não existe;Perfeito estado;Seca;Perfeito estado;Agente;Não há placas;60 km/h;2019
18/11/2019;11:09:00;SEM VÍTIMA;BOA VISTA;AV GOVERNADOR AGAMENON MAGALHAES;;COLISÃO;2;;;;;;;;0;;;;;;;;;;2019
18/11/2019;11:12:00;SEM VÍTIMA;BREJO DE BEBERIBE;RUA SANTA TEREZA;SUBURBIO;CHOQUE VEÍCULO PARADO;;1;;;1;;;;0;;Bom;Não existe;Não existente;Seca;Perfeito estado;Não existe;Não há placas;;2019
18/11/2019;11:30:00;COM VÍTIMA;DERBY;AV GOVERNADOR AGAMENON MAGALHAES;SUBURBIO;COLISÃO TRASEIRA;;2;;;;;;;2;;Bom;Sem defeito;Perfeito estado;Seca;Perfeito estado;Agente;Outras;60 km/h;2019
18/11/2019;11:39:00;SEM VÍTIMA;ARRUDA;AV PROFESSOR JOSE DOS ANJOS;SUBURBIO;ABALROAMENTO LONGITUDINAL;1;;;;;1;;;0;;Bom;Sem defeito;Perfeito estado;Seca;Perfeito estado;Faixa de pedestre;R-4a;;2019
18/11/2019;12:09:00;SEM VÍTIMA;ILHA DO LEITE;PTE JOSE DE BARROS LIMA;SUBURBIO;CHOQUE OBJETO FIXO;1;;;;;;;;0;;Bom;Não existe;Perfeito estado;Seca;Perfeito estado;Outros;Outras;;2019
18/11/2019;12:14:00;SEM VÍTIMA;BOA VIAGEM;RUA DOS NAVEGANTES;SUBURBIO;ABALROAMENTO TRANSVERSAL;2;;;;;;;;0;;Bom;Não existe;Perfeito estado;Seca;Perfeito estado;Não existe;;;2019
18/11/2019;12:51:00;SEM VÍTIMA;AFOGADOS;AV SUL;CIDADE;ABALROAMENTO LONGITUDINAL;1;;;;;;;1;0;;Bom;Sem defeito;Perfeito estado;Seca;Perfeito estado;Faixa de retenção;;;2019
18/11/2019;13:09:00;SEM VÍTIMA;IBURA;AV DOIS RIOS;SUBURBIO;ABALROAMENTO LONGITUDINAL;1;;;;;1;;;0;;Bom;Não existe;Não existente;Seca;Perfeito estado;Não existe;Não há placas;;2019
18/11/2019;13:15:00;SEM VÍTIMA;BOA VISTA;AV CONDE DA BOA VISTA;CIDADE;ABALROAMENTO LONGITUDINAL;;1;;;1;;;;0;;Bom;Sem defeito;Incompleta;Seca;Outros;Agente;Outras;;2019
18/11/2019;13:28:00;SEM VÍTIMA;BAIRRO DO RECIFE;AV ALFREDO LISBOA;;ABALROAMENTO LONGITUDINAL;2;;;;;;;;0;;Bom;Não existe;Perfeito estado;Seca;Perfeito estado;Faixa de pedestre;R-6a;30 km/h;2019
18/11/2019;13:33:00;SEM VÍTIMA;CASA FORTE;RUA FLAMENGO;SUBURBIO;ABALROAMENTO LONGITUDINAL;2;;;;;;;;0;;Bom;Não existe;Não existente;Seca;Mal conservada;Não existe;Não há placas;30 km/h;2019
18/11/2019;14:41:00;SEM VÍTIMA;NOVA DESCOBERTA;AV VEREADOR OTACILIO AZEVEDO;SUBURBIO;COLISÃO TRASEIRA;2;;;;;;;;0;;Bom;Não existe;Perfeito estado;Seca;Perfeito estado;Não existe;Outras;;2019
18/11/2019;14:54:00;SEM VÍTIMA;BOA VIAGEM;AV GENERAL MAC ARTHUR;SUBURBIO;ABALROAMENTO TRANSVERSAL;2;;;;;;;;0;;Bom;Não existe;Perfeito estado;Seca;Perfeito estado;Faixa de pedestre;Outras;30 km/h;2019
18/11/2019;15:48:00;COM VÍTIMA;AFOGADOS;EST DOS REMEDIOS;CIDADE;COLISÃO FRONTAL;1;1;;;;;;;1;;Bom;Não existe;Ilegível;Seca;Perfeito estado;Faixa de pedestre;Não há placas;40 km/h;2019
18/11/2019;16:19:00;COM VÍTIMA;SAN MARTIN;AV GENERAL SAN MARTIN;;ABALROAMENTO TRANSVERSAL;1;1;;;;;;;1;;Bom;Não existe;Perfeito estado;Seca;Perfeito estado;Agente;R-6a;;2019
18/11/2019;16:27:00;SEM VÍTIMA;COELHOS;RUA DOS COELHOS;;COLISÃO;2;;;;;;;;0;;;;;;;;;;2019
18/11/2019;16:27:00;SEM VÍTIMA;IMBIRIBEIRA;RUA PAMPULHA;CIDADE;COLISÃO TRASEIRA;2;;;;;;;;0;;Bom;Sem defeito;Perfeito estado;Seca;Perfeito estado;Faixa de pedestre;;;2019
18/11/2019;16:29:00;SEM VÍTIMA;ESTÂNCIA;AV DR JOSE RUFINO;SUBURBIO;ABALROAMENTO LONGITUDINAL;1;;;;;1;;;0;;Bom;Intermitente;Incompleta;Seca;Mal conservada;Agente;Não há placas;;2019
18/11/2019;16:39:00;SEM VÍTIMA;BOA VISTA;RUA BARAO DE SAO BORJA;;COLISÃO;2;;;;;;;;0;;;;;;;;;;2019
18/11/2019;16:45:00;SEM VÍTIMA;ESPINHEIRO;AV CONS ROSA E SILVA;;COLISÃO;1;0;;;1;;;;0;;;;;;;;;;2019
18/11/2019;16:47:00;SEM VÍTIMA;BOA VIAGEM;RUA DOS NAVEGANTES;SUBURBIO;ABALROAMENTO LONGITUDINAL;2;;;;;;;;0;;Bom;Não existe;Ilegível;Seca;Perfeito estado;Não existe;Placas Pare;;2019
18/11/2019;17:35:00;SEM VÍTIMA;SANTO AMARO;AV CRUZ CABUGA;SUBURBIO;ABALROAMENTO LONGITUDINAL;1;;;;1;;;;0;;Bom;Sem defeito;Perfeito estado;Seca;Perfeito estado;Faixa de pedestre;Outras;;2019
18/11/2019;17:43:00;SEM VÍTIMA;TAMARINEIRA;AV CONS ROSA E SILVA;SUBURBIO;ABALROAMENTO LONGITUDINAL;1;;;;1;;;;0;;Bom;Não existe;Perfeito estado;Seca;Perfeito estado;Não existe;Outras;;2019
18/11/2019;17:48:00;SEM VÍTIMA;SÃO JOSÉ;VIADUTO CAPITAO TEMUDO;SUBURBIO;COLISÃO TRASEIRA;2;;;;;;;;0;;Bom;Não existe;Incompleta;Seca;Perfeito estado;Não existe;Não há placas;;2019
18/11/2019;17:52:00;SEM VÍTIMA;IBURA;RUA RIO TAPADO;;COLISÃO;1;;;;;;;;0;;;;;;;;;;2019
18/11/2019;18:04:00;SEM VÍTIMA;BOA VIAGEM;RUA PROFESSOR JOAO MEDEIROS;CIDADE;COLISÃO TRASEIRA;2;;;;;;;;0;;Bom;Sem defeito;Perfeito estado;Seca;Perfeito estado;Não existe;R-34;40 km/h;2019
18/11/2019;18:05:00;SEM VÍTIMA;BAIRRO DO RECIFE;AV MILITAR;SUBURBIO;ABALROAMENTO LONGITUDINAL;1;;;;1;;;;0;;Bom;Não existe;Perfeito estado;Seca;Perfeito estado;Não existe;Não há placas;;2019
18/11/2019;18:24:00;SEM VÍTIMA;PINA;AV ANTONIO DE GOES;CIDADE;ABALROAMENTO LONGITUDINAL;1;1;;;;;;;0;;Bom;Sem defeito;Perfeito estado;Seca;Perfeito estado;Faixa de pedestre;R-6a;;2019
18/11/2019;18:28:00;SEM VÍTIMA;ILHA DO LEITE;PTE JOSE DE BARROS LIMA;;COLISÃO;3;;;;;;;;0;;;;;;;;;;2019
18/11/2019;18:43:00;SEM VÍTIMA;;RUA JOAO CARDOSO AIRES;SUBURBIO;ABALROAMENTO TRANSVERSAL;1;;;;;;;1;0;;Bom;Não existe;Perfeito estado;Seca;Perfeito estado;Faixa de retenção;Placas Pare;;2019
18/11/2019;19:05:00;SEM VÍTIMA;SANTO AMARO;RUA BARROS BARRETO;SUBURBIO;ABALROAMENTO LONGITUDINAL;;1;;;;;;2;0;;Bom;Não existe;Incompleta;Seca;;Não existe;Outras;20 km/h;2019
18/11/2019;19:53:00;SEM VÍTIMA;CASA AMARELA;EST DO ENCANAMENTO;CIDADE;ABALROAMENTO TRANSVERSAL;2;;;;;;;;0;;Bom;Não existe;Perfeito estado;Seca;Perfeito estado;Não existe;Placas Pare;40 km/h;2019
18/11/2019;22:16:00;SEM VÍTIMA;AFOGADOS;AV SUL;CIDADE;ABALROAMENTO LONGITUDINAL;2;;;;;;;;0;;Bom;Não existe;;Seca;Perfeito estado;Não existe;Não há placas;;2019
18/11/2019;22:50:00;SEM VÍTIMA;IMBIRIBEIRA;AV MARECHAL MASCARENHAS DE MORAES;SUBURBIO;ABALROAMENTO LONGITUDINAL;1;;;;1;;;;0;;Bom;Não existe;Perfeito estado;Seca;Perfeito estado;Não existe;Não há placas;;2019
19/11/2019;04:13:00;COM VÍTIMA;SÃO JOSÉ;RUA IMPERIAL;;ABALROAMENTO TRANSVERSAL;;;;;1;;1;;2;;Bom;Sem defeito;Perfeito estado;Seca;Perfeito estado;Faixa de pedestre;Outras;;2019
18/11/2019;06:59:00;SEM VÍTIMA;ÁGUA FRIA;EST VELHA DE AGUA FRIA;;ABALROAMENTO TRANSVERSAL;2;;;;;;;;0;;Bom;Não existe;Perfeito estado;Seca;Perfeito estado;Não existe;;;2019
19/11/2019;07:11:00;SEM VÍTIMA;AFOGADOS;RUA ANTONIO MACARIO;SUBURBIO;ABALROAMENTO LONGITUDINAL;2;;;;;;;;0;;Bom;Sem defeito;Perfeito estado;Seca;Perfeito estado;Agente;R-6a;;2019
19/11/2019;07:16:00;COM VÍTIMA;SANCHO;AV LIBERDADE;SUBURBIO;COLISÃO TRASEIRA;1;1;;;;;;;1;;Bom;Não existe;Perfeito estado;Seca;Perfeito estado;Não existe;R-6a;;2019
19/11/2019;07:38:00;SEM VÍTIMA;BARRO;AV DR JOSE RUFINO;CIDADE;ABALROAMENTO LONGITUDINAL;1;1;;;;;;;0;;Bom;Sem defeito;Perfeito estado;Seca;Perfeito estado;Faixa de pedestre;Outras;40 km/h;2019
19/11/2019;08:16:00;COM VÍTIMA;BOA VISTA;RUA MIGUEL COUTO;SENTIDO SUL;CHOQUE OBJETO FIXO;1;;;;;;;;2;;Bom;Não existe;Não existente;Seca;Perfeito estado;Não existe;Não há placas;;2019
19/11/2019;08:17:00;SEM VÍTIMA;TAMARINEIRA;RUA CAPITAO SAMPAIO XAVIER;;ABALROAMENTO TRANSVERSAL;2;;;;;;;;0;;Bom;Não existe;Perfeito estado;Seca;Perfeito estado;Faixa de pedestre;Placas Pare;;2019
19/11/2019;08:34:00;SEM VÍTIMA;MANGABEIRA;RUA DA MANGABEIRA;;COLISÃO;1;1;;;;;;;0;;;;;;;;;;2019
19/11/2019;09:00:00;SEM VÍTIMA;DERBY;RUA CLEMENTE PEREIRA;CIDADE;COLISÃO TRASEIRA;2;;;;;;;;0;;Bom;Não existe;Perfeito estado;Seca;Perfeito estado;Não existe;Não há placas;;2019
19/11/2019;09:46:00;SEM VÍTIMA;MADALENA;RUA JOSE OSORIO;SUBURBIO;ABALROAMENTO LONGITUDINAL;1;;;;;1;;;0;;Bom;Sem defeito;Perfeito estado;Seca;Perfeito estado;Outros;Outras;50 km/h;2019
19/11/2019;10:09:00;SEM VÍTIMA;BOA VISTA;RUA DA AURORA;SUBURBIO;COLISÃO TRASEIRA;2;;;;;;;;0;;Bom;Sem defeito;Perfeito estado;Seca;Perfeito estado;Faixa de pedestre;R-6a;40 km/h;2019
19/11/2019;11:14:00;SEM VÍTIMA;ESTÂNCIA;RUA PROFESSOR CALDAS FILHO;SUBURBIO;COLISÃO TRASEIRA;;;;;1;1;;;0;;Bom;;Incompleta;Seca;Perfeito estado;;Outras;;2019
19/11/2019;11:48:00;COM VÍTIMA;CASA AMARELA;RUA ANTONIO DE CASTRO;;COLISÃO FRONTAL;1;1;;;;;;;1;;Bom;Não existe;Perfeito estado;Seca;Perfeito estado;Não existe;;;2019
19/11/2019;12:55:00;SEM VÍTIMA;BOA VISTA;AV JOAO DE BARROS;CIDADE;COLISÃO TRASEIRA;1;1;;;;;;;0;;Bom;Não existe;Perfeito estado;Seca;Perfeito estado;Não existe;R-6a;;2019
19/11/2019;13:41:00;SEM VÍTIMA;BOA VIAGEM;AV BOA VIAGEM;CIDADE;COLISÃO TRASEIRA;2;;;;;;;;0;;Bom;Sem defeito;Perfeito estado;Seca;Perfeito estado;Faixa de pedestre;Não há placas;60 km/h;2019
19/11/2019;13:48:00;SEM VÍTIMA;MADALENA;AV BEIRA RIO;SUBURBIO;COLISÃO TRASEIRA;2;;;;;;;;0;;Bom;Sem defeito;Perfeito estado;Seca;Perfeito estado;Faixa de pedestre;Não há placas;40 km/h;2019
19/11/2019;15:24:00;SEM VÍTIMA;MADALENA;RUA GALVAO RAPOSO;CIDADE;ABALROAMENTO TRANSVERSAL;2;;;;;;;;0;;Bom;Não existe;Perfeito estado;Seca;Perfeito estado;Faixa de retenção;Placas Pare;;2019
19/11/2019;15:28:00;SEM VÍTIMA;BOA VISTA;RUA DO HOSPICIO;CIDADE;COLISÃO TRASEIRA;2;;;;;;;;0;;Bom;Sem defeito;Perfeito estado;Seca;Perfeito estado;Agente;Não há placas;;2019
19/11/2019;15:32:00;SEM VÍTIMA;AFOGADOS;RUA NICOLAU PEREIRA;SUBURBIO;ABALROAMENTO LONGITUDINAL;1;;;;1;;;;0;;Bom;Sem defeito;Perfeito estado;Seca;Perfeito estado;Agente;R-6a;40 km/h;2019
19/11/2019;15:35:00;SEM VÍTIMA;CAXANGÁ;AV CAXANGA;SUBURBIO;COLISÃO TRASEIRA;1;;;;1;;;;0;;Bom;Sem defeito;Perfeito estado;Seca;Perfeito estado;Faixa de pedestre;Outras;;2019
19/11/2019;16:08:00;SEM VÍTIMA;IPUTINGA;AV JOAQUIM RIBEIRO;SUBURBIO;COLISÃO TRASEIRA;2;;;;;;;;0;;Bom;Sem defeito;Incompleta;Seca;Perfeito estado;;R-6a;;2019
19/11/2019;16:17:00;SEM VÍTIMA;IPSEP;RUA LANDELINO CAMARA;;COLISÃO;1;1;;;;;;;0;;;;;;;;;;2019
19/11/2019;16:28:00;SEM VÍTIMA;BAIRRO DO RECIFE;AV MARQUES DE OLINDA;SUBURBIO;ABALROAMENTO LONGITUDINAL;2;;;;;;;;0;;Bom;Não existe;Perfeito estado;Seca;Perfeito estado;;;;2019
19/11/2019;16:29:00;SEM VÍTIMA;BOA VISTA;RUA AURORA;CIDADE;ABALROAMENTO LONGITUDINAL;1;;;;;;;1;0;;Bom;Sem defeito;Perfeito estado;Seca;Perfeito estado;Agente;;;2019
19/11/2019;17:38:00;SEM VÍTIMA;ILHA DO RETIRO;AV ENGENHEIRO ABDIAS DE CARVALHO;SUBURBIO;ABALROAMENTO TRANSVERSAL;2;;;;;;;;0;;Bom;Sem defeito;Perfeito estado;Seca;Perfeito estado;Outros;Outras;60 km/h;2019
19/11/2019;18:07:00;COM VÍTIMA;AFOGADOS;RUA DA PAZ;SUBURBIO;ABALROAMENTO LONGITUDINAL;1;;;;1;;;;;;Bom;Sem defeito;Perfeito estado;Seca;Perfeito estado;;;;2019
19/11/2019;18:31:00;SEM VÍTIMA;CASA AMARELA;AV NORTE;SUBURBIO;COLISÃO TRASEIRA;2;;;;1;;;;0;;Bom;Não existe;Perfeito estado;Seca;Perfeito estado;Não existe;Outras;60 km/h;2019
19/11/2019;19:16:00;SEM VÍTIMA;SÃO JOSÉ;PRC DAS CINCO PONTAS;BOA VIAGEM;COLISÃO;1;;;;1;;;;0;;;;;;;;;;2019
19/11/2019;20:03:00;SEM VÍTIMA;VÁRZEA;AV AFONSO OLINDENSE;;COLISÃO;2;;;;;;;;0;;;;;;;;;;2019
19/11/2019;21:47:00;COM VÍTIMA;TORRÕES;AV ENGENHEIRO ABDIAS DE CARVALHO;CIDADE;COLISÃO COM CICLISTA;1;;1;;;;;;1;;Bom;Não existe;Perfeito estado;Seca;Mal iluminada;Não existe;;;2019
20/11/2019;06:25:00;SEM VÍTIMA;IBURA;AV DOIS RIOS;SUBURBIO;ABALROAMENTO TRANSVERSAL;1;;;;1;;;;0;;Bom;Sem defeito;Perfeito estado;Seca;Perfeito estado;Agente;Não há placas;40 km/h;2019
20/11/2019;07:06:00;SEM VÍTIMA;;RUA BENFICA;SUBURBIO;ABALROAMENTO TRANSVERSAL;2;;;;;;;;0;;Bom;Sem defeito;Perfeito estado;Seca;Perfeito estado;;Outras;;2019
20/11/2019;07:40:00;COM VÍTIMA;ARRUDA;AV BEBERIBE;CIDADE;ABALROAMENTO LONGITUDINAL;1;1;;;;;;;1;;Bom;Não existe;Perfeito estado;Seca;Perfeito estado;Não existe;Não há placas;60 km/h;2019
20/11/2019;07:47:00;SEM VÍTIMA;CAXANGÁ;AV CAXANGA;CIDADE;COLISÃO;1;;;;;1;;;0;;;;;;;;;;2019
20/11/2019;07:56:00;SEM VÍTIMA;BOA VIAGEM;RUA VISCONDE DE JEQUITINHONHA;CIDADE;ABALROAMENTO LONGITUDINAL;1;;;;1;;;;0;;Bom;Sem defeito;Perfeito estado;Seca;Perfeito estado;;Outras;;2019
20/11/2019;08:24:00;SEM VÍTIMA;ILHA DO LEITE;RUA FRANCISCO ALVES;;COLISÃO;2;;;;;;;;0;;;;;;;;;;2019
20/11/2019;09:03:00;SEM VÍTIMA;VASCO DA GAMA;RUA ALTO DO EUCALIPTO;;COLISÃO;2;;;;;;;;0;;;;;;;;;;2019
20/11/2019;09:43:00;SEM VÍTIMA;BOA VISTA;RUA JOAO FERNANDES VIEIRA;CIDADE;ABALROAMENTO LONGITUDINAL;1;1;;;;;;;0;;Bom;Não existe;Perfeito estado;Seca;Perfeito estado;Faixa de pedestre;Outras;;2019
20/11/2019;10:07:00;SEM VÍTIMA;IMBIRIBEIRA;AV MARECHAL MASCARENHAS DE MORAES;CIDADE;COLISÃO TRASEIRA;2;;;;;;;;0;;Bom;Sem defeito;Perfeito estado;Seca;Perfeito estado;Faixa de pedestre;Não há placas;;2019
20/11/2019;10:11:00;COM VÍTIMA;GRAÇAS;RUA ALBERTO PAIVA;SUBURBIO;COLISÃO COM CICLISTA;1;;1;;;;;;1;;Bom;Não existe;Perfeito estado;Seca;Perfeito estado;;;;2019
20/11/2019;10:38:00;COM VÍTIMA;CASA AMARELA;EST DO ARRAIAL;SUBURBIO;ABALROAMENTO LONGITUDINAL;1;1;;;;;;;1;;Bom;Não existe;Perfeito estado;Seca;Perfeito estado;Não existe;R-6a;40 km/h;2019
20/11/2019;10:57:00;SEM VÍTIMA;IPUTINGA;AV LUIZ DE LACERDA;SUBURBIO;ABALROAMENTO LONGITUDINAL;2;;;;;;;;0;;Bom;Não existe;;Seca;Perfeito estado;Não existe;;;2019
20/11/2019;10:57:00;SEM VÍTIMA;IPUTINGA;RUA EMILIANO BRAGA;;ABALROAMENTO LONGITUDINAL;1;;;;1;;;;0;;Bom;Não existe;Perfeito estado;Seca;Perfeito estado;Faixa de pedestre;Placas Pare;30 km/h;2019
20/11/2019;11:02:00;SEM VÍTIMA;DERBY;RUA JORNALISTA PAULO BITTENCOURT;BOA VIAGEM;COLISÃO;2;;;;;;;;0;;;;;;;;;;2019
20/11/2019;11:05:00;SEM VÍTIMA;IMBIRIBEIRA;RUA JOAQUIM BANDEIRA;CIDADE;ABALROAMENTO LONGITUDINAL;1;;;;;1;;;0;;Bom;Não existe;Incompleta;Seca;Perfeito estado;Não existe;Não há placas;40 km/h;2019
20/11/2019;11:27:00;SEM VÍTIMA;SANTO AMARO;AV CRUZ CABUGA;CIDADE;COLISÃO TRASEIRA;2;;;;;;;;0;;Bom;Sem defeito;Perfeito estado;Seca;Perfeito estado;Agente;Não há placas;60 km/h;2019
20/11/2019;11:54:00;SEM VÍTIMA;MADALENA;RUA REVERENDO SAMUEL FALCAO;CIDADE;CHOQUE VEÍCULO PARADO;1;;;;;;;;0;;Bom;Não existe;Perfeito estado;Seca;Perfeito estado;;;;2019
20/11/2019;11:52:00;SEM VÍTIMA;SANTO AMARO;AV NORTE;CIDADE;COLISÃO;1;1;;;;;;;0;;Bom;Sem defeito;Perfeito estado;Seca;Perfeito estado;Agente;;60 km/h;2019