data;hora;natureza_acidente;bairro;endereco;sentido_via;tipo;auto;moto;ciclista;pedestre;onibus;caminhao;viatura;outros;vitimas;vitimasfatais;tempo_clima;situacao_semaforo;sinalizacao;condicao_via;conservacao_via;ponto_controle;situacao_placa;velocidade_max_via;ano
20/11/2019;12:14:00;COM VÍTIMA;VASCO DA GAMA;RUA VASCO DA GAMA;CIDADE;ATROPELAMENTO;1;;;1;;;;;1;;Bom;Não existe;Perfeito estado;Seca;Perfeito estado;Outros;Outras;;2019
20/11/2019;12:19:00;SEM VÍTIMA;ÁGUA FRIA;AV BEBERIBE;;COLISÃO;2;;;;;;;;0;;;;;;;;;;2019
20/11/2019;12:28:00;SEM VÍTIMA;IMBIRIBEIRA;AV MARECHAL MASCARENHAS DE MORAES;CIDADE;COLISÃO TRASEIRA;2;;;;;;;;0;;Bom;Sem defeito;Perfeito estado;Seca;Perfeito estado;;Não há placas;60 km/h;2019
20/11/2019;12:32:00;SEM VÍTIMA;BOA VIAGEM;RUA PROFESSOR JOAO MEDEIROS;CIDADE;COLISÃO TRASEIRA;3;;;;;;;;0;;Bom;Sem defeito;Perfeito estado;Seca;Perfeito estado;Faixa de pedestre;Outras;40 km/h;2019
20/11/2019;12:35:00;COM VÍTIMA;TORRE;AV BEIRA RIO;;ABALROAMENTO LONGITUDINAL;1;1;;;;;;;1;;Bom;Não existe;Perfeito estado;Seca;Perfeito estado;Não existe;Não há placas;;2019
20/11/2019;12:41:00;SEM VÍTIMA;SANTO ANTÔNIO;AV MARTINS DE BARROS;;ABALROAMENTO LONGITUDINAL;1;;;;1;;;;0;;Bom;Sem defeito;Perfeito estado;Seca;Perfeito estado;Faixa de pedestre;R-6a;40 km/h;2019
20/11/2019;13:14:00;SEM VÍTIMA;ESTÂNCIA;AV DR JOSE RUFINO;;COLISÃO;;;;;2;;;;0;;;;;;;;;;2019
20/11/2019;13:16:00;SEM VÍTIMA;MADALENA;RUA DEMOSTENES DE OLINDA;CIDADE;ABALROAMENTO TRANSVERSAL;2;;;;;;;;0;;Bom;Não existe;Não existente;Seca;Perfeito estado;Não existe;Não há placas;;2019
20/11/2019;13:41:00;SEM VÍTIMA;DERBY;RUA FELICIANO GOMES;;ABALROAMENTO LONGITUDINAL;2;;;;;;;;0;;Bom;Não existe;Perfeito estado;Seca;Perfeito estado;Faixa de pedestre;Placas Pare;;2019
20/11/2019;13:50:00;COM VÍTIMA;DERBY;PRC DO DERBY;SUBURBIO;ATROPELAMENTO;1;;;1;;;;;1;;Bom;Não existe;Perfeito estado;Seca;Perfeito estado;Não existe;;;2019
20/11/2019;13:56:00;SEM VÍTIMA;JAQUEIRA;AV CONS ROSA E SILVA;;COLISÃO;1;1;;;;;;;0;;;;;;;;;;2019
20/11/2019;14:40:00;COM VÍTIMA;BOA VIAGEM;AV CONSELHEIRO AGUIAR;CIDADE;COLISÃO TRASEIRA;1;1;;;;;;;1;;Bom;Sem defeito;Perfeito estado;Seca;Perfeito estado;Faixa de pedestre;R-6a;;2019
20/11/2019;15:09:00;SEM VÍTIMA;ROSARINHO;RUA GENERAL ABREU E LIMA;SUBURBIO;ABALROAMENTO LONGITUDINAL;2;;;;;;;;0;;Bom;Não existe;Perfeito estado;Seca;Perfeito estado;Não existe;R-6a;40 km/h;2019
20/11/2019;15:39:00;SEM VÍTIMA;;RUA WALDEMAR NERY CARNEIRO MONTEIRO;SUBURBIO;ABALROAMENTO TRANSVERSAL;1;;;;1;;;;0;;Bom;Não existe;Perfeito estado;Seca;Perfeito estado;Faixa de retenção;Placas Dê a preferência;;2019
20/11/2019;17:43:00;SEM VÍTIMA;BAIRRO DO RECIFE;CAIS DO APOLO;CIDADE;COLISÃO TRASEIRA;3;;;;;;;;0;;Bom;Sem defeito;Ilegível;Seca;Perfeito estado;Faixa de pedestre;R-6a;;2019
20/11/2019;18:21:00;SEM VÍTIMA;ESPINHEIRO;AV GOVERNADOR AGAMENON MAGALHAES;;ABALROAMENTO LONGITUDINAL;2;;;;;;;;0;;Bom;Sem defeito;Perfeito estado;Seca;Perfeito estado;Não existe;Não há placas;60 km/h;2019
20/11/2019;18:42:00;SEM VÍTIMA;SAN MARTIN;RUA JOSE VELOSO;;COLISÃO;;2;;;;;;;0;;;;;;;;;;2019
20/11/2019;19:15:00;SEM VÍTIMA;DERBY;RUA DOM BOSCO;SUBURBIO;ABALROAMENTO LONGITUDINAL;1;;;;1;;;;0;;Bom;Sem defeito;Perfeito estado;Seca;Perfeito estado;;Outras;40 km/h;2019
20/11/2019;19:45:00;SEM VÍTIMA;AFOGADOS;RUA COSME VIANA;SUBURBIO;ABALROAMENTO LONGITUDINAL;;;;;1;;;1;0;;Bom;Não existe;Perfeito estado;Seca;Perfeito estado;Não existe;Outras;;2019
20/11/2019;19:57:00;COM VÍTIMA;TAMARINEIRA;RUA CONEGO BARATA;SUBURBIO;ABALROAMENTO LONGITUDINAL;1;1;;;;;;;1;;Bom;Não existe;Não existente;Seca;Perfeito estado;Não existe;Não há placas;;2019
20/11/2019;20:22:00;SEM VÍTIMA;BOA VIAGEM;RUA VISCONDE DE JEQUITINHONHA;;COLISÃO;2;;;;;;;;0;;;;;;;;;;2019
20/11/2019;21:05:00;SEM VÍTIMA;TORRÕES;AV INACIO MONTEIRO;SUBURBIO;CHOQUE OBJETO FIXO;;;;;;;;1;0;;Bom;Não existe;Perfeito estado;Seca;Perfeito estado;Não existe;Não há placas;30 km/h;2019
20/11/2019;21:47:00;COM VÍTIMA;CASA AMARELA;RUA DONA ANA XAVIER;;COLISÃO;;2;;;;;;;1;;;;;;;;;;2019
20/11/2019;22:09:00;SEM VÍTIMA;DERBY;RUA DR SEVERINO PINHEIRO;;COLISÃO;1;;;;;1;;;0;;;;;;;;;;2019
20/11/2019;22:19:00;COM VÍTIMA;ILHA DO RETIRO;RUA PROFESSOR BENEDITO MONTEIRO;SUBURBIO;COLISÃO TRASEIRA;1;1;;;;;;;1;;Bom;Não existe;Incompleta;Seca;;Não existe;R-6a;;2019
20/11/2019;23:56:00;SEM VÍTIMA;PARNAMIRIM;RUA JOAO TUDE DE MELO;;COLISÃO;1;;;;1;;;;0;;;;;;;;;;2019
21/11/2019;01:41:00;SEM VÍTIMA;BOA VIAGEM;RUA VISCONDE DE JEQUITINHONHA;SUBURBIO;COLISÃO TRASEIRA;2;;;;;1;;;0;;Bom;Não existe;Perfeito estado;Seca;Perfeito estado;Não existe;Outras;;2019
21/11/2019;06:36:00;SEM VÍTIMA;CASA AMARELA;AV NORTE;CIDADE;COLISÃO TRASEIRA;1;;;;1;;;;0;;Bom;Não existe;Perfeito estado;Seca;Perfeito estado;Não existe;Outras;;2019
21/11/2019;06:44:00;SEM VÍTIMA;AFOGADOS;EST DO BONGI;;COLISÃO;2;;;;;;;;0;;;;;;;;;;2019
21/11/2019;06:47:00;SEM VÍTIMA;SANTO AMARO;AV GOVERNADOR AGAMENON MAGALHAES;;COLISÃO TRASEIRA;4;;;;;;;;0;;Bom;Sem defeito;Perfeito estado;Seca;Perfeito estado;Não existe;Outras;60 km/h;2019
21/11/2019;07:00:00;SEM VÍTIMA;VÁRZEA;AV AFONSO OLINDENSE;CIDADE;ABALROAMENTO LONGITUDINAL;1;;;;1;;;;0;;Bom;Não existe;Perfeito estado;Seca;Perfeito estado;;Outras;;2019
21/11/2019;07:09:00;SEM VÍTIMA;IMBIRIBEIRA;AV MARECHAL MASCARENHAS DE MORAES;CIDADE;ABALROAMENTO LONGITUDINAL;1;;;;;1;;;0;;Bom;Sem defeito;Perfeito estado;Seca;Perfeito estado;Agente;Não há placas;40 km/h;2019
21/11/2019;07:20:00;SEM VÍTIMA;DOIS IRMÃOS;RUA DOIS IRMAOS;;ABALROAMENTO LONGITUDINAL;2;;;;;;;;0;;Bom;Não existe;Perfeito estado;Seca;Perfeito estado;Não existe;;;2019
21/11/2019;08:08:00;SEM VÍTIMA;CORDEIRO;EST DO FORTE DO ARRAIAL N. DO B. JESUS;;ABALROAMENTO LONGITUDINAL;;2;;;;;;;0;;Bom;Não existe;;Seca;Perfeito estado;;;;2019
21/11/2019;08:17:00;SEM VÍTIMA;MADALENA;RUA BENFICA;CIDADE;ABALROAMENTO LONGITUDINAL;1;;;;1;;;;0;;Bom;Não existe;Perfeito estado;Seca;Perfeito estado;Não existe;Não há placas;;2019
21/11/2019;08:36:00;SEM VÍTIMA;BOA VIAGEM;RUA DOM JOSE LOPES;SUBURBIO;ABALROAMENTO LONGITUDINAL;2;;;;;;;;0;;Bom;Não existe;Perfeito estado;Seca;Perfeito estado;Faixa de retenção;Placas Pare;30 km/h;2019
21/11/2019;08:40:00;SEM VÍTIMA;CORDEIRO;EST DO FORTE DO ARRAIAL N. DO B. JESUS;;COLISÃO;;2;;;;;;;0;;;;;;;;;;2019
21/11/2019;08:53:00;SEM VÍTIMA;ESPINHEIRO;RUA CONS PORTELA;CIDADE;COLISÃO TRASEIRA;2;;;;;;;;0;;Bom;Sem defeito;Perfeito estado;Seca;Perfeito estado;Agente;Não há placas;40 km/h;2019
21/11/2019;09:21:00;SEM VÍTIMA;CASA AMARELA;AV PEDRO ALLAIN;CIDADE;ABALROAMENTO LONGITUDINAL;2;;;;;;;;0;;Bom;;Perfeito estado;Seca;Perfeito estado;Faixa de pedestre;;;2019
21/11/2019;09:27:00;SEM VÍTIMA;SANTO AMARO;AV JOAO DE BARROS;;COLISÃO;1;;;;1;;;;0;;;;;;;;;;2019
21/11/2019;09:46:00;COM VÍTIMA;IPSEP;AV PRESIDENTE DUTRA;BR 101;COLISÃO TRASEIRA;1;1;;;;;;;1;;Bom;Não existe;Perfeito estado;Seca;Perfeito estado;Não existe;Não há placas;60 km/h;2019
21/11/2019;09:49:00;COM VÍTIMA;MADALENA;RUA BENFICA;SUBURBIO;ABALROAMENTO TRANSVERSAL;1;1;;;;;;;1;;Bom;Não existe;Perfeito estado;Seca;Perfeito estado;;Não há placas;;2019
21/11/2019;10:02:00;SEM VÍTIMA;MADALENA;AV BEIRA MAR;SUBURBIO;ABALROAMENTO LONGITUDINAL;2;;;;;;;;0;;Bom;Não existe;Incompleta;Seca;Perfeito estado;Não existe;R-6a;;2019
21/11/2019;10:29:00;SEM VÍTIMA;ÁGUA FRIA;RUA ALEGRE;;ABALROAMENTO TRANSVERSAL;;2;;;;;;;0;;Bom;Não existe;Incompleta;Seca;Perfeito estado;Não existe;Outras;30 km/h;2019
21/11/2019;10:36:00;SEM VÍTIMA;GRAÇAS;RUA JOAO RAMOS;;COLISÃO;2;;;;;;;;0;;;;;;;;;;2019
21/11/2019;10:37:00;SEM VÍTIMA;IMBIRIBEIRA;AV MARECHAL MASCARENHAS DE MORAES;CIDADE;COLISÃO;2;;;;;;;;0;;;;;;;;;;2019
21/11/2019;11:27:00;SEM VÍTIMA;PINA;AV ANTONIO DE GOES;CIDADE;COLISÃO TRASEIRA;2;;;;;;;;0;;Bom;Sem defeito;Perfeito estado;Seca;Perfeito estado;Agente;Outras;60 km/h;2019
21/11/2019;12:15:00;SEM VÍTIMA;SANTO AMARO;AV NORTE;CIDADE;ABALROAMENTO LONGITUDINAL;;;;;;;;;0;;Bom;Sem defeito;Perfeito estado;Seca;Perfeito estado;Faixa de pedestre;Não há placas;40 km/h;2019
21/11/2019;13:25:00;SEM VÍTIMA;BOA VIAGEM;AV DES JOSE NEVES;CIDADE;COLISÃO;3;;;;;;;;0;;;;;;;;;;2019
21/11/2019;13:35:00;SEM VÍTIMA;DERBY;RUA JENER DE SOUZA;;COLISÃO;1;1;;;;;;;0;;;;;;;;;;2019
21/11/2019;14:12:00;SEM VÍTIMA;IMBIRIBEIRA;RUA ZEFERINO PINHO;;CHOQUE OBJETO FIXO;;;;;;1;;;0;;Bom;Não existe;Perfeito estado;Seca;Perfeito estado;;Não há placas;30 km/h;2019
21/11/2019;14:17:00;COM VÍTIMA;BREJO DA GUABIRABA;AV VEREADOR OTACILIO AZEVEDO;SUBURBIO;ATROPELAMENTO;;1;;1;;;;;1;;Bom;Não existe;Não existente;Seca;Perfeito estado;Não existe;Não há placas;;2019
21/11/2019;14:36:00;SEM VÍTIMA;IMBIRIBEIRA;AV MARECHAL MASCARENHAS DE MORAES;SUBURBIO;ABALROAMENTO LONGITUDINAL;1;;;;1;;;;0;;Bom;Não existe;Perfeito estado;Seca;Perfeito estado;Não existe;R-6a;;2019
21/11/2019;14:54:00;SEM VÍTIMA;IPUTINGA;AV CAXANGA;;COLISÃO TRASEIRA;3;;;;;;;;0;;Bom;Não existe;Perfeito estado;Seca;Perfeito estado;Faixa de pedestre;R-6a;;2019
21/11/2019;14:56:00;SEM VÍTIMA;TORRE;PRC PROFESSOR BARRETO CAMPELLO;;COLISÃO;2;;;;;;;;0;;;;;;;;;;2019
21/11/2019;15:35:00;SEM VÍTIMA;BOA VIAGEM;AV CONSELHEIRO AGUIAR;CIDADE;ABALROAMENTO LONGITUDINAL;2;;;;;;;;0;;Bom;Não existe;Perfeito estado;Seca;Perfeito estado;Não existe;Outras;60 km/h;2019
21/11/2019;16:05:00;SEM VÍTIMA;ILHA DO LEITE;RUA JOSE DE ALENCAR;SUBURBIO;ABALROAMENTO TRANSVERSAL;2;;;;;;;;0;;Bom;Não existe;Ilegível;Seca;Mal iluminada;Não existe;Placas Pare;;2019
21/11/2019;16:08:00;SEM VÍTIMA;PRADO;AV ENGENHEIRO ABDIAS DE CARVALHO;SUBURBIO;COLISÃO TRASEIRA;2;;;;;;;;0;;Bom;Não existe;Perfeito estado;Seca;Perfeito estado;Não existe;Outras;;2019
21/11/2019;16:41:00;COM VÍTIMA;IPSEP;RUA BLUMENAU;SUBURBIO;ABALROAMENTO TRANSVERSAL;1;1;;;;;;;1;;Bom;Sem defeito;Perfeito estado;Seca;Perfeito estado;Não existe;Não há placas;40 km/h;2019
21/11/2019;17:56:00;SEM VÍTIMA;DERBY;AV GOVERNADOR AGAMENON MAGALHAES;;COLISÃO;1;;;;1;;;;0;;;;;;;;;;2019
21/11/2019;18:12:00;SEM VÍTIMA;;RUA DOM BOSCO;SUBURBIO;ABALROAMENTO LONGITUDINAL;2;;;;;;;;0;;Bom;Sem defeito;Perfeito estado;Seca;Perfeito estado;;Não há placas;60 km/h;2019
21/11/2019;18:23:00;SEM VÍTIMA;PRADO;AV ENGENHEIRO ABDIAS DE CARVALHO;SUBURBIO;COLISÃO;1;;;;1;;;;0;;;;;;;;;;2019
21/11/2019;19:44:00;SEM VÍTIMA;APIPUCOS;RUA CAETES;SUBURBIO;ABALROAMENTO LONGITUDINAL;2;;;;;;;;0;;Bom;Não existe;Não existente;Seca;Mal iluminada;Não existe;Não há placas;;2019
21/11/2019;19:58:00;SEM VÍTIMA;BOA VISTA;RUA JOSE DE ALENCAR;CIDADE;ABALROAMENTO LONGITUDINAL;2;;;;;;;;0;;Bom;Não existe;Perfeito estado;Seca;Perfeito estado;Não existe;Placas Pare;;2019
21/11/2019;19:59:00;SEM VÍTIMA;BOA VIAGEM;RUA CAPITAO ZUZINHA;;COLISÃO;2;;;;;;;;0;;;;;;;;;;2019
21/11/2019;20:02:00;SEM VÍTIMA;IBURA;;;COLISÃO TRASEIRA;2;;;;;;;;0;;Bom;Não existe;Incompleta;Seca;Mal iluminada;Não existe;Não há placas;;2019
21/11/2019;21:44:00;SEM VÍTIMA;MANGABEIRA;AV NORTE;;ABALROAMENTO LONGITUDINAL;2;;;;;;;;0;;Bom;Sem defeito;Ilegível;Seca;Mal iluminada;Não existe;Não há placas;;2019
21/11/2019;22:11:00;COM VÍTIMA;BOMBA DO HEMETÉRIO;RUA BOMBA DO HEMETERIO;SUBURBIO;ABALROAMENTO TRANSVERSAL;1;1;;;;;;;1;;Bom;Não existe;Ilegível;Seca;Mal conservada;Não existe;R-6a;;2019
21/11/2019;22:20:00;COM VÍTIMA;SANTO AMARO;AV DR JAYME DA FONTE;SUBURBIO;ATROPELAMENTO;1;;;1;;;;;1;;Bom;Não existe;Perfeito estado;Seca;Perfeito estado;Não existe;Não há placas;;2019
21/11/2019;22:32:00;SEM VÍTIMA;TAMARINEIRA;EST VELHA DE AGUA FRIA;SUBURBIO;COLISÃO TRASEIRA;3;;;;;;;;0;;Bom;Não existe;Perfeito estado;Seca;Perfeito estado;Não existe;Não há placas;;2019
22/11/2019;04:33:00;COM VÍTIMA;SÃO JOSÉ;RUA IMPERIAL;SUBURBIO;CHOQUE OBJETO FIXO;;;;;1;;;;3;;Bom;Não existe;Perfeito estado;Seca;Perfeito estado;;R-6a;40 km/h;2019
22/11/2019;06:39:00;SEM VÍTIMA;APIPUCOS;RUA CORONEL JOAO BATISTA DO REGO BARROS;SUBURBIO;COLISÃO FRONTAL;1;;;;1;;;;0;;Bom;Não existe;Perfeito estado;Seca;Perfeito estado;Não existe;Não há placas;;2019
22/11/2019;06:48:00;COM VÍTIMA;IMBIRIBEIRA;AV MARECHAL MASCARENHAS DE MORAES;CIDADE;COLISÃO TRASEIRA;2;;;;;;;;4;;Bom;Não existe;Perfeito estado;Seca;Perfeito estado;Não existe;R-6a;60 km/h;2019
22/11/2019;07:10:00;SEM VÍTIMA;SANTO ANTÔNIO;RUA DO SOL;;COLISÃO;2;;;;;;;;0;;;;;;;;;;2019
22/11/2019;07:20:00;SEM VÍTIMA;CORDEIRO;RUA ODETE MONTEIRO;CIDADE;COLISÃO TRASEIRA;3;;;;;;;;0;;Bom;Sem defeito;Não existente;Seca;Perfeito estado;Não existe;Não há placas;;2019
22/11/2019;07:23:00;SEM VÍTIMA;SÃO JOSÉ;RUA PRIMEIRO DE MARCO;;ABALROAMENTO LONGITUDINAL;;1;;;1;;;;0;;Bom;Sem defeito;Perfeito estado;Seca;Perfeito estado;Faixa de pedestre;Outras;;2019
22/11/2019;07:30:00;SEM VÍTIMA;PINA;RUA TOME GIBSON;CIDADE;CHOQUE VEÍCULO PARADO;2;;;;;;;;0;;Bom;Não existe;Perfeito estado;Seca;Perfeito estado;Não existe;Não há placas;30 km/h;2019
22/11/2019;07:36:00;SEM VÍTIMA;BARRO;AV DR JOSE RUFINO;CIDADE;ABALROAMENTO LONGITUDINAL;2;;;;;;;;0;;Bom;Sem defeito;Perfeito estado;Seca;Perfeito estado;Faixa de pedestre;Não há placas;40 km/h;2019
22/11/2019;07:49:00;SEM VÍTIMA;BOA VIAGEM;AV BOA VIAGEM;CIDADE;COLISÃO TRASEIRA;4;;;;;;;;0;;Bom;Sem defeito;Perfeito estado;Seca;Perfeito estado;Faixa de pedestre;Não há placas;;2019
22/11/2019;08:08:00;SEM VÍTIMA;ILHA DO LEITE;AV GOVERNADOR AGAMENON MAGALHAES;CIDADE;ABALROAMENTO LONGITUDINAL;2;;;;;;;;0;;Bom;Sem defeito;Perfeito estado;Seca;Perfeito estado;Faixa de pedestre;;60 km/h;2019
22/11/2019;08:26:00;SEM VÍTIMA;IPSEP;RUA BLUMENAU;CIDADE;ABALROAMENTO LONGITUDINAL;1;1;;;;;;;0;;Bom;Não existe;Perfeito estado;Seca;Perfeito estado;Não existe;Placas Pare;;2019
22/11/2019;08:29:00;SEM VÍTIMA;IMBIRIBEIRA;AV MARECHAL MASCARENHAS DE MORAES;CIDADE;CHOQUE VEÍCULO PARADO;2;;;;;;;;0;;Bom;Não existe;Perfeito estado;Seca;Perfeito estado;Não existe;Não há placas;60 km/h;2019
22/11/2019;09:16:00;SEM VÍTIMA;JARDIM SÃO PAULO;AV RECIFE;CIDADE;ABALROAMENTO LONGITUDINAL;2;;;;;;;;0;;Bom;Não existe;Perfeito estado;Seca;Perfeito estado;Não existe;R-6a;;2019
22/11/2019;09:19:00;SEM VÍTIMA;BOA VIAGEM;RUA DOS NAVEGANTES;;ABALROAMENTO LONGITUDINAL;2;;;;;;;;0;;Bom;Sem defeito;Perfeito estado;Seca;Perfeito estado;Faixa de pedestre;Não há placas;;2019
22/11/2019;09:20:00;COM VÍTIMA;MADALENA;RUA JOSE OSORIO;SUBURBIO;COLISÃO COM CICLISTA;1;;1;;;;;;1;;Bom;Não existe;Perfeito estado;Seca;Perfeito estado;Não existe;Não há placas;40 km/h;2019
22/11/2019;10:20:00;COM VÍTIMA;BOA VIAGEM;RUA VISCONDE DE JEQUITINHONHA;SUBURBIO;ATROPELAMENTO;;;;1;1;;;;1;;Bom;Sem defeito;Perfeito estado;Seca;Perfeito estado;Agente;Não há placas;;2019
22/11/2019;10:20:00;SEM VÍTIMA;PARNAMIRIM;AV DEZESSETE DE AGOSTO;CIDADE;ABALROAMENTO LONGITUDINAL;2;;;;;;;;0;;Bom;Não existe;Perfeito estado;Seca;Perfeito estado;Não existe;Não há placas;;2019
22/11/2019;10:28:00;SEM VÍTIMA;TAMARINEIRA;EST VELHA DE AGUA FRIA;SUBURBIO;ABALROAMENTO TRANSVERSAL;1;1;;;;;;;0;;Bom;Não existe;Perfeito estado;Seca;Perfeito estado;Não existe;R-6a;60 km/h;2019
22/11/2019;10:29:00;SEM VÍTIMA;CASA AMARELA;RUA CROMINIA;;COLISÃO;1;1;;;;;;;0;;;;;;;;;;2019
22/11/2019;10:59:00;COM VÍTIMA;IPSEP;AV RECIFE;CIDADE;COLISÃO TRASEIRA;1;1;;;;;;;1;;Bom;Não existe;Perfeito estado;Seca;Perfeito estado;Não existe;Não há placas;;2019
22/11/2019;11:21:00;SEM VÍTIMA;BOA VISTA;AV CONDE DA BOA VISTA;SUBURBIO;COLISÃO TRASEIRA;1;;;;1;;;;0;;Bom;Sem defeito;Perfeito estado;Seca;Perfeito estado;;Não há placas;;2019
22/11/2019;11:24:00;SEM VÍTIMA;CORDEIRO;EST DO FORTE DO ARRAIAL N. DO B. JESUS;;COLISÃO TRASEIRA;2;;;;;;;;0;;Bom;Sem defeito;;Seca;Perfeito estado;Faixa de pedestre;R-6c;40 km/h;2019
22/11/2019;11:30:00;COM VÍTIMA;CAXANGÁ;AV CAXANGA;CIDADE;COLISÃO;;;;;;;;;1;;;;;;;;;;2019
22/11/2019;11:44:00;SEM VÍTIMA;IBURA;RUA CASSIANO LEITE;;CHOQUE VEÍCULO PARADO;;;;;1;1;;;0;;Bom;Não existe;Incompleta;Seca;Perfeito estado;Não existe;Não há placas;30 km/h;2019
22/11/2019;11:52:00;COM VÍTIMA;CASA AMARELA;RUA BELA VISTA;;COLISÃO;1;1;;;;;;;1;;;;;;;;;;2019
22/11/2019;12:27:00;COM VÍTIMA;MACAXEIRA;AV NORTE;SUBURBIO;ABALROAMENTO TRANSVERSAL;1;;;;;1;;;2;;Bom;Sem defeito;Perfeito estado;Seca;Perfeito estado;Não existe;Outras;;2019
22/11/2019;13:12:00;COM VÍTIMA;BOA VISTA;AV MANOEL BORBA;;COLISÃO TRASEIRA;1;1;;;;;;;1;;Bom;Não existe;Perfeito estado;Seca;Perfeito estado;Não existe;R-6a;40 km/h;2019
22/11/2019;13:38:00;SEM VÍTIMA;IMBIRIBEIRA;AV MARECHAL MASCARENHAS DE MORAES;CIDADE;COLISÃO TRASEIRA;2;;;;;;;;0;;Bom;Sem defeito;Perfeito estado;Seca;Perfeito estado;Faixa de retenção;Não há placas;60 km/h;2019
22/11/2019;13:46:00;SEM VÍTIMA;AFOGADOS;RUA SANTOS ARAUJO;;COLISÃO TRASEIRA;3;;;;;;;;0;;Bom;Sem defeito;Perfeito estado;Seca;Perfeito estado;Não existe;Outras;;2019
22/11/2019;13:57:00;SEM VÍTIMA;BOA VIAGEM;AV ENGENHEIRO DOMINGOS FERREIRA;SUBURBIO;COLISÃO TRASEIRA;1;;;;1;;;;0;;Bom;Não existe;Perfeito estado;Seca;Perfeito estado;Não existe;Não há placas;;2019
22/11/2019;14:03:00;COM VÍTIMA;ROSARINHO;AV NORTE;CIDADE;ABALROAMENTO LONGITUDINAL;1;1;;;;;;;1;;Bom;Sem defeito;Perfeito estado;Seca;Perfeito estado;Outros;Outras;;2019
22/11/2019;14:12:00;SEM VÍTIMA;BAIRRO DO RECIFE;TRV DO AMORIM;;ABALROAMENTO LONGITUDINAL;3;;;;;;;;0;;Bom;Não existe;Perfeito estado;Seca;Perfeito estado;Não existe;R-6a;;2019
22/11/2019;14:18:00;COM VÍTIMA;CAMPO GRANDE;EST DE BELEM;SUBURBIO;COLISÃO FRONTAL;1;1;;;;;;;1;;Bom;Não existe;Perfeito estado;Seca;Perfeito estado;Não existe;Não há placas;60 km/h;2019
22/11/2019;14:35:00;SEM VÍTIMA;SANTO AMARO;AV CRUZ CABUGA;CIDADE;ABALROAMENTO LONGITUDINAL;2;;;;;;;;0;;Bom;Sem defeito;Perfeito estado;Seca;Perfeito estado;Faixa de pedestre;Não há placas;;2019
22/11/2019;15:35:00;SEM VÍTIMA;BOA VISTA;RUA DOS COELHOS;;COLISÃO;1;;;;1;;;;0;;;;;;;;;;2019
22/11/2019;15:44:00;SEM VÍTIMA;AREIAS;AV CAPITAO GREGORIO DE CALDAS;;ABALROAMENTO LONGITUDINAL;2;;;;;;;;0;;Bom;Não existe;Não existente;Seca;Perfeito estado;Não existe;Não há placas;30 km/h;2019
22/11/2019;15:55:00;SEM VÍTIMA;SANTO ANTÔNIO;AV DANTAS BARRETO;SUBURBIO;ABALROAMENTO TRANSVERSAL;1;;;;1;;;;0;;Bom;Sem defeito;Perfeito estado;Seca;Perfeito estado;Faixa de pedestre;Não há placas;;2019
22/11/2019;15:59:00;SEM VÍTIMA;CABANGA;RUA DILERMANO REIS;SUBURBIO;ABALROAMENTO LONGITUDINAL;1;;;;1;;;;0;;Bom;Não existe;Perfeito estado;Seca;Perfeito estado;Não existe;Não há placas;;2019
22/11/2019;16:08:00;SEM VÍTIMA;BARRO;AV DR JOSE RUFINO;SUBURBIO;COLISÃO TRASEIRA;2;;;;;1;;;0;;Bom;Sem defeito;Perfeito estado;Seca;;Faixa de pedestre;R-6a;;2019
22/11/2019;16:41:00;SEM VÍTIMA;COHAB;AV RIO SAO FRANCISCO;SUBURBIO;ABALROAMENTO LONGITUDINAL;1;;;;1;;;;0;;Bom;Não existe;Perfeito estado;Seca;Perfeito estado;Agente;Não há placas;30 km/h;2019
22/11/2019;17:23:00;SEM VÍTIMA;SANTO AMARO;AV JOAO DE BARROS;CIDADE;ABALROAMENTO LONGITUDINAL;2;;;;;;;;0;;Bom;Não existe;Incompleta;Seca;Mal conservada;Não existe;Outras;;2019
22/11/2019;17:23:00;SEM VÍTIMA;IPSEP;RUA SAO NICOLAU;SUBURBIO;ABALROAMENTO LONGITUDINAL;1;;;;;1;;;0;;Bom;Não existe;Não existente;Seca;Perfeito estado;Não existe;Não há placas;;2019
22/11/2019;17:48:00;COM VÍTIMA;IMBIRIBEIRA;AV MARECHAL MASCARENHAS DE MORAES;SUBURBIO;ABALROAMENTO LONGITUDINAL;1;;;;1;;;;1;;Bom;Sem defeito;Perfeito estado;Seca;Perfeito estado;Faixa de retenção;R-4b;;2019
22/11/2019;18:15:00;COM VÍTIMA;MADALENA;AV ENGENHEIRO ABDIAS DE CARVALHO;CIDADE;ABALROAMENTO LONGITUDINAL;1;1;;;;;;;1;;Bom;Não existe;Perfeito estado;Seca;Mal conservada;;Não há placas;60 km/h;2019
22/11/2019;18:28:00;SEM VÍTIMA;PINA;AV ANTONIO DE GOES;;COLISÃO;2;;;;;;;;0;;;;;;;;;;2019
22/11/2019;18:33:00;SEM VÍTIMA;;AV ARMINDO MOURA;SUBURBIO;ABALROAMENTO LONGITUDINAL;1;;;;1;;;;0;;Bom;Não existe;Incompleta;Seca;Perfeito estado;Não existe;R-6a;;2019