data;hora;natureza_acidente;bairro;endereco;sentido_via;tipo;auto;moto;ciclista;pedestre;onibus;caminhao;viatura;outros;vitimas;vitimasfatais;tempo_clima;situacao_semaforo;sinalizacao;condicao_via;conservacao_via;ponto_controle;situacao_placa;velocidade_max_via;ano
22/11/2019;18:40:00;COM VÍTIMA;VASCO DA GAMA;RUA VASCO DA GAMA;SUBURBIO;ABALROAMENTO LONGITUDINAL;1;1;;;;;;;1;;Bom;Não existe;;Seca;Perfeito estado;Outros;Outras;;2019
22/11/2019;19:08:00;COM VÍTIMA;ENGENHO DO MEIO;RUA LINDOLFO COLOR;;COLISÃO;1;1;;;;;;;1;;;;;;;;;;2019
22/11/2019;19:35:00;SEM VÍTIMA;BOA VIAGEM;AV ENGENHEIRO DOMINGOS FERREIRA;;COLISÃO;2;;;;;;;;0;;;;;;;;;;2019
22/11/2019;19:31:00;SEM VÍTIMA;ILHA JOANA BEZERRA;VIADUTO CAPITAO TEMUDO;CIDADE;COLISÃO TRASEIRA;1;1;;;;;;;0;;Bom;Não existe;Perfeito estado;Seca;Perfeito estado;Não existe;Não há placas;;2019
22/11/2019;20:22:00;SEM VÍTIMA;BOA VIAGEM;AV CONSELHEIRO AGUIAR;CIDADE;ABALROAMENTO LONGITUDINAL;1;;;;1;;;;0;;Bom;Não existe;Perfeito estado;Seca;Perfeito estado;Não existe;R-6a;;2019
22/11/2019;20:56:00;SEM VÍTIMA;NOVA DESCOBERTA;RUA ALTO DO REFUGIO;;COLISÃO;1;;;;1;;;;0;;;;;;;;;;2019
22/11/2019;21:35:00;SEM VÍTIMA;SANTO AMARO;AV GOVERNADOR AGAMENON MAGALHAES;SUBURBIO;COLISÃO TRASEIRA;3;;;;;;;;0;;Bom;Sem defeito;Perfeito estado;Seca;Perfeito estado;Faixa de pedestre;Não há placas;;2019
23/11/2019;05:07:00;SEM VÍTIMA;DERBY;AV GOVERNADOR AGAMENON MAGALHAES;;CAPOTAMENTO;1;;;;;;;;0;;;;;;;;;;2019
23/11/2019;07:38:00;SEM VÍTIMA;BOA VIAGEM;RUA MARQUES DE VALENCA;SUBURBIO;ABALROAMENTO LONGITUDINAL;2;;;;;;;;0;;Bom;Não existe;Perfeito estado;Seca;Perfeito estado;Não existe;R-6a;;2019
23/11/2019;08:15:00;SEM VÍTIMA;CAÇOTE;;;COLISÃO TRASEIRA;2;;;;;;;;0;;Bom;Não existe;Perfeito estado;Seca;Perfeito estado;Não existe;Outras;;2019
23/11/2019;09:24:00;COM VÍTIMA;IMBIRIBEIRA;AV MARECHAL MASCARENHAS DE MORAES;CIDADE;COLISÃO TRASEIRA;1;1;;;;;;;2;;Bom;Sem defeito;Perfeito estado;Seca;Perfeito estado;Faixa de pedestre;;;2019
23/11/2019;10:28:00;SEM VÍTIMA;BOA VISTA;AV CONDE DA BOA VISTA;CIDADE;ABALROAMENTO LONGITUDINAL;1;;;;;1;;;0;;Bom;Não existe;Perfeito estado;Seca;Perfeito estado;Faixa de pedestre;Outras;40 km/h;2019
23/11/2019;10:33:00;SEM VÍTIMA;AFOGADOS;RUA SAO MIGUEL;SUBURBIO;COLISÃO TRASEIRA;3;;;;;;;;0;;Bom;Sem defeito;Perfeito estado;Seca;Perfeito estado;Faixa de pedestre;Não há placas;;2019
23/11/2019;10:42:00;SEM VÍTIMA;IMBIRIBEIRA;RUA MADRID;;COLISÃO;1;;;;;1;;;0;;;;;;;;;;2019
23/11/2019;10:44:00;SEM VÍTIMA;BOA VISTA;RUA DOM BOSCO;CIDADE;CHOQUE VEÍCULO PARADO;2;;;;;;;;0;;Bom;Não existe;Perfeito estado;Seca;Perfeito estado;Não existe;Não há placas;;2019
23/11/2019;11:15:00;SEM VÍTIMA;AFOGADOS;RUA SAO MIGUEL;SUBURBIO;ABALROAMENTO LONGITUDINAL;2;;;;;;;;0;;Bom;Não existe;Perfeito estado;Seca;Perfeito estado;Não existe;Não há placas;60 km/h;2019
23/11/2019;11:15:00;SEM VÍTIMA;MADALENA;AV VISCONDE DE ALBUQUERQUE;SUBURBIO;CHOQUE VEÍCULO PARADO;2;;;;;;;1;0;;Bom;Não existe;Perfeito estado;Seca;Perfeito estado;Não existe;Outras;40 km/h;2019
23/11/2019;11:17:00;SEM VÍTIMA;ESTÂNCIA;AV DR JOSE RUFINO;;COLISÃO;2;;;;;;;;0;;;;;;;;;;2019
23/11/2019;11:28:00;SEM VÍTIMA;;AV LIBERDADE;SUBURBIO;COLISÃO TRASEIRA;3;;;;;;;;0;;Bom;Não existe;Perfeito estado;Seca;Perfeito estado;Não existe;Não há placas;;2019
23/11/2019;11:39:00;SEM VÍTIMA;AREIAS;AV RECIFE;SUBURBIO;COLISÃO TRASEIRA;1;1;;;;;;;0;;Bom;Sem defeito;Perfeito estado;Seca;Perfeito estado;Faixa de pedestre;;;2019
23/11/2019;12:50:00;SEM VÍTIMA;TORRE;AV BEIRA RIO;;COLISÃO;1;1;;;;;;;0;;;;;;;;;;2019
23/11/2019;13:01:00;COM VÍTIMA;TORRE;AV BEIRA RIO;SUBURBIO;ABALROAMENTO LONGITUDINAL;1;1;;;;;;;1;;Bom;Não existe;Perfeito estado;Seca;Perfeito estado;Outros;Outras;;2019
23/11/2019;13:35:00;SEM VÍTIMA;ROSARINHO;RUA DR JOSE MARIA;SUBURBIO;ABALROAMENTO LONGITUDINAL;1;;;;1;;;;0;;Bom;Não existe;Perfeito estado;Seca;Perfeito estado;Faixa de pedestre;Placas Pare;;2019
23/11/2019;14:22:00;SEM VÍTIMA;SÃO JOSÉ;RUA IMPERIAL;SUBURBIO;ABALROAMENTO LONGITUDINAL;1;1;;;;;;;0;;Bom;Sem defeito;Perfeito estado;Seca;Perfeito estado;;Não há placas;;2019
23/11/2019;14:35:00;SEM VÍTIMA;BOA VIAGEM;;SUBURBIO;ABALROAMENTO TRANSVERSAL;2;;;;;;;;0;;Bom;Não existe;Perfeito estado;Seca;Perfeito estado;Não existe;Placas Pare;;2019
23/11/2019;14:38:00;SEM VÍTIMA;ROSARINHO;RUA CAIO PEREIRA;;ABALROAMENTO LONGITUDINAL;2;;;;;;;;0;;Bom;Não existe;Perfeito estado;Seca;Perfeito estado;Não existe;Placas Pare;;2019
23/11/2019;14:48:00;SEM VÍTIMA;TEJIPIÓ;AV DR JOSE RUFINO;CIDADE;CHOQUE OBJETO FIXO;1;;;;;;;;0;;Bom;;;Seca;Perfeito estado;;Não há placas;;2019
23/11/2019;15:45:00;SEM VÍTIMA;ENCRUZILHADA;RUA PROFESSOR JERONIMO GUEIROS;SUBURBIO;ABALROAMENTO TRANSVERSAL;2;;;;;;;;0;;Bom;Sem defeito;Perfeito estado;;;Não existe;Não há placas;;2019
23/11/2019;16:14:00;SEM VÍTIMA;DERBY;RUA BETANIA;SUBURBIO;ABALROAMENTO LONGITUDINAL;2;;;;;;;;0;;Bom;Não existe;Perfeito estado;Seca;Perfeito estado;Não existe;Placas Pare;;2019
23/11/2019;16:43:00;SEM VÍTIMA;BOA VIAGEM;AV BOA VIAGEM;CIDADE;COLISÃO TRASEIRA;1;1;;;;;;;0;;Bom;Não existe;Perfeito estado;Seca;Perfeito estado;Não existe;Outras;;2019
23/11/2019;17:21:00;SEM VÍTIMA;MADALENA;RUA REAL DA TORRE;CIDADE;ABALROAMENTO LONGITUDINAL;1;;;;1;;;;0;;Bom;Sem defeito;Perfeito estado;;;Agente;Não há placas;40 km/h;2019
23/11/2019;19:00:00;SEM VÍTIMA;DERBY;RUA DOM BOSCO;SUBURBIO;ABALROAMENTO LONGITUDINAL;1;;;;1;;;;0;;Bom;Sem defeito;Perfeito estado;Seca;Perfeito estado;Outros;Outras;;2019
23/11/2019;20:20:00;SEM VÍTIMA;TORRE;RUA CONDE DE IRAJA;;ABALROAMENTO LONGITUDINAL;2;;;;;;;;0;;Bom;Sem defeito;Perfeito estado;Seca;Perfeito estado;;R-6a;40 km/h;2019
23/11/2019;20:49:00;SEM VÍTIMA;SOLEDADE;RUA JOAQUIM FELIPE;CIDADE;COLISÃO TRASEIRA;2;;;;;;;;0;;Bom;Sem defeito;Perfeito estado;Seca;Perfeito estado;Outros;Outras;;2019
23/11/2019;21:56:00;SEM VÍTIMA;BOA VIAGEM;RUA FELIX DE BRITO E MELO;CIDADE;COLISÃO TRASEIRA;2;;;;1;;;;0;;Bom;Sem defeito;Perfeito estado;Seca;Perfeito estado;Faixa de pedestre;Outras;;2019
23/11/2019;23:25:00;COM VÍTIMA;PRADO;RUA PANDIA CALOGERAS;SUBURBIO;COLISÃO COM CICLISTA;1;;1;;;;;;1;;Bom;Não existe;Perfeito estado;Seca;Perfeito estado;Não existe;Não há placas;;2019
24/11/2019;00:43:00;COM VÍTIMA;IMBIRIBEIRA;AV MARECHAL MASCARENHAS DE MORAES;SUBURBIO;ABALROAMENTO TRANSVERSAL;1;;;;1;;;;1;;Bom;Sem defeito;Perfeito estado;Seca;Perfeito estado;Faixa de pedestre;Não há placas;;2019
24/11/2019;07:04:00;SEM VÍTIMA;AFOGADOS;RUA VINTE E UM DE ABRIL;CIDADE;CHOQUE VEÍCULO PARADO;2;;;;;;;;0;;Bom;Não existe;Perfeito estado;Seca;Perfeito estado;Outros;Outras;;2019
24/11/2019;07:39:00;SEM VÍTIMA;CORDEIRO;RUA NISSIN BENSOUSSAN;SUBURBIO;CHOQUE OBJETO FIXO;1;;;;;;;;0;;Bom;Não existe;Não existente;Seca;Perfeito estado;Não existe;Não há placas;;2019
24/11/2019;08:27:00;COM VÍTIMA;SÃO JOSÉ;RUA SAO JOAO;CIDADE;TOMBAMENTO;1;1;;;;;;;1;;Bom;Não existe;Não existente;Seca;Perfeito estado;Não existe;Não há placas;;2019
24/11/2019;10:42:00;COM VÍTIMA;IBURA;AV DOIS RIOS;SUBURBIO;ABALROAMENTO TRANSVERSAL;1;1;;;;;;;1;;Bom;;Perfeito estado;Seca;Perfeito estado;Não existe;Não há placas;;2019
24/11/2019;11:44:00;SEM VÍTIMA;CAXANGÁ;AV CAXANGA;;COLISÃO;2;;;;;;;;0;;;;;;;;;;2019
24/11/2019;12:24:00;SEM VÍTIMA;;AV RECIFE;;COLISÃO TRASEIRA;2;;;;;;;;0;;Bom;Sem defeito;Perfeito estado;Seca;Perfeito estado;Não existe;;;2019
24/11/2019;12:32:00;SEM VÍTIMA;BOMBA DO HEMETÉRIO;RUA CORREGO JOSE GRANDE;SUBURBIO;ABALROAMENTO LONGITUDINAL;2;;;;;;;;0;;Bom;Não existe;Não existente;Seca;Perfeito estado;Não existe;Não há placas;;2019
24/11/2019;13:37:00;COM VÍTIMA;IMBIRIBEIRA;AV MARECHAL MASCARENHAS DE MORAES;SUBURBIO;COLISÃO COM CICLISTA;;1;1;;;;;;2;;Bom;Não existe;Não existente;Seca;Perfeito estado;Não existe;Não há placas;60 km/h;2019
24/11/2019;14:04:00;SEM VÍTIMA;IMBIRIBEIRA;AV MARECHAL MASCARENHAS DE MORAES;SUBURBIO;COLISÃO TRASEIRA;2;;;;;;;;0;;Bom;Sem defeito;Perfeito estado;Seca;Perfeito estado;Agente;Não há placas;60 km/h;2019
24/11/2019;14:50:00;SEM VÍTIMA;PRADO;AV ENGENHEIRO ABDIAS DE CARVALHO;SUBURBIO;ABALROAMENTO LONGITUDINAL;2;;;;;;;;0;;Bom;Não existe;Perfeito estado;Seca;Perfeito estado;Não existe;Não há placas;60 km/h;2019
24/11/2019;16:00:00;COM VÍTIMA;SÃO JOSÉ;RUA IMPERIAL;SUBURBIO;ABALROAMENTO TRANSVERSAL;2;;;;;;;;2;;Bom;Sem defeito;Perfeito estado;Seca;Perfeito estado;Não existe;Outras;;2019
24/11/2019;16:12:00;SEM VÍTIMA;IMBIRIBEIRA;RUA MOISES CORREA DA SILVA;SUBURBIO;ABALROAMENTO LONGITUDINAL;3;;;;;;;;0;;Bom;Não existe;Não existente;Seca;Perfeito estado;Não existe;Não há placas;;2019
24/11/2019;16:33:00;COM VÍTIMA;CORDEIRO;RUA DR JOAO LACERDA;;ABALROAMENTO LONGITUDINAL;1;1;;;;;;;1;;Bom;Não existe;Perfeito estado;Seca;Perfeito estado;Faixa de pedestre;Não há placas;;2019
24/11/2019;19:26:00;COM VÍTIMA;ÁGUA FRIA;EST VELHA DE AGUA FRIA;SUBURBIO;ATROPELAMENTO;1;;;1;;;;;1;;Bom;Não existe;Perfeito estado;Seca;Perfeito estado;Não existe;R-6a;;2019
24/11/2019;20:20:00;COM VÍTIMA;ÁGUA FRIA;AV BEBERIBE;SUBURBIO;ABALROAMENTO TRANSVERSAL;1;1;;;;;;;1;;Bom;Não existe;Perfeito estado;Seca;Perfeito estado;Não existe;Não há placas;;2019
24/11/2019;20:46:00;SEM VÍTIMA;AREIAS;RUA AURORA CACOTE;;COLISÃO;2;;;;;;;;0;;;;;;;;;;2019
24/11/2019;22:48:00;COM VÍTIMA;AFLITOS;AV SANTOS DUMONT;SUBURBIO;ABALROAMENTO TRANSVERSAL;1;1;;;;;;;1;;Bom;Não existe;Incompleta;Seca;Mal iluminada;Não existe;Não há placas;;2019
25/11/2019;04:51:00;SEM VÍTIMA;ESTÂNCIA;AV RECIFE;SUBURBIO;COLISÃO TRASEIRA;2;;;;;;;;0;;Bom;Sem defeito;Perfeito estado;Seca;Perfeito estado;Faixa de pedestre;Não há placas;;2019
25/11/2019;06:24:00;SEM VÍTIMA;DOIS IRMÃOS;RUA MANUEL DE MEDEIROS;CIDADE;ABALROAMENTO LONGITUDINAL;1;1;;;;;;;0;;Bom;Sem defeito;Perfeito estado;Seca;Perfeito estado;Não existe;Outras;;2019
25/11/2019;06:30:00;SEM VÍTIMA;VÁRZEA;AV CAXANGA;CIDADE;ABALROAMENTO LONGITUDINAL;1;;;;;1;;;0;;Bom;Não existe;Perfeito estado;Seca;Perfeito estado;Não existe;R-6a;;2019
25/11/2019;06:50:00;SEM VÍTIMA;AFOGADOS;AV SUL;CIDADE;COLISÃO COM CICLISTA;;1;1;;;;;;0;;Bom;Não existe;Perfeito estado;Seca;Perfeito estado;Não existe;Não há placas;60 km/h;2019
25/11/2019;07:26:00;SEM VÍTIMA;TORRÕES;AV ENGENHEIRO ABDIAS DE CARVALHO;;COLISÃO;2;;;;;;;;0;;;;;;;;;;2019
25/11/2019;08:38:00;SEM VÍTIMA;SANTO AMARO;AV GOVERNADOR AGAMENON MAGALHAES;CIDADE;COLISÃO TRASEIRA;2;;;;;;;;0;;Bom;Não existe;Perfeito estado;Seca;Perfeito estado;Não existe;Não há placas;60 km/h;2019
25/11/2019;08:40:00;COM VÍTIMA;CORDEIRO;AV CAXANGA;CIDADE;COLISÃO TRASEIRA;1;1;;;;;;;1;;Bom;Sem defeito;Perfeito estado;Seca;Perfeito estado;Faixa de pedestre;;;2019
25/11/2019;09:17:00;COM VÍTIMA;IMBIRIBEIRA;AV MARECHAL MASCARENHAS DE MORAES;SUBURBIO;ATROPELAMENTO;;1;;1;;;;;2;;Bom;Não existe;Perfeito estado;Seca;Perfeito estado;Não existe;R-6a;;2019
25/11/2019;09:24:00;SEM VÍTIMA;BOA VIAGEM;RUA SETUBAL;CIDADE;ABALROAMENTO LONGITUDINAL;1;;;;1;;;;0;;Bom;Sem defeito;Perfeito estado;Seca;Perfeito estado;Agente;Não há placas;;2019
25/11/2019;10:06:00;SEM VÍTIMA;DERBY;RUA HENRIQUE DIAS;CIDADE;ABALROAMENTO TRANSVERSAL;1;1;;;;;;;0;;Bom;Não existe;Perfeito estado;Seca;Perfeito estado;Outros;Outras;;2019
25/11/2019;10:16:00;SEM VÍTIMA;BOA VIAGEM;RUA BARAO DE SOUZA LEAO;;ABALROAMENTO LONGITUDINAL;1;;;;;1;;;0;;Bom;Não existe;Perfeito estado;Seca;Perfeito estado;Não existe;Não há placas;40 km/h;2019
25/11/2019;10:25:00;SEM VÍTIMA;DOIS UNIDOS;AV HILDEBRANDO DE VASCONCELOS;SUBURBIO;COLISÃO TRASEIRA;1;;;;1;;;;0;;Bom;Não existe;Incompleta;Seca;Perfeito estado;Não existe;Não há placas;;2019
25/11/2019;10:30:00;SEM VÍTIMA;CORDEIRO;EST DO FORTE DO ARRAIAL N. DO B. JESUS;SUBURBIO;ABALROAMENTO LONGITUDINAL;2;;;;;;;;0;;Bom;Não existe;Perfeito estado;Seca;Perfeito estado;Não existe;Outras;;2019
25/11/2019;10:41:00;SEM VÍTIMA;BOA VIAGEM;RUA ANTONIO FALCAO;SUBURBIO;ABALROAMENTO LONGITUDINAL;2;;;;;;;;0;;Bom;Não existe;Incompleta;Seca;Mal conservada;Não existe;Placas Pare;;2019
25/11/2019;10:44:00;SEM VÍTIMA;TAMARINEIRA;AV NORTE;;COLISÃO TRASEIRA;2;;;;;;;;0;;Bom;Sem defeito;Perfeito estado;Seca;Perfeito estado;Faixa de pedestre;Outras;60 km/h;2019
25/11/2019;11:00:00;SEM VÍTIMA;BOA VIAGEM;RUA PROFESSOR JOAO MEDEIROS;SUBURBIO;COLISÃO TRASEIRA;2;;;;;;;;0;;Bom;;Perfeito estado;Seca;Perfeito estado;Outros;Outras;;2019
25/11/2019;11:15:00;SEM VÍTIMA;VÁRZEA;RUA EMILIANO BRAGA;CIDADE;ABALROAMENTO LONGITUDINAL;2;;;;;;;;0;;Bom;Não existe;Perfeito estado;Seca;Perfeito estado;;Outras;;2019
25/11/2019;11:24:00;SEM VÍTIMA;AREIAS;AV DR JOSE RUFINO;CIDADE;COLISÃO TRASEIRA;2;;;;;;;;0;;Bom;Não existe;;Seca;Perfeito estado;Outros;Outras;50 km/h;2019
25/11/2019;11:51:00;SEM VÍTIMA;AFOGADOS;EST DOS REMEDIOS;;COLISÃO TRASEIRA;2;;;;;;;;0;;Bom;;Perfeito estado;Seca;Perfeito estado;;;;2019
25/11/2019;12:29:00;SEM VÍTIMA;IPUTINGA;RUA LAGOA VERMELHA;CIDADE;CHOQUE VEÍCULO PARADO;2;;;;;;;;0;;Bom;Não existe;Não existente;Seca;Perfeito estado;Não existe;Não há placas;;2019
25/11/2019;12:37:00;SEM VÍTIMA;SANTO AMARO;AV NORTE;SUBURBIO;ABALROAMENTO LONGITUDINAL;3;1;;;;;;;0;;Bom;Sem defeito;Perfeito estado;Seca;Perfeito estado;Não existe;Não há placas;40 km/h;2019
25/11/2019;13:03:00;SEM VÍTIMA;TEJIPIÓ;AV LIBERDADE;SUBURBIO;ABALROAMENTO LONGITUDINAL;;;;;1;1;;;0;;Bom;Não existe;Perfeito estado;Seca;Perfeito estado;Não existe;Outras;;2019
25/11/2019;14:15:00;SEM VÍTIMA;BOA VIAGEM;AV BOA VIAGEM;SUBURBIO;ABALROAMENTO LONGITUDINAL;1;;;;1;;;;0;;Bom;Não existe;Não existente;Seca;Perfeito estado;Não existe;Não há placas;;2019
25/11/2019;14:25:00;SEM VÍTIMA;JIQUIÁ;AV DR JOSE RUFINO;SUBURBIO;ABALROAMENTO TRANSVERSAL;2;;;;;;;;0;;Bom;Não existe;Ilegível;Seca;Mal conservada;Não existe;R-6a;;2019
25/11/2019;14:55:00;SEM VÍTIMA;IMBIRIBEIRA;RUA DR TAVARES CORREIA;;CHOQUE VEÍCULO PARADO;1;;;;;1;;;0;;Bom;Não existe;Não existente;Seca;Perfeito estado;Não existe;Não há placas;;2019
25/11/2019;15:19:00;SEM VÍTIMA;BOA VIAGEM;RUA DR RAUL LAFAYETTE;;ABALROAMENTO LONGITUDINAL;2;;;;;;;;0;;Bom;Não existe;Perfeito estado;Seca;Perfeito estado;Não existe;Outras;;2019
25/11/2019;15:30:00;SEM VÍTIMA;JARDIM SÃO PAULO;AV RECIFE;;COLISÃO TRASEIRA;1;;;;;1;;;0;;Bom;Sem defeito;Perfeito estado;Seca;Perfeito estado;Faixa de pedestre;;;2019
25/11/2019;15:50:00;SEM VÍTIMA;ESPINHEIRO;RUA AFONSO BATISTA;;COLISÃO;1;;;;;;1;;0;;;;;;;;;;2019
25/11/2019;16:39:00;COM VÍTIMA;AFOGADOS;RUA SAO MIGUEL;CIDADE;ABALROAMENTO TRANSVERSAL;1;1;;;;;;;1;;Bom;Não existe;Perfeito estado;Seca;Perfeito estado;Não existe;Não há placas;;2019
25/11/2019;16:43:00;SEM VÍTIMA;IPUTINGA;RUA PROFESSOR JULIO OLIVEIRA;;COLISÃO TRASEIRA;2;;;;;;;;0;;Bom;Não existe;;Seca;Perfeito estado;Não existe;Outras;;2019
25/11/2019;17:39:00;COM VÍTIMA;MANGUEIRA;RUA JOAO LEITE;;COLISÃO;1;1;;;;;;;1;;;;;;;;;;2019
25/11/2019;18:32:00;SEM VÍTIMA;ESTÂNCIA;AV DR JOSE RUFINO;SUBURBIO;ABALROAMENTO LONGITUDINAL;1;;;;1;;;;0;;Bom;Não existe;Perfeito estado;Seca;Perfeito estado;;Não há placas;40 km/h;2019
25/11/2019;18:43:00;SEM VÍTIMA;;RUA VINTE E QUATRO DE MAIO;;ABALROAMENTO LONGITUDINAL;1;;;;1;;;;0;;Bom;Sem defeito;Perfeito estado;Seca;Perfeito estado;Faixa de pedestre;Outras;;2019
25/11/2019;18:54:00;SEM VÍTIMA;DERBY;AV GOVERNADOR AGAMENON MAGALHAES;SUBURBIO;ABALROAMENTO LONGITUDINAL;1;;;;1;;;;0;;Bom;Sem defeito;Perfeito estado;Seca;Perfeito estado;Não existe;Outras;;2019
25/11/2019;19:02:00;SEM VÍTIMA;PARNAMIRIM;AV PARNAMIRIM;CIDADE;COLISÃO TRASEIRA;2;;;;;;;;0;;Bom;Não existe;Incompleta;Seca;Perfeito estado;;;;2019
25/11/2019;19:21:00;SEM VÍTIMA;SAN MARTIN;RUA DR GOMES PORTO;CIDADE;ABALROAMENTO TRANSVERSAL;;1;;;1;;;;0;;Bom;Não existe;Não existente;Seca;;Não existe;Não há placas;;2019
25/11/2019;19:51:00;SEM VÍTIMA;BOA VIAGEM;AV BOA VIAGEM;CIDADE;ABALROAMENTO LONGITUDINAL;1;;;;1;;;;0;;Bom;Sem defeito;Perfeito estado;Seca;Perfeito estado;Faixa de pedestre;Não há placas;60 km/h;2019
25/11/2019;19:52:00;COM VÍTIMA;IMBIRIBEIRA;AV MARECHAL MASCARENHAS DE MORAES;CIDADE;ABALROAMENTO LONGITUDINAL;1;1;;;;;;;1;;Bom;Sem defeito;Perfeito estado;Seca;Perfeito estado;Não existe;Outras;;2019
25/11/2019;19:56:00;SEM VÍTIMA;ESPINHEIRO;AV JOAO DE BARROS;;COLISÃO;2;;;;;;;;0;;;;;;;;;;2019
25/11/2019;20:08:00;SEM VÍTIMA;MADALENA;AV BEIRA RIO;;COLISÃO TRASEIRA;2;;;;;;;;0;;Bom;Não existe;Perfeito estado;Seca;Perfeito estado;Não existe;R-6c;;2019
25/11/2019;20:42:00;SEM VÍTIMA;ALTO SANTA TERESINHA;TRV TAMBOARA;;COLISÃO;1;2;;;;;;;0;;;;;;;;;;2019
25/11/2019;21:43:00;SEM VÍTIMA;MADALENA;RUA BENFICA;;ABALROAMENTO LONGITUDINAL;1;1;;;;;;;0;;Bom;Sem defeito;Perfeito estado;Seca;Perfeito estado;Não existe;Outras;;2019
25/11/2019;22:03:00;SEM VÍTIMA;IPUTINGA;EST DO BARBALHO;SUBURBIO;CHOQUE VEÍCULO PARADO;2;;;;;;;;0;;Bom;Não existe;Incompleta;Seca;Perfeito estado;Não existe;Não há placas;40 km/h;2019
25/11/2019;22:08:00;SEM VÍTIMA;CÓRREGO DO JENIPAPO;RUA FRANCISCO CAMPOS;;COLISÃO;2;;;;;;;;0;;;;;;;;;;2019
26/11/2019;06:39:00;SEM VÍTIMA;JIQUIÁ;AV DR JOSE RUFINO;CIDADE;ABALROAMENTO LONGITUDINAL;2;1;;;;;;;0;;Bom;Não existe;Perfeito estado;Seca;Mal conservada;;R-6a;60 km/h;2019
26/11/2019;07:48:00;SEM VÍTIMA;SÃO JOSÉ;C SANTA RITA;CIDADE;ABALROAMENTO LONGITUDINAL;2;;;;;;;;0;;Bom;Sem defeito;Perfeito estado;Seca;Perfeito estado;Não existe;Outras;60 km/h;2019
26/11/2019;07:59:00;COM VÍTIMA;BAIRRO DO RECIFE;AV MARQUES DE OLINDA;SUBURBIO;ABALROAMENTO TRANSVERSAL;1;1;;;;;;;1;;Bom;Não existe;Incompleta;Seca;Perfeito estado;Não existe;Placas Pare;;2019
26/11/2019;08:13:00;SEM VÍTIMA;AFOGADOS;RUA DA PAZ;SUBURBIO;COLISÃO TRASEIRA;1;1;;;;;;;0;;Bom;Sem defeito;Perfeito estado;Seca;Perfeito estado;Agente;Não há placas;;2019
26/11/2019;08:25:00;SEM VÍTIMA;BOA VIAGEM;RUA JOSE DOMINGUES DA SILVA;;ABALROAMENTO TRANSVERSAL;2;;;;;;;;0;;Bom;Não existe;Perfeito estado;Seca;Perfeito estado;Não existe;Placas Pare;30 km/h;2019
26/11/2019;08:52:00;SEM VÍTIMA;AFOGADOS;AV SUL;CIDADE;ABALROAMENTO LONGITUDINAL;2;;;;;;;;0;;Bom;Sem defeito;Perfeito estado;Seca;Perfeito estado;Outros;Outras;60 km/h;2019
26/11/2019;08:53:00;SEM VÍTIMA;ESPINHEIRO;RUA CONS PORTELA;CIDADE;ABALROAMENTO LONGITUDINAL;1;;;;1;;;;0;;Bom;Sem defeito;Perfeito estado;Seca;Perfeito estado;Agente;Não há placas;40 km/h;2019
26/11/2019;08:55:00;SEM VÍTIMA;ILHA JOANA BEZERRA;VIADUTO CAPITAO TEMUDO;SUBURBIO;ABALROAMENTO LONGITUDINAL;1;;;;;1;;;0;;Bom;Não existe;Não existente;Seca;Perfeito estado;Não existe;Não há placas;60 km/h;2019
26/11/2019;09:04:00;SEM VÍTIMA;GRAÇAS;AV GOVERNADOR AGAMENON MAGALHAES;;COLISÃO TRASEIRA;2;;;;;;;;0;;Bom;Sem defeito;Perfeito estado;Seca;Perfeito estado;Agente;Outras;60 km/h;2019
26/11/2019;09:21:00;SEM VÍTIMA;ESTÂNCIA;AV RECIFE;CIDADE;COLISÃO TRASEIRA;4;;;;;;;;0;;Bom;Sem defeito;Perfeito estado;Seca;Perfeito estado;Não existe;Não há placas;;2019
26/11/2019;09:51:00;SEM VÍTIMA;AFOGADOS;EST DOS REMEDIOS;;ABALROAMENTO LONGITUDINAL;2;;;;;;;;0;;Bom;Não existe;Perfeito estado;Seca;Perfeito estado;Não existe;;;2019
26/11/2019;09:53:00;SEM VÍTIMA;IBURA;RUA EXP FRANCISCO VITORIANO;SUBURBIO;COLISÃO TRASEIRA;;1;;;1;;;;0;;Bom;Não existe;Perfeito estado;Seca;Perfeito estado;Não existe;R-6a;;2019
26/11/2019;09:59:00;COM VÍTIMA;AREIAS;AV DR JOSE RUFINO;SUBURBIO;ABALROAMENTO TRANSVERSAL;1;1;;;;;;;1;;Bom;Sem defeito;Perfeito estado;Seca;Perfeito estado;Faixa de pedestre;Não há placas;;2019
26/11/2019;10:42:00;SEM VÍTIMA;ESTÂNCIA;AV RECIFE;;COLISÃO TRASEIRA;3;;;;;;;;0;;Bom;Sem defeito;Perfeito estado;Seca;Perfeito estado;Faixa de pedestre;Não há placas;60 km/h;2019
26/11/2019;11:21:00;SEM VÍTIMA;AFOGADOS;RUA NICOLAU PEREIRA;;ABALROAMENTO LONGITUDINAL;1;;;;;1;;;0;;Bom;Não existe;Incompleta;Seca;Perfeito estado;Não existe;R-6a;;2019
26/11/2019;11:59:00;SEM VÍTIMA;JARDIM SÃO PAULO;RUA LEANDRO BARRETO;CIDADE;ABALROAMENTO TRANSVERSAL;2;;;;;;;;0;;Bom;Não existe;Não existente;Seca;Perfeito estado;Não existe;Não há placas;;2019