data;hora;natureza_acidente;bairro;endereco;sentido_via;tipo;auto;moto;ciclista;pedestre;onibus;caminhao;viatura;outros;vitimas;vitimasfatais;tempo_clima;situacao_semaforo;sinalizacao;condicao_via;conservacao_via;ponto_controle;situacao_placa;velocidade_max_via;ano
26/11/2019;12:26:00;COM VÍTIMA;IMBIRIBEIRA;RUA ITACARI;SUBURBIO;ABALROAMENTO TRANSVERSAL;1;1;;;;;;;1;;Bom;Não existe;Perfeito estado;Seca;Perfeito estado;Faixa de pedestre;Placas Pare;;2019
26/11/2019;12:30:00;SEM VÍTIMA;AFOGADOS;RUA OLIMPIO CHACON;SUBURBIO;ABALROAMENTO LONGITUDINAL;1;;;;;1;;;0;;Bom;Não existe;Incompleta;Seca;;Não existe;Outras;40 km/h;2019
26/11/2019;12:36:00;SEM VÍTIMA;DERBY;RUA BENFICA;SUBURBIO;ABALROAMENTO LONGITUDINAL;1;;;;1;;;;0;;Bom;Não existe;Perfeito estado;Seca;Perfeito estado;Não existe;R-6a;;2019
26/11/2019;12:49:00;SEM VÍTIMA;BOA VIAGEM;AV DOM JOAO VI;CIDADE;ABALROAMENTO LONGITUDINAL;2;;;;;;;;0;;Bom;Não existe;Incompleta;Seca;Mal conservada;Não existe;Não há placas;;2019
26/11/2019;12:54:00;SEM VÍTIMA;ESTÂNCIA;AV DR JOSE RUFINO;CIDADE;ABALROAMENTO LONGITUDINAL;1;;;;;1;;;0;;Bom;Intermitente;Incompleta;Seca;Mal conservada;Não existe;Não há placas;;2019
26/11/2019;13:02:00;COM VÍTIMA;PINA;AV ANTONIO DE GOES;CIDADE;COLISÃO TRASEIRA;1;1;;;;;;;1;;Bom;Sem defeito;Perfeito estado;Seca;Perfeito estado;Agente;Outras;60 km/h;2019
26/11/2019;14:09:00;SEM VÍTIMA;COHAB;AV SAO PAULO;;ABALROAMENTO LONGITUDINAL;1;;;;1;;;;0;;Bom;Não existe;Perfeito estado;Seca;Perfeito estado;Agente;Não há placas;30 km/h;2019
26/11/2019;14:49:00;SEM VÍTIMA;IMBIRIBEIRA;AV MARECHAL MASCARENHAS DE MORAES;SUBURBIO;ABALROAMENTO LONGITUDINAL;1;;;;1;;;;0;;Bom;Não existe;Perfeito estado;Seca;Perfeito estado;;Não há placas;60 km/h;2019
26/11/2019;14:50:00;COM VÍTIMA;ILHA DO RETIRO;AV BEIRA RIO;;COLISÃO FRONTAL;1;1;;;;;;;1;;Bom;Não existe;Perfeito estado;Seca;Perfeito estado;Não existe;R-6a;40 km/h;2019
26/11/2019;14:56:00;SEM VÍTIMA;AFOGADOS;RUA DOUTOR LEONIDAS CRAVO GAMA;SUBURBIO;COLISÃO TRASEIRA;2;;;;;;;;0;;Bom;Sem defeito;Ilegível;Seca;Perfeito estado;Não existe;Não há placas;;2019
26/11/2019;15:12:00;SEM VÍTIMA;IBURA;AV DOIS RIOS;SUBURBIO;ABALROAMENTO TRANSVERSAL;1;;;;1;;;;0;;Bom;Sem defeito;Perfeito estado;Seca;Perfeito estado;Faixa de pedestre;Outras;;2019
26/11/2019;15:28:00;SEM VÍTIMA;CIDADE UNIVERSITÁRIA;RUA GENERAL POLIDORO;;ABALROAMENTO LONGITUDINAL;2;;;;;;;;0;;Bom;Sem defeito;Perfeito estado;Seca;;;Outras;;2019
26/11/2019;15:48:00;COM VÍTIMA;BOA VISTA;AV CONDE DA BOA VISTA;;COLISÃO COM CICLISTA;1;;1;;;;;;1;;Bom;Não existe;;Seca;Perfeito estado;;Placas Pare;40 km/h;2019
26/11/2019;16:27:00;COM VÍTIMA;BOA VISTA;AV CONDE DA BOA VISTA;SUBURBIO;ABALROAMENTO LONGITUDINAL;1;1;;;;;;;1;;Bom;Sem defeito;Perfeito estado;Seca;Perfeito estado;Outros;Outras;40 km/h;2019
26/11/2019;16:35:00;SEM VÍTIMA;SANTO AMARO;AV CRUZ CABUGA;;COLISÃO TRASEIRA;1;1;;;;;;;0;;Bom;Não existe;Perfeito estado;Seca;Perfeito estado;Outros;Outras;;2019
26/11/2019;16:45:00;SEM VÍTIMA;MADALENA;AV VISCONDE DE ALBUQUERQUE;SUBURBIO;ABALROAMENTO LONGITUDINAL;1;;;;1;;;;0;;Bom;Sem defeito;Perfeito estado;Seca;Perfeito estado;Agente;;;2019
26/11/2019;16:50:00;SEM VÍTIMA;BOA VIAGEM;RUA ATLANTICO;;COLISÃO;2;;;;1;;;;0;;;;;;;;;;2019
26/11/2019;18:30:00;SEM VÍTIMA;IMBIRIBEIRA;AV MARECHAL MASCARENHAS DE MORAES;CIDADE;COLISÃO TRASEIRA;1;1;;;;;;;0;;Bom;Sem defeito;Perfeito estado;Seca;Perfeito estado;Faixa de retenção;;60 km/h;2019
26/11/2019;19:17:00;SEM VÍTIMA;IBURA;AV DOIS RIOS;SUBURBIO;COLISÃO TRASEIRA;2;;;;;;;;0;;Bom;Sem defeito;Perfeito estado;Seca;Perfeito estado;;Não há placas;;2019
27/11/2019;01:49:00;SEM VÍTIMA;GUABIRABA;AV DA RECUPERACAO;CIDADE;CHOQUE OBJETO FIXO;1;;;;;;;;0;;Chuvoso;Não existe;Perfeito estado;Molhada;Perfeito estado;Não existe;Não há placas;;2019
27/11/2019;03:30:00;SEM VÍTIMA;BOA VIAGEM;AV ENGENHEIRO DOMINGOS FERREIRA;SUBURBIO;ABALROAMENTO TRANSVERSAL;1;;;;;1;;;0;;Bom;Sem defeito;Perfeito estado;Seca;Perfeito estado;Faixa de pedestre;Placas Pare;;2019
27/11/2019;07:02:00;SEM VÍTIMA;ENCRUZILHADA;AV NORTE;CIDADE;COLISÃO;;;;;1;;;1;0;;;;;;;;;;2019
27/11/2019;07:10:00;SEM VÍTIMA;CASA AMARELA;RUA BARAO DE GRANITO;;COLISÃO;2;;;;;;;;0;;;;;;;;;;2019
27/11/2019;07:13:00;SEM VÍTIMA;MADALENA;RUA BENFICA;CIDADE;COLISÃO TRASEIRA;1;;;;1;;;;0;;Bom;Não existe;Perfeito estado;Seca;Perfeito estado;Faixa de pedestre;Placas Pare;40 km/h;2019
27/11/2019;07:20:00;COM VÍTIMA;BEBERIBE;AV BEBERIBE;SUBURBIO;ABALROAMENTO LONGITUDINAL;1;1;;;;;;;1;;Bom;Não existe;Perfeito estado;Seca;Perfeito estado;Outros;Outras;;2019
27/11/2019;07:54:00;SEM VÍTIMA;DERBY;RUA JENER DE SOUZA;CIDADE;ABALROAMENTO LONGITUDINAL;1;1;;;;;;;0;;Bom;Sem defeito;Perfeito estado;Seca;Perfeito estado;Outros;Outras;;2019
27/11/2019;08:02:00;SEM VÍTIMA;SAN MARTIN;RUA VINTE E UM DE ABRIL;SUBURBIO;ABALROAMENTO TRANSVERSAL;2;;;;;;;;0;;Bom;Não existe;Não existente;Seca;Perfeito estado;Não existe;Não há placas;40 km/h;2019
27/11/2019;08:03:00;SEM VÍTIMA;VÁRZEA;RUA RIBEIRO PESSOA;;ABALROAMENTO TRANSVERSAL;1;;;;;1;;;0;;Bom;Sem defeito;Não existente;Seca;Perfeito estado;Agente;Não há placas;;2019
27/11/2019;08:18:00;SEM VÍTIMA;PINA;RUA JOSE MARIANO FILHO;CIDADE;COLISÃO TRASEIRA;1;1;;;;;;;0;;Bom;Sem defeito;Perfeito estado;Seca;Perfeito estado;Agente;;60 km/h;2019
27/11/2019;08:22:00;COM VÍTIMA;PINA;AV HERCULANO BANDEIRA;SUBURBIO;COLISÃO TRASEIRA;1;1;;;;1;;;1;;Bom;Sem defeito;Perfeito estado;Seca;Perfeito estado;Não existe;Outras;;2019
27/11/2019;09:24:00;SEM VÍTIMA;ILHA DO LEITE;RUA GENERAL JOAQUIM INACIO;SUBURBIO;COLISÃO TRASEIRA;2;;;;;;;;0;;Bom;Sem defeito;Perfeito estado;Seca;Perfeito estado;Não existe;Não há placas;;2019
27/11/2019;09:37:00;SEM VÍTIMA;DERBY;AV GOVERNADOR AGAMENON MAGALHAES;;CHOQUE;2;;;;;;;;0;;Bom;Sem defeito;Perfeito estado;Seca;Perfeito estado;Agente;;60 km/h;2019
27/11/2019;09:52:00;SEM VÍTIMA;TORRE;RUA MARCOS ANDRE;;COLISÃO;1;1;;;;;;;0;;;;;;;;;;2019
27/11/2019;10:22:00;SEM VÍTIMA;GRAÇAS;AV RUI BARBOSA;CIDADE;ABALROAMENTO LONGITUDINAL;1;;;;1;;;;0;;Bom;Sem defeito;Perfeito estado;Seca;Perfeito estado;Não existe;Outras;;2019
27/11/2019;10:32:00;SEM VÍTIMA;ENCRUZILHADA;AV JOAO DE BARROS;;COLISÃO;1;;;;;1;;;0;;;;;;;;;;2019
27/11/2019;10:42:00;SEM VÍTIMA;MADALENA;AV ENGENHEIRO ABDIAS DE CARVALHO;SUBURBIO;COLISÃO TRASEIRA;3;;;;;;;;0;;Bom;Não existe;Perfeito estado;Seca;Perfeito estado;Não existe;R-6a;;2019
27/11/2019;10:51:00;SEM VÍTIMA;TEJIPIÓ;AV DR JOSE RUFINO;SUBURBIO;ABALROAMENTO TRANSVERSAL;2;;;;;;;;0;;Bom;Não existe;Perfeito estado;Seca;Perfeito estado;;R-6a;40 km/h;2019
27/11/2019;11:10:00;SEM VÍTIMA;SÃO JOSÉ;AV SUL;;ABALROAMENTO LONGITUDINAL;1;;;;1;1;;;0;;Bom;Sem defeito;Perfeito estado;Seca;Perfeito estado;Não existe;Não há placas;60 km/h;2019
27/11/2019;11:35:00;SEM VÍTIMA;TAMARINEIRA;AV PROFESSOR JOSE DOS ANJOS;;COLISÃO;1;;;;;1;;;0;;;;;;;;;;2019
27/11/2019;12:04:00;COM VÍTIMA;ESPINHEIRO;RUA QUARENTA E OITO;SUBURBIO;COLISÃO COM CICLISTA;;1;1;;;;;;1;;Bom;Sem defeito;Perfeito estado;Seca;Perfeito estado;Agente;Placas Dê a preferência;40 km/h;2019
27/11/2019;12:19:00;SEM VÍTIMA;;AV SUL;CIDADE;CHOQUE VEÍCULO PARADO;;;;;;2;;;0;;Bom;Não existe;Perfeito estado;Seca;Perfeito estado;Não existe;Não há placas;;2019
27/11/2019;13:21:00;SEM VÍTIMA;ROSARINHO;RUA COUTO MAGALHAES;;COLISÃO TRASEIRA;2;;;;;;;;0;;Bom;Não existe;Perfeito estado;Seca;Perfeito estado;Não existe;R-6a;;2019
27/11/2019;13:24:00;SEM VÍTIMA;MADALENA;AV ENGENHEIRO ABDIAS DE CARVALHO;CIDADE;COLISÃO TRASEIRA;3;;;;;;;;0;;Bom;Sem defeito;Perfeito estado;Seca;Perfeito estado;Outros;Não há placas;60 km/h;2019
27/11/2019;13:32:00;COM VÍTIMA;COELHOS;RUA DOS COELHOS;SUBURBIO;COLISÃO FRONTAL;1;1;;;;;;;1;;Bom;Não existe;Perfeito estado;Seca;Perfeito estado;Não existe;R-6a;;2019
27/11/2019;14:25:00;SEM VÍTIMA;IMBIRIBEIRA;AV MARECHAL MASCARENHAS DE MORAES;CIDADE;COLISÃO TRASEIRA;3;;;;;;;;0;;Bom;Sem defeito;Perfeito estado;Seca;Perfeito estado;Faixa de pedestre;Outras;60 km/h;2019
27/11/2019;14:27:00;SEM VÍTIMA;SÃO JOSÉ;RUA IMPERIAL;SUBURBIO;ABALROAMENTO LONGITUDINAL;;1;;;1;;;;0;;Bom;Sem defeito;Perfeito estado;Seca;Perfeito estado;Faixa de retenção;Não há placas;;2019
27/11/2019;15:20:00;SEM VÍTIMA;BOA VIAGEM;RUA PROFESSOR JOAO MEDEIROS;;ABALROAMENTO LONGITUDINAL;2;;;;;;;;0;;Bom;Sem defeito;Perfeito estado;Seca;Perfeito estado;;Não há placas;40 km/h;2019
27/11/2019;15:25:00;SEM VÍTIMA;CASA AMARELA;EST DO ARRAIAL;SUBURBIO;COLISÃO TRASEIRA;3;;;;;;;;0;;Bom;Não existe;Incompleta;Seca;Perfeito estado;Não existe;Não há placas;;2019
27/11/2019;15:44:00;SEM VÍTIMA;PRADO;RUA CARLOS GOMES;SUBURBIO;COLISÃO TRASEIRA;2;;;;;;;;0;;Bom;Sem defeito;Perfeito estado;Seca;Perfeito estado;Faixa de pedestre;Não há placas;;2019
27/11/2019;16:26:00;SEM VÍTIMA;AFOGADOS;RUA COSME VIANA;SUBURBIO;ABALROAMENTO LONGITUDINAL;2;;;;;;;;0;;Bom;Não existe;Perfeito estado;Seca;Perfeito estado;Não existe;R-6a;;2019
27/11/2019;16:56:00;SEM VÍTIMA;ILHA DO LEITE;PRC MIGUEL DE CERVANTES;SUBURBIO;ABALROAMENTO LONGITUDINAL;1;;;;1;;;;0;;Bom;Não existe;Perfeito estado;Seca;Perfeito estado;Faixa de pedestre;R-6a;30 km/h;2019
27/11/2019;17:00:00;SEM VÍTIMA;MADALENA;RUA REAL DA TORRE;;COLISÃO TRASEIRA;2;1;;;;;;;0;;Bom;Não existe;Perfeito estado;Seca;Perfeito estado;Não existe;Outras;40 km/h;2019
27/11/2019;17:46:00;SEM VÍTIMA;BOA VISTA;RUA DOM BOSCO;;COLISÃO;2;;;;;;;;0;;;;;;;;;;2019
27/11/2019;18:15:00;SEM VÍTIMA;AREIAS;AV RECIFE;;ABALROAMENTO LONGITUDINAL;2;;;;;;;;0;;Bom;Sem defeito;Perfeito estado;Seca;Perfeito estado;Agente;Não há placas;60 km/h;2019
27/11/2019;19:11:00;COM VÍTIMA;IMBIRIBEIRA;AV MARECHAL MASCARENHAS DE MORAES;CIDADE;COLISÃO;1;1;;;;;;;1;;;;;;;;;;2019
27/11/2019;20:01:00;SEM VÍTIMA;ARRUDA;EST VELHA DE AGUA FRIA;;ABALROAMENTO LONGITUDINAL;2;;;;;;;;0;;Bom;Não existe;;Seca;Perfeito estado;;Outras;;2019
27/11/2019;20:43:00;SEM VÍTIMA;GRAÇAS;RUA DR BANDEIRA FILHO;;COLISÃO;1;;;;;1;;;0;;;;;;;;;;2019
27/11/2019;20:51:00;COM VÍTIMA;CAMPO GRANDE;EST DE BELEM;SUBURBIO;ABALROAMENTO TRANSVERSAL;1;1;;;;;;;1;;Bom;Não existe;;Seca;Perfeito estado;Não existe;;;2019
27/11/2019;22:09:00;SEM VÍTIMA;PARNAMIRIM;AV DEZESSETE DE AGOSTO;SUBURBIO;ABALROAMENTO LONGITUDINAL;2;;;;;;;;0;;Bom;Sem defeito;Perfeito estado;Seca;Perfeito estado;Faixa de pedestre;R-6a;50 km/h;2019
27/11/2019;22:30:00;SEM VÍTIMA;BOA VIAGEM;RUA COSMORAMA;SUBURBIO;COLISÃO TRASEIRA;1;;;;1;;;;0;;Bom;Não existe;Incompleta;Seca;Perfeito estado;Não existe;Outras;;2019
28/11/2019;00:26:00;SEM VÍTIMA;BOA VIAGEM;AV BOA VIAGEM;CIDADE;ABALROAMENTO LONGITUDINAL;2;;;;;;;;0;;Bom;Intermitente;Ilegível;Seca;Mal iluminada;Faixa de pedestre;Não há placas;60 km/h;2019
28/11/2019;06:44:00;SEM VÍTIMA;DERBY;RUA DR SEVERINO PINHEIRO;CIDADE;ABALROAMENTO LONGITUDINAL;1;;;;1;;;;0;;Bom;Sem defeito;Perfeito estado;Seca;Perfeito estado;Agente;;50 km/h;2019
28/11/2019;07:17:00;SEM VÍTIMA;IMBIRIBEIRA;AV MARECHAL MASCARENHAS DE MORAES;CIDADE;COLISÃO;2;;;;;;;;0;;;;;;;;;;2019
28/11/2019;07:47:00;SEM VÍTIMA;IPSEP;AV RECIFE;CIDADE;COLISÃO TRASEIRA;3;;;;;;;;0;;Bom;Sem defeito;Perfeito estado;Seca;Perfeito estado;;;60 km/h;2019
28/11/2019;08:09:00;SEM VÍTIMA;AFOGADOS;AV SUL;CIDADE;COLISÃO;2;;;;;;;;0;;;;;;;;;;2019
28/11/2019;08:14:00;SEM VÍTIMA;PINA;AV ANTONIO DE GOES;CIDADE;ABALROAMENTO TRANSVERSAL;1;;;;1;;;;0;;Bom;Sem defeito;Perfeito estado;Seca;Perfeito estado;Agente;;60 km/h;2019
28/11/2019;08:28:00;COM VÍTIMA;CASA AMARELA;RUA BELA VISTA;SUBURBIO;ABALROAMENTO TRANSVERSAL;1;1;;;;;;;1;;Bom;Não existe;Perfeito estado;Seca;Perfeito estado;;;;2019
28/11/2019;08:42:00;COM VÍTIMA;APIPUCOS;RUA DE APIPUCOS;CIDADE;COLISÃO TRASEIRA;4;;;;;;;;1;;Bom;Não existe;Perfeito estado;Seca;Perfeito estado;Não existe;R-6a;60 km/h;2019
28/11/2019;09:24:00;COM VÍTIMA;IBURA;AV DOIS RIOS;CIDADE;ATROPELAMENTO;;1;;1;;;;;1;;Bom;Não existe;Perfeito estado;Seca;Perfeito estado;Não existe;Placas Dê a preferência;;2019
28/11/2019;09:28:00;SEM VÍTIMA;AREIAS;AV DR JOSE RUFINO;CIDADE;ABALROAMENTO LONGITUDINAL;2;;;;;;;;0;;Bom;Sem defeito;Ilegível;Seca;Perfeito estado;Faixa de pedestre;;;2019
28/11/2019;09:45:00;SEM VÍTIMA;ESPINHEIRO;RUA CONS PORTELA;CIDADE;ABALROAMENTO LONGITUDINAL;2;;;;;;;;0;;Bom;Sem defeito;Perfeito estado;Seca;Perfeito estado;Agente;Não há placas;40 km/h;2019
28/11/2019;09:56:00;SEM VÍTIMA;MUSTARDINHA;RUA JOANA FRANCISCA DE AZEVEDO;SUBURBIO;ABALROAMENTO LONGITUDINAL;2;;;;;;;;0;;Bom;Não existe;Não existente;Seca;Perfeito estado;Não existe;Não há placas;;2019
28/11/2019;10:08:00;SEM VÍTIMA;BOA VIAGEM;RUA VISCONDE DE JEQUITINHONHA;;COLISÃO;2;;;;;;;;0;;;;;;;;;;2019
28/11/2019;10:45:00;SEM VÍTIMA;AFLITOS;RUA CONS PORTELA;CIDADE;ABALROAMENTO LONGITUDINAL;2;;;;;;;;0;;Bom;Não existe;Perfeito estado;Seca;Perfeito estado;Não existe;R-6c;60 km/h;2019
28/11/2019;10:52:00;SEM VÍTIMA;MADALENA;RUA JOSE OSORIO;SUBURBIO;COLISÃO TRASEIRA;2;;;;;;;;0;;Bom;Sem defeito;Perfeito estado;Seca;Perfeito estado;Não existe;Não há placas;;2019
28/11/2019;11:32:00;SEM VÍTIMA;ESTÂNCIA;AV RECIFE;;COLISÃO;1;;;;1;;;;0;;;;;;;;;;2019
28/11/2019;12:14:00;COM VÍTIMA;MADALENA;RUA DEMOCRITO DE SOUZA FILHO;SUBURBIO;ABALROAMENTO TRANSVERSAL;1;1;;;;;;;1;;Bom;Não existe;Perfeito estado;Seca;Perfeito estado;Não existe;Placas Pare;40 km/h;2019
28/11/2019;13:05:00;SEM VÍTIMA;ESPINHEIRO;RUA DO ESPINHEIRO;SUBURBIO;ABALROAMENTO LONGITUDINAL;1;;;;1;;;;0;;Bom;Sem defeito;Perfeito estado;Seca;Perfeito estado;Faixa de pedestre;R-6a;40 km/h;2019
28/11/2019;13:07:00;SEM VÍTIMA;CAMPO GRANDE;RUA PROFESSOR FRANCISCO DA TRINDADE;;COLISÃO;2;;;;;;;;0;;;;;;;;;;2019
28/11/2019;13:58:00;SEM VÍTIMA;CURADO;RUA DR GEORGE WILLIAM BUTLER;;COLISÃO;2;;;;;;;;0;;;;;;;;;;2019
28/11/2019;14:03:00;SEM VÍTIMA;DERBY;RUA BENFICA;CIDADE;COLISÃO TRASEIRA;2;;;;;;;;0;;Bom;Não existe;Perfeito estado;Seca;Perfeito estado;Faixa de pedestre;Outras;;2019
28/11/2019;14:07:00;COM VÍTIMA;DERBY;RUA BENFICA;SUBURBIO;COLISÃO TRASEIRA;1;1;;;;;;;1;;Bom;Sem defeito;Ilegível;Seca;Perfeito estado;Não existe;R-6a;;2019
28/11/2019;14:13:00;SEM VÍTIMA;ESPINHEIRO;RUA JOAO FERNANDES VIEIRA;SUBURBIO;ABALROAMENTO LONGITUDINAL;1;;;;1;;;;0;;Bom;Sem defeito;Perfeito estado;Seca;Perfeito estado;Faixa de pedestre;R-6a;60 km/h;2019
28/11/2019;14:15:00;COM VÍTIMA;CAXANGÁ;AV CAXANGA;SUBURBIO;ABALROAMENTO LONGITUDINAL;1;1;;;;;;;2;;Bom;Não existe;Perfeito estado;Seca;Perfeito estado;Não existe;Não há placas;;2019
28/11/2019;15:08:00;SEM VÍTIMA;TAMARINEIRA;EST DO ARRAIAL;SUBURBIO;COLISÃO FRONTAL;3;;;;;;;;0;;Bom;Não existe;;;;Faixa de pedestre;Placas Pare;;2019
28/11/2019;15:16:00;SEM VÍTIMA;SANTO AMARO;AV CRUZ CABUGA;CIDADE;ABALROAMENTO LONGITUDINAL;;;;;1;1;;;0;;Bom;Sem defeito;Perfeito estado;Seca;Perfeito estado;Faixa de pedestre;Não há placas;;2019
28/11/2019;16:15:00;SEM VÍTIMA;TORREÃO;AV NORTE;SUBURBIO;COLISÃO TRASEIRA;2;;;;;;;;0;;Bom;Sem defeito;Perfeito estado;Seca;Perfeito estado;Faixa de pedestre;R-6a;60 km/h;2019
28/11/2019;16:47:00;COM VÍTIMA;MADALENA;AV VISCONDE DE ALBUQUERQUE;SUBURBIO;COLISÃO;1;1;;;;;;;2;;Bom;Sem defeito;Perfeito estado;Seca;Perfeito estado;Faixa de pedestre;Outras;;2019
28/11/2019;18:07:00;SEM VÍTIMA;AFOGADOS;;SUBURBIO;COLISÃO TRASEIRA;2;;;;;;;;0;;Bom;Sem defeito;Perfeito estado;Seca;Perfeito estado;Agente;R-6a;40 km/h;2019
28/11/2019;18:09:00;SEM VÍTIMA;BOA VIAGEM;AV FERNANDO SIMOES BARBOSA;SUBURBIO;ABALROAMENTO LONGITUDINAL;1;;;;1;;;;0;;Bom;Sem defeito;Perfeito estado;Seca;Perfeito estado;Faixa de pedestre;;;2019
28/11/2019;18:25:00;SEM VÍTIMA;CASA FORTE;RUA IRMA MARIA DAVID;SUBURBIO;ABALROAMENTO TRANSVERSAL;2;;;;;;;;0;;Bom;Não existe;Perfeito estado;Seca;Perfeito estado;Agente;Não há placas;30 km/h;2019
28/11/2019;18:29:00;SEM VÍTIMA;AREIAS;AV DR JOSE RUFINO;SUBURBIO;ABALROAMENTO LONGITUDINAL;2;;;;;;;;0;;Bom;Não existe;Perfeito estado;Seca;Perfeito estado;Não existe;Não há placas;;2019
28/11/2019;19:07:00;SEM VÍTIMA;BOA VIAGEM;RUA PEDRO PAES MENDONCA;;ABALROAMENTO LONGITUDINAL;1;;;;1;;;;0;;Bom;Sem defeito;Perfeito estado;Seca;Perfeito estado;Não existe;R-6a;40 km/h;2019
28/11/2019;19:22:00;SEM VÍTIMA;BOA VIAGEM;RUA VISCONDE DE JEQUITINHONHA;SUBURBIO;COLISÃO;1;;;;1;;;;0;;;;;;;;;;2019
28/11/2019;19:43:00;SEM VÍTIMA;BOA VIAGEM;RUA VISCONDE DE JEQUITINHONHA;SUBURBIO;ABALROAMENTO LONGITUDINAL;1;;;;1;;;;0;;Bom;Não existe;Perfeito estado;Seca;Perfeito estado;;Placas Dê a preferência;;2019
28/11/2019;19:46:00;SEM VÍTIMA;VÁRZEA;RUA CONEGO JOSE FERNANDES MACHADO;;COLISÃO;1;1;;;;;;;0;;;;;;;;;;2019
28/11/2019;19:59:00;SEM VÍTIMA;AREIAS;RUA IPOJUCA;SUBURBIO;CHOQUE OBJETO FIXO;2;;;;;;;;0;;Bom;Não existe;Perfeito estado;Seca;Perfeito estado;Não existe;Outras;;2019
28/11/2019;21:52:00;SEM VÍTIMA;ROSARINHO;AV NORTE;SUBURBIO;ABALROAMENTO LONGITUDINAL;2;;;;;;;;0;;Bom;Não existe;Não existente;Seca;Perfeito estado;Não existe;Não há placas;;2019
29/11/2019;00:35:00;SEM VÍTIMA;BOA VIAGEM;AV MARECHAL JUAREZ TAVORA;SUBURBIO;ABALROAMENTO TRANSVERSAL;2;;;;;;;;0;;Chuvoso;Intermitente;Perfeito estado;Molhada;Mal iluminada;Faixa de pedestre;Não há placas;30 km/h;2019
29/11/2019;00:39:00;SEM VÍTIMA;BOA VISTA;RUA DOM BOSCO;;COLISÃO;1;;;;1;;;;0;;;;;;;;;;2019
29/11/2019;01:06:00;SEM VÍTIMA;CAMPO GRANDE;AV CORREIA DE BRITO;;COLISÃO;2;;;;;;;;0;;;;;;;;;;2019
29/11/2019;06:45:00;COM VÍTIMA;ILHA JOANA BEZERRA;AV DES GUERRA BARRETO;CIDADE;COLISÃO COM CICLISTA;1;;1;;;;;;1;;Bom;Sem defeito;Incompleta;Seca;Mal conservada;Não existe;Não há placas;;2019
29/11/2019;07:44:00;COM VÍTIMA;APIPUCOS;RUA DE APIPUCOS;CIDADE;ABALROAMENTO TRANSVERSAL;1;1;;;;;;;1;;Bom;Não existe;Perfeito estado;Seca;Perfeito estado;;Placas Pare;;2019
29/11/2019;07:57:00;COM VÍTIMA;JORDÃO;AV MARIA IRENE;CIDADE;ABALROAMENTO TRANSVERSAL;1;1;;;;;;;1;;Bom;Não existe;Não existente;Seca;Perfeito estado;Não existe;Não há placas;;2019
29/11/2019;08:06:00;SEM VÍTIMA;BAIRRO DO RECIFE;AV MILITAR;CIDADE;ABALROAMENTO LONGITUDINAL;1;;;;;1;;;0;;Bom;Não existe;Perfeito estado;Seca;Perfeito estado;Não existe;Outras;;2019
29/11/2019;08:28:00;SEM VÍTIMA;TEJIPIÓ;AV DR JOSE RUFINO;;COLISÃO;2;;;;;;;;0;;;;;;;;;;2019
29/11/2019;09:45:00;SEM VÍTIMA;SANTO AMARO;RUA TREZE DE MAIO;SUBURBIO;ABALROAMENTO LONGITUDINAL;1;;;;;1;;;0;;Bom;Sem defeito;Perfeito estado;Seca;Perfeito estado;;Outras;;2019
29/11/2019;10:07:00;COM VÍTIMA;IPSEP;RUA JEAN EMILE FAVRE;CIDADE;ABALROAMENTO LONGITUDINAL;1;1;;;;;;;2;;Bom;Não existe;Perfeito estado;Seca;Perfeito estado;Não existe;Não há placas;40 km/h;2019
29/11/2019;10:24:00;SEM VÍTIMA;ESPINHEIRO;AV GOVERNADOR AGAMENON MAGALHAES;;ABALROAMENTO TRANSVERSAL;2;;;;;;;;0;;Bom;Não existe;Perfeito estado;Seca;Perfeito estado;Não existe;Outras;;2019
29/11/2019;10:38:00;SEM VÍTIMA;BOA VISTA;AV JOAO DE BARROS;;COLISÃO;2;;;;;;;;0;;;;;;;;;;2019
29/11/2019;11:07:00;SEM VÍTIMA;IMBIRIBEIRA;AV GENERAL MAC ARTHUR;;COLISÃO;2;;;;;;;;0;;;;;;;;;;2019
29/11/2019;11:13:00;SEM VÍTIMA;BOA VIAGEM;RUA TENENTE JOAO CICERO;SUBURBIO;ABALROAMENTO TRANSVERSAL;2;;;;;;;;0;;Bom;Não existe;Perfeito estado;Seca;Perfeito estado;Não existe;Placas Pare;;2019
29/11/2019;11:50:00;SEM VÍTIMA;DERBY;AV GOVERNADOR AGAMENON MAGALHAES;;COLISÃO FRONTAL;3;;;;;;;;0;;Bom;Sem defeito;Perfeito estado;Seca;Perfeito estado;Não existe;Não há placas;60 km/h;2019
29/11/2019;11:55:00;SEM VÍTIMA;MACAXEIRA;AV NORTE;SUBURBIO;ABALROAMENTO TRANSVERSAL;2;;;;;;;;0;;Bom;Sem defeito;Perfeito estado;Seca;Perfeito estado;Faixa de pedestre;R-6a;60 km/h;2019
29/11/2019;12:08:00;SEM VÍTIMA;CAJUEIRO;AV BEBERIBE;SUBURBIO;ABALROAMENTO LONGITUDINAL;1;;;;1;;;;0;;Bom;Não existe;Perfeito estado;Seca;Perfeito estado;Não existe;Outras;;2019