data;hora;natureza_acidente;bairro;endereco;sentido_via;tipo;auto;moto;ciclista;pedestre;onibus;caminhao;viatura;outros;vitimas;vitimasfatais;tempo_clima;situacao_semaforo;sinalizacao;condicao_via;conservacao_via;ponto_controle;situacao_placa;velocidade_max_via;ano
29/11/2019;12:12:00;SEM VÍTIMA;BOA VIAGEM;AV ENGENHEIRO DOMINGOS FERREIRA;SUBURBIO;COLISÃO TRASEIRA;2;;;;;;;;0;;Bom;Sem defeito;Perfeito estado;Seca;Perfeito estado;Faixa de pedestre;Outras;60 km/h;2019
29/11/2019;12:40:00;SEM VÍTIMA;IPSEP;AV RECIFE;;ABALROAMENTO LONGITUDINAL;1;;;;;1;;;0;;Bom;Sem defeito;Perfeito estado;Seca;Perfeito estado;Agente;R-6a;;2019
29/11/2019;12:47:00;SEM VÍTIMA;CABANGA;RUA BITURI;;COLISÃO;2;;;;;;;;0;;;;;;;;;;2019
29/11/2019;12:48:00;COM VÍTIMA;BOA VIAGEM;AV DOM JOAO VI;SUBURBIO;COLISÃO TRASEIRA;2;;;;;;;;1;;Bom;Não existe;Perfeito estado;Seca;Perfeito estado;;Não há placas;60 km/h;2019
29/11/2019;12:55:00;SEM VÍTIMA;BOA VIAGEM;AV CONSELHEIRO AGUIAR;CIDADE;COLISÃO TRASEIRA;2;;;;;1;;;0;;Bom;Não existe;Perfeito estado;Seca;Perfeito estado;Não existe;Não há placas;60 km/h;2019
29/11/2019;13:15:00;SEM VÍTIMA;ILHA DO RETIRO;PRC DA BANDEIRA;SUBURBIO;ABALROAMENTO LONGITUDINAL;1;;;;;1;;;0;;Bom;Não existe;Perfeito estado;Seca;Perfeito estado;Agente;Outras;;2019
29/11/2019;13:22:00;SEM VÍTIMA;IPSEP;AV RECIFE;;COLISÃO TRASEIRA;3;;;;;;;;0;;Bom;Não existe;Perfeito estado;Seca;Perfeito estado;Não existe;Outras;;2019
29/11/2019;13:33:00;SEM VÍTIMA;MADALENA;RUA REAL DA TORRE;CIDADE;ABALROAMENTO LONGITUDINAL;2;;;;;;;;0;;Bom;Não existe;Incompleta;Seca;Perfeito estado;Não existe;R-6a;;2019
29/11/2019;14:17:00;SEM VÍTIMA;BONGI;RUA DELMIRO GOUVEIA;;ABALROAMENTO LONGITUDINAL;1;;;;;1;;;0;;Bom;Não existe;Ilegível;Seca;Perfeito estado;Não existe;R-3;;2019
29/11/2019;14:27:00;SEM VÍTIMA;MADALENA;RUA JOSE OSORIO;SUBURBIO;COLISÃO TRASEIRA;3;;;;;;;;0;;Bom;Não existe;Perfeito estado;Seca;Perfeito estado;Não existe;Não há placas;;2019
29/11/2019;14:30:00;COM VÍTIMA;AFOGADOS;RUA COSME VIANA;SUBURBIO;TOMBAMENTO;;1;;;;;;;1;;Bom;Sem defeito;Perfeito estado;Seca;Perfeito estado;Faixa de retenção;Outras;;2019
29/11/2019;14:48:00;SEM VÍTIMA;BAIRRO DO RECIFE;AV ALFREDO LISBOA;SUBURBIO;ABALROAMENTO LONGITUDINAL;1;1;;;;;;;0;;Bom;Não existe;Perfeito estado;Seca;Perfeito estado;Outros;Outras;;2019
29/11/2019;14:50:00;SEM VÍTIMA;VÁRZEA;RUA PROFESSOR CHAVES BATISTA;SUBURBIO;ABALROAMENTO LONGITUDINAL;1;;;;;;;1;0;;Bom;Não existe;Perfeito estado;Seca;Perfeito estado;Faixa de pedestre;R-6a;;2019
29/11/2019;15:29:00;SEM VÍTIMA;GRAÇAS;RUA DAS CREOULAS;CIDADE;ABALROAMENTO LONGITUDINAL;2;;;;;;;;0;;Bom;Não existe;Perfeito estado;Seca;Perfeito estado;Não existe;Outras;;2019
29/11/2019;15:34:00;COM VÍTIMA;BOA VIAGEM;AV ENGENHEIRO DOMINGOS FERREIRA;SUBURBIO;ABALROAMENTO LONGITUDINAL;1;1;;;;;;;1;;Bom;Sem defeito;Perfeito estado;Seca;Perfeito estado;Faixa de pedestre;Outras;60 km/h;2019
29/11/2019;16:11:00;SEM VÍTIMA;CASA FORTE;AV DEZESSETE DE AGOSTO;;ABALROAMENTO LONGITUDINAL;1;;;;1;;;;0;;Bom;Sem defeito;Perfeito estado;Seca;Perfeito estado;Agente;;;2019
29/11/2019;16:42:00;SEM VÍTIMA;SÃO JOSÉ;RUA IMPERIAL;SUBURBIO;COLISÃO TRASEIRA;3;;;;;;;;0;;Bom;Não existe;Perfeito estado;Seca;Perfeito estado;Não existe;Não há placas;;2019
29/11/2019;16:48:00;SEM VÍTIMA;CASA AMARELA;RUA ITACOATIARA;;COLISÃO;1;1;;;;;;;0;;;;;;;;;;2019
29/11/2019;16:54:00;COM VÍTIMA;MADALENA;RUA LOPES DE CARVALHO;SUBURBIO;ABALROAMENTO TRANSVERSAL;1;1;;;;;;;1;;Bom;Não existe;Perfeito estado;Seca;Perfeito estado;Não existe;R-24a;;2019
29/11/2019;16:55:00;SEM VÍTIMA;TORRE;RUA URIEL PAES BARRETO;SUBURBIO;CHOQUE VEÍCULO PARADO;1;;;;;1;;;0;;Bom;Não existe;Perfeito estado;Seca;Perfeito estado;Não existe;R-6a;;2019
29/11/2019;16:58:00;SEM VÍTIMA;IPUTINGA;AV CAXANGA;SUBURBIO;COLISÃO TRASEIRA;3;;;;;;;;0;;Bom;Não existe;Perfeito estado;Seca;Perfeito estado;Faixa de retenção;Não há placas;;2019
29/11/2019;17:18:00;SEM VÍTIMA;MORRO DA CONCEIÇÃO;RUA ITACOATIARA;;ABALROAMENTO LONGITUDINAL;1;1;;;;;;;0;;Bom;Não existe;Perfeito estado;Seca;Perfeito estado;Outros;;;2019
29/11/2019;17:19:00;SEM VÍTIMA;TAMARINEIRA;RUA DR JOSE MARIA;SUBURBIO;ABALROAMENTO LONGITUDINAL;2;;;;;;;;0;;Bom;Sem defeito;Perfeito estado;Seca;Perfeito estado;Faixa de pedestre;Outras;40 km/h;2019
29/11/2019;17:42:00;SEM VÍTIMA;SÃO JOSÉ;C SANTA RITA;;COLISÃO TRASEIRA;2;;;;;;;;0;;Bom;Não existe;Perfeito estado;Seca;Perfeito estado;Outros;Outras;60 km/h;2019
29/11/2019;17:47:00;SEM VÍTIMA;VÁRZEA;AV CAXANGA;;COLISÃO;1;;;;1;;;;0;;;;;;;;;;2019
29/11/2019;17:51:00;SEM VÍTIMA;IBURA;AV MATO GROSSO;;ABALROAMENTO TRANSVERSAL;2;;;;;;;;0;;Bom;Não existe;Não existente;Seca;Perfeito estado;Não existe;Não há placas;;2019
29/11/2019;17:54:00;SEM VÍTIMA;PINA;AV ANTONIO DE GOES;CIDADE;COLISÃO TRASEIRA;3;;;;;;;;0;;Bom;Não existe;Não existente;Seca;Perfeito estado;Não existe;Não há placas;;2019
29/11/2019;18:03:00;SEM VÍTIMA;CASA FORTE;AV DEZESSETE DE AGOSTO;SUBURBIO;ABALROAMENTO TRANSVERSAL;2;;;;;;;;0;;Bom;Não existe;Incompleta;Seca;Perfeito estado;Não existe;;;2019
29/11/2019;18:03:00;COM VÍTIMA;BOA VIAGEM;AVENIDA CELSO FURTADO (VIA MANGUE);;COLISÃO;1;1;;;;;;;1;;;;;;;;;;2019
29/11/2019;18:24:00;SEM VÍTIMA;ILHA DO LEITE;AV GOVERNADOR AGAMENON MAGALHAES;SUBURBIO;ABALROAMENTO LONGITUDINAL;1;;;;;1;;;0;;Bom;Não existe;Perfeito estado;Seca;Perfeito estado;Não existe;Outras;;2019
29/11/2019;18:28:00;;IPUTINGA;AV CAXANGA;CIDADE;ABALROAMENTO LONGITUDINAL;1;;;;1;;;;;;Bom;Não existe;Não existente;Seca;Perfeito estado;Não existe;Não há placas;60 km/h;2019
29/11/2019;18:34:00;SEM VÍTIMA;TAMARINEIRA;RUA CONEGO BARATA;CIDADE;ABALROAMENTO LONGITUDINAL;2;;;;;;;;0;;Bom;Não existe;Perfeito estado;Seca;Perfeito estado;Não existe;Não há placas;;2019
29/11/2019;18:35:00;COM VÍTIMA;CORDEIRO;AV GENERAL SAN MARTIN;SUBURBIO;ABALROAMENTO TRANSVERSAL;1;1;;;;;;;1;;Bom;Sem defeito;Perfeito estado;Outros;Outros;Faixa de pedestre;R-6a;;2019
29/11/2019;19:02:00;SEM VÍTIMA;ENGENHO DO MEIO;RUA GOVERNADOR LOPO GARRO;;CHOQUE;1;;;;;;;1;0;;;;;;;;;;2019
29/11/2019;19:46:00;SEM VÍTIMA;BOA VIAGEM;RUA RIO AZUL;;ABALROAMENTO LONGITUDINAL;2;;;;;;;;0;;Bom;Sem defeito;Perfeito estado;Seca;Perfeito estado;Faixa de pedestre;Outras;;2019
29/11/2019;21:36:00;SEM VÍTIMA;ENGENHO DO MEIO;RUA JOSE DOS SANTOS;;COLISÃO;2;;;;;;;;0;;;;;;;;;;2019
29/11/2019;22:13:00;SEM VÍTIMA;IMBIRIBEIRA;AV MARECHAL MASCARENHAS DE MORAES;CIDADE;ABALROAMENTO LONGITUDINAL;2;;;;;;;;0;;Bom;Não existe;Perfeito estado;Seca;Perfeito estado;Não existe;Não há placas;;2019
30/11/2019;01:43:00;SEM VÍTIMA;BOA VIAGEM;RUA PADRE BERNADINO PESSOA;;CHOQUE VEÍCULO PARADO;2;;;;;;;;0;;Bom;Não existe;Perfeito estado;Seca;Perfeito estado;Não existe;Não há placas;;2019
30/11/2019;03:36:00;COM VÍTIMA;CABANGA;AV ENGENHEIRO JOSE ESTELITA;CIDADE;COLISÃO TRASEIRA;2;;;;;;;;1;;Bom;Não existe;Perfeito estado;Seca;Perfeito estado;Não existe;Não há placas;60 km/h;2019
30/11/2019;04:43:00;COM VÍTIMA;SÃO JOSÉ;AV SUL;CIDADE;ATROPELAMENTO;1;;;1;;;;;1;;Bom;Não existe;Perfeito estado;Seca;Perfeito estado;Não existe;Não há placas;;2019
30/11/2019;06:04:00;COM VÍTIMA;IBURA;AV DOIS RIOS;CIDADE;CHOQUE OBJETO FIXO;;;;;1;;;;3;;Bom;Sem defeito;Perfeito estado;Seca;Perfeito estado;Não existe;R-6c;;2019
30/11/2019;06:29:00;SEM VÍTIMA;BOA VISTA;RUA DA AURORA;SUBURBIO;CHOQUE OBJETO FIXO;1;;;;;;;;0;;Bom;Com defeito;Perfeito estado;Seca;Perfeito estado;Faixa de pedestre;;;2019
30/11/2019;08:11:00;SEM VÍTIMA;SANTO AMARO;AV MARIO MELO;;COLISÃO;2;;;;;;;;0;;;;;;;;;;2019
30/11/2019;08:32:00;SEM VÍTIMA;CORDEIRO;AV MAURICIO DE NASSAU;;COLISÃO;1;1;;;;;;;0;;;;;;;;;;2019
30/11/2019;10:04:00;SEM VÍTIMA;NOVA DESCOBERTA;AV VEREADOR OTACILIO AZEVEDO;;COLISÃO TRASEIRA;1;;;;1;;;;0;;Bom;Não existe;Perfeito estado;Seca;Perfeito estado;Não existe;Não há placas;;2019
30/11/2019;11:11:00;SEM VÍTIMA;IBURA;RUA RIBEIRAO VERMELHO;;COLISÃO;;;;;;;;;0;;;;;;;;;;2019
30/11/2019;12:01:00;SEM VÍTIMA;IMBIRIBEIRA;AV MARECHAL MASCARENHAS DE MORAES;;COLISÃO;2;;;;;;;;0;;;;;;;;;;2019
30/11/2019;12:08:00;SEM VÍTIMA;BOA VISTA;RUA DA CONCEICAO;CIDADE;CHOQUE VEÍCULO PARADO;2;;;;;;;;0;;Bom;Não existe;Perfeito estado;Seca;Perfeito estado;Não existe;Outras;;2019
30/11/2019;12:11:00;SEM VÍTIMA;AREIAS;RUA AURORA CACOTE;;COLISÃO TRASEIRA;2;;;;;;;;0;;Bom;Não existe;Incompleta;Seca;Perfeito estado;Não existe;Placas Pare;;2019
30/11/2019;12:50:00;COM VÍTIMA;IBURA;AV DOM HELDER CAMARA;SUBURBIO;COLISÃO TRASEIRA;;2;;;;;;;1;;Bom;Não existe;Ilegível;Seca;Perfeito estado;Outros;Não há placas;;2019
30/11/2019;13:43:00;SEM VÍTIMA;AFOGADOS;RUA COSME VIANA;CIDADE;COLISÃO TRASEIRA;2;;;;;;;;0;;Bom;Sem defeito;Perfeito estado;Seca;Perfeito estado;Faixa de pedestre;Não há placas;;2019
30/11/2019;14:12:00;SEM VÍTIMA;AREIAS;AV RECIFE;;COLISÃO TRASEIRA;2;;;;;;;;0;;Bom;Sem defeito;Perfeito estado;Seca;Perfeito estado;Faixa de pedestre;Não há placas;60 km/h;2019
30/11/2019;15:36:00;SEM VÍTIMA;ESTÂNCIA;AV RECIFE;CIDADE;COLISÃO TRASEIRA;3;;;;;;;;0;;Bom;Sem defeito;Perfeito estado;Seca;Perfeito estado;Faixa de pedestre;R-6a;60 km/h;2019
30/11/2019;15:42:00;SEM VÍTIMA;TORRE;AV BEIRA RIO;;COLISÃO;1;1;;;;;;;0;;;;;;;;;;2019
30/11/2019;15:52:00;SEM VÍTIMA;BAIRRO DO RECIFE;RUA DO APOLO;;ABALROAMENTO LONGITUDINAL;2;;;;;;;;0;;Bom;Sem defeito;;Seca;Perfeito estado;Não existe;Outras;;2019
30/11/2019;15:56:00;COM VÍTIMA;SÃO JOSÉ;RUA DA CONCORDIA;CIDADE;ABALROAMENTO TRANSVERSAL;;1;;;1;;;;1;;Bom;Sem defeito;Perfeito estado;Seca;Perfeito estado;Não existe;R-6a;;2019
30/11/2019;16:05:00;SEM VÍTIMA;BOA VISTA;RUA DA AURORA;;ABALROAMENTO LONGITUDINAL;2;;;;;;;1;0;;Bom;Não existe;Perfeito estado;Seca;Perfeito estado;Não existe;Não há placas;;2019
30/11/2019;17:21:00;SEM VÍTIMA;SAN MARTIN;AV CONSUL VILARES FRAGOSO;;ABALROAMENTO TRANSVERSAL;2;;;;;;;;0;;Bom;Não existe;Perfeito estado;Seca;;Não existe;Placas Pare;30 km/h;2019
30/11/2019;17:36:00;SEM VÍTIMA;BOA VIAGEM;AV DOM JOAO VI;;COLISÃO;1;;;;1;;;;0;;;;;;;;;;2019
30/11/2019;18:09:00;SEM VÍTIMA;VÁRZEA;AV CAXANGA;SUBURBIO;COLISÃO TRASEIRA;2;;;;;;;;0;;Bom;Não existe;Perfeito estado;Seca;Perfeito estado;Não existe;Não há placas;;2019
30/11/2019;18:36:00;SEM VÍTIMA;VÁRZEA;RUA MARIO CAMPELO;SUBURBIO;ABALROAMENTO LONGITUDINAL;2;;;;1;;;1;0;;Bom;Não existe;Não existente;Seca;Perfeito estado;;Não há placas;;2019
30/11/2019;19:09:00;COM VÍTIMA;FUNDÃO;RUA CORONEL URBANO RIBEIRO DE SENA;SUBURBIO;ABALROAMENTO LONGITUDINAL;1;1;;;;;;;1;;Bom;Sem defeito;Perfeito estado;Seca;Perfeito estado;Faixa de pedestre;Não há placas;;2019
30/11/2019;19:15:00;SEM VÍTIMA;TORRE;RUA PADRE LANDIM;;COLISÃO FRONTAL;1;1;;;;;;;0;;Bom;Sem defeito;Perfeito estado;Seca;Perfeito estado;;;;2019
30/11/2019;22:48:00;SEM VÍTIMA;BOA VIAGEM;RUA RIBEIRO DE BRITO;SUBURBIO;ABALROAMENTO LONGITUDINAL;3;;;;;;;;0;;Bom;Não existe;Perfeito estado;Seca;Perfeito estado;Não existe;Não há placas;;2019
30/11/2019;23:10:00;SEM VÍTIMA;CASA AMARELA;AV NORTE;SUBURBIO;ABALROAMENTO LONGITUDINAL;2;;;;;;;;0;;Bom;Não existe;Perfeito estado;Seca;Perfeito estado;Não existe;Não há placas;60 km/h;2019
30/11/2019;23:42:00;SEM VÍTIMA;BOA VIAGEM;AV ENGENHEIRO DOMINGOS FERREIRA;SUBURBIO;COLISÃO FRONTAL;2;;;;;;;;0;;Bom;Sem defeito;Perfeito estado;Seca;Perfeito estado;;Não há placas;;2019
01/12/2019;00:17:00;COM VÍTIMA;SÃO JOSÉ;RUA IMPERIAL;SUBURBIO;ABALROAMENTO TRANSVERSAL;1;1;;;;;;;1;;Bom;Intermitente;Perfeito estado;Seca;Perfeito estado;Faixa de pedestre;Não há placas;;2019
01/12/2019;01:00:00;SEM VÍTIMA;TEJIPIÓ;RUA SOLDADO JOAQUIM XAVIER;SUBURBIO;ABALROAMENTO LONGITUDINAL;2;;;;;;;;0;;Bom;Não existe;Não existente;Seca;Perfeito estado;Não existe;Não há placas;;2019
01/12/2019;03:56:00;SEM VÍTIMA;;RUA BENFICA;;ABALROAMENTO LONGITUDINAL;2;;;;;;;;0;;Bom;Não existe;Perfeito estado;Seca;Perfeito estado;Outros;Não há placas;;2019
01/12/2019;06:53:00;SEM VÍTIMA;BOA VIAGEM;RUA SETUBAL;;COLISÃO;2;;;;;;;;0;;;;;;;;;;2019
01/12/2019;11:58:00;COM VÍTIMA;BOA VIAGEM;RUA DR VICENTE GOMES;;COLISÃO;1;1;;;;;;;1;;;;;;;;;;2019
01/12/2019;12:27:00;SEM VÍTIMA;BOA VISTA;AV MANOEL BORBA;;COLISÃO;3;;;;;;;;0;;;;;;;;;;2019
01/12/2019;12:33:00;SEM VÍTIMA;ROSARINHO;RUA GENERAL ABREU E LIMA;;COLISÃO;2;;;;;;;;0;;;;;;;;;;2019
01/12/2019;12:44:00;COM VÍTIMA;VÁRZEA;AV PROFESSOR MORAES REGO;SUBURBIO;COLISÃO;1;1;;;;;;;2;;;;;;;;;;2019
01/12/2019;13:08:00;SEM VÍTIMA;TORRE;RUA VITORIANO PALHARES;;COLISÃO;2;;;;;;;;0;;;;;;;;;;2019
01/12/2019;13:24:00;COM VÍTIMA;CORDEIRO;RUA CLOTILDE DE OLIVEIRA;;COLISÃO FRONTAL;1;1;;;;;;;1;;Bom;Sem defeito;Ilegível;Seca;Mal conservada;Outros;R-6a;;2019
01/12/2019;13:37:00;SEM VÍTIMA;JAQUEIRA;RUA SIMAO MENDES;;ABALROAMENTO LONGITUDINAL;1;1;;;;;;;0;;Bom;Não existe;Perfeito estado;Seca;Perfeito estado;Não existe;R-6a;;2019
01/12/2019;13:46:00;COM VÍTIMA;BOA VIAGEM;RUA PROFESSOR JOAO MEDEIROS;;ABALROAMENTO LONGITUDINAL;1;1;;;;;;;1;;Bom;Não existe;Perfeito estado;Seca;Perfeito estado;Não existe;Não há placas;;2019
01/12/2019;14:11:00;SEM VÍTIMA;PARNAMIRIM;EST DO ENCANAMENTO;CIDADE;COLISÃO TRASEIRA;3;;;;;;;;0;;Bom;Sem defeito;Perfeito estado;Seca;Perfeito estado;;;;2019
01/12/2019;16:05:00;SEM VÍTIMA;ILHA DO LEITE;AV GOVERNADOR AGAMENON MAGALHAES;;ABALROAMENTO LONGITUDINAL;1;;;;;1;;;0;;Bom;Sem defeito;Perfeito estado;Seca;Perfeito estado;Faixa de pedestre;R-4a;60 km/h;2019
01/12/2019;16:26:00;SEM VÍTIMA;FUNDÃO;RUA GRAVATA;;ATROPELAMENTO;1;;;1;;;;;0;;;;;;;;;;2019
01/12/2019;16:30:00;SEM VÍTIMA;BARRO;RUA ANDRE DE ALBUQUERQUE;;COLISÃO;2;;;;;;;;0;;;;;;;;;;2019
01/12/2019;17:24:00;SEM VÍTIMA;MADALENA;RUA BENFICA;SUBURBIO;COLISÃO FRONTAL;1;;;;1;;;;0;;Bom;Não existe;Perfeito estado;Seca;Perfeito estado;Não existe;Não há placas;40 km/h;2019
01/12/2019;17:49:00;SEM VÍTIMA;BOA VIAGEM;AV CONSELHEIRO AGUIAR;CIDADE;ABALROAMENTO LONGITUDINAL;1;;;;1;;;;0;;Bom;Sem defeito;Perfeito estado;Seca;Perfeito estado;Faixa de pedestre;;;2019
01/12/2019;18:00:00;SEM VÍTIMA;BOA VIAGEM;RUA ERNESTO DE PAULA SANTOS;;COLISÃO TRASEIRA;2;;;;;;;;0;;Bom;Não existe;Perfeito estado;Seca;Perfeito estado;Não existe;Outras;;2019
01/12/2019;18:49:00;COM VÍTIMA;SANTO AMARO;AV GOVERNADOR AGAMENON MAGALHAES;SUBURBIO;ATROPELAMENTO;;1;;1;;;;;1;;Bom;Sem defeito;Perfeito estado;Seca;Perfeito estado;Faixa de pedestre;Outras;;2019
01/12/2019;19:03:00;SEM VÍTIMA;TORRÕES;AV ENGENHEIRO ABDIAS DE CARVALHO;CIDADE;ABALROAMENTO LONGITUDINAL;2;;;;;;;;0;;Bom;Não existe;Perfeito estado;Seca;Perfeito estado;Não existe;;;2019
01/12/2019;19:09:00;SEM VÍTIMA;SANCHO;AV LIBERDADE;SUBURBIO;CHOQUE VEÍCULO PARADO;4;;;;;;;;0;;Bom;Não existe;Ilegível;Seca;Perfeito estado;Não existe;Não há placas;;2019
01/12/2019;19:15:00;SEM VÍTIMA;BOA VIAGEM;RUA ERNESTO DE PAULA SANTOS;CIDADE;COLISÃO TRASEIRA;2;;;;;;;;0;;Bom;Sem defeito;Perfeito estado;Seca;Perfeito estado;Faixa de pedestre;;;2019
01/12/2019;19:35:00;SEM VÍTIMA;IPSEP;AV RECIFE;CIDADE;COLISÃO TRASEIRA;2;;;;;;;;0;;Bom;Sem defeito;Perfeito estado;Seca;Perfeito estado;Faixa de pedestre;R-6a;60 km/h;2019
01/12/2019;19:35:00;SEM VÍTIMA;CASA FORTE;AV DEZESSETE DE AGOSTO;SUBURBIO;ABALROAMENTO LONGITUDINAL;1;1;;;;;;;0;;Bom;Não existe;Perfeito estado;Seca;Perfeito estado;Não existe;Não há placas;;2019
01/12/2019;20:45:00;SEM VÍTIMA;SÃO JOSÉ;RUA IMPERIAL;CIDADE;ABALROAMENTO TRANSVERSAL;2;;;;;;;;0;;Bom;Não existe;Incompleta;Seca;Mal iluminada;Não existe;R-6a;;2019
02/12/2019;00:41:00;SEM VÍTIMA;DOIS IRMÃOS;RUA DOIS IRMAOS;;ABALROAMENTO TRANSVERSAL;2;;;;;;;;0;;Bom;Intermitente;Não existente;Seca;Perfeito estado;Não existe;Não há placas;;2019
02/12/2019;01:39:00;SEM VÍTIMA;BOA VIAGEM;AV ENGENHEIRO DOMINGOS FERREIRA;SUBURBIO;ABALROAMENTO TRANSVERSAL;2;;;;;;;;0;;Bom;Sem defeito;Perfeito estado;Seca;Perfeito estado;Faixa de pedestre;R-6a;60 km/h;2019
02/12/2019;07:02:00;SEM VÍTIMA;BOA VIAGEM;RUA JOAO CARDOSO AIRES;;ABALROAMENTO TRANSVERSAL;1;;;;;1;;;0;;Bom;Não existe;Perfeito estado;Seca;Perfeito estado;Faixa de retenção;Placas Pare;30 km/h;2019
02/12/2019;07:03:00;SEM VÍTIMA;ALTO DO MANDU;RUA QUATRO DE MARCO;;ABALROAMENTO LONGITUDINAL;1;;;;1;;;;0;;Bom;Não existe;Não existente;Seca;Perfeito estado;Não existe;Não há placas;30 km/h;2019
02/12/2019;07:15:00;SEM VÍTIMA;FUNDÃO;AV BEBERIBE;CIDADE;COLISÃO;1;;;;1;;;;0;;;;;;;;;;2019
02/12/2019;07:17:00;SEM VÍTIMA;ESPINHEIRO;RUA CONS PORTELA;CIDADE;ABALROAMENTO LONGITUDINAL;1;;;;1;;;;0;;Bom;Sem defeito;Perfeito estado;Seca;Perfeito estado;Faixa de pedestre;R-6a;40 km/h;2019
02/12/2019;07:30:00;SEM VÍTIMA;SANTO AMARO;AV DR JAYME DA FONTE;CIDADE;COLISÃO TRASEIRA;2;;;;;;;;0;;Bom;Não existe;Incompleta;Seca;Perfeito estado;Não existe;Não há placas;;2019
02/12/2019;07:31:00;SEM VÍTIMA;ALTO DO MANDU;RUA QUATRO DE MARCO;;COLISÃO;1;;;;1;;;;0;;;;;;;;;;2019
02/12/2019;07:37:00;COM VÍTIMA;ESTÂNCIA;RUA MORAIS E SILVA;SUBURBIO;ABALROAMENTO TRANSVERSAL;1;1;;;;;;;1;;Bom;Não existe;Incompleta;Seca;Mal conservada;Não existe;R-6a;;2019
02/12/2019;07:44:00;COM VÍTIMA;CORDEIRO;AV PROFESSOR ESTEVAO FRANCISCO DA COSTA;AV. CAXANGÁ;COLISÃO TRASEIRA;1;1;;;;;;;1;;Bom;Sem defeito;Perfeito estado;Seca;Perfeito estado;Outros;R-4b;40 km/h;2019
02/12/2019;08:03:00;COM VÍTIMA;MADALENA;EST DOS REMEDIOS;CIDADE;COLISÃO COM CICLISTA;;;1;;1;;;;1;;Bom;Sem defeito;Perfeito estado;Seca;Perfeito estado;Agente;R-4a;60 km/h;2019
02/12/2019;08:31:00;SEM VÍTIMA;BOA VIAGEM;RUA VIRIATO CORREIA;;COLISÃO;2;;;;;;;;0;;;;;;;;;;2019
02/12/2019;09:04:00;SEM VÍTIMA;PRADO;AV ENGENHEIRO ABDIAS DE CARVALHO;CIDADE;ABALROAMENTO LONGITUDINAL;2;;;;;;;;0;;Bom;Não existe;Não existente;Seca;Perfeito estado;Não existe;Placas Pare;60 km/h;2019
02/12/2019;09:17:00;SEM VÍTIMA;TAMARINEIRA;AV NORTE;;COLISÃO;;2;;;;;;;0;;;;;;;;;;2019
02/12/2019;09:25:00;SEM VÍTIMA;BOA VIAGEM;AV CONSELHEIRO AGUIAR;;COLISÃO;1;1;;;;;;;0;;;;;;;;;;2019
02/12/2019;09:49:00;SEM VÍTIMA;IMBIRIBEIRA;AV MARECHAL MASCARENHAS DE MORAES;SUBURBIO;ABALROAMENTO LONGITUDINAL;2;;;;;;;;0;;Bom;Não existe;Perfeito estado;Seca;Perfeito estado;Não existe;Não há placas;;2019
02/12/2019;10:24:00;SEM VÍTIMA;MADALENA;RUA BENFICA;CIDADE;ABALROAMENTO LONGITUDINAL;2;;;;;;;;0;;Bom;Não existe;Perfeito estado;Seca;Perfeito estado;Faixa de pedestre;Não há placas;;2019
02/12/2019;10:43:00;SEM VÍTIMA;BOA VIAGEM;AV CONSELHEIRO AGUIAR;;COLISÃO;2;;;;;;;;0;;;;;;;;;;2019
02/12/2019;10:47:00;SEM VÍTIMA;PARNAMIRIM;RUA JOAO TUDE DE MELO;;COLISÃO;2;1;;;;;;;0;;;;;;;;;;2019
02/12/2019;10:48:00;SEM VÍTIMA;ESPINHEIRO;RUA AMELIA;SUBURBIO;ABALROAMENTO LONGITUDINAL;2;;;;;;;;0;;Bom;Não existe;Perfeito estado;Seca;Perfeito estado;;R-6a;40 km/h;2019
02/12/2019;10:56:00;SEM VÍTIMA;IMBIRIBEIRA;AV MARECHAL MASCARENHAS DE MORAES;SUBURBIO;COLISÃO TRASEIRA;2;1;;;;;;;0;;Bom;Não existe;Perfeito estado;Seca;Perfeito estado;Agente;Não há placas;60 km/h;2019
02/12/2019;11:23:00;SEM VÍTIMA;APIPUCOS;RUA DE APIPUCOS;CIDADE;COLISÃO TRASEIRA;3;;;;;;;;0;;Bom;Sem defeito;Perfeito estado;Seca;Perfeito estado;Faixa de pedestre;;;2019
02/12/2019;11:27:00;SEM VÍTIMA;BOA VISTA;RUA DO HOSPICIO;CIDADE;ABALROAMENTO LONGITUDINAL;2;;;;;;;;0;;Bom;Sem defeito;Incompleta;Seca;Perfeito estado;Não existe;Outras;;2019
02/12/2019;11:30:00;SEM VÍTIMA;BOA VIAGEM;RUA BRUNO VELOSO;CIDADE;ABALROAMENTO LONGITUDINAL;1;;;;;1;;;0;;Bom;Não existe;Incompleta;Seca;Perfeito estado;Não existe;Não há placas;30 km/h;2019
02/12/2019;11:58:00;SEM VÍTIMA;BOA VISTA;RUA DO HOSPICIO;CIDADE;ABALROAMENTO LONGITUDINAL;2;;;;;;;;0;;Bom;Não existe;Perfeito estado;Seca;Perfeito estado;Não existe;Não há placas;;2019
02/12/2019;12:09:00;SEM VÍTIMA;BOA VIAGEM;RUA FRANCISCO DA CUNHA;CIDADE;ABALROAMENTO TRANSVERSAL;2;;;;;;;;0;;Bom;Não existe;Incompleta;Seca;Perfeito estado;Faixa de retenção;Placas Pare;30 km/h;2019
02/12/2019;12:13:00;SEM VÍTIMA;BOA VISTA;AV MANOEL BORBA;SUBURBIO;COLISÃO TRASEIRA;2;;;;;;;;0;;Bom;Não existe;Perfeito estado;Seca;Perfeito estado;Outros;Outras;;2019