data;hora;natureza_acidente;bairro;endereco;sentido_via;tipo;auto;moto;ciclista;pedestre;onibus;caminhao;viatura;outros;vitimas;vitimasfatais;tempo_clima;situacao_semaforo;sinalizacao;condicao_via;conservacao_via;ponto_controle;situacao_placa;velocidade_max_via;ano
02/12/2019;13:02:00;SEM VÍTIMA;BOA VIAGEM;RUA RIBEIRO DE BRITO;SUBURBIO;ABALROAMENTO LONGITUDINAL;2;;;;;;;;0;;Bom;Não existe;Perfeito estado;Seca;Perfeito estado;Agente;Não há placas;40 km/h;2019
02/12/2019;13:16:00;SEM VÍTIMA;GRAÇAS;AV GOVERNADOR AGAMENON MAGALHAES;;COLISÃO TRASEIRA;1;;;;1;;;;0;;Bom;Sem defeito;Perfeito estado;Seca;Perfeito estado;;;60 km/h;2019
02/12/2019;13:18:00;SEM VÍTIMA;IPSEP;RUA FRANCISCO BARRETO;SUBURBIO;ABALROAMENTO TRANSVERSAL;1;1;;;;;;;0;;Bom;Não existe;Perfeito estado;Seca;Perfeito estado;Não existe;Não há placas;;2019
02/12/2019;13:44:00;COM VÍTIMA;BAIRRO DO RECIFE;AV ALFREDO LISBOA;SUBURBIO;COLISÃO TRASEIRA;1;1;;;;;;;1;;Bom;Não existe;Perfeito estado;Seca;Perfeito estado;;;;2019
02/12/2019;13:53:00;SEM VÍTIMA;IPSEP;RUA JEAN EMILE FAVRE;;COLISÃO;2;;;;;;;;0;;;;;;;;;;2019
02/12/2019;13:59:00;SEM VÍTIMA;IMBIRIBEIRA;AV SUL;;COLISÃO;1;;;;1;;;;0;;;;;;;;;;2019
02/12/2019;14:16:00;SEM VÍTIMA;JIQUIÁ;RUA SAO MIGUEL;;COLISÃO;1;;;;1;;;;0;;;;;;;;;;2019
02/12/2019;14:43:00;SEM VÍTIMA;IMBIRIBEIRA;RUA ITAJUBA;;COLISÃO;2;;;;;;;;0;;;;;;;;;;2019
02/12/2019;14:47:00;SEM VÍTIMA;ENCRUZILHADA;AV JOAO DE BARROS;;COLISÃO;2;;;;;;;;0;;;;;;;;;;2019
02/12/2019;14:48:00;SEM VÍTIMA;BOA VIAGEM;RUA RIBEIRO DE BRITO;CIDADE;COLISÃO TRASEIRA;2;;;;;;;;0;;Bom;Sem defeito;Perfeito estado;Seca;Perfeito estado;Agente;Não há placas;;2019
02/12/2019;15:02:00;SEM VÍTIMA;BOA VIAGEM;RUA BARAO DE SOUZA LEAO;SUBURBIO;ABALROAMENTO LONGITUDINAL;;;;;2;;;;0;;Bom;Sem defeito;Perfeito estado;Seca;Perfeito estado;Faixa de pedestre;Outras;;2019
02/12/2019;15:09:00;COM VÍTIMA;BOA VIAGEM;AV ENGENHEIRO DOMINGOS FERREIRA;SUBURBIO;COLISÃO TRASEIRA;1;3;;;;;;;2;;Bom;Não existe;Perfeito estado;Seca;Perfeito estado;Não existe;R-32;;2019
02/12/2019;15:11:00;SEM VÍTIMA;MANGUEIRA;RUA VINTE E UM DE ABRIL;;COLISÃO;1;1;;;;;;;0;;;;;;;;;;2019
02/12/2019;15:21:00;SEM VÍTIMA;AFOGADOS;RUA COSME VIANA;CIDADE;COLISÃO TRASEIRA;3;;;;;;;;0;;Bom;Sem defeito;Perfeito estado;Seca;Perfeito estado;Faixa de pedestre;Não há placas;;2019
02/12/2019;15:23:00;COM VÍTIMA;MUSTARDINHA;AV ENGENHEIRO ABDIAS DE CARVALHO;SUBURBIO;COLISÃO TRASEIRA;1;1;;;;;;;1;;Bom;Sem defeito;Perfeito estado;Seca;Perfeito estado;Faixa de pedestre;Outras;;2019
02/12/2019;15:25:00;SEM VÍTIMA;ENGENHO DO MEIO;RUA BOM PASTOR;SUBURBIO;CAPOTAMENTO;1;;;;;;;;0;;Bom;Não existe;Não existente;Seca;Mal conservada;Não existe;Não há placas;;2019
02/12/2019;15:34:00;SEM VÍTIMA;IBURA;RUA DR OTAVIO DE MORAES VASCONCELOS;;COLISÃO;1;1;;;;;;;0;;;;;;;;;;2019
02/12/2019;15:50:00;SEM VÍTIMA;AREIAS;AV RECIFE;CIDADE;COLISÃO TRASEIRA;3;;;;;;;;0;;Bom;Sem defeito;Perfeito estado;Seca;Perfeito estado;;Não há placas;60 km/h;2019
02/12/2019;15:54:00;SEM VÍTIMA;BOA VIAGEM;RUA ERNESTO DE PAULA SANTOS;SUBURBIO;ABALROAMENTO LONGITUDINAL;2;;;;;;;;0;;Bom;Não existe;Perfeito estado;Seca;Perfeito estado;Faixa de retenção;Placas Pare;;2019
02/12/2019;15:55:00;SEM VÍTIMA;SANCHO;AV LIBERDADE;;ABALROAMENTO LONGITUDINAL;2;;;;;;;;0;;Bom;Não existe;Perfeito estado;Seca;Perfeito estado;Faixa de pedestre;R-6c;40 km/h;2019
02/12/2019;15:56:00;COM VÍTIMA;ENCRUZILHADA;AV JOAO DE BARROS;CIDADE;COLISÃO TRASEIRA;1;1;;;;;;;1;;Bom;Sem defeito;Perfeito estado;Seca;Perfeito estado;Faixa de pedestre;;;2019
02/12/2019;15:58:00;SEM VÍTIMA;IMBIRIBEIRA;AV GENERAL MAC ARTHUR;;COLISÃO TRASEIRA;1;1;;;;;;;0;;Bom;Sem defeito;Perfeito estado;Seca;Perfeito estado;Agente;Não há placas;;2019
02/12/2019;16:09:00;SEM VÍTIMA;ILHA DO RETIRO;AV BEIRA RIO;CIDADE;ABALROAMENTO LONGITUDINAL;2;;;;;;;;0;;Bom;Não existe;Perfeito estado;Seca;Perfeito estado;Agente;Outras;;2019
02/12/2019;16:19:00;COM VÍTIMA;AFOGADOS;RUA DA PAZ;SUBURBIO;COLISÃO COM CICLISTA;;;1;;;1;;;1;;Bom;Sem defeito;Perfeito estado;Seca;Perfeito estado;Agente;R-6a;40 km/h;2019
02/12/2019;16:31:00;SEM VÍTIMA;SANTO AMARO;RUA DO POMBAL;;COLISÃO;2;;;;;;;;0;;;;;;;;;;2019
02/12/2019;16:33:00;SEM VÍTIMA;JOANA BEZERRA;AV GOVERNADOR AGAMENON MAGALHAES;SUBURBIO;COLISÃO TRASEIRA;2;;;;;;;;0;;Bom;Não existe;Perfeito estado;Seca;Perfeito estado;Não existe;Não há placas;60 km/h;2019
02/12/2019;16:42:00;SEM VÍTIMA;TEJIPIÓ;AV DR JOSE RUFINO;;COLISÃO;2;;;;;;;;0;;;;;;;;;;2019
02/12/2019;17:03:00;SEM VÍTIMA;AFOGADOS;RUA COSME VIANA;;ABALROAMENTO TRANSVERSAL;1;1;;;;;;;0;;Bom;Sem defeito;Perfeito estado;Seca;Perfeito estado;Não existe;Não há placas;;2019
02/12/2019;17:10:00;SEM VÍTIMA;TORRE;RUA PROFESSORA ANGELA PINTO;;ABALROAMENTO LONGITUDINAL;2;;;;;;;;0;;Bom;Não existe;Não existente;Seca;Perfeito estado;Não existe;Não há placas;;2019
02/12/2019;18:16:00;COM VÍTIMA;CASA AMARELA;RUA PADRE LEMOS;CIDADE;ABALROAMENTO LONGITUDINAL;;1;;;;;;1;1;;Bom;Não existe;Perfeito estado;Seca;Perfeito estado;;;;2019
02/12/2019;20:03:00;SEM VÍTIMA;GRAÇAS;AV RUI BARBOSA;CIDADE;ABALROAMENTO LONGITUDINAL;1;;;;1;;;;0;;Bom;Sem defeito;Perfeito estado;Seca;Perfeito estado;Faixa de pedestre;Outras;;2019
02/12/2019;21:06:00;SEM VÍTIMA;CAMPO GRANDE;EST DE BELEM;SUBURBIO;ABALROAMENTO TRANSVERSAL;1;1;;;;;;;0;;Bom;Sem defeito;Perfeito estado;Seca;Perfeito estado;;R-6a;40 km/h;2019
02/12/2019;21:55:00;COM VÍTIMA;IMBIRIBEIRA;AV DOM JOAO VI;SUBURBIO;ABALROAMENTO LONGITUDINAL;1;1;;;;;;;1;;Bom;Sem defeito;Perfeito estado;Seca;Perfeito estado;Faixa de pedestre;Não há placas;;2019
02/12/2019;23:08:00;COM VÍTIMA;BOA VIAGEM;RUA JOAO CARDOSO AIRES;;COLISÃO;1;1;;;;;;;1;;;;;;;;;;2019
02/12/2019;23:51:00;SEM VÍTIMA;BOA VISTA;RUA SETE DE SETEMBRO;;COLISÃO;2;;;;;;;;0;;;;;;;;;;2019
03/12/2019;00:43:00;SEM VÍTIMA;BOA VIAGEM;RUA VISCONDE DE JEQUITINHONHA;SUBURBIO;COLISÃO TRASEIRA;2;;;;;;;;0;;Bom;Sem defeito;Perfeito estado;Seca;Perfeito estado;Faixa de pedestre;Não há placas;60 km/h;2019
03/12/2019;01:38:00;SEM VÍTIMA;DERBY;AV GOVERNADOR AGAMENON MAGALHAES;SUBURBIO;ABALROAMENTO TRANSVERSAL;2;;;;;;;;0;;Bom;Sem defeito;Perfeito estado;Seca;Perfeito estado;Faixa de pedestre;Não há placas;;2019
03/12/2019;01:56:00;SEM VÍTIMA;COHAB;AV DOZE DE JUNHO;;COLISÃO;2;;;;;;;;0;;;;;;;;;;2019
03/12/2019;06:33:00;SEM VÍTIMA;BOA VISTA;RUA JOSE DE ALENCAR;;COLISÃO;2;;;;;;;;0;;;;;;;;;;2019
03/12/2019;07:27:00;SEM VÍTIMA;MADALENA;RUA BENFICA;CIDADE;ABALROAMENTO TRANSVERSAL;1;;;;1;;;;0;;Bom;Sem defeito;Perfeito estado;Seca;Perfeito estado;Faixa de pedestre;R-6a;;2019
03/12/2019;07:57:00;SEM VÍTIMA;MADALENA;RUA ARNALDO BASTOS;;COLISÃO;2;;;;;;;;0;;;;;;;;;;2019
03/12/2019;08:03:00;SEM VÍTIMA;SANTO AMARO;RUA GENERAL ABREU E LIMA;CIDADE;COLISÃO TRASEIRA;1;;;;;1;;;0;;Bom;Sem defeito;Perfeito estado;Seca;Perfeito estado;Agente;Não há placas;60 km/h;2019
03/12/2019;08:18:00;SEM VÍTIMA;MADALENA;EST DOS REMEDIOS;;COLISÃO TRASEIRA;2;;;;;;;;0;;Bom;Sem defeito;Perfeito estado;Seca;Perfeito estado;Faixa de pedestre;;;2019
03/12/2019;08:23:00;SEM VÍTIMA;AFOGADOS;AV SUL;CIDADE;COLISÃO;1;;;;;1;;;0;;;;;;;;;;2019
03/12/2019;08:39:00;COM VÍTIMA;IBURA;RUA RIO XINGU;OESTE;ATROPELAMENTO;;1;;1;;;;;1;;Bom;Não existe;Não existente;Seca;Perfeito estado;Não existe;Não há placas;30 km/h;2019
03/12/2019;11:03:00;COM VÍTIMA;BARRO;AV DR JOSE RUFINO;CIDADE;ABALROAMENTO TRANSVERSAL;1;;;;1;;;;1;;Bom;;Perfeito estado;Seca;Perfeito estado;;Outras;40 km/h;2019
03/12/2019;08:43:00;SEM VÍTIMA;ILHA DO LEITE;RUA FRANCISCO ALVES;SUBURBIO;COLISÃO TRASEIRA;2;;;;;;;;0;;Bom;Sem defeito;Perfeito estado;Seca;Perfeito estado;Outros;Outras;;2019
03/12/2019;08:46:00;COM VÍTIMA;SANTO ANTÔNIO;RUA SIQUEIRA CAMPOS;CIDADE;ABALROAMENTO TRANSVERSAL;2;;;1;;;1;;1;;Bom;Sem defeito;Perfeito estado;Seca;Perfeito estado;Faixa de pedestre;R-6a;;2019
03/12/2019;08:52:00;COM VÍTIMA;MADALENA;RUA BENFICA;CIDADE;ABALROAMENTO LONGITUDINAL;1;1;;;1;;;;1;;Bom;Sem defeito;Perfeito estado;Seca;Perfeito estado;Não existe;Outras;;2019
03/12/2019;09:14:00;SEM VÍTIMA;JARDIM SÃO PAULO;AV RECIFE;;COLISÃO;2;;;;;;;;0;;;;;;;;;;2019
03/12/2019;09:40:00;SEM VÍTIMA;BOA VISTA;RUA DO HOSPICIO;CIDADE;COLISÃO TRASEIRA;1;;;;;1;;;0;;Bom;Sem defeito;Perfeito estado;Seca;Perfeito estado;Agente;Não há placas;;2019
03/12/2019;10:00:00;SEM VÍTIMA;IPSEP;AV RECIFE;SUBURBIO;COLISÃO TRASEIRA;3;;;;;;;;0;;Bom;Sem defeito;Perfeito estado;Seca;Perfeito estado;;Não há placas;60 km/h;2019
03/12/2019;10:03:00;SEM VÍTIMA;BOA VIAGEM;AV DOM JOAO VI;CIDADE;ABALROAMENTO LONGITUDINAL;2;;;;;;;;0;;Bom;Sem defeito;Não existente;Seca;Mal iluminada;Não existe;Não há placas;;2019
03/12/2019;11:08:00;SEM VÍTIMA;BOA VIAGEM;AV ENGENHEIRO DOMINGOS FERREIRA;SUBURBIO;COLISÃO TRASEIRA;2;;;;;;;;0;;Bom;Não existe;Perfeito estado;Seca;Perfeito estado;Não existe;Não há placas;60 km/h;2019
03/12/2019;11:25:00;SEM VÍTIMA;IBURA;AV JOAO RIO BRANCO DE LIMA;SUBURBIO;ABALROAMENTO LONGITUDINAL;1;;;;1;;;;0;;Bom;Não existe;Não existente;Seca;Perfeito estado;Não existe;Não há placas;;2019
03/12/2019;11:37:00;SEM VÍTIMA;IMBIRIBEIRA;AV MARECHAL MASCARENHAS DE MORAES;AFOGADOS;COLISÃO;1;;;;;1;;;0;;;;;;;;;;2019
03/12/2019;11:48:00;SEM VÍTIMA;ESPINHEIRO;RUA AFONSO BATISTA;;ABALROAMENTO LONGITUDINAL;1;1;;;;;;;0;;Bom;Não existe;Perfeito estado;Seca;Perfeito estado;Faixa de retenção;Placas Pare;;2019
03/12/2019;12:18:00;SEM VÍTIMA;AFLITOS;AV CONS ROSA E SILVA;;COLISÃO;1;;;;1;;;;0;;;;;;;;;;2019
03/12/2019;12:42:00;SEM VÍTIMA;VASCO DA GAMA;RUA SANTA MARIA GORETTI;;CHOQUE OBJETO FIXO;1;;;;;;;;0;;;;;;;;;;2019
03/12/2019;12:47:00;SEM VÍTIMA;SANTO AMARO;AV CRUZ CABUGA;CIDADE;COLISÃO;2;;;;;;;;0;;;;;;;;;;2019
03/12/2019;12:55:00;SEM VÍTIMA;MADALENA;AV VISCONDE DE ALBUQUERQUE;;COLISÃO TRASEIRA;2;;;;;;;;0;;Bom;Não existe;Perfeito estado;Seca;Perfeito estado;Não existe;R-6a;;2019
03/12/2019;13:30:00;SEM VÍTIMA;SANTO AMARO;AV MARIO MELO;;COLISÃO;1;;;;;1;;;0;;;;;;;;;;2019
03/12/2019;14:08:00;SEM VÍTIMA;MACAXEIRA;AV NORTE;CIDADE;ABALROAMENTO LONGITUDINAL;1;;;;;1;;;0;;Bom;Sem defeito;Perfeito estado;Seca;Perfeito estado;Faixa de pedestre;R-6a;20 km/h;2019
03/12/2019;14:23:00;SEM VÍTIMA;SÃO JOSÉ;RUA SAO JOAO;;COLISÃO;1;;;;;1;;;0;;;;;;;;;;2019
03/12/2019;15:36:00;SEM VÍTIMA;PARNAMIRIM;AV DEZESSETE DE AGOSTO;CIDADE;ABALROAMENTO LONGITUDINAL;2;;;;;;;;0;;Bom;Sem defeito;Perfeito estado;Seca;Perfeito estado;Faixa de pedestre;R-6a;;2019
03/12/2019;15:45:00;SEM VÍTIMA;BOA VIAGEM;AV BOA VIAGEM;CIDADE;ABALROAMENTO LONGITUDINAL;3;;;;;;;;0;;Bom;Não existe;Perfeito estado;Seca;Perfeito estado;Não existe;Não há placas;60 km/h;2019
03/12/2019;16:09:00;SEM VÍTIMA;ESPINHEIRO;RUA DR FERNANDO ALLAIN;CIDADE;ABALROAMENTO LONGITUDINAL;1;;;;;1;;;0;;Bom;Não existe;Perfeito estado;Seca;Perfeito estado;Não existe;Outras;;2019
03/12/2019;16:15:00;SEM VÍTIMA;PINA;AV CONSUL JOSEPH NOUJAIM;;COLISÃO;2;;;;;;;;0;;;;;;;;;;2019
03/12/2019;16:20:00;SEM VÍTIMA;SANTO ANTÔNIO;RUA ESTREITA DO ROSARIO;CIDADE;ABALROAMENTO LONGITUDINAL;3;;;;;;;;0;;Bom;Não existe;Perfeito estado;Seca;Perfeito estado;;;;2019
03/12/2019;16:25:00;SEM VÍTIMA;;RUA BALTAZAR PASSOS;CIDADE;COLISÃO TRASEIRA;2;;;;;;;;0;;Bom;Sem defeito;Perfeito estado;Seca;Perfeito estado;Faixa de pedestre;R-6a;;2019
03/12/2019;16:32:00;SEM VÍTIMA;ESPINHEIRO;RUA DR FERNANDO ALLAIN;CIDADE;COLISÃO FRONTAL;2;;;;;;;;0;;Bom;Não existe;Perfeito estado;Seca;Perfeito estado;Não existe;Outras;;2019
03/12/2019;16:59:00;SEM VÍTIMA;BAIRRO DO RECIFE;CAIS DA ALFANDEGA;SUBURBIO;ABALROAMENTO LONGITUDINAL;1;;;;;1;;;0;;Bom;Sem defeito;Ilegível;Seca;Perfeito estado;Não existe;Não há placas;30 km/h;2019
03/12/2019;17:11:00;COM VÍTIMA;SÃO JOSÉ;PTE GIRATORIA;SUBURBIO;ABALROAMENTO LONGITUDINAL;2;1;;;;;;;1;;Bom;Sem defeito;Perfeito estado;Seca;Perfeito estado;Não existe;Não há placas;;2019
03/12/2019;17:16:00;SEM VÍTIMA;BOA VIAGEM;AV DOM JOAO VI;CIDADE;COLISÃO TRASEIRA;2;;;;;;;;0;;Bom;Não existe;Perfeito estado;Seca;Perfeito estado;Não existe;Não há placas;;2019
03/12/2019;18:11:00;COM VÍTIMA;ILHA DO RETIRO;AV ENGENHEIRO ABDIAS DE CARVALHO;SUBURBIO;ABALROAMENTO LONGITUDINAL;2;1;;;;;;;1;;Bom;Não existe;Incompleta;Seca;Outros;Não existe;R-6a;;2019
03/12/2019;18:38:00;SEM VÍTIMA;JAQUEIRA;RUA ANTENOR NAVARRO;SUBURBIO;ABALROAMENTO LONGITUDINAL;2;;;;;;;;0;;Bom;Não existe;Perfeito estado;Seca;Perfeito estado;;Não há placas;40 km/h;2019
03/12/2019;18:59:00;COM VÍTIMA;FUNDÃO;AV BEBERIBE;;ABALROAMENTO TRANSVERSAL;1;1;;;;;;;1;;Bom;Sem defeito;Perfeito estado;Seca;Perfeito estado;Não existe;Outras;;2019
03/12/2019;20:02:00;COM VÍTIMA;JAQUEIRA;RUA SIMAO MENDES;SUBURBIO;ABALROAMENTO LONGITUDINAL;1;1;;;;;;;1;;Bom;Não existe;Ilegível;Seca;Mal iluminada;Não existe;R-6a;40 km/h;2019
03/12/2019;20:27:00;COM VÍTIMA;BAIRRO DO RECIFE;PTE BUARQUE DE MACEDO;;COLISÃO;;1;;;1;;;;1;;;;;;;;;;2019
03/12/2019;20:32:00;COM VÍTIMA;BOA VIAGEM;AV ENGENHEIRO DOMINGOS FERREIRA;SUBURBIO;ABALROAMENTO LONGITUDINAL;1;1;;;2;;;;7;;Bom;Sem defeito;Perfeito estado;Seca;Perfeito estado;Faixa de pedestre;R-25d;;2019
03/12/2019;21:39:00;SEM VÍTIMA;SANTO AMARO;AV CRUZ CABUGA;CIDADE;ABALROAMENTO LONGITUDINAL;1;1;;;;;;;0;;Bom;Sem defeito;Perfeito estado;Seca;Perfeito estado;Faixa de pedestre;R-6a;;2019
03/12/2019;21:58:00;SEM VÍTIMA;BOA VIAGEM;RUA ANTONIO FALCAO;;COLISÃO;1;;;;1;;;;0;;;;;;;;;;2019
03/12/2019;22:32:00;SEM VÍTIMA;IMBIRIBEIRA;RUA SARGENTO SILVINO DE MACEDO;SUBURBIO;ABALROAMENTO TRANSVERSAL;2;;;;;;;;0;;Bom;;;;;Não existe;Não há placas;;2019
03/12/2019;22:36:00;COM VÍTIMA;DOIS IRMÃOS;RUA MANUEL DE MEDEIROS;SUBURBIO;COLISÃO FRONTAL;2;1;;;;;;;2;;Bom;Não existe;Não existente;Seca;Perfeito estado;Não existe;Não há placas;;2019
03/12/2019;22:57:00;SEM VÍTIMA;ILHA DO RETIRO;RUA SPORT CLUBE DO RECIFE;SUBURBIO;ABALROAMENTO LONGITUDINAL;2;;;;;;;;0;;Bom;Não existe;Perfeito estado;Seca;Perfeito estado;Não existe;Não há placas;;2019
04/12/2019;01:40:00;SEM VÍTIMA;BOA VIAGEM;AV BOA VIAGEM;CIDADE;COLISÃO TRASEIRA;2;;;;;;;;0;;Bom;Sem defeito;Perfeito estado;Seca;Perfeito estado;Faixa de pedestre;;;2019
04/12/2019;05:50:00;COM VÍTIMA;ÁGUA FRIA;RUA ALEGRE;SUBURBIO;CHOQUE OBJETO FIXO;1;;;;;;;;1;;Bom;;Perfeito estado;Seca;Perfeito estado;;;;2019
04/12/2019;06:33:00;COM VÍTIMA;ESPINHEIRO;VDO INDEPENDENCIA;CIDADE;ACID. DE PERCURSO;;2;;;;;;;2;;Bom;Não existe;Perfeito estado;Oleosa;Perfeito estado;Não existe;Não há placas;;2019
04/12/2019;07:06:00;SEM VÍTIMA;CASA AMARELA;AV NORTE;CIDADE;COLISÃO;;;;;;2;;;0;;;;;;;;;;2019
04/12/2019;07:06:00;SEM VÍTIMA;MADALENA;EST DOS REMEDIOS;;ABALROAMENTO LONGITUDINAL;1;;;;1;;;;0;;Bom;Não existe;Perfeito estado;Seca;Perfeito estado;Não existe;Outras;60 km/h;2019
04/12/2019;07:41:00;SEM VÍTIMA;AFOGADOS;AV SUL;CIDADE;ABALROAMENTO LONGITUDINAL;1;;;;;1;;;0;;Bom;Não existe;Perfeito estado;Seca;Perfeito estado;Não existe;Não há placas;;2019
04/12/2019;07:51:00;SEM VÍTIMA;MADALENA;RUA GALVAO RAPOSO;;ABALROAMENTO TRANSVERSAL;2;;;;;;;;0;;Bom;Não existe;Perfeito estado;Seca;Perfeito estado;Faixa de retenção;Placas Pare;;2019
04/12/2019;07:52:00;SEM VÍTIMA;SANTO AMARO;AV CRUZ CABUGA;CIDADE;COLISÃO TRASEIRA;2;;;;;;;;0;;Bom;Não existe;Perfeito estado;Seca;Perfeito estado;Faixa de pedestre;Outras;;2019
04/12/2019;07:59:00;COM VÍTIMA;MADALENA;RUA NOBRE DE LACERDA;;ABALROAMENTO TRANSVERSAL;1;1;;;;;;;1;;Bom;Não existe;Perfeito estado;Seca;Perfeito estado;Não existe;Placas Pare;;2019
04/12/2019;08:13:00;SEM VÍTIMA;IMBIRIBEIRA;AV MARECHAL MASCARENHAS DE MORAES;SUBURBIO;ABALROAMENTO LONGITUDINAL;1;;;;;1;;;0;;Bom;Não existe;Perfeito estado;Seca;Perfeito estado;Não existe;R-6c;60 km/h;2019
04/12/2019;08:32:00;SEM VÍTIMA;AFOGADOS;RUA TURIACU;CIDADE;ABALROAMENTO LONGITUDINAL;1;;;;;1;;;0;;Bom;Não existe;Não existente;Seca;Mal conservada;Não existe;Não há placas;;2019
04/12/2019;08:33:00;SEM VÍTIMA;SANTO ANTÔNIO;AV MARTINS DE BARROS;CIDADE;ABALROAMENTO TRANSVERSAL;2;;;;;;;;0;;Bom;Sem defeito;Perfeito estado;Seca;Perfeito estado;Faixa de pedestre;R-6b;;2019
04/12/2019;08:43:00;COM VÍTIMA;ÁGUA FRIA;AV BEBERIBE;CIDADE;ABALROAMENTO TRANSVERSAL;1;1;;;;;;;1;;Bom;Sem defeito;Perfeito estado;Seca;Perfeito estado;Faixa de pedestre;;;2019
04/12/2019;08:46:00;SEM VÍTIMA;VÁRZEA;RUA ABATIA;;ABALROAMENTO LONGITUDINAL;1;2;;;;;;;0;;Bom;Não existe;Não existente;Seca;Mal conservada;Não existe;Não há placas;;2019
04/12/2019;09:34:00;SEM VÍTIMA;MACAXEIRA;AV NORTE;;COLISÃO TRASEIRA;2;;;;;;;;0;;Bom;Sem defeito;Perfeito estado;Seca;Perfeito estado;Faixa de pedestre;;60 km/h;2019
04/12/2019;09:39:00;SEM VÍTIMA;BAIRRO DO RECIFE;AV MILITAR;SUBURBIO;ABALROAMENTO LONGITUDINAL;2;;;;;;;;0;;Bom;Não existe;Perfeito estado;Seca;Perfeito estado;Não existe;;;2019
04/12/2019;09:54:00;SEM VÍTIMA;IMBIRIBEIRA;AV MARECHAL MASCARENHAS DE MORAES;CIDADE;COLISÃO TRASEIRA;2;;;;;;;;0;;Bom;Não existe;Perfeito estado;Seca;Perfeito estado;Não existe;Não há placas;60 km/h;2019
04/12/2019;09:55:00;SEM VÍTIMA;BAIRRO DO RECIFE;CAIS DO APOLO;;COLISÃO;2;;;;;;;;0;;;;;;;;;;2019
04/12/2019;09:59:00;SEM VÍTIMA;CORDEIRO;AV MAURICIO DE NASSAU;;COLISÃO TRASEIRA;2;;;;;;;;0;;Bom;Sem defeito;Perfeito estado;Seca;;Faixa de pedestre;Outras;;2019
04/12/2019;11:13:00;COM VÍTIMA;SAN MARTIN;AV GENERAL SAN MARTIN;;COLISÃO COM CICLISTA;1;;1;;;;;;1;;Bom;Não existe;Perfeito estado;Seca;Perfeito estado;Não existe;R-6a;;2019
04/12/2019;11:29:00;SEM VÍTIMA;BOA VIAGEM;RUA ERNESTO DE PAULA SANTOS;;COLISÃO;1;1;;;;;;;0;;;;;;;;;;2019
04/12/2019;11:40:00;SEM VÍTIMA;SÃO JOSÉ;RUA IMPERIAL;SUBURBIO;ABALROAMENTO LONGITUDINAL;;1;;;;1;;;0;;Bom;Não existe;Não existente;Seca;Perfeito estado;Não existe;R-4a;;2019
04/12/2019;12:04:00;SEM VÍTIMA;VASCO DA GAMA;RUA ITABORA;;COLISÃO;1;1;;;;;;;0;;;;;;;;;;2019
04/12/2019;12:18:00;SEM VÍTIMA;CASA AMARELA;AV NORTE;CIDADE;COLISÃO TRASEIRA;2;;;;;;;;0;;Bom;Sem defeito;Incompleta;Seca;Perfeito estado;Não existe;Não há placas;60 km/h;2019
04/12/2019;12:23:00;SEM VÍTIMA;GUABIRABA;RUA DAS FLORES;;COLISÃO;2;;;;;;;;0;;;;;;;;;;2019
04/12/2019;12:30:00;COM VÍTIMA;ENCRUZILHADA;AV NORTE;CIDADE;ABALROAMENTO LONGITUDINAL;1;1;;;;;;;1;;Bom;Sem defeito;Perfeito estado;Seca;Perfeito estado;;;;2019
04/12/2019;12:53:00;SEM VÍTIMA;PINA;AV ENCANTA MOCA;;COLISÃO;1;;;;1;;;;0;;;;;;;;;;2019
04/12/2019;13:04:00;SEM VÍTIMA;MADALENA;RUA JOSE OSORIO;SUBURBIO;ABALROAMENTO LONGITUDINAL;2;;;;;;;;0;;Bom;Sem defeito;Perfeito estado;Seca;Perfeito estado;Agente;Outras;;2019
04/12/2019;13:16:00;SEM VÍTIMA;SAN MARTIN;AV GENERAL SAN MARTIN;;CHOQUE VEÍCULO PARADO;3;;;;;;;;0;;Bom;Sem defeito;Perfeito estado;Seca;Perfeito estado;Faixa de pedestre;Outras;;2019
04/12/2019;13:18:00;SEM VÍTIMA;DERBY;AV GOVERNADOR AGAMENON MAGALHAES;SUBURBIO;ABALROAMENTO LONGITUDINAL;2;;;;;;;;0;;Bom;Não existe;Perfeito estado;Seca;Perfeito estado;;Não há placas;60 km/h;2019
04/12/2019;13:21:00;SEM VÍTIMA;SAN MARTIN;RUA SENADOR ALBERTO PASQUALINI;CIDADE;COLISÃO FRONTAL;3;;;;;;;;0;;Bom;Sem defeito;Perfeito estado;Seca;Perfeito estado;Não existe;Não há placas;;2019
04/12/2019;13:22:00;SEM VÍTIMA;GRAÇAS;RUA AMELIA;;COLISÃO;2;1;;;;;;;0;;;;;;;;;;2019
04/12/2019;13:55:00;SEM VÍTIMA;BOA VIAGEM;RUA VISCONDE DE JEQUITINHONHA;SUBURBIO;COLISÃO TRASEIRA;2;;;;;;;;0;;Bom;Sem defeito;Perfeito estado;Seca;Perfeito estado;Outros;Outras;;2019
04/12/2019;14:04:00;SEM VÍTIMA;IMBIRIBEIRA;AV MARECHAL MASCARENHAS DE MORAES;CIDADE;ABALROAMENTO LONGITUDINAL;2;;;;;;;;0;;Bom;Sem defeito;Perfeito estado;Seca;Perfeito estado;Faixa de pedestre;R-6a;;2019
04/12/2019;14:06:00;SEM VÍTIMA;DERBY;PTE ESTACIO COIMBRA;CIDADE;COLISÃO TRASEIRA;1;1;;;;;;;0;;Bom;Não existe;Perfeito estado;Seca;Perfeito estado;Não existe;Não há placas;;2019