data;hora;natureza_acidente;bairro;endereco;sentido_via;tipo;auto;moto;ciclista;pedestre;onibus;caminhao;viatura;outros;vitimas;vitimasfatais;tempo_clima;situacao_semaforo;sinalizacao;condicao_via;conservacao_via;ponto_controle;situacao_placa;velocidade_max_via;ano
04/12/2019;14:16:00;SEM VÍTIMA;BOA VIAGEM;AV BOA VIAGEM;CIDADE;COLISÃO TRASEIRA;1;1;;;;;;;0;;Bom;Sem defeito;Perfeito estado;Seca;Perfeito estado;Outros;Outras;60 km/h;2019
04/12/2019;14:21:00;SEM VÍTIMA;SANTO AMARO;AV NORTE;CIDADE;ABALROAMENTO LONGITUDINAL;1;1;;;;;;;0;;Bom;Sem defeito;Perfeito estado;Seca;Perfeito estado;Faixa de pedestre;Outras;;2019
04/12/2019;14:27:00;SEM VÍTIMA;GRAÇAS;RUA DO FUTURO;;COLISÃO;2;;;;;;;;0;;;;;;;;;;2019
04/12/2019;15:02:00;SEM VÍTIMA;AFOGADOS;RUA COSME VIANA;;ABALROAMENTO LONGITUDINAL;1;;;;;;;1;0;;Bom;Sem defeito;Perfeito estado;Seca;Perfeito estado;Faixa de pedestre;;;2019
04/12/2019;16:00:00;SEM VÍTIMA;ROSARINHO;AV NORTE;CIDADE;COLISÃO TRASEIRA;2;;;;;;;;0;;Bom;Sem defeito;Perfeito estado;Seca;Perfeito estado;Faixa de pedestre;Outras;;2019
04/12/2019;16:03:00;SEM VÍTIMA;CASA FORTE;AV DEZESSETE DE AGOSTO;SUBURBIO;ABALROAMENTO TRANSVERSAL;2;;;;;;;;0;;Bom;Não existe;Ilegível;Seca;Perfeito estado;Não existe;Placas Pare;;2019
04/12/2019;16:39:00;SEM VÍTIMA;CASA FORTE;AV DEZESSETE DE AGOSTO;;ABALROAMENTO LONGITUDINAL;2;;;;;;;;0;;Bom;Sem defeito;Perfeito estado;Seca;Perfeito estado;Faixa de pedestre;Outras;40 km/h;2019
04/12/2019;16:42:00;SEM VÍTIMA;SOLEDADE;RUA BISPO CARDOSO AYRES;SUBURBIO;COLISÃO TRASEIRA;2;;;;;;;;0;;Bom;Não existe;Perfeito estado;Seca;Perfeito estado;Não existe;Outras;30 km/h;2019
04/12/2019;16:44:00;SEM VÍTIMA;BAIRRO DO RECIFE;TRV DO AMORIM;CIDADE;ABALROAMENTO TRANSVERSAL;2;;;;;;;;0;;Bom;Não existe;Perfeito estado;Seca;Perfeito estado;Não existe;Placas Pare;30 km/h;2019
04/12/2019;17:15:00;SEM VÍTIMA;BEBERIBE;PRC DA CONVENCAO;SUBURBIO;ABALROAMENTO LONGITUDINAL;;;;;1;;;;0;;Bom;Não existe;;;;Não existe;Não há placas;;2019
04/12/2019;17:17:00;SEM VÍTIMA;PINA;AV ANTONIO DE GOES;CIDADE;ABALROAMENTO LONGITUDINAL;1;;;;1;;;;0;;Bom;Sem defeito;Perfeito estado;Seca;Perfeito estado;Agente;;60 km/h;2019
04/12/2019;17:20:00;SEM VÍTIMA;GRAÇAS;RUA ALBERTO PAIVA;;ABALROAMENTO TRANSVERSAL;2;;;;;;;;0;;Bom;Sem defeito;Perfeito estado;Seca;Perfeito estado;Não existe;R-6a;;2019
04/12/2019;17:25:00;SEM VÍTIMA;ROSARINHO;AV DR MALAQUIAS;;COLISÃO;2;;;;;;;;0;;;;;;;;;;2019
04/12/2019;17:41:00;COM VÍTIMA;DERBY;AV GOVERNADOR AGAMENON MAGALHAES;CIDADE;COLISÃO;;1;;;;;;;1;;Bom;;Perfeito estado;Seca;Perfeito estado;;Não há placas;60 km/h;2019
04/12/2019;17:57:00;SEM VÍTIMA;MADALENA;RUA JOSE OSORIO;SUBURBIO;COLISÃO TRASEIRA;1;;;;1;;;;0;;Bom;Sem defeito;Perfeito estado;Seca;Perfeito estado;Faixa de retenção;;50 km/h;2019
04/12/2019;18:08:00;SEM VÍTIMA;ESPINHEIRO;PRC DO ENTRONCAMENTO;;COLISÃO;2;;;;;;;;0;;;;;;;;;;2019
04/12/2019;18:41:00;SEM VÍTIMA;MACAXEIRA;AV NORTE;SUBURBIO;COLISÃO TRASEIRA;2;;;;;;;1;0;;Bom;Sem defeito;Perfeito estado;Seca;Perfeito estado;Faixa de pedestre;Não há placas;;2019
04/12/2019;18:50:00;SEM VÍTIMA;BOA VIAGEM;AV ENGENHEIRO DOMINGOS FERREIRA;;COLISÃO;1;1;;;;;;;0;;;;;;;;;;2019
04/12/2019;19:45:00;SEM VÍTIMA;CASA AMARELA;AV DR EURICO CHAVES;;COLISÃO;2;;;;;;;;0;;;;;;;;;;2019
04/12/2019;19:46:00;SEM VÍTIMA;AREIAS;AV RECIFE;;COLISÃO;1;1;;;;;;;0;;;;;;;;;;2019
04/12/2019;19:48:00;SEM VÍTIMA;AFOGADOS;RUA DA PAZ;;COLISÃO;2;;;;;;;;0;;;;;;;;;;2019
04/12/2019;21:05:00;SEM VÍTIMA;SÃO JOSÉ;RUA IMPERIAL;SUBURBIO;ABALROAMENTO LONGITUDINAL;2;;;;;;;;0;;Bom;Sem defeito;Ilegível;Seca;Perfeito estado;Faixa de pedestre;Não há placas;;2019
04/12/2019;21:09:00;SEM VÍTIMA;MUSTARDINHA;AV MUSTARDINHA;;ABALROAMENTO TRANSVERSAL;1;;;;;1;;;0;;Bom;Não existe;;Seca;;;;;2019
04/12/2019;21:40:00;SEM VÍTIMA;BOA VIAGEM;RUA SETUBAL;CIDADE;CHOQUE VEÍCULO PARADO;1;1;;;;;;;0;;Bom;Não existe;Não existente;Seca;Perfeito estado;Não existe;Não há placas;;2019
05/12/2019;07:40:00;SEM VÍTIMA;MADALENA;RUA ARLINDO GOUVEIA;SUBURBIO;COLISÃO TRASEIRA;2;;;;;;;;0;;Bom;Sem defeito;Perfeito estado;Seca;Perfeito estado;;;60 km/h;2019
05/12/2019;08:00:00;SEM VÍTIMA;MADALENA;AV ENGENHEIRO ABDIAS DE CARVALHO;CIDADE;ABALROAMENTO LONGITUDINAL;1;;;;;;;;0;;Bom;Sem defeito;Perfeito estado;Seca;Perfeito estado;Faixa de pedestre;R-6a;;2019
05/12/2019;08:03:00;SEM VÍTIMA;PINA;AV ANTONIO DE GOES;CIDADE;ABALROAMENTO TRANSVERSAL;1;;;;1;;;;0;;Bom;Sem defeito;Perfeito estado;Seca;Perfeito estado;Agente;;60 km/h;2019
05/12/2019;08:06:00;SEM VÍTIMA;FUNDÃO;AV BEBERIBE;SUBURBIO;ABALROAMENTO LONGITUDINAL;1;;;;1;;;;0;;Bom;Não existe;Perfeito estado;Seca;Perfeito estado;Não existe;Outras;;2019
05/12/2019;08:08:00;SEM VÍTIMA;IPSEP;;SUBURBIO;ABALROAMENTO TRANSVERSAL;1;;;;1;;;;0;;Bom;Sem defeito;Perfeito estado;Seca;Perfeito estado;Faixa de pedestre;;40 km/h;2019
05/12/2019;08:12:00;SEM VÍTIMA;MANGABEIRA;AV NORTE;SUBURBIO;COLISÃO TRASEIRA;4;;;;;;;;0;;Bom;Não existe;Perfeito estado;Seca;Perfeito estado;Outros;Outras;60 km/h;2019
05/12/2019;08:22:00;SEM VÍTIMA;TORRE;RUA JOSE BONIFACIO;;COLISÃO;2;;;;;;;;0;;;;;;;;;;2019
05/12/2019;08:56:00;SEM VÍTIMA;SANTO AMARO;RUA ALVARES DE AZEVEDO;CIDADE;ABALROAMENTO LONGITUDINAL;2;;;;;;;;0;;Bom;Sem defeito;Perfeito estado;Seca;Perfeito estado;Não existe;Não há placas;;2019
05/12/2019;09:00:00;SEM VÍTIMA;SANTO AMARO;AV GOVERNADOR AGAMENON MAGALHAES;;ABALROAMENTO LONGITUDINAL;2;;;;;;;;0;;Bom;Não existe;Perfeito estado;Seca;Perfeito estado;Não existe;;;2019
05/12/2019;09:18:00;SEM VÍTIMA;BOA VISTA;RUA DO HOSPICIO;CIDADE;ABALROAMENTO LONGITUDINAL;1;1;;;;;;;0;;Bom;Sem defeito;Perfeito estado;Seca;Perfeito estado;Faixa de pedestre;Outras;;2019
05/12/2019;09:29:00;SEM VÍTIMA;BOA VIAGEM;AV BOA VIAGEM;CIDADE;COLISÃO TRASEIRA;3;;;;;;;;0;;Bom;Sem defeito;Perfeito estado;Seca;Mal iluminada;Não existe;Não há placas;;2019
05/12/2019;09:47:00;SEM VÍTIMA;FUNDÃO;AV BEBERIBE;CIDADE;COLISÃO TRASEIRA;1;1;;;;;;;0;;Bom;Não existe;Incompleta;Seca;Perfeito estado;Não existe;Outras;60 km/h;2019
05/12/2019;09:50:00;SEM VÍTIMA;IMBIRIBEIRA;AV MARECHAL MASCARENHAS DE MORAES;CIDADE;COLISÃO TRASEIRA;3;;;;;;;;0;;Bom;Sem defeito;Perfeito estado;Seca;Perfeito estado;Faixa de retenção;Não há placas;60 km/h;2019
05/12/2019;10:00:00;SEM VÍTIMA;GRAÇAS;RUA CARDEAL ARCOVERDE;CIDADE;COLISÃO TRASEIRA;1;;;;;1;;;0;;Bom;Sem defeito;Perfeito estado;Seca;Perfeito estado;Faixa de pedestre;R-6a;;2019
05/12/2019;10:29:00;SEM VÍTIMA;MONTEIRO;AV DEZESSETE DE AGOSTO;;COLISÃO;2;;;;;;;;0;;;;;;;;;;2019
05/12/2019;10:42:00;SEM VÍTIMA;BOA VIAGEM;RUA ERNESTO DE PAULA SANTOS;SUBURBIO;ABALROAMENTO LONGITUDINAL;1;1;;;;;;;0;;Bom;Não existe;Perfeito estado;Seca;Perfeito estado;Não existe;Placas Pare;;2019
05/12/2019;10:47:00;SEM VÍTIMA;MADALENA;RUA BENFICA;;ABALROAMENTO LONGITUDINAL;1;;;;1;;;;0;;Bom;;Perfeito estado;Seca;Perfeito estado;Faixa de retenção;;;2019
05/12/2019;10:57:00;SEM VÍTIMA;BOA VISTA;RUA DR JOSE MARIANO;CIDADE;COLISÃO TRASEIRA;2;;;;;;;;0;;Bom;;;Seca;Perfeito estado;;;;2019
05/12/2019;11:24:00;SEM VÍTIMA;IPUTINGA;RUA SAO MATEUS;;COLISÃO;;;;;;;;;0;;;;;;;;;;2019
05/12/2019;11:36:00;SEM VÍTIMA;ILHA DO LEITE;AV GOVERNADOR AGAMENON MAGALHAES;CIDADE;COLISÃO TRASEIRA;2;;;;;;;;0;;Bom;Sem defeito;Perfeito estado;Seca;Perfeito estado;Agente;Outras;60 km/h;2019
05/12/2019;11:46:00;SEM VÍTIMA;ESPINHEIRO;AV JOAO DE BARROS;SUBURBIO;COLISÃO TRASEIRA;1;1;;;;;;;0;;Bom;Não existe;Perfeito estado;Seca;Perfeito estado;Faixa de pedestre;Outras;40 km/h;2019
05/12/2019;12:27:00;SEM VÍTIMA;GRAÇAS;RUA AMELIA;SUBURBIO;COLISÃO TRASEIRA;2;1;;;;;;;0;;Bom;Sem defeito;Perfeito estado;Seca;Perfeito estado;Agente;;;2019
05/12/2019;12:40:00;SEM VÍTIMA;SANTO ANTÔNIO;RUA FLORIANO PEIXOTO;SUBURBIO;ABALROAMENTO TRANSVERSAL;1;1;;;;;;;0;;Bom;Não existe;Perfeito estado;Seca;Perfeito estado;Outros;Outras;;2019
05/12/2019;12:55:00;SEM VÍTIMA;BOA VIAGEM;AV ENGENHEIRO DOMINGOS FERREIRA;;COLISÃO;2;;;;;;;;0;;;;;;;;;;2019
05/12/2019;13:27:00;SEM VÍTIMA;CASA AMARELA;AV NORTE;CIDADE;COLISÃO TRASEIRA;1;;;;;;;2;0;;Bom;Não existe;Perfeito estado;Seca;Perfeito estado;Outros;R-6a;;2019
05/12/2019;13:36:00;SEM VÍTIMA;BOA VIAGEM;RUA VISCONDE DE JEQUITINHONHA;SUBURBIO;COLISÃO TRASEIRA;3;;;;;;;;0;;Bom;Sem defeito;Perfeito estado;Seca;Perfeito estado;Faixa de pedestre;Não há placas;;2019
05/12/2019;13:58:00;COM VÍTIMA;BOA VIAGEM;RUA VISCONDE DE JEQUITINHONHA;SUBURBIO;ATROPELAMENTO;1;;;1;;;;;1;;Bom;Não existe;Perfeito estado;Seca;Perfeito estado;;Não há placas;60 km/h;2019
05/12/2019;14:03:00;SEM VÍTIMA;PRADO;RUA GOMES TABORDA;CIDADE;COLISÃO TRASEIRA;3;;;;;;;;0;;Bom;Não existe;Incompleta;Seca;Outros;Não existe;R-6a;;2019
05/12/2019;14:05:00;SEM VÍTIMA;PARNAMIRIM;AV PARNAMIRIM;CIDADE;COLISÃO TRASEIRA;2;;;;;;;;0;;Bom;Sem defeito;Perfeito estado;Seca;Perfeito estado;Agente;Não há placas;;2019
05/12/2019;14:16:00;SEM VÍTIMA;MADALENA;RUA DEMOCRITO DE SOUZA FILHO;;ABALROAMENTO TRANSVERSAL;2;;;;;;;;0;;Bom;Não existe;Perfeito estado;Seca;Perfeito estado;Faixa de retenção;Placas Pare;;2019
05/12/2019;14:21:00;SEM VÍTIMA;CASA AMARELA;RUA DA HARMONIA;SUBURBIO;CHOQUE VEÍCULO PARADO;2;;;;;;;;0;;Bom;Sem defeito;Perfeito estado;Seca;Perfeito estado;Faixa de pedestre;Outras;;2019
05/12/2019;14:38:00;SEM VÍTIMA;MORRO DA CONCEIÇÃO;PRC DA CONCEICAO;SUBURBIO;ABALROAMENTO LONGITUDINAL;2;;;;;;;;0;;Bom;Não existe;Incompleta;Seca;Perfeito estado;Não existe;Não há placas;;2019
05/12/2019;14:41:00;SEM VÍTIMA;BOA VISTA;RUA DO HOSPICIO;SUBURBIO;COLISÃO TRASEIRA;2;1;;;;;;;0;;Bom;Sem defeito;Perfeito estado;Seca;Perfeito estado;Agente;Outras;40 km/h;2019
05/12/2019;15:31:00;SEM VÍTIMA;GRAÇAS;AV RUI BARBOSA;CIDADE;ABALROAMENTO LONGITUDINAL;1;1;;;;;;;0;;Bom;Sem defeito;Perfeito estado;Seca;Perfeito estado;Faixa de pedestre;R-6a;;2019
05/12/2019;15:31:00;SEM VÍTIMA;TORRE;PRC PROFESSOR BARRETO CAMPELLO;;CHOQUE VEÍCULO PARADO;2;;;;;;;;0;;Bom;Não existe;Não existente;Seca;Perfeito estado;Não existe;Não há placas;;2019
05/12/2019;15:35:00;SEM VÍTIMA;BOA VIAGEM;RUA WALDEMAR NERY CARNEIRO MONTEIRO;SUBURBIO;ABALROAMENTO TRANSVERSAL;1;1;;;;;;;0;;Bom;Não existe;Perfeito estado;Seca;Perfeito estado;Não existe;Placas Pare;;2019
05/12/2019;15:49:00;SEM VÍTIMA;ESTÂNCIA;AV DR JOSE RUFINO;SUBURBIO;ABALROAMENTO LONGITUDINAL;2;;;;;;;;0;;Bom;;Perfeito estado;Seca;Perfeito estado;;;;2019
05/12/2019;16:19:00;SEM VÍTIMA;BOA VIAGEM;AV ENGENHEIRO DOMINGOS FERREIRA;SUBURBIO;COLISÃO TRASEIRA;2;;;;;;;;0;;Bom;Sem defeito;Perfeito estado;Seca;Perfeito estado;Faixa de pedestre;Não há placas;60 km/h;2019
05/12/2019;16:20:00;COM VÍTIMA;MADALENA;RUA BENFICA;CIDADE;COLISÃO TRASEIRA;2;;;;;;;;1;;Bom;Sem defeito;Perfeito estado;Seca;Perfeito estado;Faixa de pedestre;Outras;;2019
05/12/2019;16:23:00;SEM VÍTIMA;ESTÂNCIA;AV TAPAJOS;;ABALROAMENTO TRANSVERSAL;;1;;;;1;;;0;;Bom;Não existe;Não existente;Seca;Perfeito estado;Não existe;Não há placas;;2019
05/12/2019;16:54:00;SEM VÍTIMA;TEJIPIÓ;AV DR JOSE RUFINO;;COLISÃO;1;;;;;1;;;0;;;;;;;;;;2019
05/12/2019;17:05:00;SEM VÍTIMA;IPUTINGA;AV MAURICIO DE NASSAU;CIDADE;ABALROAMENTO LONGITUDINAL;1;1;;;;;;;0;;Bom;Sem defeito;Perfeito estado;Seca;Perfeito estado;Faixa de pedestre;Outras;;2019
05/12/2019;17:42:00;SEM VÍTIMA;DERBY;RUA JOAO FERNANDES VIEIRA;;ABALROAMENTO LONGITUDINAL;2;;;;;;;;0;;Bom;Sem defeito;Perfeito estado;Seca;Perfeito estado;;Outras;40 km/h;2019
05/12/2019;17:49:00;SEM VÍTIMA;VÁRZEA;AV RECIFE;;COLISÃO;3;;;;;;;;0;;;;;;;;;;2019
05/12/2019;17:53:00;SEM VÍTIMA;SÃO JOSÉ;RUA IMPERIAL;;COLISÃO;1;;;;;1;;;0;;;;;;;;;;2019
05/12/2019;17:56:00;SEM VÍTIMA;GRAÇAS;AV RUI BARBOSA;CIDADE;COLISÃO TRASEIRA;2;;;;;;;;0;;Bom;Não existe;Perfeito estado;Seca;Perfeito estado;Outros;R-6a;;2019
05/12/2019;18:17:00;SEM VÍTIMA;JORDÃO;RUA DES EVANDRO NETTO;;COLISÃO;2;;;;;;;;0;;;;;;;;;;2019
05/12/2019;18:28:00;SEM VÍTIMA;BOA VISTA;AV MANOEL BORBA;SUBURBIO;ABALROAMENTO LONGITUDINAL;1;;;;;1;;;0;;Bom;Não existe;Perfeito estado;Seca;Perfeito estado;Não existe;Não há placas;;2019
05/12/2019;18:43:00;SEM VÍTIMA;SANTO AMARO;RUA DOIS DE JULHO;;ABALROAMENTO LONGITUDINAL;1;;;;;1;;;0;;Bom;Não existe;Não existente;Seca;Mal iluminada;Não existe;Não há placas;;2019
05/12/2019;18:49:00;SEM VÍTIMA;IPSEP;RUA BLUMENAU;;COLISÃO;2;;;;;;;;0;;;;;;;;;;2019
05/12/2019;19:05:00;SEM VÍTIMA;TOTÓ;RUA ONZE DE AGOSTO;;COLISÃO;1;;;;1;;;;0;;;;;;;;;;2019
05/12/2019;20:57:00;SEM VÍTIMA;TAMARINEIRA;RUA DES GOIS CAVALCANTE;;COLISÃO;2;;;;;;;;0;;;;;;;;;;2019
05/12/2019;21:13:00;COM VÍTIMA;PORTO DA MADEIRA;AV BEBERIBE;SUBURBIO;COLISÃO FRONTAL;;2;;;;;;;1;;Bom;Sem defeito;Ilegível;Seca;Perfeito estado;Faixa de pedestre;R-6a;;2019
05/12/2019;21:23:00;SEM VÍTIMA;DERBY;AV GOVERNADOR AGAMENON MAGALHAES;;ABALROAMENTO LONGITUDINAL;2;;;;;;;;0;;Bom;Sem defeito;Perfeito estado;Seca;Perfeito estado;Faixa de pedestre;Outras;;2019
05/12/2019;22:04:00;SEM VÍTIMA;BOA VIAGEM;RUA MARQUES DE VALENCA;;CHOQUE OBJETO FIXO;1;;;;;;;;0;;;;;;;;;;2019
05/12/2019;22:23:00;SEM VÍTIMA;JARDIM SÃO PAULO;RUA LORENA;;COLISÃO;1;;;;1;;;;0;;;;;;;;;;2019
05/12/2019;22:40:00;SEM VÍTIMA;IPUTINGA;AV CAXANGA;CIDADE;ABALROAMENTO LONGITUDINAL;1;;;;1;;;;0;;Bom;Não existe;Perfeito estado;Seca;Perfeito estado;Não existe;;;2019
05/12/2019;22:44:00;SEM VÍTIMA;BOA VIAGEM;RUA RIBEIRO DE BRITO;SUBURBIO;COLISÃO TRASEIRA;3;;;;;;;;0;;Bom;Não existe;Perfeito estado;Seca;Perfeito estado;Não existe;R-6a;;2019
05/12/2019;23:02:00;COM VÍTIMA;IMBIRIBEIRA;AV MARECHAL MASCARENHAS DE MORAES;CIDADE;COLISÃO TRASEIRA;3;;;;;;;;1;;Bom;Sem defeito;Perfeito estado;Seca;Perfeito estado;Faixa de pedestre;Outras;;2019
06/12/2019;00:35:00;SEM VÍTIMA;GRAÇAS;RUA AMELIA;CIDADE;ABALROAMENTO LONGITUDINAL;2;;;;;;;;0;;Bom;Não existe;Perfeito estado;Seca;Perfeito estado;Não existe;Não há placas;;2019
06/12/2019;08:09:00;SEM VÍTIMA;COELHOS;RUA DOS COELHOS;SUBURBIO;COLISÃO TRASEIRA;2;;;;;;;;0;;Bom;Sem defeito;Perfeito estado;Seca;Perfeito estado;Faixa de pedestre;Não há placas;;2019
06/12/2019;08:16:00;SEM VÍTIMA;IMBIRIBEIRA;RUA DUQUE ESTRADA;;ABALROAMENTO TRANSVERSAL;2;;;;;;;;0;;Bom;Não existe;Incompleta;Seca;Perfeito estado;Não existe;Placas Pare;30 km/h;2019
06/12/2019;08:43:00;SEM VÍTIMA;CASA FORTE;RUA MARQUES DE TAMANDARE;SUBURBIO;CHOQUE OBJETO FIXO;1;;;;;;;;0;;Bom;Não existe;Não existente;Seca;Perfeito estado;Não existe;Não há placas;;2019
06/12/2019;08:44:00;SEM VÍTIMA;CORDEIRO;RUA PAES CABRAL;;ABALROAMENTO LONGITUDINAL;2;;;;;;;;0;;Bom;Não existe;Não existente;Seca;Perfeito estado;Não existe;Não há placas;20 km/h;2019
06/12/2019;08:51:00;SEM VÍTIMA;GRAÇAS;AV RUI BARBOSA;CIDADE;ABALROAMENTO TRANSVERSAL;;1;;;1;;;;0;;Bom;Não existe;Perfeito estado;Seca;Perfeito estado;Não existe;R-6a;60 km/h;2019
06/12/2019;09:24:00;SEM VÍTIMA;CASA FORTE;EST DAS UBAIAS,;CIDADE;ABALROAMENTO LONGITUDINAL;1;;;;1;;;;0;;Bom;Não existe;Perfeito estado;Seca;Perfeito estado;Faixa de pedestre;Placas Pare;;2019
06/12/2019;09:29:00;SEM VÍTIMA;IBURA;AV RECIFE;CIDADE;COLISÃO TRASEIRA;2;;;;;;;;0;;Bom;Sem defeito;Perfeito estado;Seca;Perfeito estado;Não existe;Não há placas;;2019
06/12/2019;10:24:00;SEM VÍTIMA;DERBY;RUA BETANIA;CIDADE;CHOQUE VEÍCULO PARADO;1;;;;;1;;;0;;Bom;Não existe;Perfeito estado;Seca;Perfeito estado;Outros;Placas Pare;;2019
06/12/2019;10:38:00;SEM VÍTIMA;SAN MARTIN;AV GENERAL SAN MARTIN;;ABALROAMENTO LONGITUDINAL;1;;;;;1;;;0;;Bom;Não existe;Perfeito estado;Seca;Perfeito estado;Não existe;Outras;;2019
06/12/2019;10:39:00;SEM VÍTIMA;VÁRZEA;RUA GASTAO VIDIGAL;;ABALROAMENTO LONGITUDINAL;1;1;;;;;;;0;;Bom;Sem defeito;Perfeito estado;Seca;;Agente;Outras;;2019
06/12/2019;10:39:00;SEM VÍTIMA;BONGI;RUA SANTA EDWIRGES;;COLISÃO;1;1;;;;;;;0;;;;;;;;;;2019
06/12/2019;10:48:00;SEM VÍTIMA;IMBIRIBEIRA;AV MARECHAL MASCARENHAS DE MORAES;SUBURBIO;COLISÃO TRASEIRA;1;;;;;1;;;0;;Bom;Sem defeito;Perfeito estado;Seca;Perfeito estado;Agente;Não há placas;60 km/h;2019
06/12/2019;10:57:00;SEM VÍTIMA;CORDEIRO;AV GENERAL SAN MARTIN;;ABALROAMENTO LONGITUDINAL;1;;;;;;;2;0;;Bom;Não existe;Perfeito estado;Seca;Perfeito estado;Não existe;Não há placas;;2019
06/12/2019;10:59:00;SEM VÍTIMA;AFOGADOS;RUA SAO MIGUEL;SUBURBIO;COLISÃO TRASEIRA;2;;;;;;;;0;;Bom;Não existe;Perfeito estado;Seca;Perfeito estado;Não existe;Não há placas;40 km/h;2019
06/12/2019;11:04:00;SEM VÍTIMA;BOA VIAGEM;AV FERNANDO SIMOES BARBOSA;;COLISÃO;2;;;;;;;;0;;;;;;;;;;2019
06/12/2019;11:10:00;SEM VÍTIMA;BOA VIAGEM;RUA TENENTE JOAO CICERO;;ABALROAMENTO TRANSVERSAL;2;;;;;;;;0;;Bom;Não existe;Perfeito estado;Seca;Perfeito estado;Faixa de pedestre;Placas Pare;;2019
06/12/2019;11:17:00;SEM VÍTIMA;ÁGUA FRIA;EST VELHA DE AGUA FRIA;;COLISÃO TRASEIRA;1;;;;;1;;;0;;Bom;Sem defeito;Perfeito estado;Seca;Perfeito estado;Faixa de pedestre;Outras;40 km/h;2019
06/12/2019;11:46:00;COM VÍTIMA;JORDÃO;AV CENTENARIO ALBERTO SANTOS DUMONT;SUBURBIO;ABALROAMENTO LONGITUDINAL;1;1;;;;;;;1;;Bom;Não existe;Perfeito estado;Seca;Perfeito estado;Outros;Outras;;2019
06/12/2019;11:57:00;SEM VÍTIMA;SÃO JOSÉ;AV SUL;CIDADE;ABALROAMENTO LONGITUDINAL;1;;;;;1;;1;0;;Bom;Não existe;Perfeito estado;Seca;Perfeito estado;Não existe;Não há placas;60 km/h;2019
06/12/2019;12:16:00;SEM VÍTIMA;AFOGADOS;RUA A B C;;COLISÃO;2;;;;;;;;0;;;;;;;;;;2019
06/12/2019;12:18:00;SEM VÍTIMA;CORDEIRO;AV CAXANGA;SUBURBIO;COLISÃO TRASEIRA;2;;;;;;;;0;;Bom;Sem defeito;Perfeito estado;Seca;Perfeito estado;Faixa de pedestre;Outras;;2019
06/12/2019;12:20:00;SEM VÍTIMA;JORDÃO;AV MARIA IRENE;SUBURBIO;ABALROAMENTO TRANSVERSAL;1;1;;;;;;;0;;Bom;Não existe;Perfeito estado;Seca;Perfeito estado;Outros;Outras;60 km/h;2019
06/12/2019;12:32:00;COM VÍTIMA;MANGABEIRA;AV NORTE;CIDADE;TOMBAMENTO;;1;;;;;;;1;;Bom;Não existe;Perfeito estado;Seca;Perfeito estado;Não existe;Outras;;2019
06/12/2019;12:57:00;COM VÍTIMA;AREIAS;AV DR JOSE RUFINO;SUBURBIO;COLISÃO TRASEIRA;1;1;;;;;;;1;;Bom;Sem defeito;Perfeito estado;Seca;Perfeito estado;Não existe;Não há placas;40 km/h;2019
06/12/2019;13:07:00;SEM VÍTIMA;SÃO JOSÉ;RUA IMPERIAL;SUBURBIO;COLISÃO;2;;;;;;;;0;;;;;;;;;;2019
06/12/2019;13:26:00;SEM VÍTIMA;CÓRREGO DO JENIPAPO;RUA DA DEMOCRACIA;SUBURBIO;ABALROAMENTO TRANSVERSAL;1;;;;1;;;;0;;Bom;Não existe;Não existente;Seca;;Não existe;Não há placas;;2019
06/12/2019;13:30:00;SEM VÍTIMA;BOA VIAGEM;AV BOA VIAGEM;CIDADE;ABALROAMENTO LONGITUDINAL;2;;;;;;;;0;;Bom;Não existe;Perfeito estado;Seca;Perfeito estado;Não existe;Não há placas;60 km/h;2019
06/12/2019;13:47:00;SEM VÍTIMA;FUNDÃO;AV BEBERIBE;SUBURBIO;COLISÃO TRASEIRA;2;;;;;;;;0;;Bom;Não existe;Perfeito estado;Seca;Perfeito estado;Não existe;Não há placas;;2019
06/12/2019;14:00:00;SEM VÍTIMA;ENGENHO DO MEIO;RUA GOVERNADOR LOPO GARRO;;ABALROAMENTO TRANSVERSAL;2;;;;;;;;0;;Bom;Não existe;Não existente;Seca;Perfeito estado;Não existe;Não há placas;;2019
06/12/2019;14:47:00;SEM VÍTIMA;SÃO JOSÉ;C SANTA RITA;SUBURBIO;COLISÃO TRASEIRA;1;1;;;;;;;0;;Bom;Sem defeito;Perfeito estado;Seca;Perfeito estado;Não existe;Não há placas;40 km/h;2019
06/12/2019;14:50:00;COM VÍTIMA;TORRE;RUA PROFESSOR TRAJANO DE MENDONCA;CIDADE;ABALROAMENTO TRANSVERSAL;1;2;;;;;;;1;;Bom;Não existe;Incompleta;Seca;Perfeito estado;Não existe;Não há placas;;2019
06/12/2019;14:51:00;SEM VÍTIMA;ILHA DO RETIRO;RUA SPORT CLUBE DO RECIFE;SUBURBIO;ABALROAMENTO LONGITUDINAL;2;;;;;;;;0;;Bom;Sem defeito;Perfeito estado;Seca;Perfeito estado;Faixa de pedestre;;;2019
06/12/2019;14:53:00;SEM VÍTIMA;BOA VISTA;AV MANOEL BORBA;;ABALROAMENTO LONGITUDINAL;1;;;;;1;;;0;;Bom;Sem defeito;Perfeito estado;Seca;Perfeito estado;Faixa de pedestre;;;2019
06/12/2019;15:18:00;SEM VÍTIMA;AFOGADOS;RUA DA PAZ;;ABALROAMENTO LONGITUDINAL;2;;;;;;;;0;;Bom;Não existe;Perfeito estado;Seca;Perfeito estado;Não existe;R-6a;;2019