data;hora;natureza_acidente;bairro;endereco;sentido_via;tipo;auto;moto;ciclista;pedestre;onibus;caminhao;viatura;outros;vitimas;vitimasfatais;tempo_clima;situacao_semaforo;sinalizacao;condicao_via;conservacao_via;ponto_controle;situacao_placa;velocidade_max_via;ano
11/12/2019;23:49:00;SEM VÍTIMA;DOIS UNIDOS;AV HILDEBRANDO DE VASCONCELOS;SUBURBIO;COLISÃO FRONTAL;2;;;;;;;;0;;Bom;Não existe;Ilegível;Seca;Mal conservada;Não existe;Não há placas;;2019
12/12/2019;07:09:00;COM VÍTIMA;TAMARINEIRA;RUA CONEGO BARATA;SUBURBIO;COLISÃO COM CICLISTA;1;;1;;;;;;1;;Bom;Não existe;Perfeito estado;Seca;Perfeito estado;;;;2019
12/12/2019;08:09:00;COM VÍTIMA;TAMARINEIRA;RUA CONEGO BARATA;;COLISÃO COM CICLISTA;;1;1;;;;;;1;;;;;;;;;;2019
12/12/2019;08:10:00;SEM VÍTIMA;BOA VISTA;AV JOAO DE BARROS;;COLISÃO;2;;;;;;;;0;;;;;;;;;;2019
12/12/2019;08:14:00;SEM VÍTIMA;DERBY;AV GOVERNADOR AGAMENON MAGALHAES;;ABALROAMENTO LONGITUDINAL;1;;;;;1;;;0;;Bom;;Perfeito estado;Seca;Perfeito estado;;;60 km/h;2019
12/12/2019;08:19:00;SEM VÍTIMA;IMBIRIBEIRA;AV MARECHAL MASCARENHAS DE MORAES;CIDADE;COLISÃO TRASEIRA;2;;;;;;;;0;;Bom;Sem defeito;Perfeito estado;Seca;Perfeito estado;Faixa de retenção;Não há placas;60 km/h;2019
12/12/2019;08:44:00;SEM VÍTIMA;CASA AMARELA;AV NORTE;SUBURBIO;COLISÃO TRASEIRA;2;;;;;;;;0;;Bom;Sem defeito;Perfeito estado;Seca;Perfeito estado;Faixa de pedestre;Outras;;2019
12/12/2019;09:08:00;SEM VÍTIMA;AFOGADOS;RUA PROFESSOR AUGUSTO WANDERLEY FILHO;CIDADE;ABALROAMENTO LONGITUDINAL;1;;;;;1;;;0;;Bom;Sem defeito;Perfeito estado;Seca;Perfeito estado;Faixa de pedestre;Não há placas;;2019
12/12/2019;09:12:00;SEM VÍTIMA;BOA VIAGEM;RUA AMALIA BERNARDINO DE SOUZA;SUBURBIO;ABALROAMENTO LONGITUDINAL;1;1;;;;;;;0;;Bom;Não existe;Não existente;Seca;Perfeito estado;Agente;Não há placas;30 km/h;2019
12/12/2019;09:30:00;SEM VÍTIMA;GRAÇAS;AV GOVERNADOR AGAMENON MAGALHAES;SUBURBIO;ABALROAMENTO LONGITUDINAL;2;;;;;;;;0;;Bom;Sem defeito;Perfeito estado;Seca;Perfeito estado;Agente;Outras;60 km/h;2019
12/12/2019;09:43:00;SEM VÍTIMA;SANTO ANTÔNIO;RUA SIQUEIRA CAMPOS;;COLISÃO;2;;;;;;;;0;;Bom;Não existe;Não existente;Seca;Perfeito estado;Não existe;R-6b;;2019
12/12/2019;09:50:00;SEM VÍTIMA;BOA VISTA;AV GOVERNADOR AGAMENON MAGALHAES;;ABALROAMENTO TRANSVERSAL;1;;;;1;;;;0;;Bom;Sem defeito;Perfeito estado;Seca;Perfeito estado;Faixa de pedestre;;60 km/h;2019
12/12/2019;10:02:00;SEM VÍTIMA;DERBY;AV ENGENHEIRO AGAMENON DE MAGALHAES MELO;;COLISÃO;2;;;;;;;;0;;;;;;;;;;2019
12/12/2019;10:35:00;SEM VÍTIMA;ESPINHEIRO;RUA CONS PORTELA;CIDADE;COLISÃO TRASEIRA;2;;;;;;;;0;;Bom;Não existe;Perfeito estado;Seca;Perfeito estado;Não existe;R-6a;;2019
12/12/2019;10:45:00;COM VÍTIMA;IMBIRIBEIRA;PRC MINISTRO SALGADO FILHO;SUBURBIO;ABALROAMENTO LONGITUDINAL;;1;;;;;;;2;;Bom;Não existe;Perfeito estado;Seca;Perfeito estado;;Não há placas;40 km/h;2019
12/12/2019;11:17:00;SEM VÍTIMA;AREIAS;AV DR JOSE RUFINO;;COLISÃO TRASEIRA;1;1;;;;;;;0;;Bom;Não existe;Perfeito estado;Seca;Perfeito estado;Não existe;;60 km/h;2019
12/12/2019;11:27:00;SEM VÍTIMA;BOA VISTA;AV GOVERNADOR AGAMENON MAGALHAES;;ABALROAMENTO TRANSVERSAL;2;;;;;;;;0;;Bom;Sem defeito;Perfeito estado;Seca;Perfeito estado;Faixa de pedestre;;;2019
12/12/2019;11:42:00;SEM VÍTIMA;MADALENA;RUA BENFICA;CIDADE;ABALROAMENTO LONGITUDINAL;2;;;;;;;;0;;Bom;Sem defeito;Perfeito estado;Seca;;Faixa de pedestre;Outras;;2019
12/12/2019;11:44:00;COM VÍTIMA;TAMARINEIRA;EST DO ARRAIAL;SUBURBIO;ABALROAMENTO LONGITUDINAL;1;1;;;;;;;1;;Bom;Não existe;Perfeito estado;Seca;Perfeito estado;Não existe;R-6a;40 km/h;2019
12/12/2019;12:04:00;SEM VÍTIMA;IMBIRIBEIRA;AV GENERAL MAC ARTHUR;SUBURBIO;ABALROAMENTO LONGITUDINAL;1;1;;;;;;;0;;Bom;Não existe;Perfeito estado;Seca;Perfeito estado;Faixa de pedestre;Placas Pare;;2019
12/12/2019;12:07:00;COM VÍTIMA;TAMARINEIRA;EST DO ARRAIAL;;COLISÃO;1;1;;;;;;;1;;;;;;;;;;2019
12/12/2019;12:14:00;SEM VÍTIMA;MADALENA;RUA REAL DA TORRE;;ABALROAMENTO TRANSVERSAL;2;;;;;;;;0;;Bom;Não existe;Perfeito estado;Seca;Perfeito estado;Faixa de pedestre;;30 km/h;2019
12/12/2019;12:19:00;SEM VÍTIMA;CORDEIRO;AV MARIO ALVARES PEREIRA DE LYRA;;COLISÃO;1;1;;;;;;;0;;;;;;;;;;2019
12/12/2019;12:27:00;SEM VÍTIMA;CASA AMARELA;RUA PADRE LEMOS;SUBURBIO;COLISÃO TRASEIRA;2;;;;;;;;0;;Bom;Sem defeito;Perfeito estado;Seca;Perfeito estado;Faixa de pedestre;;40 km/h;2019
12/12/2019;12:30:00;SEM VÍTIMA;BOA VIAGEM;AV BOA VIAGEM;CIDADE;COLISÃO TRASEIRA;1;;;;;1;;;0;;Bom;Sem defeito;Perfeito estado;Seca;Perfeito estado;Outros;Outras;60 km/h;2019
12/12/2019;12:39:00;SEM VÍTIMA;DERBY;RUA GUILHERME PINTO;CIDADE;COLISÃO TRASEIRA;2;;;;;;;;0;;Bom;Não existe;Incompleta;Seca;Perfeito estado;Não existe;R-6a;20 km/h;2019
12/12/2019;13:23:00;SEM VÍTIMA;BOA VIAGEM;RUA RIBEIRO DE BRITO;;ABALROAMENTO LONGITUDINAL;2;;;;;;;;0;;Bom;Sem defeito;Perfeito estado;Seca;Perfeito estado;Faixa de pedestre;R-6a;;2019
12/12/2019;13:25:00;SEM VÍTIMA;CAMPO GRANDE;RUA ODORICO MENDES;SUBURBIO;ABALROAMENTO TRANSVERSAL;2;;;;;;;;0;;Bom;Não existe;Perfeito estado;Seca;Perfeito estado;Faixa de retenção;R-19;30 km/h;2019
12/12/2019;13:49:00;SEM VÍTIMA;IMBIRIBEIRA;AV MARECHAL MASCARENHAS DE MORAES;;COLISÃO;;2;;;;;;;0;;;;;;;;;;2019
12/12/2019;13:57:00;SEM VÍTIMA;DERBY;AV GOVERNADOR AGAMENON MAGALHAES;;ABALROAMENTO LONGITUDINAL;1;;;;;1;;;0;;Bom;Sem defeito;Perfeito estado;Seca;Perfeito estado;Faixa de pedestre;Outras;60 km/h;2019
12/12/2019;13:58:00;SEM VÍTIMA;BOA VIAGEM;RUA DR JOAO GUILHERME DE P SOBRINHO;;ABALROAMENTO LONGITUDINAL;2;;;;;;;;0;;Bom;Não existe;Não existente;Seca;Mal conservada;Não existe;R-6a;;2019
12/12/2019;14:01:00;SEM VÍTIMA;PAISSANDU;AV PORTUGAL;CIDADE;ABALROAMENTO TRANSVERSAL;2;;;;;;;;0;;Bom;Não existe;Perfeito estado;Seca;Perfeito estado;Outros;Outras;;2019
12/12/2019;14:11:00;SEM VÍTIMA;BOA VISTA;AV GOVERNADOR AGAMENON MAGALHAES;;COLISÃO TRASEIRA;2;;;;;;;;0;;Bom;Sem defeito;Perfeito estado;Seca;Perfeito estado;Faixa de retenção;Não há placas;60 km/h;2019
12/12/2019;14:36:00;SEM VÍTIMA;SANTO AMARO;RUA DR CARLOS CHAGAS;;COLISÃO;1;;;;1;;;;0;;;;;;;;;;2019
12/12/2019;14:43:00;SEM VÍTIMA;BOA VIAGEM;AV BOA VIAGEM;CIDADE;COLISÃO TRASEIRA;3;;;;;;;;0;;Bom;Sem defeito;Perfeito estado;Seca;Perfeito estado;Não existe;Não há placas;60 km/h;2019
12/12/2019;14:39:00;SEM VÍTIMA;PINA;AV DR DIRCEU VELLOSO TOSCANO DE BRITO;SUBURBIO;ABALROAMENTO LONGITUDINAL;1;1;;;;;;;0;;Bom;Não existe;Perfeito estado;Seca;Perfeito estado;Faixa de pedestre;;;2019
12/12/2019;14:51:00;COM VÍTIMA;SANTO AMARO;AV CRUZ CABUGA;SUBURBIO;ABALROAMENTO TRANSVERSAL;1;1;;;;;;;1;;Bom;Não existe;Perfeito estado;Seca;Perfeito estado;Não existe;Não há placas;;2019
12/12/2019;14:55:00;SEM VÍTIMA;IMBIRIBEIRA;AV MARECHAL MASCARENHAS DE MORAES;CIDADE;COLISÃO TRASEIRA;1;;;;;1;;;0;;Bom;Sem defeito;Perfeito estado;Seca;Perfeito estado;Faixa de pedestre;;;2019
12/12/2019;15:17:00;SEM VÍTIMA;IMBIRIBEIRA;AV MARECHAL MASCARENHAS DE MORAES;SUBURBIO;COLISÃO TRASEIRA;2;;;;;;;;0;;Bom;Sem defeito;Perfeito estado;Seca;Perfeito estado;Faixa de pedestre;Não há placas;60 km/h;2019
12/12/2019;15:36:00;SEM VÍTIMA;BAIRRO DO RECIFE;CAIS DO APOLO;SUBURBIO;ABALROAMENTO LONGITUDINAL;1;;;;1;;;;0;;Bom;Não existe;Perfeito estado;Seca;Perfeito estado;Não existe;Não há placas;40 km/h;2019
12/12/2019;16:25:00;SEM VÍTIMA;ESTÂNCIA;AV RECIFE;SUBURBIO;ABALROAMENTO LONGITUDINAL;2;;;;;;;;0;;Bom;Não existe;Perfeito estado;Seca;Perfeito estado;Não existe;Não há placas;;2019
12/12/2019;16:56:00;SEM VÍTIMA;BONGI;AV GENERAL SAN MARTIN;;COLISÃO;2;;;;;;;;0;;;;;;;;;;2019
12/12/2019;17:30:00;SEM VÍTIMA;MADALENA;RUA LOPES DE CARVALHO;;COLISÃO;1;;;;;;;;0;;;;;;;;;;2019
12/12/2019;17:44:00;SEM VÍTIMA;ÁGUA FRIA;RUA SAO BENTO;;COLISÃO TRASEIRA;;;;;2;;;;0;;Bom;Não existe;Perfeito estado;Seca;Perfeito estado;Não existe;Não há placas;30 km/h;2019
12/12/2019;18:23:00;SEM VÍTIMA;AFOGADOS;RUA DA PAZ;;COLISÃO;1;;;;1;;;;0;;;;;;;;;;2019
12/12/2019;18:30:00;SEM VÍTIMA;MADALENA;AV ENGENHEIRO ABDIAS DE CARVALHO;;COLISÃO;2;;;;;;;;0;;;;;;;;;;2019
12/12/2019;18:46:00;SEM VÍTIMA;ESPINHEIRO;AV JOAO DE BARROS;SUBURBIO;ABALROAMENTO LONGITUDINAL;1;;;;1;;;;0;;Bom;Sem defeito;Perfeito estado;Seca;Perfeito estado;Faixa de pedestre;Não há placas;;2019
12/12/2019;19:08:00;SEM VÍTIMA;IMBIRIBEIRA;AV MARECHAL MASCARENHAS DE MORAES;CIDADE;ABALROAMENTO TRANSVERSAL;1;;;;;1;;;0;;Bom;Não existe;Perfeito estado;Seca;Perfeito estado;Não existe;Não há placas;;2019
12/12/2019;21:14:00;SEM VÍTIMA;BOA VIAGEM;AV DES JOSE NEVES;SUBURBIO;COLISÃO TRASEIRA;1;1;;;;;;;0;;Bom;Não existe;Perfeito estado;Seca;Perfeito estado;Não existe;Não há placas;;2019
12/12/2019;19:50:00;SEM VÍTIMA;ILHA DO RETIRO;TUNEL CHICO SCIENCE;;ABALROAMENTO LONGITUDINAL;1;;;;;;;1;0;;Bom;Não existe;Perfeito estado;Seca;Perfeito estado;Não existe;Não há placas;;2019
12/12/2019;22:06:00;SEM VÍTIMA;CASA FORTE;RUA JADER DE ANDRADE;;ABALROAMENTO LONGITUDINAL;2;;;;;;;;0;;Bom;Sem defeito;Incompleta;Seca;Perfeito estado;Faixa de pedestre;Não há placas;30 km/h;2019
13/12/2019;00:57:00;COM VÍTIMA;PAISSANDU;RUA PAISSANDU;SUBURBIO;COLISÃO FRONTAL;1;1;;;;;;;1;;Bom;Sem defeito;Perfeito estado;Seca;Perfeito estado;Faixa de pedestre;;60 km/h;2019
13/12/2019;01:22:00;COM VÍTIMA;BOA VIAGEM;AV CONSELHEIRO AGUIAR;CIDADE;ABALROAMENTO TRANSVERSAL;2;;;;;;;;4;;Bom;Sem defeito;Perfeito estado;Seca;Perfeito estado;Faixa de pedestre;Não há placas;;2019
13/12/2019;03:33:00;SEM VÍTIMA;CAJUEIRO;RUA CORONEL URBANO RIBEIRO DE SENA;SUBURBIO;CHOQUE VEÍCULO PARADO;2;;;;;;;1;0;;Bom;Não existe;Incompleta;Seca;Perfeito estado;Não existe;Outras;;2019
13/12/2019;05:41:00;SEM VÍTIMA;BARRO;AV CENTRAL;SUBURBIO;ABALROAMENTO TRANSVERSAL;1;;;;1;;;;0;;Bom;Não existe;Perfeito estado;Seca;Perfeito estado;Não existe;Não há placas;;2019
13/12/2019;07:32:00;SEM VÍTIMA;CORDEIRO;AV ENGENHEIRO ABDIAS DE CARVALHO;CIDADE;COLISÃO TRASEIRA;2;;;;;;;;0;;Bom;Sem defeito;Perfeito estado;Seca;Perfeito estado;Faixa de pedestre;Não há placas;60 km/h;2019
13/12/2019;08:11:00;SEM VÍTIMA;CORDEIRO;RUA JOAQUIM ALHEIROS;SUBURBIO;ABALROAMENTO LONGITUDINAL;1;1;;;;;;;0;;Bom;Não existe;Não existente;Seca;Perfeito estado;Não existe;Não há placas;;2019
13/12/2019;08:18:00;SEM VÍTIMA;BOA VIAGEM;AV ENGENHEIRO DOMINGOS FERREIRA;SUBURBIO;COLISÃO TRASEIRA;2;;;;;;;;0;;Bom;Sem defeito;Perfeito estado;Seca;Perfeito estado;Não existe;Outras;60 km/h;2019
13/12/2019;08:19:00;SEM VÍTIMA;BOA VIAGEM;RUA PROFESSOR JOAO MEDEIROS;PINA;COLISÃO;2;;;;;;;;0;;;;;;;;;;2019
13/12/2019;08:19:00;SEM VÍTIMA;BOA VIAGEM;RUA ERNESTO DE PAULA SANTOS;;ABALROAMENTO LONGITUDINAL;2;;;;;;;;0;;Bom;Não existe;Perfeito estado;Seca;Perfeito estado;Não existe;;;2019
13/12/2019;09:02:00;SEM VÍTIMA;CASA AMARELA;RUA FERREIRA LOPES;SUBURBIO;ABALROAMENTO TRANSVERSAL;2;;;;;;;;0;;Bom;Não existe;Perfeito estado;Seca;Perfeito estado;Outros;R-6a;;2019
13/12/2019;09:19:00;SEM VÍTIMA;BOA VIAGEM;RUA ERNESTO DE PAULA SANTOS;CIDADE;ABALROAMENTO LONGITUDINAL;2;;;;;;;;0;;Bom;Não existe;Incompleta;Seca;Perfeito estado;Não existe;Não há placas;;2019
13/12/2019;09:20:00;SEM VÍTIMA;BOA VISTA;AV CONDE DA BOA VISTA;SUBURBIO;COLISÃO COM CICLISTA;1;;1;;;;;;0;;Bom;Não existe;Perfeito estado;Seca;Perfeito estado;Faixa de pedestre;Não há placas;40 km/h;2019
13/12/2019;10:02:00;SEM VÍTIMA;ESTÂNCIA;AV DR JOSE RUFINO;SUBURBIO;COLISÃO FRONTAL;1;;;;1;;;;0;;Bom;Não existe;Perfeito estado;Seca;Perfeito estado;Não existe;R-6a;;2019
13/12/2019;10:13:00;SEM VÍTIMA;AFOGADOS;AV MANOEL GONCALVES DA LUZ;;COLISÃO;1;1;;;;;;;0;;;;;;;;;;2019
13/12/2019;10:13:00;SEM VÍTIMA;ESTÂNCIA;RUA MORAIS E SILVA;;COLISÃO;2;;;;;;;;0;;;;;;;;;;2019
13/12/2019;10:44:00;SEM VÍTIMA;IMBIRIBEIRA;AV ANTONIO TORRES GALVAO;CIDADE;COLISÃO TRASEIRA;2;;;;;;;;0;;Bom;Não existe;Incompleta;Seca;Mal conservada;Não existe;Outras;60 km/h;2019
13/12/2019;11:18:00;SEM VÍTIMA;ALTO JOSÉ BONIFÁCIO;RUA ARAXA;;COLISÃO;1;;;;1;;;;0;;;;;;;;;;2019
13/12/2019;11:20:00;SEM VÍTIMA;MADALENA;RUA SPORT CLUBE DO RECIFE;SUBURBIO;COLISÃO FRONTAL;1;;;;;1;;;0;;Bom;Sem defeito;Perfeito estado;Seca;Perfeito estado;Agente;Não há placas;;2019
13/12/2019;11:45:00;SEM VÍTIMA;IMBIRIBEIRA;RUA JOAQUIM BANDEIRA;CIDADE;ABALROAMENTO LONGITUDINAL;1;;;;1;;;;0;;Bom;Sem defeito;Perfeito estado;Seca;Perfeito estado;Faixa de pedestre;Não há placas;;2019
13/12/2019;11:53:00;SEM VÍTIMA;PARNAMIRIM;AV RUI BARBOSA;;COLISÃO;2;;;;;;;;0;;;;;;;;;;2019
13/12/2019;12:08:00;SEM VÍTIMA;IPSEP;AV RECIFE;;ABALROAMENTO LONGITUDINAL;2;;;;;;;;0;;Bom;Sem defeito;Perfeito estado;Seca;Perfeito estado;Faixa de retenção;R-6a;;2019
13/12/2019;12:55:00;SEM VÍTIMA;GRAÇAS;RUA BRUNO MAIA;;COLISÃO;2;;;;;;;;0;;;;;;;;;;2019
13/12/2019;13:17:00;SEM VÍTIMA;IPUTINGA;AV CAXANGA;CIDADE;COLISÃO TRASEIRA;1;;;;;;;;0;;Bom;Sem defeito;Perfeito estado;Seca;Perfeito estado;Faixa de pedestre;Outras;;2019
13/12/2019;13:20:00;SEM VÍTIMA;DERBY;AV GOVERNADOR AGAMENON MAGALHAES;;COLISÃO TRASEIRA;2;;;;;;;;0;;Bom;Não existe;Perfeito estado;Seca;Perfeito estado;Não existe;Não há placas;60 km/h;2019
13/12/2019;13:23:00;SEM VÍTIMA;JARDIM SÃO PAULO;AV RECIFE;;COLISÃO;3;;;;;;;;0;;;;;;;;;;2019
13/12/2019;14:22:00;SEM VÍTIMA;IBURA;RUA VALE DO ITAJAI;;ABALROAMENTO LONGITUDINAL;1;;;;;1;;1;0;;Bom;Não existe;Não existente;Seca;Perfeito estado;Não existe;Não há placas;;2019
13/12/2019;14:41:00;SEM VÍTIMA;BOA VISTA;RUA DO PRINCIPE;CIDADE;COLISÃO TRASEIRA;2;;;;1;;;;0;;Bom;Não existe;Perfeito estado;Seca;Perfeito estado;Não existe;Não há placas;;2019
13/12/2019;14:53:00;SEM VÍTIMA;TORRE;RUA REAL DA TORRE;CIDADE;ABALROAMENTO TRANSVERSAL;2;;;;;;;;0;;Bom;Sem defeito;Perfeito estado;Seca;Perfeito estado;;R-6a;;2019
13/12/2019;14:54:00;SEM VÍTIMA;BAIRRO DO RECIFE;CAIS DO APOLO;CIDADE;ABALROAMENTO LONGITUDINAL;1;;;;;1;;;0;;Bom;Sem defeito;Perfeito estado;Seca;Perfeito estado;Faixa de pedestre;;;2019
13/12/2019;15:00:00;SEM VÍTIMA;IPSEP;RUA ADERBAL DE MELO;SUBURBIO;ABALROAMENTO TRANSVERSAL;2;;;;;;;;0;;Bom;Não existe;Perfeito estado;Seca;Perfeito estado;Não existe;Placas Pare;;2019
13/12/2019;15:01:00;SEM VÍTIMA;SANTO AMARO;AV CRUZ CABUGA;;COLISÃO;2;;;;;;;;0;;;;;;;;;;2019
13/12/2019;15:05:00;SEM VÍTIMA;MACAXEIRA;AV NORTE;SUBURBIO;ABALROAMENTO LONGITUDINAL;1;;;;1;;;;0;;Bom;Não existe;Incompleta;Seca;Perfeito estado;Não existe;Não há placas;;2019
13/12/2019;15:40:00;COM VÍTIMA;IPSEP;RUA ITACARI;;ABALROAMENTO TRANSVERSAL;2;;;;;;;;2;;Bom;Não existe;Ilegível;Seca;Mal iluminada;Não existe;Placas Pare;;2019
13/12/2019;16:00:00;SEM VÍTIMA;TORRE;RUA DOM MANOEL DA COSTA;CIDADE;ABALROAMENTO LONGITUDINAL;1;;;;;;;;0;;Bom;Sem defeito;Perfeito estado;Seca;Perfeito estado;Faixa de pedestre;R-6a;;2019
13/12/2019;17:09:00;SEM VÍTIMA;IPSEP;AV RECIFE;;COLISÃO TRASEIRA;2;;;;;;;;0;;Bom;Sem defeito;Perfeito estado;Seca;Perfeito estado;Faixa de pedestre;Outras;;2019
13/12/2019;17:12:00;SEM VÍTIMA;IPSEP;AV PRESIDENTE DUTRA;;COLISÃO TRASEIRA;2;;;;;;;;0;;Bom;Sem defeito;Perfeito estado;Seca;Perfeito estado;Faixa de pedestre;R-6a;;2019
13/12/2019;17:20:00;SEM VÍTIMA;SÃO JOSÉ;RUA DA CONCORDIA;CIDADE;ABALROAMENTO TRANSVERSAL;2;;;;;;;;0;;Bom;Não existe;Perfeito estado;Seca;Perfeito estado;Não existe;R-6a;;2019
13/12/2019;17:53:00;SEM VÍTIMA;DERBY;RUA DOM BOSCO;SUBURBIO;ABALROAMENTO LONGITUDINAL;1;;;;1;;;;0;;Bom;Sem defeito;Perfeito estado;Seca;Perfeito estado;;Outras;40 km/h;2019
13/12/2019;17:53:00;SEM VÍTIMA;IBURA;AV DOIS RIOS;;COLISÃO TRASEIRA;1;1;;;;;;;0;;Bom;Sem defeito;Perfeito estado;Seca;Perfeito estado;;;;2019
13/12/2019;18:03:00;COM VÍTIMA;IPSEP;AV RECIFE;CIDADE;COLISÃO;1;1;;;;;;;2;;;;;;;;;;2019
13/12/2019;18:09:00;SEM VÍTIMA;MADALENA;AV BEIRA RIO;;ABALROAMENTO LONGITUDINAL;2;;;;;;;;0;;Bom;Não existe;Perfeito estado;Seca;Perfeito estado;Não existe;R-6a;;2019
13/12/2019;19:11:00;SEM VÍTIMA;ESTÂNCIA;AV DR JOSE RUFINO;SUBURBIO;COLISÃO TRASEIRA;2;;;;;;;;0;;Bom;Sem defeito;Perfeito estado;Seca;Perfeito estado;Faixa de pedestre;Não há placas;;2019
13/12/2019;19:13:00;VÍTIMA FATAL;SOLEDADE;AV CONDE DA BOA VISTA;CIDADE;ATROPELAMENTO;;;;1;1;;;;0;1;Bom;Não existe;Perfeito estado;Seca;Perfeito estado;Não existe;Não há placas;40 km/h;2019
13/12/2019;19:27:00;SEM VÍTIMA;IMBIRIBEIRA;AV MARECHAL MASCARENHAS DE MORAES;SUBURBIO;COLISÃO TRASEIRA;2;;;;;;;;0;;Bom;Não existe;Perfeito estado;Seca;Perfeito estado;Não existe;Não há placas;60 km/h;2019
13/12/2019;19:51:00;SEM VÍTIMA;ROSARINHO;RUA DR JOSE MARIA;CIDADE;ABALROAMENTO LONGITUDINAL;2;;;;;;;;0;;Bom;Não existe;Ilegível;Seca;Perfeito estado;Não existe;Não há placas;;2019
13/12/2019;21:56:00;SEM VÍTIMA;BOA VIAGEM;RUA CAMBOIM;CIDADE;CAPOTAMENTO;2;;;;;;;;0;;Bom;Não existe;Perfeito estado;Seca;Perfeito estado;Não existe;Placas Pare;;2019
13/12/2019;22:09:00;SEM VÍTIMA;ARRUDA;AV PROFESSOR JOSE DOS ANJOS;SUBURBIO;ABALROAMENTO TRANSVERSAL;2;;;;;;;;0;;Bom;Sem defeito;Perfeito estado;Seca;Perfeito estado;Faixa de pedestre;;;2019
13/12/2019;23:45:00;SEM VÍTIMA;PINA;AV ANTONIO DE GOES;CIDADE;ABALROAMENTO LONGITUDINAL;1;;;;1;;;;0;;Bom;Sem defeito;Perfeito estado;Seca;Perfeito estado;Não existe;Outras;;2019
14/12/2019;01:51:00;SEM VÍTIMA;DERBY;PRC DO DERBY;CIDADE;ABALROAMENTO LONGITUDINAL;2;;;;;;;;0;;Bom;Não existe;Perfeito estado;Seca;Perfeito estado;Não existe;R-6a;;2019
14/12/2019;03:39:00;SEM VÍTIMA;BOA VIAGEM;AV BOA VIAGEM;CIDADE;CHOQUE VEÍCULO PARADO;3;;;;;;;;0;;Bom;Sem defeito;Perfeito estado;Seca;Perfeito estado;Faixa de pedestre;Não há placas;;2019
14/12/2019;07:41:00;SEM VÍTIMA;ESPINHEIRO;RUA CONS PORTELA;SUBURBIO;ABALROAMENTO LONGITUDINAL;2;;;;;;;;0;;Bom;Sem defeito;Perfeito estado;Seca;;Faixa de pedestre;Outras;;2019
14/12/2019;07:45:00;SEM VÍTIMA;BOA VIAGEM;AV ENGENHEIRO DOMINGOS FERREIRA;;ABALROAMENTO TRANSVERSAL;3;;;;;;;;0;;Bom;Sem defeito;Perfeito estado;Seca;Perfeito estado;Faixa de pedestre;Não há placas;60 km/h;2019
14/12/2019;07:53:00;SEM VÍTIMA;AFOGADOS;RUA JOAO IVO DA SILVA;SUBURBIO;COLISÃO TRASEIRA;2;;;;;;;;0;;Bom;Não existe;Perfeito estado;Seca;Perfeito estado;Não existe;;;2019
14/12/2019;08:15:00;SEM VÍTIMA;JARDIM SÃO PAULO;RUA DR DEVALDO BORGES;SUBURBIO;CHOQUE VEÍCULO PARADO;2;;;;;;;;0;;Bom;Não existe;Perfeito estado;Seca;Perfeito estado;Não existe;Outras;;2019
14/12/2019;08:33:00;COM VÍTIMA;IMBIRIBEIRA;RUA JOAQUIM BANDEIRA;;ABALROAMENTO TRANSVERSAL;2;1;;;;;;;1;;Bom;Não existe;Não existente;Seca;Perfeito estado;Não existe;Não há placas;;2019
14/12/2019;09:18:00;COM VÍTIMA;SAN MARTIN;AV CONSUL VILARES FRAGOSO;SUBURBIO;ABALROAMENTO LONGITUDINAL;;1;;;;1;;;1;;;;;;;;;;2019
14/12/2019;09:19:00;SEM VÍTIMA;AFOGADOS;AV MARECHAL MASCARENHAS DE MORAES;CIDADE;COLISÃO TRASEIRA;2;;;;;;;;0;;Bom;Não existe;Não existente;Seca;Perfeito estado;Não existe;Não há placas;;2019
14/12/2019;09:28:00;SEM VÍTIMA;IMBIRIBEIRA;RUA PAMPULHA;CIDADE;COLISÃO TRASEIRA;2;;;;;;;;0;;Bom;Sem defeito;Perfeito estado;Seca;;Faixa de pedestre;Não há placas;;2019
14/12/2019;09:57:00;SEM VÍTIMA;ESTÂNCIA;AV RECIFE;SUBURBIO;COLISÃO TRASEIRA;2;;;;;;;;0;;Bom;Não existe;Perfeito estado;Seca;Perfeito estado;Não existe;Não há placas;50 km/h;2019
14/12/2019;10:04:00;COM VÍTIMA;JIQUIÁ;AV DR JOSE RUFINO;SUBURBIO;ABALROAMENTO LONGITUDINAL;1;1;;;;;;;1;;Bom;Não existe;Perfeito estado;Seca;Perfeito estado;Não existe;Outras;;2019
14/12/2019;10:40:00;COM VÍTIMA;CASA AMARELA;AV NORTE;SUBURBIO;ABALROAMENTO LONGITUDINAL;1;1;;;;;;;2;;Bom;Sem defeito;Perfeito estado;Seca;Perfeito estado;Faixa de pedestre;R-6a;;2019
14/12/2019;10:43:00;SEM VÍTIMA;ESPINHEIRO;RUA DO ESPINHEIRO;SUBURBIO;COLISÃO TRASEIRA;2;;;;;;;;0;;Bom;Não existe;Perfeito estado;Seca;Perfeito estado;Não existe;Não há placas;;2019
14/12/2019;11:35:00;SEM VÍTIMA;CORDEIRO;AV CAXANGA;SUBURBIO;COLISÃO TRASEIRA;2;;;;;;;;0;;Bom;Sem defeito;Perfeito estado;Seca;Perfeito estado;Faixa de pedestre;Outras;60 km/h;2019