data;hora;natureza_acidente;bairro;endereco;sentido_via;tipo;auto;moto;ciclista;pedestre;onibus;caminhao;viatura;outros;vitimas;vitimasfatais;tempo_clima;situacao_semaforo;sinalizacao;condicao_via;conservacao_via;ponto_controle;situacao_placa;velocidade_max_via;ano
14/12/2019;12:24:00;SEM VÍTIMA;IMBIRIBEIRA;RUA SARGENTO SILVINO DE MACEDO;;ABALROAMENTO LONGITUDINAL;1;;;;1;;;;0;;Bom;Não existe;Não existente;Seca;Perfeito estado;Não existe;Não há placas;30 km/h;2019
14/12/2019;12:27:00;SEM VÍTIMA;SAN MARTIN;AV ENGENHEIRO ABDIAS DE CARVALHO;;COLISÃO;2;;;;;;;;0;;;;;;;;;;2019
14/12/2019;13:12:00;COM VÍTIMA;BEBERIBE;AV BEBERIBE;SUBURBIO;ABALROAMENTO TRANSVERSAL;1;1;;;;;;;2;;Bom;Sem defeito;Ilegível;Seca;Perfeito estado;Faixa de pedestre;R-6a;;2019
14/12/2019;13:28:00;SEM VÍTIMA;BOA VIAGEM;AV BOA VIAGEM;;COLISÃO;2;;;;;;;;0;;;;;;;;;;2019
14/12/2019;13:55:00;SEM VÍTIMA;IPSEP;RUA JAMAICA;SUBURBIO;ABALROAMENTO LONGITUDINAL;2;;;;;;;;0;;Bom;Não existe;Perfeito estado;Seca;Perfeito estado;Não existe;R-6a;;2019
14/12/2019;14:09:00;SEM VÍTIMA;TORRE;RUA PROFESSOR TRAJANO DE MENDONCA;;ABALROAMENTO LONGITUDINAL;1;1;;;;;;;0;;Bom;Não existe;Não existente;Seca;Perfeito estado;Não existe;Outras;;2019
14/12/2019;14:50:00;SEM VÍTIMA;ARRUDA;RUA DAS MOCAS;;COLISÃO;3;;;;;;;;0;;;;;;;;;;2019
14/12/2019;15:57:00;COM VÍTIMA;IPSEP;RUA JEAN EMILE FAVRE;SUBURBIO;COLISÃO COM CICLISTA;1;;1;;;;;;1;;Bom;Não existe;Perfeito estado;Seca;Perfeito estado;Não existe;R-6a;;2019
14/12/2019;16:35:00;SEM VÍTIMA;ESPINHEIRO;RUA DR FERNANDO ALLAIN;CIDADE;ABALROAMENTO TRANSVERSAL;1;1;;;;;;;0;;Bom;Não existe;Perfeito estado;Seca;Perfeito estado;Não existe;Outras;;2019
14/12/2019;16:40:00;SEM VÍTIMA;;AV RECIFE;SUBURBIO;COLISÃO TRASEIRA;2;;;;;;;;0;;Bom;Não existe;Perfeito estado;Seca;Perfeito estado;Não existe;Não há placas;;2019
14/12/2019;16:46:00;SEM VÍTIMA;TAMARINEIRA;RUA PADRE ROMA;SUBURBIO;ABALROAMENTO LONGITUDINAL;2;;;;;;;;0;;Bom;Não existe;Perfeito estado;Seca;Perfeito estado;Não existe;Não há placas;;2019
14/12/2019;17:12:00;SEM VÍTIMA;ÁGUA FRIA;AV BEBERIBE;SUBURBIO;ABALROAMENTO LONGITUDINAL;1;;;;;1;;;0;;Bom;Não existe;Perfeito estado;Seca;Perfeito estado;Não existe;R-6a;;2019
14/12/2019;18:29:00;COM VÍTIMA;BOA VISTA;AV VISCONDE DE SUASSUNA;SUBURBIO;ABALROAMENTO LONGITUDINAL;2;;;;;;;;1;;Bom;Não existe;Perfeito estado;Seca;Perfeito estado;;;;2019
14/12/2019;18:40:00;SEM VÍTIMA;BOA VIAGEM;RUA RIBEIRO DE BRITO;SUBURBIO;ABALROAMENTO TRANSVERSAL;2;;;;;;;;0;;Bom;Não existe;Perfeito estado;Seca;Perfeito estado;Não existe;Não há placas;;2019
14/12/2019;19:46:00;COM VÍTIMA;BOA VISTA;AV CONDE DA BOA VISTA;CIDADE;ATROPELAMENTO;;;;1;1;;;;1;;Bom;Sem defeito;Perfeito estado;Seca;Perfeito estado;Não existe;Não há placas;;2019
14/12/2019;20:36:00;COM VÍTIMA;SANTO AMARO;RUA DOS PALMARES;CIDADE;COLISÃO TRASEIRA;2;;;;;;;;2;;Bom;Não existe;Perfeito estado;Seca;Perfeito estado;Não existe;Não há placas;40 km/h;2019
14/12/2019;21:35:00;SEM VÍTIMA;BOA VIAGEM;AV CONSELHEIRO AGUIAR;CIDADE;COLISÃO TRASEIRA;2;;;;;;;;0;;Bom;Não existe;Perfeito estado;Seca;Perfeito estado;Não existe;R-6a;60 km/h;2019
14/12/2019;23:34:00;SEM VÍTIMA;MACAXEIRA;AV JOSE AMERICO DE ALMEIDA;SUBURBIO;COLISÃO FRONTAL;1;1;;;;;;;0;;Bom;Não existe;Perfeito estado;Seca;Perfeito estado;Não existe;Não há placas;;2019
15/12/2019;08:42:00;COM VÍTIMA;MONTEIRO;AV DEZESSETE DE AGOSTO;SUBURBIO;TOMBAMENTO;1;;;1;;;;;1;;Bom;Não existe;Perfeito estado;Seca;Perfeito estado;Não existe;Outras;;2019
15/12/2019;09:14:00;SEM VÍTIMA;IMBIRIBEIRA;VIADUTO TANCREDO NEVES;SUBURBIO;CHOQUE OBJETO FIXO;1;;;;;;;;0;;Bom;Não existe;Incompleta;Seca;Mal conservada;Não existe;R-24b;;2019
15/12/2019;09:24:00;SEM VÍTIMA;BOA VISTA;RUA PRINCESA IZABEL;CIDADE;COLISÃO TRASEIRA;2;1;;;;;;;0;;Chuvoso;Sem defeito;Perfeito estado;Seca;Perfeito estado;Faixa de pedestre;Outras;;2019
15/12/2019;09:27:00;SEM VÍTIMA;IBURA;RUA JOAO CORDEIRO DE SOUZA;;CHOQUE VEÍCULO PARADO;2;;;;;;;;0;;Bom;Não existe;Não existente;Seca;Perfeito estado;;;;2019
15/12/2019;11:04:00;SEM VÍTIMA;IMBIRIBEIRA;AV MARECHAL MASCARENHAS DE MORAES;SUBURBIO;ABALROAMENTO LONGITUDINAL;1;;;;1;;;;0;;Bom;Não existe;Perfeito estado;Seca;Perfeito estado;Não existe;R-6a;;2019
15/12/2019;12:10:00;COM VÍTIMA;DERBY;RUA JENER DE SOUZA;;ABALROAMENTO TRANSVERSAL;1;1;;;;;;;1;;Bom;Não existe;Perfeito estado;Seca;Perfeito estado;Faixa de pedestre;Não há placas;;2019
15/12/2019;12:56:00;COM VÍTIMA;PINA;RUA MANOEL DE BRITO;CIDADE;COLISÃO TRASEIRA;1;1;;;;;;;1;;Bom;Não existe;Perfeito estado;Seca;Perfeito estado;;Não há placas;;2019
15/12/2019;12:58:00;SEM VÍTIMA;SAN MARTIN;RUA DUARTE FILHO;SUBURBIO;ABALROAMENTO LONGITUDINAL;2;;;;;;;;0;;Bom;Não existe;Incompleta;Seca;Perfeito estado;Outros;Placas Pare;30 km/h;2019
15/12/2019;13:16:00;SEM VÍTIMA;ILHA DO RETIRO;AV ENGENHEIRO ABDIAS DE CARVALHO;SUBURBIO;COLISÃO TRASEIRA;2;;;;;;;;0;;Bom;Sem defeito;Perfeito estado;Seca;Perfeito estado;Faixa de pedestre;Outras;;2019
15/12/2019;13:21:00;SEM VÍTIMA;PONTO DE PARADA;AV BEBERIBE;CIDADE;ABALROAMENTO LONGITUDINAL;1;;;;;1;;;0;;Bom;Sem defeito;Perfeito estado;Seca;Perfeito estado;Não existe;Outras;;2019
15/12/2019;13:22:00;SEM VÍTIMA;ZUMBI;RUA PARAGUASSU;;ENGAVETAMENTO;3;;;;;;;;0;;;;;;;;;;2019
15/12/2019;13:30:00;SEM VÍTIMA;ILHA DO RETIRO;AV ENGENHEIRO ABDIAS DE CARVALHO;SUBURBIO;COLISÃO TRASEIRA;2;;;;;;;;0;;Bom;Sem defeito;Perfeito estado;Seca;Perfeito estado;Faixa de pedestre;Outras;;2019
15/12/2019;13:33:00;SEM VÍTIMA;BEBERIBE;PRC DA CONVENCAO;CIDADE;ABALROAMENTO LONGITUDINAL;1;;;;1;;;;0;;Bom;Não existe;Perfeito estado;Seca;Perfeito estado;;;;2019
15/12/2019;15:20:00;COM VÍTIMA;ENCRUZILHADA;AV NORTE;CIDADE;CHOQUE OBJETO FIXO;1;1;;;;;;;1;;Bom;Sem defeito;Perfeito estado;Seca;Perfeito estado;Faixa de pedestre;R-6a;;2019
15/12/2019;15:55:00;SEM VÍTIMA;BOA VIAGEM;RUA PADRE CARAPUCEIRO;SUBURBIO;ABALROAMENTO TRANSVERSAL;1;1;;;;;;;0;;Bom;Não existe;Incompleta;Seca;Perfeito estado;Não existe;;40 km/h;2019
15/12/2019;17:24:00;SEM VÍTIMA;ESPINHEIRO;RUA DO ESPINHEIRO;CIDADE;ABALROAMENTO TRANSVERSAL;2;;;;;;;;0;;Bom;Não existe;Perfeito estado;Seca;Perfeito estado;Faixa de pedestre;;;2019
15/12/2019;18:46:00;SEM VÍTIMA;ESTÂNCIA;AV RECIFE;SUBURBIO;COLISÃO TRASEIRA;2;;;;;;;;0;;Bom;Sem defeito;Perfeito estado;Seca;Perfeito estado;Faixa de pedestre;Não há placas;60 km/h;2019
15/12/2019;19:45:00;SEM VÍTIMA;CASA FORTE;RUA LEONARDO BEZERRA CAVALCANTE;SUBURBIO;COLISÃO TRASEIRA;2;;;;;;;;0;;Bom;Sem defeito;Perfeito estado;Seca;Perfeito estado;Faixa de pedestre;;40 km/h;2019
15/12/2019;21:08:00;SEM VÍTIMA;IBURA;AV DOIS RIOS;;COLISÃO;2;;;;;;;;0;;;;;;;;;;2019
15/12/2019;21:36:00;COM VÍTIMA;ARRUDA;RUA PROFESSOR JERONIMO GUEIROS;SUBURBIO;COLISÃO FRONTAL;2;;;;;;;;1;;Bom;Sem defeito;Não existente;Seca;Mal iluminada;Não existe;Não há placas;;2019
16/12/2019;00:36:00;SEM VÍTIMA;IPUTINGA;AV HISTORIAD JORDAO EMERENCIANO;;COLISÃO;1;1;;;;;;;0;;;;;;;;;;2019
16/12/2019;05:50:00;SEM VÍTIMA;IMBIRIBEIRA;AV MARECHAL MASCARENHAS DE MORAES;CIDADE;COLISÃO TRASEIRA;2;;;;;;;;0;;Bom;Sem defeito;Perfeito estado;Seca;Perfeito estado;Faixa de pedestre;Não há placas;;2019
16/12/2019;05:53:00;SEM VÍTIMA;TORRE;;SUBURBIO;ABALROAMENTO TRANSVERSAL;2;;;;;;;;0;;Chuvoso;Sem defeito;Perfeito estado;Molhada;Perfeito estado;Faixa de pedestre;Não há placas;;2019
16/12/2019;06:18:00;SEM VÍTIMA;CAXANGÁ;AV PROFESSOR ESTEVAO FRANCISCO DA COSTA;CIDADE;COLISÃO TRASEIRA;2;;;;;;;;0;;Chuvoso;Sem defeito;Perfeito estado;Molhada;Perfeito estado;Faixa de pedestre;Outras;;2019
16/12/2019;06:18:00;SEM VÍTIMA;SANTO AMARO;AV CRUZ CABUGA;CIDADE;ABALROAMENTO LONGITUDINAL;1;;;;1;;;;0;;Chuvoso;Sem defeito;Perfeito estado;Molhada;Perfeito estado;Agente;Não há placas;60 km/h;2019
16/12/2019;06:54:00;VÍTIMA FATAL;IPSEP;AV RECIFE;SUBURBIO;COLISÃO COM CICLISTA;2;;1;;;;;;3;1;Bom;Não existe;Perfeito estado;Seca;Perfeito estado;Não existe;Não há placas;;2019
16/12/2019;07:17:00;COM VÍTIMA;BOA VIAGEM;AV ENGENHEIRO DOMINGOS FERREIRA;SUBURBIO;ABALROAMENTO TRANSVERSAL;1;1;;;;;;;1;;Chuvoso;Sem defeito;Perfeito estado;Molhada;Perfeito estado;Faixa de pedestre;Não há placas;60 km/h;2019
16/12/2019;07:22:00;COM VÍTIMA;SAN MARTIN;AV GENERAL SAN MARTIN;AV RECIFE;COLISÃO;1;1;;;;;;;1;;;;;;;;;;2019
16/12/2019;07:33:00;SEM VÍTIMA;SANTO AMARO;AV GOVERNADOR AGAMENON MAGALHAES;CIDADE;ABALROAMENTO LONGITUDINAL;2;2;;;;;;;0;;Bom;Sem defeito;Perfeito estado;Seca;Perfeito estado;Faixa de pedestre;Não há placas;60 km/h;2019
16/12/2019;07:44:00;SEM VÍTIMA;TORRE;RUA REAL DA TORRE;;ABALROAMENTO LONGITUDINAL;2;;;;;;;;0;;Chuvoso;Não existe;Não existente;Molhada;Mal conservada;Não existe;Não há placas;;2019
16/12/2019;07:44:00;SEM VÍTIMA;ROSARINHO;AV NORTE;SUBURBIO;ABALROAMENTO LONGITUDINAL;1;;;;1;;;;0;;Chuvoso;Sem defeito;Perfeito estado;Molhada;Perfeito estado;Faixa de pedestre;R-6a;60 km/h;2019
16/12/2019;07:57:00;SEM VÍTIMA;GRAÇAS;RUA ALBERTO PAIVA;;CHOQUE OBJETO FIXO;1;;;;;;;;0;;Chuvoso;Não existe;Perfeito estado;Molhada;Perfeito estado;Não existe;R-6a;40 km/h;2019
16/12/2019;07:58:00;COM VÍTIMA;ILHA DO LEITE;AV FREI MATIAS TEVES;;CHOQUE OBJETO FIXO;1;;;;;;;;1;;Bom;Não existe;Perfeito estado;Seca;Perfeito estado;Faixa de pedestre;R-6a;30 km/h;2019
16/12/2019;08:50:00;SEM VÍTIMA;IMBIRIBEIRA;RUA PRESIDENTE NILO PECANHA;;ABALROAMENTO LONGITUDINAL;1;1;;;;;;;0;;Chuvoso;Não existe;;Molhada;Mal conservada;Outros;Outras;30 km/h;2019
16/12/2019;09:00:00;COM VÍTIMA;ESPINHEIRO;RUA SANTO ELIAS;SUBURBIO;COLISÃO FRONTAL;1;1;;;;;;;2;;Chuvoso;Não existe;Incompleta;Molhada;Mal conservada;Não existe;R-6a;30 km/h;2019
16/12/2019;09:01:00;SEM VÍTIMA;BOA VIAGEM;AV FERNANDO SIMOES BARBOSA;SUBURBIO;ABALROAMENTO LONGITUDINAL;1;;;;;1;;;0;;Bom;Sem defeito;Perfeito estado;Seca;Perfeito estado;Faixa de pedestre;R-6a;;2019
16/12/2019;09:25:00;COM VÍTIMA;IPSEP;AV RECIFE;;COLISÃO COM CICLISTA;;;;;;;;;;;;;;;;;;;2019
16/12/2019;09:40:00;SEM VÍTIMA;BOA VIAGEM;RUA RIBEIRO DE BRITO;CIDADE;ABALROAMENTO TRANSVERSAL;2;;;;;;;;0;;Bom;Não existe;Não existente;Seca;Perfeito estado;Não existe;Não há placas;;2019
16/12/2019;09:50:00;SEM VÍTIMA;CASA FORTE;AV DEZESSETE DE AGOSTO;CIDADE;ABALROAMENTO LONGITUDINAL;1;;;;1;;;;0;;Bom;Sem defeito;Perfeito estado;Seca;Perfeito estado;;;;2019
16/12/2019;10:06:00;SEM VÍTIMA;DOIS IRMÃOS;RUA DOIS IRMAOS;;COLISÃO TRASEIRA;2;;;;;;;;0;;Bom;Sem defeito;Perfeito estado;Seca;Perfeito estado;Faixa de pedestre;Não há placas;;2019
16/12/2019;11:19:00;SEM VÍTIMA;SÃO JOSÉ;RUA IMPERIAL;;COLISÃO;2;;;;;;;;0;;;;;;;;;;2019
16/12/2019;11:28:00;SEM VÍTIMA;BOA VIAGEM;RUA RIO AZUL;CIDADE;COLISÃO TRASEIRA;2;;;;;;;;0;;Bom;Sem defeito;Perfeito estado;Seca;Perfeito estado;Agente;Não há placas;40 km/h;2019
16/12/2019;11:34:00;SEM VÍTIMA;PINA;AV ANTONIO DE GOES;;COLISÃO;1;1;;;;;;;0;;;;;;;;;;2019
16/12/2019;12:39:00;SEM VÍTIMA;BOA VIAGEM;AV ENGENHEIRO DOMINGOS FERREIRA;SUBURBIO;ABALROAMENTO LONGITUDINAL;1;;;;1;;;;0;;Bom;;Perfeito estado;Seca;Perfeito estado;Não existe;;;2019
16/12/2019;12:42:00;COM VÍTIMA;TAMARINEIRA;RUA CONEGO BARATA;SUBURBIO;ATROPELAMENTO;1;;;1;;;;;1;;Bom;Não existe;Perfeito estado;Seca;Perfeito estado;Não existe;R-6a;50 km/h;2019
16/12/2019;13:03:00;SEM VÍTIMA;ESPINHEIRO;AV JOAO DE BARROS;SUBURBIO;COLISÃO TRASEIRA;2;;;;;;;;0;;Bom;Sem defeito;Incompleta;Seca;Perfeito estado;Faixa de pedestre;R-6a;;2019
16/12/2019;14:16:00;SEM VÍTIMA;BOA VISTA;RUA DA AURORA;CIDADE;ABALROAMENTO LONGITUDINAL;2;1;;;;;;;0;;Bom;Não existe;Incompleta;Seca;Mal conservada;Agente;Outras;;2019
16/12/2019;14:32:00;SEM VÍTIMA;AFOGADOS;EST DOS REMEDIOS;CIDADE;ABALROAMENTO LONGITUDINAL;1;;;;1;;;;0;;Bom;Não existe;Perfeito estado;Seca;;Não existe;R-6a;;2019
16/12/2019;14:46:00;SEM VÍTIMA;TORRÕES;EST DO FORTE DO ARRAIAL N. DO B. JESUS;;COLISÃO TRASEIRA;2;;;;;;;;0;;Bom;Sem defeito;Incompleta;Seca;Perfeito estado;Faixa de pedestre;Não há placas;;2019
16/12/2019;14:48:00;SEM VÍTIMA;AFOGADOS;RUA SAO MIGUEL;;ABALROAMENTO TRANSVERSAL;1;1;;;;;;;0;;Bom;Sem defeito;Perfeito estado;Seca;Perfeito estado;Não existe;Outras;;2019
16/12/2019;15:19:00;SEM VÍTIMA;BAIRRO DO RECIFE;RUA JOAQUIM FELIPE;CIDADE;COLISÃO TRASEIRA;2;;;;;;;;0;;Bom;Sem defeito;Perfeito estado;Seca;Perfeito estado;Não existe;Não há placas;;2019
16/12/2019;15:41:00;SEM VÍTIMA;VÁRZEA;AV PROFESSOR ARTUR DE SA;;COLISÃO COM CICLISTA;1;;1;;;;;;0;;;;;;;;;;2019
16/12/2019;15:57:00;SEM VÍTIMA;ILHA DO RETIRO;AV GOVERNADOR AGAMENON MAGALHAES;SUBURBIO;ABALROAMENTO LONGITUDINAL;1;;;;1;;;;0;;Bom;Sem defeito;Perfeito estado;Seca;Perfeito estado;Faixa de pedestre;;60 km/h;2019
16/12/2019;16:04:00;SEM VÍTIMA;SANTO AMARO;RUA DO HOSPICIO;;COLISÃO TRASEIRA;1;;;;1;;;;0;;Bom;Sem defeito;Perfeito estado;Seca;Perfeito estado;Faixa de pedestre;Outras;;2019
16/12/2019;16:35:00;SEM VÍTIMA;PARNAMIRIM;AV PARNAMIRIM;CIDADE;COLISÃO TRASEIRA;2;;;;;;;;0;;Bom;Não existe;Perfeito estado;Seca;Perfeito estado;;Outras;40 km/h;2019
16/12/2019;16:53:00;SEM VÍTIMA;SANTO ANTÔNIO;C SANTA RITA;CIDADE;ABALROAMENTO LONGITUDINAL;1;;;;1;;;;0;;Bom;Não existe;Não existente;Seca;Perfeito estado;Não existe;Não há placas;60 km/h;2019
16/12/2019;17:13:00;COM VÍTIMA;SÃO JOSÉ;AV SUL;SUBURBIO;COLISÃO COM CICLISTA;;;1;;1;;;;1;;Bom;Não existe;Perfeito estado;Seca;Perfeito estado;Não existe;Não há placas;;2019
16/12/2019;17:23:00;SEM VÍTIMA;ILHA DO RETIRO;RUA ASTORGA;;ABALROAMENTO TRANSVERSAL;2;;;;;;;;0;;Bom;Não existe;Não existente;Seca;Perfeito estado;Não existe;Não há placas;;2019
16/12/2019;18:30:00;COM VÍTIMA;BOA VISTA;RUA DO HOSPICIO;CIDADE;ATROPELAMENTO;1;1;;1;;;;;1;;Bom;Sem defeito;Incompleta;Seca;Perfeito estado;Agente;Não há placas;;2019
16/12/2019;18:43:00;COM VÍTIMA;IMBIRIBEIRA;RUA JACY;SUBURBIO;ABALROAMENTO LONGITUDINAL;;1;;;1;;;;1;;Bom;Não existe;Perfeito estado;Seca;Perfeito estado;Não existe;Não há placas;;2019
16/12/2019;18:52:00;SEM VÍTIMA;ESPINHEIRO;AV GOVERNADOR AGAMENON MAGALHAES;;COLISÃO TRASEIRA;2;;;;;;;;0;;Bom;Sem defeito;Perfeito estado;Seca;Perfeito estado;Não existe;Não há placas;60 km/h;2019
16/12/2019;18:55:00;SEM VÍTIMA;CABANGA;RUA COMANDANTE ANTONIO MANHAES DE MATTOS;;COLISÃO;1;;;;1;;;;0;;;;;;;;;;2019
16/12/2019;19:16:00;SEM VÍTIMA;BOA VISTA;RUA DOM BOSCO;SUBURBIO;ABALROAMENTO LONGITUDINAL;2;;;;;;;;0;;Bom;Sem defeito;Perfeito estado;Seca;Perfeito estado;;;40 km/h;2019
16/12/2019;19:43:00;COM VÍTIMA;AFOGADOS;RUA SAO MIGUEL;CIDADE;COLISÃO TRASEIRA;1;1;;;;;;;1;;Bom;Não existe;Perfeito estado;Seca;Perfeito estado;Não existe;Não há placas;;2019
16/12/2019;20:00:00;COM VÍTIMA;SÃO JOSÉ;RUA DOS COELHOS;CIDADE;ABALROAMENTO LONGITUDINAL;1;1;;;;;;;1;;Bom;Sem defeito;Perfeito estado;Seca;Perfeito estado;Faixa de pedestre;Não há placas;;2019
16/12/2019;20:12:00;SEM VÍTIMA;ILHA DO LEITE;AV GOVERNADOR AGAMENON MAGALHAES;;COLISÃO FRONTAL;2;;;;;;;;0;;Bom;Sem defeito;Perfeito estado;Seca;Perfeito estado;Não existe;Não há placas;60 km/h;2019
16/12/2019;20:16:00;COM VÍTIMA;IPUTINGA;EST DO BARBALHO;CIDADE;COLISÃO COM CICLISTA;;1;1;;;;;;3;;Bom;Não existe;Incompleta;Seca;Perfeito estado;Não existe;R-6a;;2019
16/12/2019;21:38:00;SEM VÍTIMA;IMBIRIBEIRA;VIADUTO TANCREDO NEVES;SUBURBIO;COLISÃO TRASEIRA;2;;;;;;;;0;;Chuvoso;Não existe;Perfeito estado;Molhada;Perfeito estado;Não existe;Não há placas;;2019
17/12/2019;03:36:00;SEM VÍTIMA;MADALENA;AV ENGENHEIRO ABDIAS DE CARVALHO;SUBURBIO;ABALROAMENTO TRANSVERSAL;2;;;;;;;;0;;Bom;Sem defeito;Perfeito estado;Seca;Perfeito estado;Faixa de pedestre;Outras;;2019
17/12/2019;06:57:00;SEM VÍTIMA;BOA VIAGEM;AV ENGENHEIRO DOMINGOS FERREIRA;SUBURBIO;ABALROAMENTO LONGITUDINAL;1;;;;;;;1;0;;Bom;Sem defeito;Perfeito estado;Seca;Perfeito estado;Faixa de pedestre;Não há placas;60 km/h;2019
17/12/2019;07:28:00;COM VÍTIMA;IPSEP;RUA CACHOEIRA;CIDADE;ABALROAMENTO TRANSVERSAL;1;1;;;;;;;1;;Bom;Não existe;Perfeito estado;Seca;Perfeito estado;Não existe;Não há placas;;2019
17/12/2019;09:12:00;SEM VÍTIMA;SANTO AMARO;AV GOVERNADOR AGAMENON MAGALHAES;SUBURBIO;COLISÃO TRASEIRA;2;;;;;1;;;0;;Bom;Não existe;Perfeito estado;Seca;Perfeito estado;Não existe;Outras;60 km/h;2019
17/12/2019;09:22:00;SEM VÍTIMA;MADALENA;RUA BENFICA;;ABALROAMENTO LONGITUDINAL;2;;;;;;;;0;;Bom;Não existe;Não existente;Seca;Perfeito estado;Não existe;Não há placas;60 km/h;2019
17/12/2019;09:35:00;SEM VÍTIMA;BOA VIAGEM;RUA VISCONDE DE JEQUITINHONHA;;COLISÃO;;1;;;1;;;;0;;;;;;;;;;2019
17/12/2019;09:37:00;SEM VÍTIMA;IMBIRIBEIRA;AV MARECHAL MASCARENHAS DE MORAES;SUBURBIO;COLISÃO TRASEIRA;2;;;;;;;;0;;Bom;Sem defeito;Perfeito estado;Seca;Perfeito estado;;;60 km/h;2019
17/12/2019;09:53:00;SEM VÍTIMA;ÁGUA FRIA;RUA SAO BENTO;;COLISÃO;1;1;;;;;;;0;;;;;;;;;;2019
17/12/2019;09:53:00;COM VÍTIMA;IMBIRIBEIRA;AV ENGENHEIRO ALVES DE SOUZA;SUBURBIO;ABALROAMENTO TRANSVERSAL;1;1;;;;;;;1;;Bom;Sem defeito;Perfeito estado;Seca;Perfeito estado;Faixa de pedestre;Não há placas;;2019
17/12/2019;09:56:00;SEM VÍTIMA;CORDEIRO;AV ENGENHEIRO ABDIAS DE CARVALHO;SUBURBIO;ABALROAMENTO LONGITUDINAL;1;;;;;1;;;0;;Bom;Sem defeito;Perfeito estado;Seca;Perfeito estado;Faixa de pedestre;;60 km/h;2019
17/12/2019;10:21:00;SEM VÍTIMA;CAXANGÁ;AV CAXANGA;SUBURBIO;ABALROAMENTO LONGITUDINAL;2;;;;;;;;0;;Bom;Sem defeito;Perfeito estado;Seca;Perfeito estado;Faixa de pedestre;R-6a;;2019
17/12/2019;10:52:00;SEM VÍTIMA;GRAÇAS;AV GOVERNADOR AGAMENON MAGALHAES;;COLISÃO TRASEIRA;1;;;;;;;1;0;;Bom;Sem defeito;Perfeito estado;Seca;Perfeito estado;Faixa de pedestre;;60 km/h;2019
17/12/2019;10:56:00;COM VÍTIMA;IMBIRIBEIRA;AV MARECHAL MASCARENHAS DE MORAES;CIDADE;ATROPELAMENTO;1;;;1;;;;;1;;Bom;Sem defeito;Perfeito estado;Seca;Perfeito estado;Faixa de pedestre;Não há placas;60 km/h;2019
17/12/2019;11:01:00;SEM VÍTIMA;BOA VIAGEM;RUA DOS NAVEGANTES;SUBURBIO;ABALROAMENTO LONGITUDINAL;2;;;;;;;;0;;Bom;Não existe;Não existente;Seca;Perfeito estado;Não existe;Não há placas;30 km/h;2019
17/12/2019;11:10:00;SEM VÍTIMA;DERBY;AV GOVERNADOR AGAMENON MAGALHAES;;COLISÃO TRASEIRA;2;;;;;;;;0;;Bom;Sem defeito;Perfeito estado;Seca;Perfeito estado;Não existe;Não há placas;60 km/h;2019
17/12/2019;11:10:00;COM VÍTIMA;CAMPO GRANDE;RUA PROFESSOR FRANCISCO DA TRINDADE;SUBURBIO;ABALROAMENTO TRANSVERSAL;1;;;;1;;;;2;;Bom;Não existe;Perfeito estado;Seca;Perfeito estado;Faixa de pedestre;Placas Pare;;2019
17/12/2019;11:20:00;COM VÍTIMA;MADALENA;EST DOS REMEDIOS;SUBURBIO;ABALROAMENTO LONGITUDINAL;;1;;;;;;;1;;Bom;Sem defeito;Perfeito estado;Seca;Perfeito estado;Agente;R-4a;60 km/h;2019
17/12/2019;11:26:00;SEM VÍTIMA;AREIAS;RUA IPOJUCA;SUBURBIO;CHOQUE VEÍCULO PARADO;1;;;;;1;;1;0;;Bom;Não existe;Perfeito estado;Seca;Perfeito estado;Não existe;Outras;;2019
17/12/2019;11:30:00;SEM VÍTIMA;AREIAS;AV DR JOSE RUFINO;CIDADE;COLISÃO TRASEIRA;3;;;;;;;;0;;Bom;Não existe;Perfeito estado;Seca;Perfeito estado;Não existe;Não há placas;;2019
17/12/2019;11:31:00;SEM VÍTIMA;ENCRUZILHADA;AV JOAO DE BARROS;CIDADE;COLISÃO TRASEIRA;2;;;;;;;;0;;Bom;Sem defeito;Perfeito estado;Seca;Perfeito estado;Faixa de pedestre;Não há placas;;2019
17/12/2019;11:47:00;SEM VÍTIMA;ILHA DO LEITE;RUA SENADOR JOSE HENRIQUE;;COLISÃO;2;;;;;;;;0;;;;;;;;;;2019
17/12/2019;11:50:00;SEM VÍTIMA;;AV PROFESSOR JOSE DOS ANJOS;CIDADE;COLISÃO TRASEIRA;2;;;;;;;;0;;Bom;Não existe;Perfeito estado;Seca;Perfeito estado;Não existe;Outras;;2019
17/12/2019;11:51:00;SEM VÍTIMA;IMBIRIBEIRA;AV MARECHAL MASCARENHAS DE MORAES;SUBURBIO;COLISÃO TRASEIRA;2;;;;;;;;0;;Bom;Não existe;Perfeito estado;Seca;Perfeito estado;Não existe;Outras;60 km/h;2019
17/12/2019;12:18:00;SEM VÍTIMA;AREIAS;RUA RIO SOLIMOES;CIDADE;CHOQUE VEÍCULO PARADO;1;;;;;1;;1;0;;Bom;Não existe;Perfeito estado;Seca;Perfeito estado;Não existe;Outras;;2019