data;hora;natureza_acidente;bairro;endereco;sentido_via;tipo;auto;moto;ciclista;pedestre;onibus;caminhao;viatura;outros;vitimas;vitimasfatais;tempo_clima;situacao_semaforo;sinalizacao;condicao_via;conservacao_via;ponto_controle;situacao_placa;velocidade_max_via;ano
17/12/2019;12:32:00;SEM VÍTIMA;BONGI;RUA DELMIRO GOUVEIA;;COLISÃO TRASEIRA;2;;;;;;;;0;;Bom;Sem defeito;Perfeito estado;Seca;Perfeito estado;Faixa de pedestre;;;2019
17/12/2019;12:35:00;SEM VÍTIMA;IBURA;LAD DA COHAB;SUBURBIO;ABALROAMENTO TRANSVERSAL;1;;;;;1;;;0;;Bom;Não existe;Perfeito estado;Seca;Perfeito estado;Não existe;Não há placas;;2019
17/12/2019;12:39:00;SEM VÍTIMA;BAIRRO DO RECIFE;CAIS DO APOLO;;COLISÃO;1;;;;;1;;;0;;;;;;;;;;2019
17/12/2019;13:00:00;SEM VÍTIMA;JARDIM SÃO PAULO;AV SAO PAULO;SUBURBIO;ABALROAMENTO LONGITUDINAL;2;;;;;;;;0;;Bom;Não existe;Perfeito estado;Seca;Perfeito estado;Não existe;Outras;;2019
17/12/2019;13:04:00;SEM VÍTIMA;BOA VIAGEM;RUA PROFESSOR MARIO CASTRO;;CHOQUE VEÍCULO PARADO;2;;;;;;;;0;;Bom;Não existe;Perfeito estado;Seca;Perfeito estado;Não existe;Placas Pare;30 km/h;2019
17/12/2019;13:57:00;SEM VÍTIMA;BOA VIAGEM;AV BOA VIAGEM;;ABALROAMENTO LONGITUDINAL;2;;;;;;;;0;;Bom;Não existe;Perfeito estado;Seca;Perfeito estado;Não existe;Não há placas;60 km/h;2019
17/12/2019;14:10:00;SEM VÍTIMA;TAMARINEIRA;RUA CONEGO BARATA;;COLISÃO TRASEIRA;1;;;;;1;;;0;;Bom;Sem defeito;Perfeito estado;Seca;Perfeito estado;Faixa de pedestre;R-6a;50 km/h;2019
17/12/2019;14:46:00;SEM VÍTIMA;PINA;RUA FREIRE DE ANDRADE;;TOMBAMENTO;0;;;;;;;;0;;;;;;;;;;2019
17/12/2019;15:07:00;SEM VÍTIMA;BOA VIAGEM;AV CONSELHEIRO AGUIAR;;ABALROAMENTO LONGITUDINAL;2;;;;;;;;0;;Bom;Não existe;Perfeito estado;Seca;Perfeito estado;;Placas Pare;60 km/h;2019
17/12/2019;15:27:00;SEM VÍTIMA;ILHA DO RETIRO;AV BEIRA RIO;;COLISÃO TRASEIRA;2;;;;;;;;0;;Bom;Não existe;Perfeito estado;Seca;Perfeito estado;Não existe;Não há placas;;2019
17/12/2019;15:29:00;SEM VÍTIMA;SANCHO;RUA APRIGIO GUIMARAES;;COLISÃO;;;;;1;;;1;0;;;;;;;;;;2019
17/12/2019;15:33:00;SEM VÍTIMA;SANTO AMARO;RUA CAPITAO LIMA;CIDADE;ABALROAMENTO TRANSVERSAL;2;;;;;;;;0;;Bom;Não existe;Perfeito estado;Seca;Perfeito estado;Faixa de pedestre;Placas Pare;;2019
17/12/2019;16:26:00;COM VÍTIMA;GUABIRABA;AV DA RECUPERACAO;;COLISÃO;1;1;;;;;;;1;;;;;;;;;;2019
17/12/2019;16:30:00;COM VÍTIMA;MADALENA;RUA JOSE OSORIO;SUBURBIO;ABALROAMENTO LONGITUDINAL;;2;;;;;;;2;;Bom;Não existe;Perfeito estado;Seca;Perfeito estado;Não existe;Placas Pare;30 e 40 km/h;2019
17/12/2019;16:54:00;SEM VÍTIMA;BOA VIAGEM;RUA COSMORAMA;;COLISÃO;2;;;;;;;;0;;;;;;;;;;2019
17/12/2019;17:41:00;SEM VÍTIMA;IPUTINGA;AV CAXANGA;CIDADE;ABALROAMENTO LONGITUDINAL;1;;;;1;;;;0;;Bom;Não existe;Incompleta;Seca;Perfeito estado;Não existe;R-6a;;2019
17/12/2019;17:51:00;SEM VÍTIMA;JOANA BEZERRA;VDO PAPA JOAO PAULO II;SUBURBIO;COLISÃO TRASEIRA;2;;;;;;;;0;;Bom;Não existe;Perfeito estado;Seca;Perfeito estado;Não existe;Não há placas;;2019
17/12/2019;17:53:00;SEM VÍTIMA;CASA AMARELA;AV PROFESSOR JOSE DOS ANJOS;;ABALROAMENTO LONGITUDINAL;2;;;;;;;;0;;Bom;Sem defeito;Perfeito estado;Seca;Perfeito estado;Faixa de pedestre;;;2019
17/12/2019;18:07:00;SEM VÍTIMA;IBURA;AV DOM HELDER CAMARA;;ABALROAMENTO LONGITUDINAL;2;;;;;;;;0;;Bom;Não existe;Não existente;Seca;Perfeito estado;Não existe;Não há placas;60 km/h;2019
17/12/2019;18:51:00;SEM VÍTIMA;BOA VIAGEM;AV MARECHAL JUAREZ TAVORA;SUBURBIO;COLISÃO TRASEIRA;2;;;;;;;;0;;Bom;Sem defeito;Perfeito estado;Seca;Perfeito estado;Faixa de pedestre;;;2019
17/12/2019;19:40:00;SEM VÍTIMA;VÁRZEA;RUA EMILIANO BRAGA;SUBURBIO;ABALROAMENTO LONGITUDINAL;2;;;;;;;;0;;Bom;Sem defeito;Perfeito estado;Seca;Perfeito estado;Faixa de pedestre;;;2019
17/12/2019;19:46:00;COM VÍTIMA;CAMPO GRANDE;RUA JERONIMO VILELA;;COLISÃO FRONTAL;1;1;;;;;;;2;;Bom;Não existe;Incompleta;Seca;Perfeito estado;Não existe;R-6a;;2019
17/12/2019;19:50:00;SEM VÍTIMA;SANTO AMARO;RUA DO SOSSEGO;SUBURBIO;ABALROAMENTO TRANSVERSAL;2;;;;;;;;0;;Bom;Não existe;Perfeito estado;Seca;Perfeito estado;Faixa de retenção;Placas Pare;;2019
17/12/2019;21:50:00;SEM VÍTIMA;BREJO DE BEBERIBE;AV VEREADOR OTACILIO AZEVEDO;CIDADE;COLISÃO TRASEIRA;2;;;;;;;;0;;Bom;Não existe;Não existente;Seca;Perfeito estado;Não existe;Não há placas;;2019
17/12/2019;22:06:00;SEM VÍTIMA;PINA;RUA ARQUITETO AUGUSTO REINALDO;SUBURBIO;COLISÃO TRASEIRA;1;1;;;;;;;0;;Bom;Não existe;Perfeito estado;Seca;Perfeito estado;Faixa de retenção;Outras;;2019
17/12/2019;23:29:00;SEM VÍTIMA;CAMPO GRANDE;RUA DR MACHADO;SUBURBIO;ABALROAMENTO TRANSVERSAL;2;;;;;;;;0;;Bom;Não existe;Ilegível;Seca;Mal iluminada;Não existe;Placas Pare;;2019
18/12/2019;07:32:00;SEM VÍTIMA;BOA VISTA;RUA DR LEOPOLDO LINS;SUBURBIO;CHOQUE OBJETO FIXO;;;;;;1;;;0;;Bom;Não existe;Incompleta;Seca;Perfeito estado;Não existe;Não há placas;;2019
18/12/2019;07:48:00;SEM VÍTIMA;CORDEIRO;RUA GREGORIO JUNIOR;CIDADE;ABALROAMENTO TRANSVERSAL;2;;;;;;;;0;;Bom;Não existe;Perfeito estado;Seca;Perfeito estado;Outros;Outras;;2019
18/12/2019;07:56:00;COM VÍTIMA;BOA VISTA;AV VISCONDE DE SUASSUNA;CIDADE;ABALROAMENTO LONGITUDINAL;;2;;;;;;;2;;Bom;Sem defeito;Perfeito estado;Seca;Perfeito estado;Agente;Outras;;2019
18/12/2019;08:48:00;SEM VÍTIMA;IBURA;LAD DA COHAB;CIDADE;COLISÃO TRASEIRA;2;;;;;;;;0;;Bom;Não existe;Não existente;Seca;Perfeito estado;Agente;Não há placas;;2019
18/12/2019;09:25:00;SEM VÍTIMA;SANTO AMARO;RUA TREZE DE MAIO;;COLISÃO;2;;;;;;;;0;;;;;;;;;;2019
18/12/2019;09:45:00;SEM VÍTIMA;IMBIRIBEIRA;AV MARECHAL MASCARENHAS DE MORAES;CIDADE;ABALROAMENTO LONGITUDINAL;1;1;;;;;;;0;;Bom;Sem defeito;Perfeito estado;Seca;Perfeito estado;Faixa de pedestre;Outras;60 km/h;2019
18/12/2019;10:18:00;SEM VÍTIMA;BOA VIAGEM;RUA VISCONDE DE JEQUITINHONHA;;CHOQUE VEÍCULO PARADO;2;;;;;;;;0;;Bom;Não existe;Perfeito estado;Seca;Perfeito estado;Faixa de pedestre;R-6a;;2019
18/12/2019;10:22:00;SEM VÍTIMA;IPSEP;RUA ITAJAI;;COLISÃO;2;;;;;;;;0;;;;;;;;;;2019
18/12/2019;10:38:00;SEM VÍTIMA;DERBY;AV GOVERNADOR AGAMENON MAGALHAES;SUBURBIO;COLISÃO TRASEIRA;2;;;;;;;;0;;Bom;Não existe;Perfeito estado;Seca;Perfeito estado;Não existe;Não há placas;60 km/h;2019
18/12/2019;10:43:00;SEM VÍTIMA;BOA VIAGEM;AV BOA VIAGEM;;ABALROAMENTO LONGITUDINAL;1;;;;;1;;;0;;Bom;Sem defeito;Perfeito estado;Seca;Perfeito estado;Faixa de pedestre;Não há placas;;2019
18/12/2019;11:51:00;SEM VÍTIMA;CASA AMARELA;EST DO ARRAIAL;SUBURBIO;ABALROAMENTO LONGITUDINAL;1;;;;1;;;;0;;Bom;Não existe;Perfeito estado;Seca;Perfeito estado;Não existe;R-6c;40 km/h;2019
18/12/2019;12:11:00;SEM VÍTIMA;AFOGADOS;RUA COSME VIANA;;COLISÃO;1;1;;;;;;;0;;;;;;;;;;2019
18/12/2019;12:40:00;SEM VÍTIMA;PINA;AV ANTONIO DE GOES;CIDADE;COLISÃO TRASEIRA;3;;;;;;;;0;;Bom;Sem defeito;Perfeito estado;Seca;;Agente;Placas Pare;60 km/h;2019
18/12/2019;12:46:00;SEM VÍTIMA;;AV ENGENHEIRO ABDIAS DE CARVALHO;CIDADE;COLISÃO TRASEIRA;1;;;;1;;;;0;;Bom;Sem defeito;Incompleta;Seca;Perfeito estado;Não existe;R-6a;;2019
18/12/2019;13:17:00;SEM VÍTIMA;PAISSANDU;AV GOVERNADOR AGAMENON MAGALHAES;;COLISÃO TRASEIRA;3;;;;;;;;0;;Bom;Não existe;Perfeito estado;Seca;Perfeito estado;Não existe;Não há placas;60 km/h;2019
18/12/2019;13:49:00;COM VÍTIMA;ROSARINHO;RUA DR JOSE MARIA;SUBURBIO;ABALROAMENTO TRANSVERSAL;1;1;;;;;;;1;;Bom;Não existe;Perfeito estado;Seca;Perfeito estado;Não existe;R-19;30 km/h;2019
18/12/2019;14:31:00;SEM VÍTIMA;MADALENA;AV BEIRA RIO;SUBURBIO;ABALROAMENTO LONGITUDINAL;2;;;;;;;;0;;Bom;Não existe;Perfeito estado;Seca;Perfeito estado;Não existe;Não há placas;;2019
18/12/2019;14:55:00;SEM VÍTIMA;CURADO;AV PROFESSOR LUIZ FREIRE;;COLISÃO TRASEIRA;2;;;;;;;;0;;Bom;Não existe;;Seca;;Não existe;Não há placas;;2019
18/12/2019;15:28:00;SEM VÍTIMA;JORDÃO;RUA DR ALVARO FERRAZ;SUBURBIO;ABALROAMENTO LONGITUDINAL;1;;;;1;;;;0;;Bom;Não existe;Perfeito estado;Seca;Perfeito estado;Não existe;Não há placas;;2019
18/12/2019;15:59:00;SEM VÍTIMA;GRAÇAS;RUA AMELIA;;COLISÃO;1;1;;;;;;;0;;;;;;;;;;2019
18/12/2019;16:17:00;SEM VÍTIMA;JOANA BEZERRA;AV DES GUERRA BARRETO;;COLISÃO;2;;;;;;;;0;;;;;;;;;;2019
18/12/2019;16:30:00;SEM VÍTIMA;JORDÃO;RUA JOSE MARTORANO;;COLISÃO;1;;;;1;;;;0;;;;;;;;;;2019
18/12/2019;16:36:00;SEM VÍTIMA;CORDEIRO;AV PROFESSOR ESTEVAO FRANCISCO DA COSTA;;COLISÃO;2;;;;;;;;0;;;;;;;;;;2019
18/12/2019;16:42:00;COM VÍTIMA;TORRÕES;AV ENGENHEIRO ABDIAS DE CARVALHO;CIDADE;ATROPELAMENTO;1;;;1;;;;;1;;Bom;Sem defeito;Perfeito estado;Seca;Perfeito estado;Não existe;Não há placas;60 km/h;2019
18/12/2019;16:49:00;COM VÍTIMA;AFOGADOS;RUA SAO MIGUEL;CIDADE;COLISÃO;;1;;;1;;;;1;;Bom;Sem defeito;Perfeito estado;Seca;Perfeito estado;Faixa de pedestre;Outras;;2019
18/12/2019;17:00:00;SEM VÍTIMA;JORDÃO;AV MARIA IRENE;SUBURBIO;COLISÃO TRASEIRA;1;;;;1;;;;0;;Bom;Não existe;Perfeito estado;Seca;Perfeito estado;Agente;Não há placas;;2019
18/12/2019;17:03:00;SEM VÍTIMA;ESTÂNCIA;AV DR JOSE RUFINO;CIDADE;COLISÃO TRASEIRA;2;;;;;;;;0;;Bom;Não existe;Perfeito estado;Seca;Perfeito estado;Não existe;Não há placas;;2019
18/12/2019;17:12:00;SEM VÍTIMA;MADALENA;AV BEIRA RIO;SUBURBIO;ABALROAMENTO TRANSVERSAL;2;;;;;;;;0;;Bom;Não existe;Perfeito estado;Seca;Perfeito estado;Faixa de pedestre;Placas Pare;40 km/h;2019
18/12/2019;18:08:00;SEM VÍTIMA;SÃO JOSÉ;RUA IMPERIAL;SUBURBIO;ABALROAMENTO LONGITUDINAL;1;;;;;1;;;0;;Bom;Não existe;Perfeito estado;Seca;Mal iluminada;Não existe;Outras;60 km/h;2019
18/12/2019;18:15:00;SEM VÍTIMA;ARRUDA;AV BEBERIBE;CIDADE;ABALROAMENTO LONGITUDINAL;1;;;;1;;;;0;;Bom;Não existe;;;;Não existe;Não há placas;;2019
18/12/2019;18:28:00;SEM VÍTIMA;JORDÃO;RUA JOSE MARTORANO;;COLISÃO;1;;;;1;;;;0;;;;;;;;;;2019
18/12/2019;19:06:00;SEM VÍTIMA;MADALENA;AV ENGENHEIRO ABDIAS DE CARVALHO;CIDADE;ABALROAMENTO LONGITUDINAL;2;;;;;;;;0;;Bom;Sem defeito;Perfeito estado;Seca;Perfeito estado;Faixa de pedestre;Não há placas;60 km/h;2019
18/12/2019;19:12:00;COM VÍTIMA;SANTO ANTÔNIO;RUA SIQUEIRA CAMPOS;SUBURBIO;ATROPELAMENTO;1;;;1;;;;;1;;Bom;Sem defeito;Perfeito estado;Seca;Perfeito estado;Não existe;Não há placas;;2019
18/12/2019;19:22:00;SEM VÍTIMA;CORDEIRO;AV ENGENHEIRO ABDIAS DE CARVALHO;SUBURBIO;COLISÃO TRASEIRA;1;;;;1;;;;0;;Bom;Não existe;Perfeito estado;Seca;Perfeito estado;Não existe;Não há placas;;2019
18/12/2019;19:31:00;SEM VÍTIMA;IMBIRIBEIRA;AV MARECHAL MASCARENHAS DE MORAES;SUBURBIO;COLISÃO TRASEIRA;2;;;;;;;;0;;Bom;Sem defeito;Perfeito estado;Seca;Perfeito estado;Faixa de pedestre;Outras;;2019
18/12/2019;20:35:00;SEM VÍTIMA;PINA;AV HERCULANO BANDEIRA;SUBURBIO;COLISÃO TRASEIRA;2;;;;;;;;0;;Bom;Sem defeito;Perfeito estado;Seca;Perfeito estado;Faixa de pedestre;;;2019
18/12/2019;20:44:00;COM VÍTIMA;MADALENA;RUA BENFICA;SUBURBIO;COLISÃO COM CICLISTA;;;1;;1;;;;1;;Bom;Não existe;Perfeito estado;Seca;Perfeito estado;Não existe;Não há placas;;2019
18/12/2019;23:30:00;SEM VÍTIMA;ESPINHEIRO;RUA QUARENTA E OITO;CIDADE;ABALROAMENTO LONGITUDINAL;1;;;;1;;;;0;;Bom;Não existe;Perfeito estado;Seca;Perfeito estado;Não existe;Não há placas;;2019
19/12/2019;06:13:00;COM VÍTIMA;AREIAS;AV DR JOSE RUFINO;CIDADE;ABALROAMENTO LONGITUDINAL;1;;;;;1;;;1;;Bom;Sem defeito;Perfeito estado;Seca;Perfeito estado;Faixa de pedestre;Não há placas;60 km/h;2019
19/12/2019;06:58:00;SEM VÍTIMA;DERBY;AV GOVERNADOR AGAMENON MAGALHAES;;COLISÃO TRASEIRA;2;;;;;;;;0;;Bom;Sem defeito;Perfeito estado;Seca;Perfeito estado;Agente;;60 km/h;2019
19/12/2019;07:01:00;SEM VÍTIMA;MADALENA;EST DOS REMEDIOS;CIDADE;ABALROAMENTO LONGITUDINAL;1;;;;;1;;;0;;Bom;Não existe;Perfeito estado;Seca;Perfeito estado;Não existe;;;2019
19/12/2019;07:41:00;SEM VÍTIMA;AFOGADOS;RUA DA PAZ;;ABALROAMENTO LONGITUDINAL;1;;;;1;;;;0;;Chuvoso;;Perfeito estado;Molhada;Perfeito estado;;;;2019
19/12/2019;08:20:00;SEM VÍTIMA;IMBIRIBEIRA;AV MARECHAL MASCARENHAS DE MORAES;SUBURBIO;COLISÃO TRASEIRA;1;;;;;1;;;0;;Bom;Sem defeito;Perfeito estado;Molhada;Perfeito estado;Faixa de retenção;Não há placas;;2019
19/12/2019;08:36:00;SEM VÍTIMA;BOA VISTA;AV CONDE DA BOA VISTA;;COLISÃO;1;1;;;;;;;0;;;;;;;;;;2019
19/12/2019;08:39:00;SEM VÍTIMA;BOA VISTA;RUA BARAO DE SAO BORJA;SUBURBIO;ABALROAMENTO TRANSVERSAL;2;;;;;;;;0;;Chuvoso;Não existe;Perfeito estado;Molhada;Perfeito estado;Não existe;Placas Pare;;2019
19/12/2019;08:39:00;SEM VÍTIMA;SANTO AMARO;AV CRUZ CABUGA;SUBURBIO;COLISÃO TRASEIRA;3;;;;;;;;0;;Chuvoso;Sem defeito;Não existente;Molhada;Perfeito estado;Outros;Não há placas;;2019
19/12/2019;09:33:00;COM VÍTIMA;SANTO AMARO;AV GOVERNADOR AGAMENON MAGALHAES;OLINDA;COLISÃO TRASEIRA;;1;;;1;;;;1;;Bom;Não existe;Perfeito estado;Seca;Perfeito estado;Não existe;Não há placas;;2019
19/12/2019;09:46:00;SEM VÍTIMA;SANTO AMARO;RUA DO POMBAL;;COLISÃO;;;;;;;;;0;;;;;;;;;;2019
19/12/2019;09:47:00;SEM VÍTIMA;IBURA;AV DOIS RIOS;;COLISÃO;2;;;;;;;;0;;;;;;;;;;2019
19/12/2019;09:56:00;SEM VÍTIMA;SANTO AMARO;RUA DO POMBAL;CIDADE;COLISÃO TRASEIRA;;1;;;1;;;;0;;Bom;Não existe;Perfeito estado;Seca;Perfeito estado;Faixa de retenção;Placas Pare;;2019
19/12/2019;10:10:00;SEM VÍTIMA;CABANGA;AV ENGENHEIRO JOSE ESTELITA;CIDADE;COLISÃO TRASEIRA;3;;;;;;;;0;;Bom;Não existe;Perfeito estado;Seca;Perfeito estado;Não existe;Outras;60 km/h;2019
19/12/2019;10:44:00;SEM VÍTIMA;NOVA DESCOBERTA;RUA TEREZA CARNEIRO;SUBURBIO;CHOQUE VEÍCULO PARADO;2;;;;1;;;;0;;Bom;Não existe;Não existente;Seca;Perfeito estado;Não existe;Não há placas;20 km/h;2019
19/12/2019;11:10:00;SEM VÍTIMA;JOANA BEZERRA;VIADUTO CAPITAO TEMUDO;SUBURBIO;COLISÃO TRASEIRA;1;;;;1;;;;0;;Bom;Não existe;Perfeito estado;Seca;Perfeito estado;Não existe;Não há placas;60 km/h;2019
19/12/2019;11:20:00;SEM VÍTIMA;SÃO JOSÉ;AV SUL;CIDADE;ABALROAMENTO LONGITUDINAL;1;;;;;1;;;0;;Bom;Não existe;Perfeito estado;Seca;Perfeito estado;Não existe;Não há placas;;2019
19/12/2019;11:41:00;SEM VÍTIMA;IPUTINGA;AV CAXANGA;CIDADE;ABALROAMENTO LONGITUDINAL;2;;;;;;;;0;;Bom;Sem defeito;Perfeito estado;Seca;Perfeito estado;Agente;Não há placas;;2019
19/12/2019;11:45:00;SEM VÍTIMA;BOA VIAGEM;AV BOA VIAGEM;;COLISÃO;2;;;;;;;;0;;;;;;;;;;2019
19/12/2019;12:25:00;SEM VÍTIMA;SANTO AMARO;AV CRUZ CABUGA;SUBURBIO;ABALROAMENTO TRANSVERSAL;2;;;;;;;;0;;Bom;Não existe;;Seca;Perfeito estado;Não existe;Outras;;2019
19/12/2019;12:42:00;SEM VÍTIMA;IMBIRIBEIRA;RUA CONDE PEREIRA CARNEIRO;;COLISÃO;2;;;;;;;;0;;;;;;;;;;2019
19/12/2019;12:52:00;SEM VÍTIMA;APIPUCOS;RUA DOIS IRMAOS;CIDADE;ABALROAMENTO TRANSVERSAL;2;;;;;;;;0;;Bom;Não existe;Perfeito estado;Seca;Perfeito estado;Não existe;;;2019
19/12/2019;13:23:00;SEM VÍTIMA;JAQUEIRA;RUA DEPUTADO PEDRO PIRES FERREIRA;;ABALROAMENTO LONGITUDINAL;2;;;;;1;;;0;;Bom;Não existe;Perfeito estado;Seca;Perfeito estado;Não existe;Outras;;2019
19/12/2019;13:43:00;COM VÍTIMA;SANTO AMARO;AV GOVERNADOR AGAMENON MAGALHAES;CIDADE;ABALROAMENTO LONGITUDINAL;1;1;;;;;;;2;;Bom;Sem defeito;Perfeito estado;Seca;Perfeito estado;Faixa de pedestre;Não há placas;60 km/h;2019
19/12/2019;13:48:00;SEM VÍTIMA;PINA;AV HERCULANO BANDEIRA;;COLISÃO;2;;;;;;;;0;;;;;;;;;;2019
19/12/2019;13:59:00;SEM VÍTIMA;ESPINHEIRO;AV GOVERNADOR AGAMENON MAGALHAES;CIDADE;ABALROAMENTO LONGITUDINAL;2;;;;;;;;0;;Bom;Não existe;Perfeito estado;Seca;Perfeito estado;Não existe;Outras;60 km/h;2019
19/12/2019;14:08:00;SEM VÍTIMA;ROSARINHO;AV NORTE;SUBURBIO;ABALROAMENTO LONGITUDINAL;1;1;;;;;;;0;;Bom;Sem defeito;Perfeito estado;Seca;Perfeito estado;Faixa de pedestre;R-6a;;2019
19/12/2019;14:14:00;COM VÍTIMA;SÃO JOSÉ;C SANTA RITA;;ACID. DE PERCURSO;;1;;;;;;;1;;;;;;;;;;2019
19/12/2019;14:29:00;SEM VÍTIMA;SANTO AMARO;AV CRUZ CABUGA;CIDADE;ABALROAMENTO LONGITUDINAL;1;1;;;1;;;;0;;Bom;Não existe;Perfeito estado;Seca;Perfeito estado;Não existe;R-6a;;2019
19/12/2019;14:45:00;COM VÍTIMA;CORDEIRO;AV CAXANGA;CIDADE;CHOQUE VEÍCULO PARADO;;1;;;;1;;;1;;Bom;Sem defeito;Perfeito estado;Seca;Perfeito estado;Faixa de pedestre;R-6a;;2019
19/12/2019;14:49:00;COM VÍTIMA;VASCO DA GAMA;RUA VASCO DA GAMA;CIDADE;ABALROAMENTO LONGITUDINAL;1;1;;;;;;;1;;Bom;Não existe;Perfeito estado;Seca;Perfeito estado;Não existe;R-6a;;2019
19/12/2019;14:59:00;SEM VÍTIMA;DOIS UNIDOS;RUA EXP TEODORO SATIVA;SUBURBIO;CHOQUE VEÍCULO PARADO;;1;;;1;;;;0;;Bom;Não existe;Não existente;Seca;Perfeito estado;Não existe;Não há placas;;2019
19/12/2019;15:20:00;SEM VÍTIMA;TORRE;RUA JOSE BONIFACIO;CIDADE;COLISÃO TRASEIRA;2;;;;;;;;0;;Bom;Não existe;Perfeito estado;Seca;Perfeito estado;Não existe;R-6a;;2019
19/12/2019;15:36:00;SEM VÍTIMA;SANTO AMARO;AV MARIO MELO;;COLISÃO;2;;;;;;;;0;;;;;;;;;;2019
19/12/2019;15:38:00;SEM VÍTIMA;BOA VIAGEM;AV FERNANDO SIMOES BARBOSA;;COLISÃO;1;1;;;;;;;0;;;;;;;;;;2019
19/12/2019;17:26:00;SEM VÍTIMA;BOA VIAGEM;AV DOM JOAO VI;SUBURBIO;ABALROAMENTO LONGITUDINAL;2;1;;;;;;;0;;Bom;Sem defeito;Perfeito estado;Seca;Perfeito estado;Faixa de pedestre;Não há placas;50 km/h;2019
19/12/2019;17:31:00;SEM VÍTIMA;IMBIRIBEIRA;RUA BARAO DE AGUA BRANCA;CIDADE;ABALROAMENTO TRANSVERSAL;5;;;;;;;1;0;;Bom;Não existe;Incompleta;Seca;Mal conservada;Não existe;Placas Pare;;2019
19/12/2019;17:43:00;SEM VÍTIMA;BOA VIAGEM;AV DOM JOAO VI;CIDADE;COLISÃO TRASEIRA;2;;;;;;;;0;;Bom;Não existe;Perfeito estado;Seca;Perfeito estado;Não existe;Outras;;2019
19/12/2019;18:23:00;COM VÍTIMA;SANTO ANTÔNIO;AV MARTINS DE BARROS;CIDADE;ATROPELAMENTO;1;;;1;;;;;1;;Bom;Não existe;Perfeito estado;Seca;Perfeito estado;Não existe;Outras;40 km/h;2019
19/12/2019;19:07:00;SEM VÍTIMA;PARNAMIRIM;RUA SEBASTIAO MALTA ARCOVERDE;CIDADE;ABALROAMENTO LONGITUDINAL;1;;;;;1;;;0;;Bom;Não existe;Não existente;Seca;Perfeito estado;Não existe;Não há placas;;2019
19/12/2019;19:14:00;SEM VÍTIMA;AFLITOS;RUA CARNEIRO VILELA;SUBURBIO;ABALROAMENTO LONGITUDINAL;2;;;;;0;;;0;;Bom;Não existe;Incompleta;Seca;Perfeito estado;Não existe;Não há placas;;2019
19/12/2019;19:45:00;COM VÍTIMA;BOA VIAGEM;AV CONSELHEIRO AGUIAR;CIDADE;COLISÃO TRASEIRA;2;;;;;;;;;;Bom;Sem defeito;Perfeito estado;Seca;Perfeito estado;Não existe;;;2019
19/12/2019;21:18:00;SEM VÍTIMA;AREIAS;AV DR JOSE RUFINO;;COLISÃO;2;;;;;;;;0;;;;;;;;;;2019
19/12/2019;21:39:00;SEM VÍTIMA;BAIRRO DO RECIFE;PTE GIRATORIA;SUBURBIO;ABALROAMENTO LONGITUDINAL;2;;;;;;;;0;;Bom;Não existe;Perfeito estado;Seca;Perfeito estado;Não existe;Outras;;2019
19/12/2019;22:17:00;SEM VÍTIMA;CÓRREGO DO JENIPAPO;RUA ERUNDINA NEGREIROS DE ARAUJO;SUBURBIO;ABALROAMENTO LONGITUDINAL;1;1;;;;;;;0;;Bom;Não existe;Não existente;Seca;Perfeito estado;Não existe;Não há placas;;2019
19/12/2019;22:29:00;SEM VÍTIMA;IBURA;RUA JORNALISTA EDSON REGIS;SUBURBIO;COLISÃO TRASEIRA;1;;;;1;;;;0;;Bom;Não existe;Perfeito estado;Seca;Perfeito estado;Não existe;;30 km/h;2019
19/12/2019;23:33:00;SEM VÍTIMA;PINA;RUA ARQUITETO AUGUSTO REINALDO;;COLISÃO;2;;;;;;;;0;;;;;;;;;;2019
20/12/2019;06:13:00;COM VÍTIMA;SANTO AMARO;AV GOVERNADOR AGAMENON MAGALHAES;CIDADE;ABALROAMENTO TRANSVERSAL;1;1;;;;;;;1;;Bom;Sem defeito;Perfeito estado;Seca;Perfeito estado;Faixa de pedestre;Outras;60 km/h;2019
20/12/2019;07:45:00;COM VÍTIMA;BONGI;AV ENGENHEIRO ABDIAS DE CARVALHO;SUBURBIO;COLISÃO TRASEIRA;;1;;;;;;;1;;Bom;Não existe;Perfeito estado;Seca;Perfeito estado;Não existe;Outras;60 km/h;2019
20/12/2019;07:47:00;SEM VÍTIMA;BOA VIAGEM;RUA RIBEIRO DE BRITO;;COLISÃO TRASEIRA;2;;;;;;;;0;;Bom;Não existe;Perfeito estado;Seca;Perfeito estado;Não existe;Não há placas;60 km/h;2019
20/12/2019;08:14:00;SEM VÍTIMA;MADALENA;RUA LOPES DE CARVALHO;;COLISÃO;2;;;;;;;;0;;;;;;;;;;2019
20/12/2019;08:23:00;SEM VÍTIMA;BOA VIAGEM;RUA JOAO CARDOSO AIRES;SUBURBIO;ABALROAMENTO LONGITUDINAL;2;;;;;;;;0;;Bom;Não existe;Perfeito estado;Seca;Perfeito estado;Faixa de pedestre;Placas Pare;;2019
20/12/2019;08:41:00;COM VÍTIMA;MADALENA;AV CAXANGA;;ABALROAMENTO TRANSVERSAL;1;1;;;;;;;1;;Bom;Não existe;Perfeito estado;Seca;Perfeito estado;Não existe;Não há placas;;2019