data;hora;natureza_acidente;bairro;endereco;sentido_via;tipo;auto;moto;ciclista;pedestre;onibus;caminhao;viatura;outros;vitimas;vitimasfatais;tempo_clima;situacao_semaforo;sinalizacao;condicao_via;conservacao_via;ponto_controle;situacao_placa;velocidade_max_via;ano
20/12/2019;08:52:00;COM VÍTIMA;CORDEIRO;AV CAXANGA;SUBURBIO;COLISÃO TRASEIRA;1;1;;;;;;;1;;Chuvoso;Sem defeito;Perfeito estado;Seca;Mal conservada;Faixa de pedestre;Outras;;2019
20/12/2019;09:19:00;SEM VÍTIMA;ESTÂNCIA;AV RECIFE;SUBURBIO;ABALROAMENTO LONGITUDINAL;2;;;;;;;;0;;Bom;Sem defeito;Perfeito estado;Seca;Perfeito estado;Outros;Outras;60 km/h;2019
20/12/2019;09:25:00;SEM VÍTIMA;BOA VIAGEM;RUA CAPITAO ZUZINHA;;ABALROAMENTO LONGITUDINAL;1;;;;;1;;;0;;Nublado;Sem defeito;Perfeito estado;Seca;Perfeito estado;Agente;Não há placas;;2019
20/12/2019;09:38:00;SEM VÍTIMA;ARRUDA;RUA DO MACHADO;SUBURBIO;ABALROAMENTO LONGITUDINAL;1;;;;;1;;;0;;Bom;Não existe;Perfeito estado;Seca;Perfeito estado;Faixa de pedestre;Placas Pare;;2019
20/12/2019;09:51:00;SEM VÍTIMA;CORDEIRO;EST DO FORTE DO ARRAIAL N. DO B. JESUS;;ENGAVETAMENTO;3;;;;;;;;0;;;;;;;;;;2019
20/12/2019;09:59:00;SEM VÍTIMA;CASA AMARELA;RUA CONS NABUCO;;CHOQUE;1;;;;1;;;;0;;Bom;Não existe;Perfeito estado;Seca;Perfeito estado;Não existe;;30 km/h;2019
20/12/2019;10:25:00;SEM VÍTIMA;MADALENA;AV VISCONDE DE ALBUQUERQUE;;ABALROAMENTO LONGITUDINAL;2;;;;;;;;0;;Bom;Não existe;Perfeito estado;Seca;Perfeito estado;Não existe;Placas Pare;;2019
23/12/2019;15:18:00;SEM VÍTIMA;BOA VIAGEM;RUA RIBEIRO DE BRITO;;COLISÃO TRASEIRA;2;;;;;;;;0;;Bom;;Perfeito estado;Seca;Perfeito estado;Não existe;R-6a;;2019
20/12/2019;11:21:00;SEM VÍTIMA;CORDEIRO;AV ENGENHEIRO ABDIAS DE CARVALHO;SUBURBIO;ABALROAMENTO TRANSVERSAL;2;;;;;;;;0;;Bom;Sem defeito;Perfeito estado;Seca;Perfeito estado;Faixa de pedestre;Não há placas;;2019
20/12/2019;11:24:00;SEM VÍTIMA;GRAÇAS;AV RUI BARBOSA;CIDADE;ABALROAMENTO LONGITUDINAL;1;;;;;1;;;0;;Bom;Não existe;Perfeito estado;Seca;Perfeito estado;Não existe;Não há placas;;2019
20/12/2019;11:30:00;SEM VÍTIMA;SANTO AMARO;AV GOVERNADOR AGAMENON MAGALHAES;;ABALROAMENTO LONGITUDINAL;2;;;;;;;;0;;Bom;Sem defeito;Perfeito estado;Seca;Perfeito estado;Não existe;Não há placas;;2019
20/12/2019;11:42:00;SEM VÍTIMA;JOANA BEZERRA;AV BEIRA RIO;SUBURBIO;COLISÃO TRASEIRA;1;1;;;;;;;0;;Bom;Não existe;Não existente;Seca;Mal conservada;Não existe;Não há placas;;2019
20/12/2019;11:45:00;SEM VÍTIMA;CASA AMARELA;AV PROFESSOR JOSE DOS ANJOS;SUBURBIO;COLISÃO TRASEIRA;2;;;;;;;;0;;Bom;Sem defeito;Perfeito estado;Seca;Perfeito estado;Faixa de pedestre;;;2019
20/12/2019;11:56:00;SEM VÍTIMA;SANTO AMARO;PRC GENERAL ABREU E LIMA;CIDADE;ABALROAMENTO LONGITUDINAL;1;;;;;1;;;0;;Bom;Sem defeito;Perfeito estado;Seca;Perfeito estado;Agente;;60 km/h;2019
20/12/2019;12:58:00;SEM VÍTIMA;BOA VIAGEM;RUA BARAO DE AGUA BRANCA;;COLISÃO;2;;;;;;;;0;;;;;;;;;;2019
20/12/2019;13:05:00;SEM VÍTIMA;IMBIRIBEIRA;AV MARECHAL MASCARENHAS DE MORAES;CIDADE;ABALROAMENTO LONGITUDINAL;2;;;;;;;;0;;Bom;Sem defeito;Perfeito estado;Seca;Perfeito estado;Faixa de pedestre;Outras;60 km/h;2019
20/12/2019;13:37:00;SEM VÍTIMA;BOA VISTA;RUA DOM BOSCO;;COLISÃO;2;;;;;;;;0;;;;;;;;;;2019
20/12/2019;13:39:00;SEM VÍTIMA;BOA VIAGEM;AV CONSELHEIRO AGUIAR;CIDADE;ABALROAMENTO LONGITUDINAL;2;;;;;;;;0;;Bom;Não existe;Perfeito estado;Seca;Perfeito estado;Não existe;Não há placas;60 km/h;2019
20/12/2019;13:57:00;SEM VÍTIMA;ILHA DO RETIRO;AV JOSE GONCALVES DE MEDEIROS;CIDADE;ABALROAMENTO LONGITUDINAL;1;;;;;1;;;0;;Bom;Não existe;Perfeito estado;Seca;Perfeito estado;Não existe;Não há placas;;2019
20/12/2019;14:08:00;SEM VÍTIMA;BOA VIAGEM;RUA ERNESTO DE PAULA SANTOS;SUBURBIO;ABALROAMENTO LONGITUDINAL;2;;;;;;;;0;;Bom;Sem defeito;Perfeito estado;Seca;Perfeito estado;Agente;Não há placas;40 km/h;2019
20/12/2019;14:28:00;SEM VÍTIMA;MADALENA;RUA SPORT CLUBE DO RECIFE;CIDADE;COLISÃO TRASEIRA;1;1;;;;;;;0;;Bom;Sem defeito;Perfeito estado;Seca;Perfeito estado;Faixa de pedestre;;;2019
20/12/2019;14:32:00;SEM VÍTIMA;CASA FORTE;RUA LEONARDO BEZERRA CAVALCANTE;SUBURBIO;COLISÃO TRASEIRA;2;;;;;;;;0;;Bom;Não existe;Perfeito estado;Seca;Perfeito estado;Não existe;Outras;;2019
20/12/2019;14:45:00;SEM VÍTIMA;BAIRRO DO RECIFE;RUA MARIZ E BARROS;;ABALROAMENTO LONGITUDINAL;1;;;;;1;;;0;;Bom;Não existe;Perfeito estado;Seca;Perfeito estado;Não existe;R-6b;30 km/h;2019
20/12/2019;14:57:00;SEM VÍTIMA;BOA VISTA;AV GOVERNADOR AGAMENON MAGALHAES;;ABALROAMENTO LONGITUDINAL;1;;;;1;;;;0;;Bom;Não existe;Incompleta;Seca;Perfeito estado;Não existe;Não há placas;;2019
20/12/2019;15:02:00;SEM VÍTIMA;MADALENA;AV VISCONDE DE ALBUQUERQUE;;COLISÃO;2;;;;;;;;0;;;;;;;;;;2019
20/12/2019;15:45:00;SEM VÍTIMA;SÃO JOSÉ;C SANTA RITA;;COLISÃO;2;;;;;;;;0;;;;;;;;;;2019
20/12/2019;16:11:00;SEM VÍTIMA;JAQUEIRA;RUA ANTENOR NAVARRO;CIDADE;COLISÃO TRASEIRA;2;;;;;;;;0;;Bom;Não existe;Perfeito estado;Seca;Perfeito estado;Não existe;Não há placas;;2019
20/12/2019;16:34:00;SEM VÍTIMA;BOA VISTA;RUA DOS COELHOS;SUBURBIO;ABALROAMENTO LONGITUDINAL;1;;;;;1;;;0;;Bom;Não existe;Perfeito estado;Seca;Perfeito estado;Não existe;Não há placas;30 km/h;2019
20/12/2019;17:14:00;SEM VÍTIMA;PINA;RUA SAO LUIZ;SUBURBIO;ABALROAMENTO TRANSVERSAL;1;;;;1;;;;0;;Bom;Não existe;Perfeito estado;Seca;Perfeito estado;Não existe;Placas Pare;;2019
20/12/2019;17:29:00;SEM VÍTIMA;CIDADE UNIVERSITÁRIA;AV CAXANGA;SUBURBIO;COLISÃO TRASEIRA;3;;;;;;;;0;;Bom;Sem defeito;Perfeito estado;Seca;Perfeito estado;Outros;Outras;60 km/h;2019
20/12/2019;17:34:00;SEM VÍTIMA;BOA VIAGEM;RUA RIBEIRO DE BRITO;SUBURBIO;COLISÃO;1;;;;1;;;;0;;Bom;Sem defeito;Perfeito estado;Seca;Perfeito estado;Faixa de pedestre;Não há placas;10 km/h;2019
20/12/2019;18:10:00;COM VÍTIMA;SÃO JOSÉ;C SANTA RITA;CIDADE;TOMBAMENTO;;1;;;;;;;1;;Bom;Sem defeito;Perfeito estado;Seca;Perfeito estado;Não existe;Não há placas;;2019
20/12/2019;18:18:00;SEM VÍTIMA;TEJIPIÓ;AV DR JOSE RUFINO;JABOATAO;COLISÃO;2;;;;;;;;0;;;;;;;;;;2019
20/12/2019;18:35:00;SEM VÍTIMA;SANTO AMARO;AV CRUZ CABUGA;;COLISÃO;2;;;;;;;;0;;;;;;;;;;2019
20/12/2019;18:37:00;SEM VÍTIMA;GRAÇAS;RUA DO ESPINHEIRO;CIDADE;ABALROAMENTO LONGITUDINAL;2;;;;;;;;0;;Bom;Sem defeito;Perfeito estado;Seca;Perfeito estado;Faixa de pedestre;R-6a;;2019
20/12/2019;18:58:00;SEM VÍTIMA;PAISSANDU;AV GOVERNADOR AGAMENON MAGALHAES;;COLISÃO TRASEIRA;2;;;;;;;;0;;Bom;Não existe;Perfeito estado;Seca;Perfeito estado;Não existe;Não há placas;;2019
20/12/2019;19:01:00;COM VÍTIMA;PINA;AV ENGENHEIRO DOMINGOS FERREIRA;SUBURBIO;ATROPELAMENTO;;1;;3;;;;;4;;Bom;Não existe;Perfeito estado;Seca;Perfeito estado;Não existe;Não há placas;60 km/h;2019
20/12/2019;19:26:00;SEM VÍTIMA;MADALENA;AV BEIRA RIO;;COLISÃO;2;;;;;;;;0;;;;;;;;;;2019
20/12/2019;20:26:00;COM VÍTIMA;IPSEP;RUA JEAN EMILE FAVRE;SUBURBIO;ABALROAMENTO LONGITUDINAL;1;1;;;;;;;1;;Bom;Não existe;Perfeito estado;Seca;Perfeito estado;Não existe;Não há placas;;2019
20/12/2019;21:19:00;SEM VÍTIMA;TEJIPIÓ;AV DR JOSE RUFINO;SUBURBIO;COLISÃO TRASEIRA;2;;;;;;;;0;;Bom;Não existe;Perfeito estado;Seca;Perfeito estado;Não existe;Não há placas;;2019
20/12/2019;22:10:00;SEM VÍTIMA;COQUEIRAL;RUA GENERAL MANUEL RABELO;SUBURBIO;ABALROAMENTO LONGITUDINAL;1;;;;1;;;;0;;Bom;Sem defeito;Perfeito estado;Seca;Perfeito estado;Faixa de pedestre;Não há placas;;2019
20/12/2019;22:50:00;SEM VÍTIMA;IBURA;RUA EXP FRANCISCO VITORIANO;;ABALROAMENTO TRANSVERSAL;1;1;;;;;;;0;;Bom;Não existe;Não existente;Seca;Mal iluminada;Não existe;Não há placas;30 km/h;2019
20/12/2019;22:55:00;COM VÍTIMA;BOA VISTA;AV CONDE DA BOA VISTA;;COLISÃO;1;1;;;;;;;1;;;;;;;;;;2019
20/12/2019;23:32:00;COM VÍTIMA;IMBIRIBEIRA;RUA ANTONIO FALCAO;SUBURBIO;ABALROAMENTO TRANSVERSAL;1;1;;;;;;;1;;Bom;Não existe;Perfeito estado;Seca;Perfeito estado;Não existe;;;2019
20/12/2019;23:40:00;SEM VÍTIMA;BARRO;AV DR JOSE RUFINO;CIDADE;COLISÃO FRONTAL;2;;;;;;;;0;;Bom;Não existe;Perfeito estado;Seca;Perfeito estado;Não existe;Não há placas;60 km/h;2019
21/12/2019;00:35:00;SEM VÍTIMA;CORDEIRO;AV ENGENHEIRO ABDIAS DE CARVALHO;SUBURBIO;CHOQUE VEÍCULO PARADO;2;;;;;;;;0;;Bom;Sem defeito;Perfeito estado;Seca;Perfeito estado;Faixa de pedestre;Não há placas;;2019
21/12/2019;05:40:00;SEM VÍTIMA;AFOGADOS;RUA MOTOCOLOMBO;SUBURBIO;ABALROAMENTO TRANSVERSAL;2;;;;;;;;0;;Bom;Sem defeito;Perfeito estado;Seca;Perfeito estado;Faixa de pedestre;R-6a;;2019
21/12/2019;02:04:00;SEM VÍTIMA;AFOGADOS;RUA DA PAZ;;COLISÃO FRONTAL;2;;;;;;;;0;;Bom;Sem defeito;Perfeito estado;Seca;Perfeito estado;Faixa de pedestre;Não há placas;40 km/h;2019
21/12/2019;08:06:00;SEM VÍTIMA;GRAÇAS;RUA AMELIA;;ABALROAMENTO LONGITUDINAL;1;;;;1;;;;0;;Bom;Sem defeito;Perfeito estado;Seca;Perfeito estado;Faixa de pedestre;Outras;40 km/h;2019
21/12/2019;09:16:00;COM VÍTIMA;IMBIRIBEIRA;RUA JULIO VERNE;CIDADE;ABALROAMENTO LONGITUDINAL;1;1;;;;;;;1;;Bom;Não existe;Perfeito estado;Seca;Perfeito estado;;;;2019
21/12/2019;09:32:00;SEM VÍTIMA;JARDIM SÃO PAULO;AV RECIFE;CIDADE;COLISÃO;;;;;;;;;0;;;;;;;;;;2019
21/12/2019;10:29:00;SEM VÍTIMA;GRAÇAS;AV CONS ROSA E SILVA;;ABALROAMENTO TRANSVERSAL;1;1;;;;;;;0;;Bom;Não existe;Perfeito estado;Seca;Perfeito estado;Não existe;Placas Pare;;2019
21/12/2019;11:21:00;SEM VÍTIMA;DERBY;RUA DAS CREOULAS;SUBURBIO;COLISÃO TRASEIRA;2;;;;;;;;0;;Bom;Não existe;Perfeito estado;Seca;Perfeito estado;Faixa de pedestre;R-6a;;2019
21/12/2019;11:25:00;SEM VÍTIMA;BOA VIAGEM;RUA SETUBAL;SUBURBIO;ABALROAMENTO LONGITUDINAL;2;;;;;;;;0;;Bom;Não existe;Não existente;Seca;Perfeito estado;Não existe;;;2019
21/12/2019;11:50:00;COM VÍTIMA;VÁRZEA;AV AFONSO OLINDENSE;SUBURBIO;ABALROAMENTO LONGITUDINAL;2;1;;;;;;;1;;Bom;;Perfeito estado;Seca;Perfeito estado;Outros;Outras;;2019
21/12/2019;12:12:00;SEM VÍTIMA;ALTO JOSÉ BONIFÁCIO;RUA ALTO JOSE BONIFACIO;SUBURBIO;COLISÃO FRONTAL;1;;;;1;;;;0;;Chuvoso;Não existe;Não existente;Molhada;Perfeito estado;Não existe;Não há placas;40 km/h;2019
21/12/2019;12:23:00;SEM VÍTIMA;TAMARINEIRA;EST VELHA DE AGUA FRIA;CIDADE;ABALROAMENTO LONGITUDINAL;1;1;;;;;;;0;;Bom;Não existe;Perfeito estado;Seca;Perfeito estado;Não existe;Outras;;2019
21/12/2019;12:30:00;SEM VÍTIMA;CORDEIRO;AV CAXANGA;CIDADE;COLISÃO;2;;;;;;;;0;;;;;;;;;;2019
21/12/2019;12:51:00;COM VÍTIMA;SÃO JOSÉ;AV SUL;CIDADE;ABALROAMENTO LONGITUDINAL;1;1;;;;;;;2;;Bom;Não existe;Perfeito estado;Seca;Perfeito estado;Não existe;Outras;;2019
21/12/2019;13:06:00;SEM VÍTIMA;IBURA;RUA EXP FRANCISCO VITORIANO;CIDADE;ABALROAMENTO LONGITUDINAL;1;;;;;1;;;0;;Bom;Não existe;Incompleta;Seca;Mal conservada;Não existe;R-6a;;2019
21/12/2019;13:35:00;SEM VÍTIMA;BOA VIAGEM;RUA RAYMUNDO GOMES GONDIN;;COLISÃO;2;;;;;;;;0;;;;;;;;;;2019
21/12/2019;13:49:00;COM VÍTIMA;VÁRZEA;RUA AGRICOLANDIA;SUBURBIO;ABALROAMENTO TRANSVERSAL;1;1;;;;;;;1;;Bom;Não existe;Perfeito estado;Seca;Perfeito estado;;;;2019
21/12/2019;14:28:00;SEM VÍTIMA;JORDÃO;AV MARIA IRENE;;COLISÃO;1;1;;;;;;;0;;;;;;;;;;2019
21/12/2019;15:05:00;SEM VÍTIMA;SANTO AMARO;AV GOVERNADOR AGAMENON MAGALHAES;SUBURBIO;ABALROAMENTO LONGITUDINAL;2;;;;;;;;0;;Bom;Não existe;Não existente;Seca;Perfeito estado;Não existe;Não há placas;60 km/h;2019
21/12/2019;15:08:00;SEM VÍTIMA;COELHOS;RUA DOS COELHOS;SUBURBIO;ABALROAMENTO LONGITUDINAL;1;;;;1;;;;0;;Bom;Não existe;Perfeito estado;Seca;Perfeito estado;Não existe;R-6c;;2019
21/12/2019;15:33:00;COM VÍTIMA;TEJIPIÓ;AV DR JOSE RUFINO;SUBURBIO;ABALROAMENTO TRANSVERSAL;1;1;;;;;;;1;;Bom;Não existe;Perfeito estado;Seca;Perfeito estado;Não existe;Não há placas;;2019
21/12/2019;15:45:00;COM VÍTIMA;JAQUEIRA;RUA DEPUTADO PEDRO PIRES FERREIRA;SUBURBIO;COLISÃO COM CICLISTA;1;;1;;;;;;1;;Bom;Não existe;Perfeito estado;Seca;Perfeito estado;Não existe;Não há placas;40 km/h;2019
21/12/2019;16:18:00;SEM VÍTIMA;GUABIRABA;EST DA MUMBECA;;COLISÃO;2;;;;;;;;0;;;;;;;;;;2019
21/12/2019;17:27:00;COM VÍTIMA;JIQUIÁ;AV JOAO CABRAL DE MELO NETO;CIDADE;ATROPELAMENTO;;1;;1;;;;;1;;Bom;Não existe;Perfeito estado;Seca;Perfeito estado;Não existe;;;2019
21/12/2019;17:43:00;SEM VÍTIMA;JARDIM SÃO PAULO;RUA LEOBINA PEREIRA;;COLISÃO;2;;;;;;;;0;;;;;;;;;;2019
21/12/2019;19:26:00;SEM VÍTIMA;CASA AMARELA;RUA PADRE LEMOS;SUBURBIO;ABALROAMENTO TRANSVERSAL;1;;;;1;;;;0;;Bom;Não existe;Incompleta;Seca;Perfeito estado;Faixa de pedestre;Outras;;2019
21/12/2019;20:00:00;SEM VÍTIMA;IPSEP;RUA ADERBAL DE MELO;SUBURBIO;ABALROAMENTO TRANSVERSAL;3;;;;;;;;0;;Bom;Não existe;Perfeito estado;Seca;Perfeito estado;Não existe;Placas Pare;;2019
21/12/2019;21:01:00;SEM VÍTIMA;ARRUDA;AV PROFESSOR JOSE DOS ANJOS;;ABALROAMENTO LONGITUDINAL;1;;;;;1;;;0;;Bom;Sem defeito;Perfeito estado;Seca;Perfeito estado;Faixa de pedestre;Outras;;2019
21/12/2019;21:58:00;SEM VÍTIMA;MADALENA;AV BEIRA RIO;SUBURBIO;COLISÃO TRASEIRA;3;;;;;;;;0;;Bom;Não existe;Perfeito estado;Seca;Perfeito estado;Faixa de pedestre;Não há placas;40 km/h;2019
21/12/2019;22:24:00;SEM VÍTIMA;BOA VIAGEM;AV ENGENHEIRO DOMINGOS FERREIRA;;ABALROAMENTO TRANSVERSAL;2;;;;;;;;0;;Bom;Não existe;Perfeito estado;Seca;Perfeito estado;;Outras;;2019
21/12/2019;22:27:00;SEM VÍTIMA;BOA VISTA;RUA DAS NINFAS;;COLISÃO;2;;;;;;;;0;;;;;;;;;;2019
21/12/2019;23:10:00;COM VÍTIMA;IMBIRIBEIRA;AV MARECHAL MASCARENHAS DE MORAES;SUBURBIO;ABALROAMENTO LONGITUDINAL;2;;;;;;;;2;;Bom;Não existe;Perfeito estado;Seca;Perfeito estado;Não existe;R-6a;60 km/h;2019
21/12/2019;23:13:00;SEM VÍTIMA;SANTO AMARO;AV CRUZ CABUGA;SUBURBIO;COLISÃO TRASEIRA;1;;;;1;;;;0;;Bom;Sem defeito;Perfeito estado;Seca;Perfeito estado;Não existe;Não há placas;;2019
21/12/2019;23:37:00;SEM VÍTIMA;SAN MARTIN;AV ENGENHEIRO ABDIAS DE CARVALHO;;ABALROAMENTO TRANSVERSAL;2;;;;;;;;0;;Bom;Sem defeito;Perfeito estado;Seca;Perfeito estado;Faixa de pedestre;Outras;;2019
22/12/2019;07:18:00;SEM VÍTIMA;;AV ARMINDO MOURA;SUBURBIO;ABALROAMENTO TRANSVERSAL;1;;;;1;;;;0;;Bom;Sem defeito;Perfeito estado;Seca;Perfeito estado;Faixa de pedestre;Não há placas;;2019
22/12/2019;07:36:00;SEM VÍTIMA;PINA;RUA MANOEL DE BRITO;;ABALROAMENTO TRANSVERSAL;2;;;;;;;;0;;Bom;Sem defeito;Perfeito estado;;Perfeito estado;Faixa de pedestre;Outras;60 km/h;2019
22/12/2019;08:31:00;COM VÍTIMA;IPSEP;AV RECIFE;;COLISÃO TRASEIRA;;2;;;;;;;1;;Bom;Sem defeito;Perfeito estado;Seca;Perfeito estado;Faixa de pedestre;Não há placas;;2019
22/12/2019;11:09:00;COM VÍTIMA;COHAB;RUA VALE DO ITAJAI;SUBURBIO;ABALROAMENTO LONGITUDINAL;2;1;;;;;;;1;;Bom;Não existe;Ilegível;Seca;Perfeito estado;Não existe;R-19;;2019
22/12/2019;11:51:00;SEM VÍTIMA;BOA VIAGEM;RUA MARQUES DE VALENCA;;ABALROAMENTO LONGITUDINAL;1;1;;;;;;;0;;Bom;Sem defeito;Perfeito estado;Seca;Perfeito estado;Não existe;Placas Pare;;2019
22/12/2019;12:03:00;SEM VÍTIMA;ROSARINHO;RUA ANDRE REBOUCAS;CIDADE;ABALROAMENTO LONGITUDINAL;2;;;;;;;;0;;Bom;Não existe;Incompleta;Seca;;Não existe;Outras;;2019
22/12/2019;12:25:00;SEM VÍTIMA;IPSEP;AV RECIFE;;COLISÃO;2;;;;;;;;0;;;;;;;;;;2019
22/12/2019;14:17:00;SEM VÍTIMA;CORDEIRO;AV ENGENHEIRO ABDIAS DE CARVALHO;;CHOQUE VEÍCULO PARADO;2;;;;;;;;0;;Bom;Não existe;Perfeito estado;Seca;Perfeito estado;Não existe;Não há placas;;2019
22/12/2019;15:52:00;COM VÍTIMA;PINA;AV HERCULANO BANDEIRA;SUBURBIO;ATROPELAMENTO;1;;;1;;;;;1;;Bom;Não existe;Perfeito estado;Seca;Perfeito estado;Não existe;Não há placas;;2019
22/12/2019;16:14:00;COM VÍTIMA;TAMARINEIRA;EST DO ARRAIAL;ÁGUA FRIA;COLISÃO TRASEIRA;2;;;;;;;;1;;Bom;Sem defeito;Perfeito estado;Seca;Outros;Faixa de pedestre;Outras;;2019
22/12/2019;17:16:00;COM VÍTIMA;IBURA;AV ENGENHO SERRA VERDE;SUBURBIO;ABALROAMENTO LONGITUDINAL;1;1;;;;;;;1;;Bom;Não existe;Não existente;Seca;Perfeito estado;Não existe;Não há placas;;2019
22/12/2019;18:16:00;SEM VÍTIMA;ÁGUA FRIA;RUA LADEIRA DE PEDRA;SUBURBIO;ABALROAMENTO LONGITUDINAL;2;;;;;;;;0;;Bom;Não existe;Não existente;Seca;Perfeito estado;Não existe;Não há placas;;2019
22/12/2019;18:44:00;COM VÍTIMA;AREIAS;AV RECIFE;BR101;COLISÃO TRASEIRA;2;;;;;;;;1;;Bom;Sem defeito;Perfeito estado;Seca;Perfeito estado;;;60 km/h;2019
22/12/2019;18:46:00;SEM VÍTIMA;BOA VIAGEM;AV FERNANDO SIMOES BARBOSA;SUBURBIO;ABALROAMENTO TRANSVERSAL;2;;;;;;;;0;;Bom;Sem defeito;Perfeito estado;Seca;Perfeito estado;;Não há placas;;2019
22/12/2019;18:54:00;SEM VÍTIMA;BOA VIAGEM;RUA VISCONDE DE JEQUITINHONHA;;COLISÃO;1;1;;;;;;;0;;;;;;;;;;2019
22/12/2019;19:38:00;SEM VÍTIMA;BOA VIAGEM;RUA BRUNO VELOSO;;COLISÃO;2;;;;;;;;0;;;;;;;;;;2019
22/12/2019;19:39:00;SEM VÍTIMA;SANTO AMARO;AV GOVERNADOR AGAMENON MAGALHAES;;COLISÃO TRASEIRA;2;;;;;;;;0;;Bom;Não existe;Perfeito estado;Seca;Perfeito estado;Não existe;Não há placas;;2019
22/12/2019;20:10:00;SEM VÍTIMA;AFLITOS;AV CONS ROSA E SILVA;SUBURBIO;COLISÃO TRASEIRA;1;1;;;1;;;;0;;Bom;Sem defeito;Perfeito estado;Seca;Perfeito estado;Faixa de pedestre;R-6a;60 km/h;2019
22/12/2019;21:14:00;COM VÍTIMA;PRADO;RUA GERVASIO CAMPELO;CIDADE;ABALROAMENTO TRANSVERSAL;1;1;;;;;;;1;;Bom;Não existe;Perfeito estado;Seca;Perfeito estado;Faixa de pedestre;Outras;;2019
22/12/2019;22:36:00;SEM VÍTIMA;TORRE;RUA CONDE DE IRAJA;SUBURBIO;ABALROAMENTO TRANSVERSAL;2;;;;;;;;0;;Bom;Sem defeito;Perfeito estado;Seca;Perfeito estado;Faixa de pedestre;Não há placas;;2019
22/12/2019;23:32:00;SEM VÍTIMA;TAMARINEIRA;RUA PADRE ROMA;SUBURBIO;COLISÃO TRASEIRA;2;;;;;;;;0;;Bom;Sem defeito;Perfeito estado;Seca;Perfeito estado;;Não há placas;;2019
23/12/2019;00:17:00;COM VÍTIMA;AFOGADOS;RUA PROFESSOR AUGUSTO WANDERLEY FILHO;SUBURBIO;COLISÃO FRONTAL;1;1;;;;;;;1;;Bom;Sem defeito;Perfeito estado;Seca;Perfeito estado;Faixa de pedestre;;;2019
23/12/2019;06:14:00;SEM VÍTIMA;CORDEIRO;AV INACIO MONTEIRO;SUBURBIO;ABALROAMENTO TRANSVERSAL;2;;;;;;;;0;;Bom;Não existe;Incompleta;Seca;Perfeito estado;Não existe;R-1;;2019
23/12/2019;06:38:00;SEM VÍTIMA;APIPUCOS;RUA DE APIPUCOS;CIDADE;ABALROAMENTO LONGITUDINAL;1;;;;;1;;;0;;Bom;Não existe;Perfeito estado;Seca;Perfeito estado;Outros;Outras;;2019
23/12/2019;07:02:00;SEM VÍTIMA;IMBIRIBEIRA;AV MARECHAL MASCARENHAS DE MORAES;SUBURBIO;ABALROAMENTO TRANSVERSAL;;;;;1;1;;;0;;Bom;Não existe;Perfeito estado;Seca;Perfeito estado;;Não há placas;60 km/h;2019
23/12/2019;07:18:00;SEM VÍTIMA;PINA;AV HERCULANO BANDEIRA;SUBURBIO;ABALROAMENTO LONGITUDINAL;1;;;;;1;;;0;;Bom;Não existe;Não existente;Seca;Perfeito estado;Não existe;;;2019
23/12/2019;07:33:00;COM VÍTIMA;ARRUDA;RUA ZEFERINO AGRA;SUBURBIO;ABALROAMENTO LONGITUDINAL;;2;;;;;;;1;;Bom;Não existe;Perfeito estado;Seca;Perfeito estado;Não existe;Outras;;2019
23/12/2019;07:52:00;SEM VÍTIMA;BAIRRO DO RECIFE;AV GOVERNADOR AGAMENON MAGALHAES;;ABALROAMENTO TRANSVERSAL;1;;;;;1;;;0;;Bom;Não existe;Não existente;Seca;Perfeito estado;Não existe;Não há placas;;2019
23/12/2019;08:05:00;COM VÍTIMA;IMBIRIBEIRA;AV MARECHAL MASCARENHAS DE MORAES;SUBURBIO;COLISÃO TRASEIRA;1;1;;;;;;;1;;Bom;Sem defeito;Perfeito estado;Seca;Perfeito estado;Faixa de pedestre;Outras;60 km/h;2019
23/12/2019;08:10:00;COM VÍTIMA;BOA VIAGEM;RUA VISCONDE DE JEQUITINHONHA;SUBURBIO;ABALROAMENTO TRANSVERSAL;1;1;;;;;;;1;;Bom;Sem defeito;Perfeito estado;Seca;Perfeito estado;Faixa de pedestre;Não há placas;;2019
23/12/2019;09:07:00;SEM VÍTIMA;DERBY;AV GOVERNADOR AGAMENON MAGALHAES;;COLISÃO FRONTAL;1;1;;;;;;;0;;Bom;Sem defeito;Perfeito estado;Seca;Perfeito estado;Faixa de pedestre;Não há placas;60 km/h;2019
23/12/2019;09:46:00;SEM VÍTIMA;BONGI;AV ENGENHEIRO ABDIAS DE CARVALHO;;COLISÃO;2;;;;;;;;0;;;;;;;;;;2019
23/12/2019;09:56:00;SEM VÍTIMA;PRADO;AV CAXANGA;CIDADE;ABALROAMENTO LONGITUDINAL;2;;;;;;;;0;;Bom;Sem defeito;Perfeito estado;Seca;Perfeito estado;Outros;Outras;60 km/h;2019
23/12/2019;10:43:00;SEM VÍTIMA;BOA VIAGEM;AV CONSELHEIRO AGUIAR;;COLISÃO;2;;;;;;;;0;;;;;;;;;;2019
23/12/2019;11:12:00;SEM VÍTIMA;VÁRZEA;RUA ABATIA;;COLISÃO TRASEIRA;1;;;;;1;;;0;;Bom;Não existe;Perfeito estado;Seca;Perfeito estado;Não existe;Não há placas;;2019