data;hora;natureza_acidente;bairro;endereco;sentido_via;tipo;auto;moto;ciclista;pedestre;onibus;caminhao;viatura;outros;vitimas;vitimasfatais;tempo_clima;situacao_semaforo;sinalizacao;condicao_via;conservacao_via;ponto_controle;situacao_placa;velocidade_max_via;ano
23/12/2019;11:31:00;SEM VÍTIMA;;AV CONSELHEIRO AGUIAR;CIDADE;COLISÃO TRASEIRA;2;;;;1;;;;0;;Bom;Sem defeito;Perfeito estado;Seca;Perfeito estado;;R-6a;;2019
23/12/2019;11:55:00;COM VÍTIMA;CAMPO GRANDE;RUA ODORICO MENDES;;COLISÃO;1;1;;;;;;;1;;;;;;;;;;2019
23/12/2019;11:59:00;COM VÍTIMA;CASA AMARELA;RUA BELA VISTA;;ABALROAMENTO TRANSVERSAL;2;;;;;;;;2;;Bom;Não existe;Não existente;Seca;Perfeito estado;Não existe;Não há placas;40 km/h;2019
23/12/2019;12:04:00;SEM VÍTIMA;BOA VIAGEM;RUA RIBEIRO DE BRITO;CIDADE;ABALROAMENTO TRANSVERSAL;1;1;;;;;;;0;;Bom;Não existe;Perfeito estado;Seca;Perfeito estado;Não existe;Outras;;2019
23/12/2019;12:10:00;SEM VÍTIMA;TAMARINEIRA;AV NORTE;;CHOQUE OBJETO FIXO;;;;;;1;;;0;;Bom;Sem defeito;Perfeito estado;Seca;Perfeito estado;Agente;R-6a;60 km/h;2019
23/12/2019;12:11:00;SEM VÍTIMA;TAMARINEIRA;EST VELHA DE AGUA FRIA;CIDADE;COLISÃO TRASEIRA;3;;;;;;;;0;;Bom;Sem defeito;Perfeito estado;Seca;Perfeito estado;Agente;R-6a;60 km/h;2019
23/12/2019;12:40:00;SEM VÍTIMA;AFOGADOS;RUA SAO MIGUEL;SUBURBIO;COLISÃO TRASEIRA;2;;;;;;;;0;;Bom;Sem defeito;Perfeito estado;Seca;Perfeito estado;Faixa de retenção;Não há placas;;2019
23/12/2019;12:43:00;SEM VÍTIMA;SÃO JOSÉ;RUA IMPERIAL;SUBURBIO;ABALROAMENTO LONGITUDINAL;1;;;;;1;;;0;;Bom;Não existe;Perfeito estado;Seca;Perfeito estado;Não existe;Outras;60 km/h;2019
23/12/2019;13:07:00;SEM VÍTIMA;DERBY;RUA JOAQUIM NABUCO;SUBURBIO;ABALROAMENTO LONGITUDINAL;2;;;;;;;1;0;;Bom;Não existe;Perfeito estado;Seca;Perfeito estado;Não existe;;;2019
23/12/2019;13:20:00;SEM VÍTIMA;IPUTINGA;RUA MINISTRO JOAO ALBERTO;;COLISÃO;2;;;;;;;;0;;;;;;;;;;2019
23/12/2019;13:24:00;SEM VÍTIMA;ROSARINHO;RUA GENERAL ABREU E LIMA;;COLISÃO;1;1;;;;;;;0;;;;;;;;;;2019
23/12/2019;13:47:00;SEM VÍTIMA;BOA VIAGEM;RUA LE PARC;SUBURBIO;ABALROAMENTO TRANSVERSAL;1;;;;;1;;;0;;Bom;Não existe;Incompleta;Seca;Perfeito estado;Não existe;Outras;;2019
23/12/2019;14:50:00;SEM VÍTIMA;IBURA;AV DOIS RIOS;CIDADE;COLISÃO TRASEIRA;2;;;;;;;;0;;Bom;Sem defeito;Perfeito estado;Seca;Perfeito estado;Faixa de pedestre;Outras;;2019
23/12/2019;14:51:00;SEM VÍTIMA;AFOGADOS;RUA VINTE E UM DE ABRIL;CIDADE;COLISÃO TRASEIRA;1;;;;1;;;;0;;Bom;Não existe;Perfeito estado;Seca;Perfeito estado;Não existe;Não há placas;;2019
23/12/2019;15:38:00;SEM VÍTIMA;IBURA;RUA PINTOR AGENOR DE ALBUQUERQUE CESAR;;COLISÃO;2;;;;;;;;0;;;;;;;;;;2019
23/12/2019;15:45:00;SEM VÍTIMA;AFOGADOS;AV SUL;CIDADE;COLISÃO TRASEIRA;2;;;;;;;;0;;Bom;Sem defeito;Perfeito estado;Seca;Perfeito estado;Faixa de retenção;Outras;;2019
23/12/2019;16:03:00;SEM VÍTIMA;MADALENA;AV VISCONDE DE ALBUQUERQUE;;ABALROAMENTO LONGITUDINAL;1;;;;;1;;;0;;Bom;;Perfeito estado;Seca;Perfeito estado;;R-6a;;2019
23/12/2019;17:02:00;COM VÍTIMA;CORDEIRO;AV CAXANGA;CIDADE;TOMBAMENTO;1;1;;;;;;;1;;Bom;Sem defeito;Perfeito estado;Seca;Perfeito estado;Não existe;Não há placas;50 km/h;2019
23/12/2019;17:12:00;SEM VÍTIMA;MACAXEIRA;RUA DOIS IRMAOS;SUBURBIO;COLISÃO TRASEIRA;1;;;;1;;;;0;;Bom;Sem defeito;Perfeito estado;Seca;Perfeito estado;Outros;Outras;;2019
23/12/2019;18:20:00;SEM VÍTIMA;IMBIRIBEIRA;AV GENERAL MAC ARTHUR;SUBURBIO;ABALROAMENTO LONGITUDINAL;2;;;;;;;;0;;Bom;Não existe;Perfeito estado;Seca;Perfeito estado;Não existe;Não há placas;;2019
23/12/2019;18:22:00;SEM VÍTIMA;JAQUEIRA;RUA DO FUTURO;;ABALROAMENTO LONGITUDINAL;1;;;;;1;;;0;;Bom;Não existe;Perfeito estado;Seca;Perfeito estado;;Não há placas;40 km/h;2019
23/12/2019;18:57:00;SEM VÍTIMA;BOA VIAGEM;RUA VISCONDE DE JEQUITINHONHA;;ABALROAMENTO LONGITUDINAL;1;;;;1;;;;0;;Bom;Sem defeito;Perfeito estado;Seca;Perfeito estado;;Outras;;2019
23/12/2019;19:08:00;SEM VÍTIMA;JORDÃO;AV MARIA IRENE;SUBURBIO;COLISÃO TRASEIRA;2;;;;;;;;0;;Bom;Não existe;Incompleta;Seca;Mal iluminada;Não existe;Outras;;2019
23/12/2019;19:19:00;COM VÍTIMA;IMBIRIBEIRA;AV MARECHAL MASCARENHAS DE MORAES;SUBURBIO;ABALROAMENTO TRANSVERSAL;;1;;;;;;;2;;Bom;Não existe;Perfeito estado;Seca;Perfeito estado;Não existe;Não há placas;60 km/h;2019
23/12/2019;19:37:00;SEM VÍTIMA;BOA VIAGEM;RUA RIBEIRO DE BRITO;CIDADE;ABALROAMENTO TRANSVERSAL;2;;;;;;;;0;;Bom;Não existe;Incompleta;Seca;;Não existe;Outras;;2019
23/12/2019;20:16:00;SEM VÍTIMA;SANTO AMARO;RUA DO SOSSEGO;CIDADE;ABALROAMENTO TRANSVERSAL;2;;;;;;;;0;;Bom;Não existe;Perfeito estado;Seca;Perfeito estado;Faixa de pedestre;Placas Pare;40 km/h;2019
23/12/2019;20:17:00;SEM VÍTIMA;SANTO AMARO;RUA OLIMPIO BONALD;;COLISÃO;2;;;;;;;;0;;;;;;;;;;2019
23/12/2019;20:32:00;SEM VÍTIMA;BOA VIAGEM;AV ENGENHEIRO DOMINGOS FERREIRA;SUBURBIO;CHOQUE OBJETO FIXO;1;;;;;;;;0;;Bom;Não existe;Perfeito estado;Seca;Perfeito estado;Não existe;Não há placas;60 km/h;2019
24/12/2019;18:30:00;SEM VÍTIMA;CORDEIRO;AV GENERAL SAN MARTIN;;ABALROAMENTO TRANSVERSAL;2;;;;;;;;0;;Bom;Sem defeito;Perfeito estado;Seca;Perfeito estado;Faixa de pedestre;Outras;;2019
23/12/2019;23:21:00;COM VÍTIMA;BOA VIAGEM;AV BOA VIAGEM;CIDADE;COLISÃO TRASEIRA;1;1;;;;;;;2;;Bom;Sem defeito;Perfeito estado;Seca;Perfeito estado;Faixa de pedestre;;60 km/h;2019
24/12/2019;07:19:00;SEM VÍTIMA;CORDEIRO;RUA GREGORIO JUNIOR;;ABALROAMENTO LONGITUDINAL;2;;;;;;;;0;;Bom;Não existe;Perfeito estado;Seca;Perfeito estado;Não existe;Não há placas;;2019
24/12/2019;07:45:00;SEM VÍTIMA;COELHOS;TRV DO RAPOSO;;CHOQUE VEÍCULO PARADO;2;;;;;;;;0;;Bom;Sem defeito;Perfeito estado;Seca;Perfeito estado;Faixa de pedestre;R-4a;40 km/h;2019
24/12/2019;09:15:00;SEM VÍTIMA;ESPINHEIRO;AV NORTE;CIDADE;CHOQUE VEÍCULO PARADO;4;4;;;;1;;;0;;Bom;Sem defeito;Perfeito estado;Seca;Perfeito estado;Não existe;Não há placas;60 km/h;2019
24/12/2019;09:45:00;SEM VÍTIMA;SANTO AMARO;AV CRUZ CABUGA;CIDADE;ABALROAMENTO LONGITUDINAL;1;;;;1;;;;0;;Bom;Sem defeito;Perfeito estado;Seca;Perfeito estado;;;;2019
24/12/2019;09:56:00;SEM VÍTIMA;CASA AMARELA;RUA VISCONDE DE TAUNAY;CIDADE;COLISÃO FRONTAL;2;;;;;;;;0;;Bom;Não existe;Perfeito estado;Seca;Perfeito estado;Não existe;Não há placas;;2019
24/12/2019;10:58:00;COM VÍTIMA;ROSARINHO;AV NORTE;CIDADE;ATROPELAMENTO;1;;;1;;;;;1;;Bom;Sem defeito;Perfeito estado;Seca;Perfeito estado;Faixa de pedestre;Outras;;2019
24/12/2019;11:02:00;SEM VÍTIMA;BOA VIAGEM;RUA FRANCISCO DA CUNHA;SUBURBIO;ABALROAMENTO TRANSVERSAL;2;;;;;;;;0;;Bom;Não existe;Incompleta;Seca;Perfeito estado;Não existe;Placas Pare;;2019
24/12/2019;11:13:00;SEM VÍTIMA;IMBIRIBEIRA;AV MARECHAL MASCARENHAS DE MORAES;;COLISÃO TRASEIRA;3;;;;;;;;0;;Bom;Sem defeito;Perfeito estado;Seca;Perfeito estado;;R-6a;;2019
24/12/2019;11:41:00;SEM VÍTIMA;IMBIRIBEIRA;RUA ITAJAI;CIDADE;CHOQUE VEÍCULO PARADO;2;;;;;;;;0;;Bom;Não existe;Não existente;Seca;Perfeito estado;Não existe;Não há placas;;2019
24/12/2019;12:04:00;SEM VÍTIMA;JORDÃO;RUA ALBERTO LUNDGREN;;ABALROAMENTO TRANSVERSAL;1;1;;;;;;;0;;Bom;Não existe;Ilegível;Seca;Perfeito estado;Faixa de pedestre;;;2019
24/12/2019;12:41:00;SEM VÍTIMA;BONGI;EST DO BONGI;;COLISÃO TRASEIRA;1;;;;1;;;;0;;Bom;Sem defeito;Perfeito estado;Seca;Perfeito estado;Faixa de pedestre;R-6a;40 km/h;2019
24/12/2019;12:58:00;COM VÍTIMA;SÃO JOSÉ;C SANTA RITA;;COLISÃO;1;1;;;;;;;1;;;;;;;;;;2019
24/12/2019;13:07:00;SEM VÍTIMA;TORRE;RUA REAL DA TORRE;;COLISÃO;1;;;;;1;;;0;;;;;;;;;;2019
24/12/2019;13:10:00;SEM VÍTIMA;ENCRUZILHADA;AV NORTE;;COLISÃO;2;;;;;;;;0;;;;;;;;;;2019
24/12/2019;13:11:00;COM VÍTIMA;CAMPO GRANDE;RUA FRANKLIN TAVORA;SUBURBIO;ABALROAMENTO TRANSVERSAL;1;1;;;;;;;1;;Bom;Não existe;Perfeito estado;Seca;Perfeito estado;Faixa de pedestre;Placas Pare;;2019
24/12/2019;13:24:00;SEM VÍTIMA;BOA VIAGEM;RUA VISCONDE DE JEQUITINHONHA;SUBURBIO;ABALROAMENTO LONGITUDINAL;2;;;;;;;;0;;Bom;Não existe;Perfeito estado;Seca;Mal conservada;Não existe;Não há placas;;2019
24/12/2019;13:45:00;SEM VÍTIMA;;RUA CARLOS MARIGHELLA;;COLISÃO TRASEIRA;2;;;;;;;;0;;Bom;Não existe;Não existente;Seca;Perfeito estado;Não existe;Não há placas;30 km/h;2019
24/12/2019;13:50:00;SEM VÍTIMA;CAXANGÁ;AV JOAQUIM RIBEIRO;;ENGAVETAMENTO;4;;;;;;;;0;;;;;;;;;;2019
24/12/2019;;COM VÍTIMA;BOA VISTA;AV VISCONDE DE SUASSUNA;SUBURBIO;ABALROAMENTO LONGITUDINAL;1;1;;;;;;;2;;Bom;Sem defeito;Perfeito estado;Seca;Perfeito estado;Outros;Outras;40 km/h;2019
24/12/2019;14:46:00;SEM VÍTIMA;BOA VIAGEM;AV DOM JOAO VI;SUBURBIO;COLISÃO TRASEIRA;2;;;;;;;;0;;Bom;Sem defeito;Perfeito estado;Seca;Perfeito estado;Não existe;;;2019
24/12/2019;14:49:00;SEM VÍTIMA;AREIAS;RUA DA VILA;;ABALROAMENTO TRANSVERSAL;1;1;;;;;;;0;;Bom;Não existe;Não existente;Seca;Perfeito estado;Não existe;Não há placas;;2019
24/12/2019;14:56:00;SEM VÍTIMA;ÁGUA FRIA;AV BEBERIBE;;COLISÃO;1;;;;;1;;;0;;;;;;;;;;2019
24/12/2019;15:26:00;SEM VÍTIMA;CORDEIRO;AV PROFESSOR ESTEVAO FRANCISCO DA COSTA;SUBURBIO;CHOQUE OBJETO FIXO;1;;;;;;;;0;;Bom;Não existe;Incompleta;Seca;Perfeito estado;Não existe;Não há placas;;2019
24/12/2019;15:28:00;SEM VÍTIMA;ÁGUA FRIA;AV BEBERIBE;;COLISÃO;1;;;;1;;;;0;;;;;;;;;;2019
24/12/2019;15:32:00;SEM VÍTIMA;CASA AMARELA;RUA MAJOR NEREU GUERRA;;COLISÃO;2;;;;;;;;0;;;;;;;;;;2019
24/12/2019;16:11:00;COM VÍTIMA;BOA VIAGEM;RUA FRANCISCO DA CUNHA;CIDADE;ABALROAMENTO TRANSVERSAL;1;1;;;;;;;1;;Bom;Não existe;Incompleta;Seca;Perfeito estado;Não existe;Placas Pare;;2019
24/12/2019;18:16:00;SEM VÍTIMA;ENCRUZILHADA;av norte;CIDADE;COLISÃO;3;;;;;1;;;0;;;;;;;;;;2019
24/12/2019;18:16:00;SEM VÍTIMA;BOA VIAGEM;RUA ERNESTO DE PAULA SANTOS;SUBURBIO;ABALROAMENTO LONGITUDINAL;2;;;;;;;;0;;Bom;Não existe;Perfeito estado;Seca;Perfeito estado;Não existe;Placas Pare;;2019
24/12/2019;18:56:00;SEM VÍTIMA;BOA VIAGEM;RUA TENENTE DOMINGOS DE BRITO;;ABALROAMENTO LONGITUDINAL;1;;;;1;;;;0;;Bom;Sem defeito;Não existente;Seca;Mal conservada;Não existe;Não há placas;;2019
24/12/2019;19:01:00;COM VÍTIMA;SANTO ANTÔNIO;AV GUARARAPES;;ATROPELAMENTO;;;;1;1;;;;1;;Bom;Sem defeito;Perfeito estado;Seca;Perfeito estado;Faixa de pedestre;Outras;;2019
24/12/2019;19:16:00;SEM VÍTIMA;SAN MARTIN;AV GENERAL SAN MARTIN;SUBURBIO;COLISÃO TRASEIRA;2;;;;;;;;0;;Bom;Sem defeito;Perfeito estado;Seca;Perfeito estado;Faixa de pedestre;Não há placas;;2019
24/12/2019;20:20:00;SEM VÍTIMA;AREIAS;AV RECIFE;SUBURBIO;CHOQUE VEÍCULO PARADO;2;;;;;;;;0;;Bom;Não existe;Perfeito estado;Seca;Perfeito estado;Não existe;Não há placas;;2019
25/12/2019;04:59:00;COM VÍTIMA;BOA VIAGEM;RUA PROFESSOR ARNALDO CARNEIRO LEAO;SUBURBIO;COLISÃO TRASEIRA;1;1;;;;;;;2;;Bom;Sem defeito;Perfeito estado;Seca;Perfeito estado;;Não há placas;;2019
25/12/2019;05:27:00;COM VÍTIMA;ESTÂNCIA;AV ESTANCIA;SUBURBIO;ABALROAMENTO TRANSVERSAL;2;;;;;;;;2;;Bom;Não existe;Ilegível;Seca;Perfeito estado;Não existe;;;2019
25/12/2019;07:16:00;COM VÍTIMA;GRAÇAS;AV RUI BARBOSA;;COLISÃO TRASEIRA;2;1;;;;;;;1;;Bom;Sem defeito;Perfeito estado;Seca;Perfeito estado;Faixa de pedestre;Outras;;2019
25/12/2019;07:49:00;COM VÍTIMA;IBURA;RUA DR OTAVIO DE MORAES VASCONCELOS;SUBURBIO;COLISÃO FRONTAL;1;1;;;;;;;1;;Bom;Não existe;Não existente;Seca;Mal conservada;;Não há placas;;2019
25/12/2019;10:04:00;SEM VÍTIMA;NOVA DESCOBERTA;AV VEREADOR OTACILIO AZEVEDO;;COLISÃO;1;;;;1;;;;0;;;;;;;;;;2019
25/12/2019;11:34:00;SEM VÍTIMA;JAQUEIRA;RUA DO FUTURO;CIDADE;ABALROAMENTO TRANSVERSAL;1;;;;1;;;;0;;Bom;Não existe;Perfeito estado;Seca;Perfeito estado;Não existe;Outras;40 km/h;2019
25/12/2019;11:59:00;SEM VÍTIMA;BOA VIAGEM;AV BOA VIAGEM;;COLISÃO;2;;;;;;;;0;;;;;;;;;;2019
25/12/2019;15:16:00;SEM VÍTIMA;CASA FORTE;AV DEZESSETE DE AGOSTO;SUBURBIO;COLISÃO FRONTAL;2;;;;;;;;0;;Bom;Sem defeito;Perfeito estado;Seca;Perfeito estado;;;60 km/h;2019
25/12/2019;17:24:00;SEM VÍTIMA;AREIAS;RUA GENERAL FRANCISCO FIGUEIROA;;COLISÃO TRASEIRA;2;;;;;;;;0;;Bom;Não existe;Perfeito estado;Seca;Perfeito estado;Não existe;;;2019
25/12/2019;19:13:00;COM VÍTIMA;IMBIRIBEIRA;RUA ARQUITETO LUIZ NUNES;SUBURBIO;ABALROAMENTO TRANSVERSAL;1;1;;;;;;;1;;Bom;Não existe;Incompleta;Seca;Perfeito estado;Não existe;Outras;;2019
25/12/2019;19:56:00;SEM VÍTIMA;BOA VIAGEM;RUA DR GASPAR REGUEIRA COSTA;SUBURBIO;ABALROAMENTO TRANSVERSAL;2;;;;;;;;0;;Bom;;Perfeito estado;Seca;Perfeito estado;Faixa de pedestre;Placas Pare;;2019
25/12/2019;21:06:00;SEM VÍTIMA;NOVA DESCOBERTA;AV VEREADOR OTACILIO AZEVEDO;SUBURBIO;ABALROAMENTO LONGITUDINAL;1;;;;1;;;;0;;Bom;Não existe;Ilegível;Seca;Perfeito estado;Faixa de pedestre;Não há placas;;2019
25/12/2019;21:09:00;COM VÍTIMA;SANCHO;AV LIBERDADE;SUBURBIO;CHOQUE;2;;;;;;;;1;;Bom;Não existe;Ilegível;Seca;Mal iluminada;Não existe;Não há placas;;2019
25/12/2019;22:10:00;SEM VÍTIMA;BOA VIAGEM;AV ENGENHEIRO DOMINGOS FERREIRA;;ABALROAMENTO TRANSVERSAL;2;;;;;;;;0;;Bom;Sem defeito;Perfeito estado;Seca;Perfeito estado;Faixa de pedestre;;;2019
26/12/2019;02:11:00;SEM VÍTIMA;IMBIRIBEIRA;AV MARECHAL MASCARENHAS DE MORAES;;CHOQUE;1;;;;;;;;0;;;;;;;;;;2019
26/12/2019;02:48:00;SEM VÍTIMA;BOA VIAGEM;RUA DEZ DE JULHO;SUBURBIO;ABALROAMENTO TRANSVERSAL;2;;;;;;;;0;;Bom;Intermitente;Perfeito estado;Seca;Perfeito estado;Faixa de pedestre;;;2019
26/12/2019;05:00:00;COM VÍTIMA;CAXANGÁ;AV CAXANGA;SUBURBIO;ABALROAMENTO TRANSVERSAL;;1;;;1;;;;1;;Chuvoso;Sem defeito;Perfeito estado;Molhada;Perfeito estado;Faixa de pedestre;;;2019
26/12/2019;06:46:00;SEM VÍTIMA;CURADO;AV PREFEITO ANTONIO PEREIRA;;ABALROAMENTO LONGITUDINAL;1;;;;1;;;;0;;Bom;Não existe;Não existente;Seca;Perfeito estado;Não existe;Não há placas;60 km/h;2019
26/12/2019;06:56:00;SEM VÍTIMA;PORTO DA MADEIRA;AV BEBERIBE;CIDADE;COLISÃO TRASEIRA;1;1;;;;;;;0;;Bom;Sem defeito;Perfeito estado;Seca;Perfeito estado;Faixa de pedestre;Não há placas;50 km/h;2019
26/12/2019;07:45:00;COM VÍTIMA;SANTO ANTÔNIO;RUA DO SOL;AV GUARARAPES;TOMBAMENTO;;1;;;;;;;1;;Bom;;;Oleosa;Perfeito estado;;;;2019
26/12/2019;08:15:00;SEM VÍTIMA;IMBIRIBEIRA;AV MARECHAL MASCARENHAS DE MORAES;SUBURBIO;COLISÃO TRASEIRA;2;;;;;;;;0;;Bom;Sem defeito;Perfeito estado;Seca;Perfeito estado;Faixa de pedestre;Não há placas;60 km/h;2019
26/12/2019;08:32:00;COM VÍTIMA;PARNAMIRIM;RUA ABELARDO CARNEIRO LEAO;SUBURBIO;TOMBAMENTO;;1;;;;;;;2;;Bom;Não existe;Perfeito estado;Seca;Perfeito estado;Não existe;Não há placas;;2019
26/12/2019;08:37:00;SEM VÍTIMA;ILHA DO LEITE;AV GOVERNADOR AGAMENON MAGALHAES;SUBURBIO;COLISÃO TRASEIRA;;1;;;;;;;0;;Bom;Sem defeito;Perfeito estado;Seca;Perfeito estado;Agente;Outras;60 km/h;2019
26/12/2019;09:02:00;COM VÍTIMA;PARNAMIRIM;RUA JOAO TUDE DE MELO;TORRE;ABALROAMENTO LONGITUDINAL;1;1;;;;;;;1;;Bom;Sem defeito;Perfeito estado;Seca;Perfeito estado;Faixa de pedestre;Outras;;2019
26/12/2019;09:47:00;SEM VÍTIMA;BEBERIBE;AV BEBERIBE;CIDADE;COLISÃO TRASEIRA;2;;;;;;;;0;;Bom;Não existe;Perfeito estado;Seca;Perfeito estado;Não existe;R-6a;;2019
26/12/2019;10:02:00;SEM VÍTIMA;SANTO AMARO;RUA DO POMBAL;CIDADE;CAPOTAMENTO;2;;;;;;;;0;;Bom;Não existe;Perfeito estado;Seca;Perfeito estado;Faixa de retenção;Placas Pare;;2019
26/12/2019;10:11:00;SEM VÍTIMA;VASCO DA GAMA;AV NORTE;CIDADE;COLISÃO TRASEIRA;2;;;;;;;;0;;Bom;Sem defeito;Perfeito estado;Seca;Perfeito estado;Faixa de pedestre;R-6a;60 km/h;2019
26/12/2019;10:30:00;SEM VÍTIMA;ESTÂNCIA;AV RECIFE;SUBURBIO;ABALROAMENTO TRANSVERSAL;1;;;;;1;;;0;;Bom;Não existe;Perfeito estado;Seca;Perfeito estado;Outros;Outras;60 km/h;2019
26/12/2019;11:07:00;SEM VÍTIMA;IMBIRIBEIRA;AV MARECHAL MASCARENHAS DE MORAES;CIDADE;COLISÃO TRASEIRA;1;1;;;;;;;0;;Bom;Não existe;Perfeito estado;Seca;Perfeito estado;Não existe;Não há placas;60 km/h;2019
26/12/2019;11:12:00;SEM VÍTIMA;CORDEIRO;AV GENERAL SAN MARTIN;;ABALROAMENTO LONGITUDINAL;2;;;;;;;;0;;Bom;Sem defeito;Perfeito estado;Seca;Perfeito estado;;;;2019
26/12/2019;11:46:00;SEM VÍTIMA;CASA AMARELA;EST DO ARRAIAL;SUBURBIO;COLISÃO TRASEIRA;1;;;;1;;;;0;;Bom;Sem defeito;Perfeito estado;Seca;Perfeito estado;Faixa de pedestre;R-6a;40 km/h;2019
26/12/2019;11:50:00;SEM VÍTIMA;ALTO JOSÉ BONIFÁCIO;RUA CORREGO DO EUCLIDES;SUBURBIO;ABALROAMENTO TRANSVERSAL;2;;;;;;;;0;;Bom;Sem defeito;Perfeito estado;Seca;Perfeito estado;Não existe;R-4a;;2019
26/12/2019;11:56:00;COM VÍTIMA;BOA VIAGEM;RUA VISCONDE DE JEQUITINHONHA;;ABALROAMENTO LONGITUDINAL;1;1;;;;;;;1;;Bom;Sem defeito;Perfeito estado;Seca;Perfeito estado;Faixa de pedestre;Não há placas;60 km/h;2019
26/12/2019;12:24:00;SEM VÍTIMA;PINA;AV ANTONIO DE GOES;CIDADE;ABALROAMENTO LONGITUDINAL;2;;;;;;;;0;;Bom;Sem defeito;Perfeito estado;Seca;Perfeito estado;Agente;Não há placas;60 km/h;2019
26/12/2019;12:44:00;SEM VÍTIMA;MADALENA;AV CAXANGA;CIDADE;COLISÃO TRASEIRA;2;;;;;;;;0;;Bom;Sem defeito;Perfeito estado;Seca;;;Outras;;2019
26/12/2019;12:47:00;SEM VÍTIMA;GRAÇAS;RUA DAS GRACAS;;ABALROAMENTO LONGITUDINAL;2;;;;;;;;0;;Bom;Não existe;Perfeito estado;Seca;Perfeito estado;Não existe;Outras;30 km/h;2019
26/12/2019;12:59:00;SEM VÍTIMA;JOANA BEZERRA;PTE JOSE DE BARROS LIMA;SUBURBIO;COLISÃO TRASEIRA;2;;;;1;;;;0;;Bom;Não existe;Perfeito estado;Seca;Perfeito estado;Não existe;Não há placas;60 km/h;2019
26/12/2019;13:19:00;COM VÍTIMA;TORRE;RUA JOSE BONIFACIO;CIDADE;COLISÃO TRASEIRA;1;1;;;;;;;1;;Bom;Não existe;Perfeito estado;Seca;Perfeito estado;Não existe;R-6a;;2019
26/12/2019;13:48:00;SEM VÍTIMA;DERBY;AV GOVERNADOR AGAMENON MAGALHAES;;COLISÃO;3;;;;;;;;0;;;;;;;;;;2019
26/12/2019;13:59:00;SEM VÍTIMA;DERBY;AV GOVERNADOR AGAMENON MAGALHAES;;COLISÃO TRASEIRA;3;;;;;;;;0;;Bom;Sem defeito;Perfeito estado;Seca;Perfeito estado;Faixa de retenção;;60 km/h;2019
26/12/2019;14:33:00;SEM VÍTIMA;DERBY;AV GOVERNADOR AGAMENON MAGALHAES;;COLISÃO TRASEIRA;2;;;;;;;;0;;Bom;Sem defeito;Perfeito estado;Seca;Perfeito estado;Faixa de pedestre;Não há placas;;2019
26/12/2019;15:21:00;SEM VÍTIMA;;AV CAXANGA;CIDADE;ABALROAMENTO LONGITUDINAL;1;;;;;1;;;0;;Bom;Sem defeito;Perfeito estado;Seca;Perfeito estado;Não existe;R-6a;60 km/h;2019
26/12/2019;15:30:00;SEM VÍTIMA;AFOGADOS;RUA VINTE E UM DE ABRIL;SUBURBIO;ABALROAMENTO TRANSVERSAL;1;1;;;;;;;0;;Bom;Não existe;Incompleta;Seca;Perfeito estado;Não existe;Não há placas;;2019
26/12/2019;16:07:00;SEM VÍTIMA;IPUTINGA;AV CAXANGA;SUBURBIO;ABALROAMENTO LONGITUDINAL;1;;;;;;;1;0;;Bom;Não existe;Não existente;Seca;Perfeito estado;Não existe;Não há placas;;2019
26/12/2019;16:17:00;SEM VÍTIMA;SOLEDADE;RUA BARAO DE SAO BORJA;SUBURBIO;ABALROAMENTO LONGITUDINAL;1;1;;;;;;;0;;Bom;Não existe;Perfeito estado;Seca;Perfeito estado;Não existe;Não há placas;40 km/h;2019
26/12/2019;16:30:00;SEM VÍTIMA;PINA;AV HERCULANO BANDEIRA;;CHOQUE;3;;;;;;;;0;;;;;;;;;;2019
26/12/2019;16:34:00;SEM VÍTIMA;AFOGADOS;RUA NICOLAU PEREIRA;;ABALROAMENTO LONGITUDINAL;1;;;;;;;1;0;;Bom;Não existe;Perfeito estado;Seca;Perfeito estado;Não existe;R-6a;40 km/h;2019
26/12/2019;16:44:00;COM VÍTIMA;ILHA DO LEITE;RUA JOSE DE ALENCAR;CIDADE;ABALROAMENTO TRANSVERSAL;1;1;;;;;;;1;;Bom;Não existe;Perfeito estado;Seca;Perfeito estado;Não existe;Placas Dê a preferência;;2019
26/12/2019;17:24:00;SEM VÍTIMA;BOA VIAGEM;RUA PADRE CARAPUCEIRO;SUBURBIO;COLISÃO TRASEIRA;1;;;;;;;1;0;;Bom;Não existe;Perfeito estado;Seca;Perfeito estado;Agente;Não há placas;30 km/h;2019
26/12/2019;17:43:00;SEM VÍTIMA;BOA VIAGEM;RUA ANTONIO PASSOS;CIDADE;ABALROAMENTO LONGITUDINAL;2;;;;;;;;0;;Bom;Não existe;Perfeito estado;Seca;Perfeito estado;Não existe;Não há placas;;2019
26/12/2019;17:48:00;COM VÍTIMA;CORDEIRO;RUA GOMES TABORDA;;COLISÃO;1;1;;;;;;;1;;;;;;;;;;2019
26/12/2019;18:32:00;SEM VÍTIMA;IMBIRIBEIRA;AV ANTONIO TORRES GALVAO;;COLISÃO TRASEIRA;2;;;;;;;;0;;Bom;Não existe;Perfeito estado;Seca;Perfeito estado;Outros;Outras;;2019