data;hora;natureza_acidente;bairro;endereco;sentido_via;tipo;auto;moto;ciclista;pedestre;onibus;caminhao;viatura;outros;vitimas;vitimasfatais;tempo_clima;situacao_semaforo;sinalizacao;condicao_via;conservacao_via;ponto_controle;situacao_placa;velocidade_max_via;ano
26/12/2019;19:07:00;SEM VÍTIMA;BOA VIAGEM;RUA JOAO CARDOSO AIRES;SUBURBIO;COLISÃO FRONTAL;2;;;;;;;;0;;Bom;Sem defeito;Perfeito estado;Seca;Perfeito estado;Faixa de pedestre;R-6a;;2019
26/12/2019;20:05:00;SEM VÍTIMA;VASCO DA GAMA;RUA FREDERICO OZANAN;SUBURBIO;ABALROAMENTO LONGITUDINAL;2;;;;;;;;0;;Bom;Não existe;Perfeito estado;Seca;Perfeito estado;Não existe;Não há placas;;2019
26/12/2019;22:16:00;SEM VÍTIMA;AFOGADOS;RUA JOAO IVO DA SILVA;SUBURBIO;COLISÃO TRASEIRA;2;;;;;;;;0;;Bom;Sem defeito;Perfeito estado;Seca;Perfeito estado;Faixa de pedestre;Não há placas;;2019
26/12/2019;22:41:00;SEM VÍTIMA;SAN MARTIN;RUA CAFELANDIA;CIDADE;ABALROAMENTO LONGITUDINAL;;;;;;1;;1;0;;Bom;Não existe;Perfeito estado;Seca;Perfeito estado;Não existe;Não há placas;;2019
27/12/2019;06:33:00;SEM VÍTIMA;IMBIRIBEIRA;RUA DEZ DE JULHO;;COLISÃO;1;;;;;1;;;0;;;;;;;;;;2019
27/12/2019;06:42:00;COM VÍTIMA;BOA VISTA;RUA PRINCESA IZABEL;;COLISÃO COM CICLISTA;;;1;;1;;;;1;;;;;;;;;;2019
27/12/2019;07:27:00;COM VÍTIMA;SANTO AMARO;AV GOVERNADOR AGAMENON MAGALHAES;BOA VIAGEM;COLISÃO;1;2;;;;;;;1;;Bom;Sem defeito;Perfeito estado;Seca;Perfeito estado;Faixa de pedestre;Não há placas;;2019
27/12/2019;07:40:00;SEM VÍTIMA;IMBIRIBEIRA;RUA DEZ DE JULHO;SUBURBIO;ABALROAMENTO LONGITUDINAL;1;;;;;1;;;0;;Bom;Não existe;Ilegível;Seca;Mal iluminada;Não existe;Não há placas;;2019
27/12/2019;08:19:00;SEM VÍTIMA;;RUA MANOEL BUFFONE PIRES;;ABALROAMENTO LONGITUDINAL;2;;;;;;;;0;;Bom;Não existe;Não existente;Seca;Perfeito estado;Não existe;Não há placas;;2019
27/12/2019;09:02:00;SEM VÍTIMA;IBURA;AV PERNAMBUCO;;ABALROAMENTO LONGITUDINAL;1;;;;1;;;;0;;Bom;Não existe;Perfeito estado;Seca;Perfeito estado;Não existe;Outras;;2019
27/12/2019;09:14:00;SEM VÍTIMA;MADALENA;RUA ERNANI BRAGA;;ABALROAMENTO TRANSVERSAL;2;;;;;;;;0;;Bom;Não existe;Perfeito estado;Seca;Perfeito estado;Faixa de retenção;Placas Pare;;2019
27/12/2019;09:47:00;SEM VÍTIMA;CASA FORTE;RUA SAMUEL FARIAS;SUBURBIO;ABALROAMENTO TRANSVERSAL;1;;;;;1;;;0;;Bom;Não existe;Perfeito estado;Seca;Mal conservada;Não existe;;;2019
27/12/2019;10:24:00;SEM VÍTIMA;CAMPO GRANDE;EST DE BELEM;;COLISÃO;2;;;;;;;;0;;;;;;;;;;2019
27/12/2019;10:24:00;SEM VÍTIMA;IPUTINGA;AV MARIO ALVARES PEREIRA DE LYRA;SUBURBIO;COLISÃO TRASEIRA;2;;;;;;;;0;;Bom;Sem defeito;Perfeito estado;Seca;Perfeito estado;Faixa de pedestre;Outras;;2019
27/12/2019;11:14:00;SEM VÍTIMA;BEBERIBE;AV BEBERIBE;;COLISÃO;1;;;;;1;1;;0;;;;;;;;;;2019
27/12/2019;11:48:00;SEM VÍTIMA;JORDÃO;AV MARECHAL MASCARENHAS DE MORAES;SUBURBIO;COLISÃO TRASEIRA;2;;;;;;;;0;;Bom;Não existe;Perfeito estado;Seca;Perfeito estado;Não existe;Outras;60 km/h;2019
27/12/2019;12:01:00;SEM VÍTIMA;ESPINHEIRO;RUA CLOVIS DA SILVEIRA BARROS;CIDADE;COLISÃO TRASEIRA;2;;;;;;;;0;;Bom;Não existe;Perfeito estado;Seca;Perfeito estado;Não existe;Não há placas;;2019
27/12/2019;12:01:00;SEM VÍTIMA;MADALENA;EST DOS REMEDIOS;;ABALROAMENTO LONGITUDINAL;2;;;;;;;;0;;Bom;Sem defeito;Perfeito estado;Seca;Perfeito estado;Agente;R-6a;60 km/h;2019
27/12/2019;12:54:00;SEM VÍTIMA;MADALENA;RUA JOAQUIM NABUCO;SUBURBIO;COLISÃO TRASEIRA;2;;;;;;;;0;;Bom;Sem defeito;Perfeito estado;Seca;Perfeito estado;Outros;Outras;;2019
27/12/2019;13:00:00;SEM VÍTIMA;SANTO AMARO;AV GOVERNADOR AGAMENON MAGALHAES;SUBURBIO;COLISÃO TRASEIRA;3;;;;;;;;0;;Bom;Não existe;Perfeito estado;Seca;Perfeito estado;Não existe;Outras;60 km/h;2019
27/12/2019;13:50:00;SEM VÍTIMA;AFOGADOS;RUA SAO MIGUEL;SUBURBIO;ABALROAMENTO LONGITUDINAL;1;1;;;;;;;0;;Bom;Sem defeito;Perfeito estado;Seca;Perfeito estado;Não existe;Não há placas;;2019
27/12/2019;13:54:00;SEM VÍTIMA;BOA VISTA;AV GOVERNADOR CARLOS DE LIMA CAVALCANTI;CIDADE;COLISÃO TRASEIRA;2;;;;;;;;0;;Bom;Sem defeito;Perfeito estado;Seca;Perfeito estado;Faixa de pedestre;Não há placas;40 km/h;2019
27/12/2019;13:56:00;COM VÍTIMA;BOA VIAGEM;AVENIDA CELSO FURTADO (VIA MANGUE);CIDADE;CHOQUE OBJETO FIXO;1;;;;;;;;1;;Bom;Não existe;Perfeito estado;Seca;Perfeito estado;Não existe;Não há placas;60 km/h;2019
27/12/2019;14:32:00;SEM VÍTIMA;IPSEP;RUA ALEXANDRE ALMEIDA;;COLISÃO;1;1;;;;;;;0;;;;;;;;;;2019
27/12/2019;14:46:00;SEM VÍTIMA;AFOGADOS;RUA DA PAZ;SUBURBIO;COLISÃO TRASEIRA;1;;;;1;;;;0;;Bom;Sem defeito;Perfeito estado;Seca;Perfeito estado;Agente;R-6a;40 km/h;2019
27/12/2019;15:05:00;SEM VÍTIMA;GRAÇAS;AV GOVERNADOR AGAMENON MAGALHAES;;COLISÃO;2;;;;;;;;0;;;;;;;;;;2019
27/12/2019;15:21:00;SEM VÍTIMA;JARDIM SÃO PAULO;AV CENTRAL;;CHOQUE VEÍCULO PARADO;1;;;;1;;;;0;;Bom;Não existe;Incompleta;Seca;Perfeito estado;Não existe;R-25b;;2019
27/12/2019;15:24:00;SEM VÍTIMA;IPUTINGA;RUA OSVALDO GUIMARAES;SUBURBIO;ABALROAMENTO LONGITUDINAL;2;;;;;;;;0;;Bom;Não existe;;;;Não existe;Não há placas;40 km/h;2019
27/12/2019;15:36:00;SEM VÍTIMA;ROSARINHO;RUA GENERAL ABREU E LIMA;SUBURBIO;ABALROAMENTO TRANSVERSAL;2;;;;;;;;0;;Bom;Não existe;Perfeito estado;Seca;Perfeito estado;Faixa de retenção;Placas Pare;40 km/h;2019
27/12/2019;15:52:00;SEM VÍTIMA;AFOGADOS;EST DOS REMEDIOS;CIDADE;ABALROAMENTO LONGITUDINAL;1;;;;;1;;;0;;Bom;Não existe;Perfeito estado;Seca;Perfeito estado;Não existe;Outras;;2019
27/12/2019;16:26:00;SEM VÍTIMA;ILHA DO RETIRO;RUA DO FONSECA;;CHOQUE VEÍCULO PARADO;;;;;;1;;1;0;;Bom;Não existe;Perfeito estado;Seca;Perfeito estado;Não existe;Não há placas;;2019
27/12/2019;16:49:00;SEM VÍTIMA;SÃO JOSÉ;AV SUL;CIDADE;ABALROAMENTO LONGITUDINAL;1;;;;;1;;;0;;Bom;Não existe;Incompleta;Seca;Outros;Não existe;;;2019
27/12/2019;16:52:00;SEM VÍTIMA;BOA VIAGEM;AV ENGENHEIRO DOMINGOS FERREIRA;;COLISÃO;2;;;;;;;;0;;;;;;;;;;2019
27/12/2019;17:21:00;COM VÍTIMA;ENCRUZILHADA;AV NORTE;SUBURBIO;COLISÃO TRASEIRA;1;1;;;;;;;2;;Bom;Não existe;Perfeito estado;Seca;Perfeito estado;Não existe;Outras;;2019
27/12/2019;17:53:00;SEM VÍTIMA;MADALENA;PRC DO INTERNACIONAL;CIDADE;ABALROAMENTO LONGITUDINAL;2;;;;;;;;0;;Bom;Sem defeito;Perfeito estado;Seca;Perfeito estado;Faixa de pedestre;Não há placas;60 km/h;2019
27/12/2019;18:13:00;SEM VÍTIMA;BOA VIAGEM;RUA BARAO DE SOUZA LEAO;CIDADE;ABALROAMENTO TRANSVERSAL;1;;;;1;;;;0;;Bom;Sem defeito;Perfeito estado;Seca;Perfeito estado;Não existe;Outras;60 km/h;2019
27/12/2019;18:24:00;SEM VÍTIMA;TAMARINEIRA;EST VELHA DE AGUA FRIA;;ABALROAMENTO LONGITUDINAL;2;;;;;;;;0;;Bom;Não existe;Perfeito estado;Seca;Perfeito estado;;Não há placas;40 km/h;2019
27/12/2019;18:57:00;COM VÍTIMA;ARRUDA;AV BEBERIBE;SUBURBIO;COLISÃO FRONTAL;1;1;;;;;;;1;;Bom;Sem defeito;Perfeito estado;Seca;Perfeito estado;Faixa de pedestre;Não há placas;;2019
27/12/2019;19:00:00;COM VÍTIMA;CAXANGÁ;RUA RIBEIRO PESSOA;SUBURBIO;ABALROAMENTO LONGITUDINAL;1;1;;;;;;;1;;Bom;Não existe;Perfeito estado;Seca;Perfeito estado;Não existe;Outras;;2019
27/12/2019;19:10:00;SEM VÍTIMA;ESTÂNCIA;AV DR JOSE RUFINO;SUBURBIO;COLISÃO TRASEIRA;2;;;;;;;;0;;Bom;Não existe;Perfeito estado;Seca;Perfeito estado;Não existe;;;2019
27/12/2019;20:17:00;SEM VÍTIMA;COHAB;RUA DR OTAVIO DE MORAES VASCONCELOS;;COLISÃO;1;;;;1;;;;0;;;;;;;;;;2019
28/12/2019;00:14:00;SEM VÍTIMA;BOA VISTA;RUA DO PRINCIPE;CIDADE;ABALROAMENTO TRANSVERSAL;2;;;;;;;;0;;Bom;Sem defeito;Perfeito estado;Seca;Perfeito estado;Faixa de pedestre;Outras;;2019
28/12/2019;00:45:00;COM VÍTIMA;BOA VISTA;RUA DOM BOSCO;SUBURBIO;ABALROAMENTO LONGITUDINAL;1;1;;;;;;;1;;Bom;Não existe;Perfeito estado;Seca;Perfeito estado;Não existe;Não há placas;;2019
28/12/2019;02:37:00;SEM VÍTIMA;JIQUIÁ;AV JOAO CABRAL DE MELO NETO;;COLISÃO TRASEIRA;2;;;;;;;;0;;Bom;Não existe;Perfeito estado;Seca;Mal iluminada;Não existe;Não há placas;60 km/h;2019
28/12/2019;03:53:00;SEM VÍTIMA;BOA VIAGEM;AV ENGENHEIRO DOMINGOS FERREIRA;;ABALROAMENTO TRANSVERSAL;2;;;;;;;;0;;Bom;Sem defeito;Perfeito estado;Seca;Perfeito estado;Faixa de pedestre;Não há placas;;2019
28/12/2019;07:04:00;SEM VÍTIMA;ESPINHEIRO;RUA CONS PORTELA;SUBURBIO;ABALROAMENTO LONGITUDINAL;1;;;;1;;;;0;;Bom;Não existe;Perfeito estado;Seca;Perfeito estado;Não existe;Não há placas;;2019
28/12/2019;07:50:00;SEM VÍTIMA;BOA VIAGEM;RUA ANTONIO FALCAO;SUBURBIO;ABALROAMENTO TRANSVERSAL;2;;;;;;;;0;;Bom;Não existe;Perfeito estado;Seca;Perfeito estado;Faixa de retenção;Placas Pare;;2019
28/12/2019;08:10:00;SEM VÍTIMA;MADALENA;RUA BELARMINO CARNEIRO;;COLISÃO;2;;;;;;;;0;;;;;;;;;;2019
28/12/2019;08:51:00;SEM VÍTIMA;CAXANGÁ;AV CAXANGA;;COLISÃO;2;;;;;;;;0;;;;;;;;;;2019
28/12/2019;09:14:00;SEM VÍTIMA;BOA VIAGEM;RUA ERNESTO DE PAULA SANTOS;CIDADE;ABALROAMENTO LONGITUDINAL;1;1;;;;;;;0;;Bom;Sem defeito;Perfeito estado;Seca;Perfeito estado;Faixa de pedestre;Placas Dê a preferência;;2019
28/12/2019;09:18:00;SEM VÍTIMA;DERBY;RUA JENER DE SOUZA;SUBURBIO;ABALROAMENTO LONGITUDINAL;1;;;;1;;;;0;;Bom;Não existe;Perfeito estado;Seca;Perfeito estado;Não existe;Não há placas;;2019
28/12/2019;10:17:00;SEM VÍTIMA;BOA VIAGEM;RUA ANTONIO PASSOS;SUBURBIO;ABALROAMENTO TRANSVERSAL;2;;;;;;;;0;;Bom;Não existe;Perfeito estado;Seca;Perfeito estado;Faixa de retenção;Placas Pare;30 km/h;2019
28/12/2019;10:39:00;COM VÍTIMA;IPSEP;AV PRESIDENTE DUTRA;;COLISÃO TRASEIRA;1;1;;;;;;;1;;Bom;Não existe;Perfeito estado;Seca;Perfeito estado;Não existe;Não há placas;;2019
28/12/2019;10:51:00;SEM VÍTIMA;GRAÇAS;AV RUI BARBOSA;CIDADE;COLISÃO TRASEIRA;1;1;;;;;;;0;;Bom;Sem defeito;Perfeito estado;Molhada;Perfeito estado;Faixa de pedestre;Outras;;2019
28/12/2019;10:57:00;SEM VÍTIMA;SANTO AMARO;AV VISCONDE DE SUASSUNA;CIDADE;COLISÃO TRASEIRA;1;;;;1;;;;0;;Bom;Sem defeito;Perfeito estado;Seca;Perfeito estado;Faixa de pedestre;Não há placas;;2019
28/12/2019;11:07:00;SEM VÍTIMA;BOA VIAGEM;RUA BALTAZAR PASSOS;;ABALROAMENTO TRANSVERSAL;2;;;;;;;;0;;Bom;Não existe;Ilegível;Seca;Perfeito estado;Faixa de retenção;Placas Pare;;2019
28/12/2019;11:26:00;COM VÍTIMA;BOA VIAGEM;RUA DES JOAO PAES;;ABALROAMENTO LONGITUDINAL;1;1;;;;;;;1;;Bom;Não existe;Perfeito estado;Seca;Perfeito estado;Não existe;R-6a;;2019
28/12/2019;11:32:00;SEM VÍTIMA;IMBIRIBEIRA;AV MARECHAL MASCARENHAS DE MORAES;CIDADE;COLISÃO;2;;;;;;;;0;;;;;;;;;;2019
28/12/2019;13:51:00;SEM VÍTIMA;BOA VIAGEM;RUA CRUZEIRO DO FORTE;SUBURBIO;ABALROAMENTO LONGITUDINAL;2;;;;;;;;0;;Bom;Não existe;Incompleta;Seca;Perfeito estado;Não existe;Não há placas;;2019
28/12/2019;14:37:00;SEM VÍTIMA;MADALENA;RUA JOSE OSORIO;SUBURBIO;COLISÃO TRASEIRA;2;;;;;;;;0;;Bom;Sem defeito;Perfeito estado;Seca;Perfeito estado;;;;2019
28/12/2019;15:34:00;SEM VÍTIMA;MADALENA;AV JOSE GONCALVES DE MEDEIROS;;ABALROAMENTO LONGITUDINAL;2;;;;;;;;0;;Bom;Não existe;Perfeito estado;Seca;Perfeito estado;Não existe;R-6a;40 km/h;2019
28/12/2019;17:03:00;SEM VÍTIMA;BOA VIAGEM;RUA DES JOAO PAES;;ABALROAMENTO LONGITUDINAL;2;;;;;;;;0;;Bom;Não existe;Ilegível;Seca;Perfeito estado;Não existe;;;2019
28/12/2019;17:39:00;SEM VÍTIMA;IPSEP;AV RECIFE;212;COLISÃO;2;;;;;;;;0;;;;;;;;;;2019
28/12/2019;17:40:00;SEM VÍTIMA;IPSEP;AV RECIFE;;COLISÃO TRASEIRA;2;;;;;;;;0;;Bom;Sem defeito;Perfeito estado;Seca;Perfeito estado;;Não há placas;60 km/h;2019
28/12/2019;18:54:00;SEM VÍTIMA;BOA VIAGEM;RUA DEZ DE JULHO;SUBURBIO;ABALROAMENTO TRANSVERSAL;2;;;;;;;;0;;Bom;Não existe;Perfeito estado;Seca;Perfeito estado;Não existe;Placas Pare;;2019
28/12/2019;22:54:00;SEM VÍTIMA;JARDIM SÃO PAULO;RUA MADRE ROSA;SUBURBIO;ABALROAMENTO LONGITUDINAL;1;;;;;1;;;0;;Bom;Sem defeito;Perfeito estado;Seca;Perfeito estado;Não existe;Não há placas;;2019
28/12/2019;23:11:00;COM VÍTIMA;BOA VIAGEM;RUA JOSE DOMINGUES DA SILVA;SUBURBIO;COLISÃO FRONTAL;1;1;;;;1;;;1;;Bom;Não existe;Perfeito estado;Seca;Perfeito estado;Outros;Placas Pare;;2019
28/12/2019;23:17:00;COM VÍTIMA;ENCRUZILHADA;RUA DONA JULIETA;;COLISÃO;1;1;;;;;;;1;;;;;;;;;;2019
29/12/2019;06:45:00;COM VÍTIMA;ÁGUA FRIA;RUA DO MACHADO;;ABALROAMENTO TRANSVERSAL;1;1;;;;;;;1;;Bom;Não existe;Perfeito estado;Seca;Perfeito estado;Faixa de retenção;Placas Pare;40 km/h;2019
29/12/2019;07:04:00;SEM VÍTIMA;MORRO DA CONCEIÇÃO;PRC DA CONCEICAO;;COLISÃO;2;;;;;;;;0;;;;;;;;;;2019
29/12/2019;07:20:00;SEM VÍTIMA;SÃO JOSÉ;AV SUL;CIDADE;ABALROAMENTO LONGITUDINAL;1;;;;1;;;;0;;Bom;Sem defeito;Perfeito estado;Seca;Perfeito estado;Faixa de retenção;Outras;;2019
29/12/2019;08:32:00;COM VÍTIMA;CAMPO GRANDE;RUA ODORICO MENDES;CIDADE;ABALROAMENTO LONGITUDINAL;1;1;;;;;;;1;;Bom;Não existe;Perfeito estado;Seca;Perfeito estado;Não existe;Outras;;2019
29/12/2019;10:04:00;SEM VÍTIMA;DERBY;AV GOVERNADOR AGAMENON MAGALHAES;;COLISÃO TRASEIRA;;1;;;1;;;;0;;Bom;Sem defeito;Perfeito estado;Seca;Perfeito estado;Faixa de pedestre;Outras;;2019
29/12/2019;12:23:00;SEM VÍTIMA;PONTO DE PARADA;RUA FREDERICO;;ABALROAMENTO LONGITUDINAL;3;;;;;;;;0;;Bom;Sem defeito;Perfeito estado;Seca;Perfeito estado;Faixa de pedestre;Não há placas;;2019
29/12/2019;13:03:00;SEM VÍTIMA;TORRE;RUA DIOGO ALVARES;;COLISÃO;1;1;;;;;;;0;;;;;;;;;;2019
29/12/2019;13:28:00;COM VÍTIMA;TORRE;RUA REAL DA TORRE;SUL;ABALROAMENTO LONGITUDINAL;1;1;;;;;;;1;;Bom;Não existe;Não existente;Seca;Perfeito estado;;;;2019
29/12/2019;15:04:00;SEM VÍTIMA;;RUA IMPERIAL;SUBURBIO;ABALROAMENTO TRANSVERSAL;2;;;;;;;;0;;Bom;Não existe;Perfeito estado;Seca;Perfeito estado;Não existe;Placas Pare;;2019
29/12/2019;15:55:00;SEM VÍTIMA;BOA VIAGEM;RUA BRUNO VELOSO;;ABALROAMENTO LONGITUDINAL;2;;;;;;;;0;;Bom;Não existe;Perfeito estado;Seca;Perfeito estado;Não existe;Não há placas;;2019
29/12/2019;16:13:00;SEM VÍTIMA;BOA VIAGEM;RUA RIBEIRO DE BRITO;;COLISÃO;2;;;;;;;;0;;;;;;;;;;2019
29/12/2019;17:28:00;SEM VÍTIMA;IPUTINGA;EST DO BARBALHO;SUBURBIO;CHOQUE VEÍCULO PARADO;2;;;;;;;;0;;Bom;Não existe;Perfeito estado;Seca;Perfeito estado;Não existe;Outras;30 km/h;2019
29/12/2019;17:32:00;COM VÍTIMA;DOIS IRMÃOS;RUA DOIS IRMAOS;SUBURBIO;ABALROAMENTO LONGITUDINAL;1;1;;;;;;;1;;Bom;Sem defeito;Perfeito estado;Seca;Perfeito estado;Outros;Outras;;2019
29/12/2019;19:44:00;SEM VÍTIMA;VÁRZEA;AV AFONSO OLINDENSE;SUBURBIO;ABALROAMENTO TRANSVERSAL;2;;;;;;;;0;;Bom;Não existe;Perfeito estado;Seca;Perfeito estado;Outros;Outras;;2019
29/12/2019;21:03:00;SEM VÍTIMA;IMBIRIBEIRA;AV MARECHAL MASCARENHAS DE MORAES;;COLISÃO;1;;;;1;;;;0;;;;;;;;;;2019
30/12/2019;01:22:00;COM VÍTIMA;IBURA;RUA RIO XINGU;CIDADE;COLISÃO TRASEIRA;1;1;;;;;;;1;;Bom;Não existe;Perfeito estado;Seca;Perfeito estado;Não existe;Não há placas;30 km/h;2019
30/12/2019;07:11:00;SEM VÍTIMA;SANTO ANTÔNIO;RUA DR JOSE MARIANO;CIDADE;ABALROAMENTO LONGITUDINAL;1;;;;1;;;;0;;Bom;Sem defeito;Perfeito estado;Seca;Perfeito estado;Não existe;Outras;;2019
30/12/2019;07:12:00;SEM VÍTIMA;TORREÃO;AV NORTE;CIDADE;CHOQUE OBJETO FIXO;1;;;;;;;;0;;Bom;Sem defeito;Perfeito estado;Seca;Perfeito estado;Faixa de pedestre;R-6c;60 km/h;2019
30/12/2019;08:41:00;SEM VÍTIMA;SÃO JOSÉ;RUA DA CONCORDIA;CIDADE;COLISÃO TRASEIRA;2;;;;;;;;0;;Bom;Sem defeito;Perfeito estado;Seca;Perfeito estado;;Não há placas;;2019
30/12/2019;09:39:00;SEM VÍTIMA;BOA VISTA;PRC PARQUE AMORIM;SUBURBIO;ABALROAMENTO LONGITUDINAL;1;;;;1;;;;0;;Bom;Não existe;Perfeito estado;Seca;Perfeito estado;Não existe;Outras;40 km/h;2019
30/12/2019;09:52:00;SEM VÍTIMA;PINA;AV ENCANTA MOCA;SUBURBIO;ABALROAMENTO LONGITUDINAL;1;;;;1;;;;0;;Bom;Não existe;Não existente;Seca;Perfeito estado;Não existe;Não há placas;;2019
30/12/2019;10:07:00;SEM VÍTIMA;ÁGUA FRIA;EST VELHA DE AGUA FRIA;;COLISÃO;;2;;;;;;;0;;;;;;;;;;2019
30/12/2019;10:48:00;SEM VÍTIMA;JORDÃO;RUA DR ALVARO FERRAZ;;ABALROAMENTO TRANSVERSAL;2;;;;;;;;0;;Bom;Não existe;Incompleta;Seca;Perfeito estado;Não existe;Placas Pare;30 km/h;2019
30/12/2019;10:56:00;SEM VÍTIMA;;RUA DEZ DE JULHO;;ABALROAMENTO TRANSVERSAL;1;;;;;1;;;0;;Bom;Sem defeito;Perfeito estado;Seca;Perfeito estado;Faixa de pedestre;Não há placas;40 km/h;2019
30/12/2019;11:26:00;COM VÍTIMA;ROSARINHO;RUA CONEGO BARATA;SUBURBIO;COLISÃO TRASEIRA;1;1;;;;;;;1;;Bom;Sem defeito;Perfeito estado;Seca;Perfeito estado;Agente;Outras;60 km/h;2019
30/12/2019;11:38:00;SEM VÍTIMA;AFOGADOS;AV SUL;CIDADE;ABALROAMENTO LONGITUDINAL;1;;;;;1;;;0;;Bom;Não existe;Perfeito estado;Seca;Perfeito estado;Não existe;;40 km/h;2019
30/12/2019;11:42:00;SEM VÍTIMA;IMBIRIBEIRA;AV PRESIDENTE DUTRA;SUBURBIO;COLISÃO TRASEIRA;;;;;;2;;;0;;Bom;Não existe;Não existente;Seca;Perfeito estado;Não existe;Não há placas;;2019
30/12/2019;12:46:00;COM VÍTIMA;COELHOS;LGO DOS COELHOS;SUBURBIO;COLISÃO COM CICLISTA;1;;1;;;;;;1;;Bom;Não existe;;;;Não existe;Não há placas;;2019
30/12/2019;13:30:00;SEM VÍTIMA;IPUTINGA;AV JOAQUIM RIBEIRO;CIDADE;ABALROAMENTO LONGITUDINAL;2;;;;;;;;0;;Bom;Não existe;Perfeito estado;Seca;Perfeito estado;Não existe;Outras;;2019
30/12/2019;14:46:00;SEM VÍTIMA;SANTO AMARO;AV CRUZ CABUGA;SUBURBIO;ABALROAMENTO LONGITUDINAL;1;1;;;;;;;0;;Bom;Não existe;Perfeito estado;Seca;Perfeito estado;Não existe;Não há placas;50 km/h;2019
30/12/2019;15:29:00;SEM VÍTIMA;TORRE;RUA PROFESSOR TRAJANO DE MENDONCA;;ABALROAMENTO LONGITUDINAL;2;;;;;;;;0;;Bom;Não existe;Perfeito estado;Seca;Perfeito estado;Não existe;Outras;40 km/h;2019
30/12/2019;15:33:00;SEM VÍTIMA;JOANA BEZERRA;VDO PAPA JOAO PAULO II;;COLISÃO TRASEIRA;3;;;;;;;;0;;Bom;Não existe;Perfeito estado;Seca;Perfeito estado;Não existe;Não há placas;60 km/h;2019
30/12/2019;17:08:00;SEM VÍTIMA;BOA VISTA;RUA DA SANTA CRUZ;SUBURBIO;ABALROAMENTO LONGITUDINAL;1;;;;1;;;;0;;Bom;Não existe;;Seca;Perfeito estado;Não existe;R-6a;;2019
30/12/2019;17:19:00;COM VÍTIMA;JORDÃO;RUA EMILIO MONTEIRO FONSECA;BR 101;ABALROAMENTO LONGITUDINAL;;1;;;1;;;;1;;Bom;Não existe;Perfeito estado;Seca;Perfeito estado;Não existe;R-6a;30 km/h;2019
30/12/2019;17:48:00;COM VÍTIMA;JORDÃO;RUA EMILIO MONTEIRO FONSECA;;COLISÃO;;1;;;1;;;;1;;;;;;;;;;2019
30/12/2019;18:17:00;SEM VÍTIMA;BEBERIBE;AV BEBERIBE;SUBURBIO;ABALROAMENTO LONGITUDINAL;1;;;;1;;;;0;;Bom;Não existe;Incompleta;Seca;Mal conservada;Não existe;Não há placas;;2019
30/12/2019;18:26:00;COM VÍTIMA;ROSARINHO;AV NORTE;;COLISÃO;1;1;;;;;;;1;;;;;;;;;;2019
30/12/2019;20:30:00;SEM VÍTIMA;NOVA DESCOBERTA;RUA DR ALTO CAETE;SUBURBIO;CHOQUE OBJETO FIXO;;;;;1;;;;0;;Bom;Não existe;Não existente;Seca;Mal iluminada;Não existe;Não há placas;;2019
31/12/2019;00:48:00;COM VÍTIMA;AFOGADOS;RUA MOTOCOLOMBO;SUBURBIO;ABALROAMENTO TRANSVERSAL;1;;;;;;1;;1;;Bom;Sem defeito;Perfeito estado;Seca;Perfeito estado;Faixa de pedestre;;;2019
31/12/2019;03:59:00;COM VÍTIMA;BOA VIAGEM;AV ENGENHEIRO DOMINGOS FERREIRA;SUBURBIO;CHOQUE OBJETO FIXO;1;;;;;;;;1;;Bom;Sem defeito;Perfeito estado;Seca;Perfeito estado;Outros;Não há placas;;2019
31/12/2019;07:31:00;SEM VÍTIMA;BOA VIAGEM;AV ENGENHEIRO DOMINGOS FERREIRA;SUBURBIO;ABALROAMENTO LONGITUDINAL;1;1;;;;;;;0;;Chuvoso;Sem defeito;Perfeito estado;Molhada;Perfeito estado;Faixa de pedestre;Não há placas;;2019
31/12/2019;10:53:00;SEM VÍTIMA;TORRÕES;AV ENGENHEIRO ABDIAS DE CARVALHO;CURADO;COLISÃO;;1;;;;1;;;0;;;;;;;;;;2019
31/12/2019;12:52:00;SEM VÍTIMA;ESTÂNCIA;AV RECIFE;;COLISÃO TRASEIRA;2;;;;;;;;0;;Bom;Sem defeito;Perfeito estado;Seca;Perfeito estado;Faixa de pedestre;;;2019
31/12/2019;13:37:00;SEM VÍTIMA;VÁRZEA;AV AFONSO OLINDENSE;;COLISÃO;1;1;;;;;;;0;;;;;;;;;;2019
31/12/2019;13:39:00;SEM VÍTIMA;BOA VIAGEM;RUA TENENTE DOMINGOS DE BRITO;;COLISÃO;1;;;;1;;;;0;;;;;;;;;;2019
31/12/2019;14:30:00;SEM VÍTIMA;CASA AMARELA;RUA XAVANTES;;ABALROAMENTO TRANSVERSAL;2;;;;;;;;0;;Bom;Não existe;Perfeito estado;Seca;Perfeito estado;Não existe;Placas Pare;40 km/h;2019
31/12/2019;15:40:00;SEM VÍTIMA;BARRO;RUA DA ESPERANCA;;COLISÃO;2;;;;;;;;0;;;;;;;;;;2019
31/12/2019;22:17:00;COM VÍTIMA;PORTO DA MADEIRA;LAD DO SAPOTI;SUBURBIO;ATROPELAMENTO;1;;;2;;;;;2;;Chuvoso;Não existe;Não existente;Molhada;Perfeito estado;Não existe;Não há placas;;2019